bsr_state_id,bsr_state_name,bsr_continent,selected_tsr_state_id,selected_tsr_state_name,selected_mapping_type,selected_confidence,alternative_mapping_count,issue_count,vp_omission_count,manual_building_distribution,manual_resource_distribution,owner_core_conflict,decision_status,decision_reason,review_categories,selection_notes
887,STATE_887,europe,69,STATE_69,split,1.000,1,10,2,no,yes,yes,requires_manual,owner/controller/core conflict,split vp_review resource_distribution owner_core_conflict,split; province_overlap=3; tsr_overlap_rank=2/2; bsr_source_count=1
1430,STATE_1430,europe,29,STATE_29,split,1.000,1,10,2,no,yes,yes,requires_manual,owner/controller/core conflict,split vp_review resource_distribution owner_core_conflict,split; province_overlap=1; tsr_overlap_rank=4/5; bsr_source_count=1
1482,STATE_1482,europe,29,STATE_29,split,1.000,1,10,2,no,yes,yes,requires_manual,owner/controller/core conflict,split vp_review resource_distribution owner_core_conflict,split; province_overlap=1; tsr_overlap_rank=3/5; bsr_source_count=1
1839,STATE_1839,europe,29,STATE_29,split,1.000,1,10,3,no,yes,yes,requires_manual,owner/controller/core conflict,split vp_review resource_distribution owner_core_conflict,split; province_overlap=2; tsr_overlap_rank=2/5; bsr_source_count=1
1045,STATE_1045,europe,44,STATE_44,merge,0.667,1,9,3,no,yes,yes,requires_manual,owner/controller/core conflict,merge vp_review resource_distribution owner_core_conflict,split+merge; province_overlap=2; tsr_overlap_rank=2/3; bsr_source_count=2
1089,STATE_1089,europe,29,STATE_29,split,1.000,1,9,2,no,yes,yes,requires_manual,owner/controller/core conflict,split vp_review resource_distribution owner_core_conflict,split; province_overlap=1; tsr_overlap_rank=5/5; bsr_source_count=1
1510,STATE_1510,europe,44,STATE_44,split,1.000,1,9,4,no,yes,yes,requires_manual,owner/controller/core conflict,split vp_review resource_distribution owner_core_conflict,split; province_overlap=1; tsr_overlap_rank=3/3; bsr_source_count=1
1601,STATE_1601,europe,47,Thessaly,merge,0.500,2,9,4,no,yes,yes,requires_manual,owner/controller/core conflict,merge vp_review resource_distribution owner_core_conflict,split+merge; province_overlap=1; tsr_overlap_rank=4/6; bsr_source_count=2
791,STATE_791,europe,55,STATE_55,merge,0.500,2,8,4,no,yes,yes,requires_manual,owner/controller/core conflict,merge vp_review resource_distribution owner_core_conflict,split+merge; province_overlap=1; tsr_overlap_rank=6/6; bsr_source_count=2
1183,STATE_1183,europe,28,Alsace-Lorraine,split,0.500,1,8,3,no,yes,yes,requires_manual,owner/controller/core conflict,split vp_review resource_distribution owner_core_conflict,split; province_overlap=1; tsr_overlap_rank=3/7; bsr_source_count=1
1436,STATE_1436,europe,28,Alsace-Lorraine,split,0.400,1,8,3,no,yes,yes,requires_manual,owner/controller/core conflict,split vp_review resource_distribution owner_core_conflict,split; province_overlap=2; tsr_overlap_rank=1/7; bsr_source_count=1
1637,STATE_1637,europe,142,STATE_142,merge,0.600,4,8,2,no,yes,yes,requires_manual,owner/controller/core conflict,merge vp_review resource_distribution owner_core_conflict,split+merge; province_overlap=6; tsr_overlap_rank=2/3; bsr_source_count=4
1872,STATE_1872,europe,160,STATE_160,merge,0.500,2,8,3,no,yes,yes,requires_manual,owner/controller/core conflict,merge vp_review resource_distribution owner_core_conflict,split+merge; province_overlap=2; tsr_overlap_rank=3/3; bsr_source_count=2
1876,STATE_1876,europe,28,Alsace-Lorraine,split,1.000,1,8,3,no,yes,yes,requires_manual,owner/controller/core conflict,split vp_review resource_distribution owner_core_conflict,split; province_overlap=1; tsr_overlap_rank=2/7; bsr_source_count=1
29,STATE_29,europe,29,STATE_29,split,1.000,1,7,3,no,yes,yes,requires_manual,owner/controller/core conflict,split vp_review resource_distribution owner_core_conflict,split; province_overlap=3; tsr_overlap_rank=1/5; bsr_source_count=1
185,STATE_185,europe,185,STATE_185,merge,0.800,2,7,3,no,yes,yes,requires_manual,owner/controller/core conflict,merge vp_review resource_distribution owner_core_conflict,split+merge; province_overlap=4; tsr_overlap_rank=1/7; bsr_source_count=2
978,STATE_978,europe,47,Thessaly,split,1.000,1,7,3,no,yes,yes,requires_manual,owner/controller/core conflict,split vp_review resource_distribution owner_core_conflict,split; province_overlap=1; tsr_overlap_rank=6/6; bsr_source_count=1
986,STATE_986,europe,160,STATE_160,split,1.000,2,7,3,no,yes,yes,requires_manual,owner/controller/core conflict,split vp_review resource_distribution owner_core_conflict,split; province_overlap=2; tsr_overlap_rank=2/3; bsr_source_count=1
1061,STATE_1061,europe,7,STATE_7,merge,0.500,2,7,2,no,yes,yes,requires_manual,owner/controller/core conflict,merge vp_review resource_distribution owner_core_conflict,split+merge; province_overlap=1; tsr_overlap_rank=2/2; bsr_source_count=2
1112,STATE_1112,europe,63,STATE_63,split,1.000,1,7,2,no,yes,yes,requires_manual,owner/controller/core conflict,split vp_review resource_distribution owner_core_conflict,split; province_overlap=2; tsr_overlap_rank=5/9; bsr_source_count=1
1151,STATE_1151,europe,150,KUOPIO,merge,0.812,3,7,3,no,yes,yes,requires_manual,owner/controller/core conflict,merge vp_review resource_distribution owner_core_conflict,split+merge; province_overlap=13; tsr_overlap_rank=1/5; bsr_source_count=3
1203,STATE_1203,europe,161,STATE_161,merge,0.500,3,7,2,no,yes,yes,requires_manual,owner/controller/core conflict,merge vp_review resource_distribution owner_core_conflict,split+merge; province_overlap=2; tsr_overlap_rank=3/4; bsr_source_count=3
1303,STATE_1303,europe,185,STATE_185,split,1.000,1,7,3,no,yes,yes,requires_manual,owner/controller/core conflict,split vp_review resource_distribution owner_core_conflict,split; province_overlap=1; tsr_overlap_rank=3/7; bsr_source_count=1
1333,STATE_1333,europe,63,STATE_63,split,1.000,1,7,2,no,yes,yes,requires_manual,owner/controller/core conflict,split vp_review resource_distribution owner_core_conflict,split; province_overlap=2; tsr_overlap_rank=2/9; bsr_source_count=1
1362,STATE_1362,europe,666,STATE_666,split,1.000,1,7,3,no,yes,yes,requires_manual,owner/controller/core conflict,split vp_review resource_distribution owner_core_conflict,split; province_overlap=8; tsr_overlap_rank=2/2; bsr_source_count=1
1427,STATE_1427,europe,185,STATE_185,split,1.000,1,7,3,no,yes,yes,requires_manual,owner/controller/core conflict,split vp_review resource_distribution owner_core_conflict,split; province_overlap=1; tsr_overlap_rank=5/7; bsr_source_count=1
1453,STATE_1453,europe,47,Thessaly,split,1.000,1,7,3,no,yes,yes,requires_manual,owner/controller/core conflict,split vp_review resource_distribution owner_core_conflict,split; province_overlap=3; tsr_overlap_rank=1/6; bsr_source_count=1
1508,STATE_1508,europe,63,STATE_63,split,1.000,1,7,2,no,yes,yes,requires_manual,owner/controller/core conflict,split vp_review resource_distribution owner_core_conflict,split; province_overlap=2; tsr_overlap_rank=4/9; bsr_source_count=1
1513,STATE_1513,europe,47,Thessaly,split,0.667,1,7,3,no,yes,yes,requires_manual,owner/controller/core conflict,split vp_review resource_distribution owner_core_conflict,split; province_overlap=2; tsr_overlap_rank=2/6; bsr_source_count=1
1596,STATE_1596,europe,161,STATE_161,split,1.000,1,7,3,no,yes,yes,requires_manual,owner/controller/core conflict,split vp_review resource_distribution owner_core_conflict,split; province_overlap=2; tsr_overlap_rank=2/4; bsr_source_count=1
1630,Savo / Tavastland / Tavastia,europe,148,LAPPI,merge,0.533,2,7,3,no,yes,yes,requires_manual,owner/controller/core conflict,merge vp_review resource_distribution owner_core_conflict,split+merge; province_overlap=8; tsr_overlap_rank=2/3; bsr_source_count=2
1655,STATE_1655,europe,63,STATE_63,split,1.000,1,7,2,no,yes,yes,requires_manual,owner/controller/core conflict,split vp_review resource_distribution owner_core_conflict,split; province_overlap=1; tsr_overlap_rank=6/9; bsr_source_count=1
1700,STATE_1700,europe,63,STATE_63,split,1.000,1,7,2,no,yes,yes,requires_manual,owner/controller/core conflict,split vp_review resource_distribution owner_core_conflict,split; province_overlap=1; tsr_overlap_rank=9/9; bsr_source_count=1
1701,STATE_1701,europe,63,STATE_63,split,1.000,1,7,2,no,yes,yes,requires_manual,owner/controller/core conflict,split vp_review resource_distribution owner_core_conflict,split; province_overlap=2; tsr_overlap_rank=3/9; bsr_source_count=1
1710,STATE_1710,europe,9,STATE_9,merge,0.500,2,7,3,no,yes,yes,requires_manual,owner/controller/core conflict,merge vp_review resource_distribution owner_core_conflict,split+merge; province_overlap=1; tsr_overlap_rank=2/2; bsr_source_count=2
1767,STATE_1767,europe,55,STATE_55,split,1.000,1,7,4,no,yes,yes,requires_manual,owner/controller/core conflict,split vp_review resource_distribution owner_core_conflict,split; province_overlap=1; tsr_overlap_rank=5/6; bsr_source_count=1
63,STATE_63,europe,63,STATE_63,split,1.000,1,6,2,no,yes,yes,requires_manual,owner/controller/core conflict,split vp_review resource_distribution owner_core_conflict,split; province_overlap=2; tsr_overlap_rank=1/9; bsr_source_count=1
144,STATE_144,europe,925,STATE_925,merge,0.882,2,6,1,no,yes,yes,requires_manual,owner/controller/core conflict,merge vp_review resource_distribution owner_core_conflict,split+merge; province_overlap=15; tsr_overlap_rank=1/2; bsr_source_count=2
187,STATE_187,europe,187,STATE_187,split,1.000,1,6,2,no,yes,yes,requires_manual,owner/controller/core conflict,split vp_review resource_distribution owner_core_conflict,split; province_overlap=1; tsr_overlap_rank=1/3; bsr_source_count=1
799,STATE_799,europe,50,Württemberg,merge,0.500,2,6,2,no,yes,yes,requires_manual,owner/controller/core conflict,merge vp_review resource_distribution owner_core_conflict,split+merge; province_overlap=1; tsr_overlap_rank=6/6; bsr_source_count=2
863,STATE_863,europe,88,STATE_88,split,1.000,1,6,3,no,yes,yes,requires_manual,owner/controller/core conflict,split vp_review resource_distribution owner_core_conflict,split; province_overlap=1; tsr_overlap_rank=9/9; bsr_source_count=1
889,STATE_889,europe,70,STATE_70,split,0.500,2,6,3,no,yes,yes,requires_manual,owner/controller/core conflict,split vp_review resource_distribution owner_core_conflict,split; province_overlap=1; tsr_overlap_rank=2/3; bsr_source_count=1
977,STATE_977,europe,185,STATE_185,split,1.000,1,6,2,no,yes,yes,requires_manual,owner/controller/core conflict,split vp_review resource_distribution owner_core_conflict,split; province_overlap=1; tsr_overlap_rank=7/7; bsr_source_count=1
988,STATE_988,europe,158,STATE_158,split,0.833,1,6,2,no,yes,yes,requires_manual,owner/controller/core conflict,split vp_review resource_distribution owner_core_conflict,split; province_overlap=5; tsr_overlap_rank=1/6; bsr_source_count=1
996,STATE_996,europe,88,STATE_88,split,0.500,1,6,3,no,yes,yes,requires_manual,owner/controller/core conflict,split vp_review resource_distribution owner_core_conflict,split; province_overlap=1; tsr_overlap_rank=6/9; bsr_source_count=1
1058,STATE_1058,europe,35,STATE_35,split,1.000,1,6,3,no,yes,yes,requires_manual,owner/controller/core conflict,split vp_review resource_distribution owner_core_conflict,split; province_overlap=1; tsr_overlap_rank=3/5; bsr_source_count=1
1142,STATE_1142,europe,212,STATE_212,split,0.667,2,6,3,no,yes,yes,requires_manual,owner/controller/core conflict,split vp_review resource_distribution owner_core_conflict,split; province_overlap=2; tsr_overlap_rank=3/4; bsr_source_count=1
1143,STATE_1143,europe,212,STATE_212,split,1.000,1,6,3,no,yes,yes,requires_manual,owner/controller/core conflict,split vp_review resource_distribution owner_core_conflict,split; province_overlap=2; tsr_overlap_rank=2/4; bsr_source_count=1
1149,STATE_1149,europe,976,STATE_976,merge,0.857,2,6,2,no,yes,yes,requires_manual,owner/controller/core conflict,merge vp_review resource_distribution owner_core_conflict,split+merge; province_overlap=6; tsr_overlap_rank=1/3; bsr_source_count=2
1181,STATE_1181,europe,88,STATE_88,split,1.000,1,6,3,no,yes,yes,requires_manual,owner/controller/core conflict,split vp_review resource_distribution owner_core_conflict,split; province_overlap=1; tsr_overlap_rank=5/9; bsr_source_count=1
1328,STATE_1328,europe,65,STATE_65,split,1.000,1,6,3,no,yes,yes,requires_manual,owner/controller/core conflict,split vp_review resource_distribution owner_core_conflict,split; province_overlap=1; tsr_overlap_rank=6/6; bsr_source_count=1
1351,STATE_1351,europe,158,STATE_158,split,1.000,1,6,2,no,yes,yes,requires_manual,owner/controller/core conflict,split vp_review resource_distribution owner_core_conflict,split; province_overlap=1; tsr_overlap_rank=6/6; bsr_source_count=1
1361,STATE_1361,europe,148,LAPPI,split,1.000,1,6,3,no,yes,yes,requires_manual,owner/controller/core conflict,split vp_review resource_distribution owner_core_conflict,split; province_overlap=6; tsr_overlap_rank=3/3; bsr_source_count=1
1398,STATE_1398,europe,119,STATE_119,split,1.000,1,6,2,no,yes,yes,requires_manual,owner/controller/core conflict,split vp_review resource_distribution owner_core_conflict,split; province_overlap=1; tsr_overlap_rank=3/4; bsr_source_count=1
1399,STATE_1399,europe,119,STATE_119,split,1.000,1,6,2,no,yes,yes,requires_manual,owner/controller/core conflict,split vp_review resource_distribution owner_core_conflict,split; province_overlap=1; tsr_overlap_rank=4/4; bsr_source_count=1
1432,STATE_1432,europe,55,STATE_55,split,1.000,1,6,3,no,yes,yes,requires_manual,owner/controller/core conflict,split vp_review resource_distribution owner_core_conflict,split; province_overlap=2; tsr_overlap_rank=2/6; bsr_source_count=1
1435,STATE_1435,europe,6,Flanders,split,1.000,1,6,2,no,yes,yes,requires_manual,owner/controller/core conflict,split vp_review resource_distribution owner_core_conflict,split; province_overlap=1; tsr_overlap_rank=2/2; bsr_source_count=1
1486,STATE_1486,europe,212,STATE_212,split,1.000,1,6,3,no,yes,yes,requires_manual,owner/controller/core conflict,split vp_review resource_distribution owner_core_conflict,split; province_overlap=1; tsr_overlap_rank=4/4; bsr_source_count=1
1599,STATE_1599,europe,88,STATE_88,split,1.000,1,6,3,no,yes,yes,requires_manual,owner/controller/core conflict,split vp_review resource_distribution owner_core_conflict,split; province_overlap=2; tsr_overlap_rank=3/9; bsr_source_count=1
1611,STATE_1611,europe,65,STATE_65,split,1.000,1,6,3,no,yes,yes,requires_manual,owner/controller/core conflict,split vp_review resource_distribution owner_core_conflict,split; province_overlap=1; tsr_overlap_rank=3/6; bsr_source_count=1
1737,STATE_1737,europe,88,STATE_88,split,1.000,1,6,3,no,yes,yes,requires_manual,owner/controller/core conflict,split vp_review resource_distribution owner_core_conflict,split; province_overlap=2; tsr_overlap_rank=2/9; bsr_source_count=1
1756,STATE_1756,europe,161,STATE_161,split,0.667,2,6,2,no,yes,yes,requires_manual,owner/controller/core conflict,split vp_review resource_distribution owner_core_conflict,split; province_overlap=2; tsr_overlap_rank=4/4; bsr_source_count=1
1802,STATE_1802,europe,158,STATE_158,split,1.000,1,6,2,no,yes,yes,requires_manual,owner/controller/core conflict,split vp_review resource_distribution owner_core_conflict,split; province_overlap=2; tsr_overlap_rank=5/6; bsr_source_count=1
1807,STATE_1807,europe,977,Antwerpen,split,1.000,1,6,2,no,yes,yes,requires_manual,owner/controller/core conflict,split vp_review resource_distribution owner_core_conflict,split; province_overlap=1; tsr_overlap_rank=2/3; bsr_source_count=1
1926,STATE_1926,europe,65,STATE_65,split,1.000,1,6,3,no,yes,yes,requires_manual,owner/controller/core conflict,split vp_review resource_distribution owner_core_conflict,split; province_overlap=1; tsr_overlap_rank=4/6; bsr_source_count=1
1934,STATE_1934,europe,28,Alsace-Lorraine,split,1.000,1,6,2,no,yes,yes,requires_manual,owner/controller/core conflict,split vp_review resource_distribution owner_core_conflict,split; province_overlap=1; tsr_overlap_rank=6/7; bsr_source_count=1
1976,STATE_1976,europe,35,STATE_35,split,1.000,1,6,3,no,yes,yes,requires_manual,owner/controller/core conflict,split vp_review resource_distribution owner_core_conflict,split; province_overlap=1; tsr_overlap_rank=5/5; bsr_source_count=1
1990,STATE_1990,europe,980,STATE_980,split,1.000,1,6,1,no,yes,yes,requires_manual,owner/controller/core conflict,split vp_review resource_distribution owner_core_conflict,split; province_overlap=1; tsr_overlap_rank=2/3; bsr_source_count=1
2003,STATE_2003,europe,104,STATE_104,merge,0.500,2,6,2,no,yes,yes,requires_manual,owner/controller/core conflict,merge vp_review resource_distribution owner_core_conflict,split+merge; province_overlap=1; tsr_overlap_rank=6/8; bsr_source_count=2
2019,STATE_2019,europe,189,STATE_189,split,1.000,1,6,2,no,yes,yes,requires_manual,owner/controller/core conflict,split vp_review resource_distribution owner_core_conflict,split; province_overlap=1; tsr_overlap_rank=3/3; bsr_source_count=1
2036,STATE_2036,europe,65,STATE_65,split,1.000,1,6,3,no,yes,yes,requires_manual,owner/controller/core conflict,split vp_review resource_distribution owner_core_conflict,split; province_overlap=1; tsr_overlap_rank=5/6; bsr_source_count=1
28,STATE_28,europe,978,Baden,merge,0.750,2,5,1,no,yes,yes,requires_manual,owner/controller/core conflict,merge vp_review resource_distribution owner_core_conflict,split+merge; province_overlap=3; tsr_overlap_rank=1/4; bsr_source_count=2
42,STATE_42,europe,42,STATE_42,split,1.000,1,5,3,no,yes,yes,requires_manual,owner/controller/core conflict,split vp_review resource_distribution owner_core_conflict,split; province_overlap=3; tsr_overlap_rank=1/5; bsr_source_count=1
44,STATE_44,europe,44,STATE_44,split,0.600,3,5,2,no,yes,yes,requires_manual,owner/controller/core conflict,split vp_review resource_distribution owner_core_conflict,split; province_overlap=3; tsr_overlap_rank=1/3; bsr_source_count=1
47,STATE_47,europe,47,Thessaly,split,1.000,1,5,3,no,yes,yes,requires_manual,owner/controller/core conflict,split vp_review resource_distribution owner_core_conflict,split; province_overlap=1; tsr_overlap_rank=3/6; bsr_source_count=1
88,STATE_88,europe,88,STATE_88,split,0.250,2,5,3,no,yes,yes,requires_manual,owner/controller/core conflict,split vp_review resource_distribution owner_core_conflict,split; province_overlap=1; tsr_overlap_rank=4/9; bsr_source_count=1
108,STATE_108,europe,802,STATE_802,merge,0.667,2,5,1,no,yes,yes,requires_manual,owner/controller/core conflict,merge vp_review resource_distribution owner_core_conflict,split+merge; province_overlap=2; tsr_overlap_rank=1/3; bsr_source_count=2
158,STATE_158,europe,158,STATE_158,split,1.000,1,5,2,no,yes,yes,requires_manual,owner/controller/core conflict,split vp_review resource_distribution owner_core_conflict,split; province_overlap=4; tsr_overlap_rank=2/6; bsr_source_count=1
189,STATE_189,europe,189,STATE_189,merge,0.667,2,5,1,no,yes,yes,requires_manual,owner/controller/core conflict,merge vp_review resource_distribution owner_core_conflict,split+merge; province_overlap=4; tsr_overlap_rank=1/3; bsr_source_count=2
731,STATE_731,europe,731,STATE_731,merge,0.667,2,5,1,no,yes,yes,requires_manual,owner/controller/core conflict,merge vp_review resource_distribution owner_core_conflict,split+merge; province_overlap=2; tsr_overlap_rank=3/6; bsr_source_count=2
736,STATE_736,europe,852,Dalmatia,split,1.000,1,5,1,no,yes,yes,requires_manual,owner/controller/core conflict,split vp_review resource_distribution owner_core_conflict,split; province_overlap=1; tsr_overlap_rank=2/2; bsr_source_count=1
788,STATE_788,europe,51,STATE_51,split,1.000,1,5,2,no,yes,yes,requires_manual,owner/controller/core conflict,split vp_review resource_distribution owner_core_conflict,split; province_overlap=2; tsr_overlap_rank=2/5; bsr_source_count=1
797,STATE_797,europe,63,STATE_63,split,1.000,1,5,1,no,yes,yes,requires_manual,owner/controller/core conflict,split vp_review resource_distribution owner_core_conflict,split; province_overlap=1; tsr_overlap_rank=7/9; bsr_source_count=1
803,STATE_803,europe,67,STATE_67,split,1.000,1,5,2,no,yes,yes,requires_manual,owner/controller/core conflict,split vp_review resource_distribution owner_core_conflict,split; province_overlap=1; tsr_overlap_rank=4/5; bsr_source_count=1
817,STATE_817,europe,18,STATE_18,merge,0.667,2,5,2,no,yes,yes,requires_manual,owner/controller/core conflict,merge vp_review resource_distribution owner_core_conflict,split+merge; province_overlap=2; tsr_overlap_rank=1/5; bsr_source_count=2
830,STATE_830,europe,79,STATE_79,split,1.000,1,5,2,no,yes,yes,requires_manual,owner/controller/core conflict,split vp_review resource_distribution owner_core_conflict,split; province_overlap=2; tsr_overlap_rank=3/3; bsr_source_count=1
878,STATE_878,europe,108,STATE_108,merge,0.500,3,5,1,no,yes,yes,requires_manual,owner/controller/core conflict,merge vp_review resource_distribution owner_core_conflict,split+merge; province_overlap=1; tsr_overlap_rank=4/6; bsr_source_count=2
940,STATE_940,europe,105,STATE_105,split,1.000,1,5,1,no,yes,yes,requires_manual,owner/controller/core conflict,split vp_review resource_distribution owner_core_conflict,split; province_overlap=1; tsr_overlap_rank=3/3; bsr_source_count=1
941,STATE_941,europe,802,STATE_802,split,1.000,1,5,2,no,yes,yes,requires_manual,owner/controller/core conflict,split vp_review resource_distribution owner_core_conflict,split; province_overlap=1; tsr_overlap_rank=3/3; bsr_source_count=1
952,STATE_952,europe,183,STATE_183,split,1.000,1,5,1,no,yes,yes,requires_manual,owner/controller/core conflict,split vp_review resource_distribution owner_core_conflict,split; province_overlap=1; tsr_overlap_rank=1/2; bsr_source_count=1
970,STATE_970,asia,409,STATE_409,split,1.000,1,5,1,no,yes,yes,requires_manual,owner/controller/core conflict,split vp_review resource_distribution owner_core_conflict,split; province_overlap=2; tsr_overlap_rank=2/2; bsr_source_count=1
975,STATE_975,europe,187,STATE_187,split,0.500,2,5,1,no,yes,yes,requires_manual,owner/controller/core conflict,split vp_review resource_distribution owner_core_conflict,split; province_overlap=1; tsr_overlap_rank=3/3; bsr_source_count=1
976,STATE_976,europe,185,STATE_185,split,1.000,1,5,2,no,yes,yes,requires_manual,owner/controller/core conflict,split vp_review resource_distribution owner_core_conflict,split; province_overlap=3; tsr_overlap_rank=2/7; bsr_source_count=1
991,STATE_991,europe,117,Campania,split,1.000,2,5,1,no,yes,yes,requires_manual,owner/controller/core conflict,split vp_review resource_distribution owner_core_conflict,split; province_overlap=4; tsr_overlap_rank=2/2; bsr_source_count=1
1005,STATE_1005,europe,229,STATE_229,split,1.000,1,5,2,no,yes,yes,requires_manual,owner/controller/core conflict,split vp_review resource_distribution owner_core_conflict,split; province_overlap=2; tsr_overlap_rank=5/6; bsr_source_count=1
1009,STATE_1009,europe,917,STATE_917,merge,0.789,2,5,1,no,yes,yes,requires_manual,owner/controller/core conflict,merge vp_review resource_distribution owner_core_conflict,split+merge; province_overlap=15; tsr_overlap_rank=1/2; bsr_source_count=2
1012,STATE_1012,europe,920,STATE_920,merge,0.667,2,5,1,no,yes,yes,requires_manual,owner/controller/core conflict,merge vp_review resource_distribution owner_core_conflict,split+merge; province_overlap=6; tsr_overlap_rank=2/4; bsr_source_count=2
1047,STATE_1047,europe,104,STATE_104,split,1.000,1,5,2,no,yes,yes,requires_manual,owner/controller/core conflict,split vp_review resource_distribution owner_core_conflict,split; province_overlap=3; tsr_overlap_rank=4/8; bsr_source_count=1
1060,STATE_1060,europe,35,STATE_35,split,1.000,1,5,2,no,yes,yes,requires_manual,owner/controller/core conflict,split vp_review resource_distribution owner_core_conflict,split; province_overlap=2; tsr_overlap_rank=2/5; bsr_source_count=1
1063,STATE_1063,europe,184,STATE_184,merge,0.333,3,5,1,no,yes,yes,requires_manual,owner/controller/core conflict,merge vp_review resource_distribution owner_core_conflict,split+merge; province_overlap=1; tsr_overlap_rank=2/4; bsr_source_count=2
1103,STATE_1103,europe,48,STATE_48,split,1.000,1,5,2,no,yes,yes,requires_manual,owner/controller/core conflict,split vp_review resource_distribution owner_core_conflict,split; province_overlap=2; tsr_overlap_rank=2/3; bsr_source_count=1
1127,STATE_1127,europe,226,Dnipropertovsk,split,1.000,1,5,2,no,yes,yes,requires_manual,owner/controller/core conflict,split vp_review resource_distribution owner_core_conflict,split; province_overlap=5; tsr_overlap_rank=2/2; bsr_source_count=1
1139,STATE_1139,europe,731,STATE_731,split,0.500,2,5,1,no,yes,yes,requires_manual,owner/controller/core conflict,split vp_review resource_distribution owner_core_conflict,split; province_overlap=1; tsr_overlap_rank=6/6; bsr_source_count=1
1159,STATE_1159,europe,731,STATE_731,split,1.000,1,5,1,no,yes,yes,requires_manual,owner/controller/core conflict,split vp_review resource_distribution owner_core_conflict,split; province_overlap=2; tsr_overlap_rank=1/6; bsr_source_count=1
1186,STATE_1186,europe,23,STATE_23,split,1.000,1,5,1,no,yes,yes,requires_manual,owner/controller/core conflict,split vp_review resource_distribution owner_core_conflict,split; province_overlap=3; tsr_overlap_rank=2/2; bsr_source_count=1
1230,STATE_1230,europe,106,STATE_106,merge,0.500,2,5,1,no,yes,yes,requires_manual,owner/controller/core conflict,merge vp_review resource_distribution owner_core_conflict,split+merge; province_overlap=1; tsr_overlap_rank=3/3; bsr_source_count=2
1263,STATE_1263,europe,229,STATE_229,split,1.000,1,5,2,no,yes,yes,requires_manual,owner/controller/core conflict,split vp_review resource_distribution owner_core_conflict,split; province_overlap=2; tsr_overlap_rank=4/6; bsr_source_count=1
1334,STATE_1334,europe,51,STATE_51,split,1.000,1,5,2,no,yes,yes,requires_manual,owner/controller/core conflict,split vp_review resource_distribution owner_core_conflict,split; province_overlap=1; tsr_overlap_rank=4/5; bsr_source_count=1
1348,STATE_1348,europe,67,STATE_67,split,1.000,1,5,2,no,yes,yes,requires_manual,owner/controller/core conflict,split vp_review resource_distribution owner_core_conflict,split; province_overlap=1; tsr_overlap_rank=3/5; bsr_source_count=1
1366,STATE_1366,europe,229,STATE_229,split,1.000,1,5,2,no,yes,yes,requires_manual,owner/controller/core conflict,split vp_review resource_distribution owner_core_conflict,split; province_overlap=2; tsr_overlap_rank=3/6; bsr_source_count=1
1374,STATE_1374,europe,88,STATE_88,split,1.000,1,5,2,no,yes,yes,requires_manual,owner/controller/core conflict,split vp_review resource_distribution owner_core_conflict,split; province_overlap=1; tsr_overlap_rank=7/9; bsr_source_count=1
1391,STATE_1391,europe,158,STATE_158,split,1.000,1,5,1,no,yes,yes,requires_manual,owner/controller/core conflict,split vp_review resource_distribution owner_core_conflict,split; province_overlap=2; tsr_overlap_rank=4/6; bsr_source_count=1
1397,STATE_1397,europe,119,STATE_119,split,1.000,1,5,1,no,yes,yes,requires_manual,owner/controller/core conflict,split vp_review resource_distribution owner_core_conflict,split; province_overlap=2; tsr_overlap_rank=1/4; bsr_source_count=1
1407,STATE_1407,asia,408,STATE_408,split,1.000,1,5,1,no,yes,yes,requires_manual,owner/controller/core conflict,split vp_review resource_distribution owner_core_conflict,split; province_overlap=34; tsr_overlap_rank=1/2; bsr_source_count=1
1415,STATE_1415,europe,50,Württemberg,split,1.000,1,5,2,no,yes,yes,requires_manual,owner/controller/core conflict,split vp_review resource_distribution owner_core_conflict,split; province_overlap=1; tsr_overlap_rank=5/6; bsr_source_count=1
1421,STATE_1421,europe,104,STATE_104,split,1.000,1,5,2,no,yes,yes,requires_manual,owner/controller/core conflict,split vp_review resource_distribution owner_core_conflict,split; province_overlap=3; tsr_overlap_rank=3/8; bsr_source_count=1
1428,STATE_1428,europe,731,STATE_731,split,1.000,1,5,1,no,yes,yes,requires_manual,owner/controller/core conflict,split vp_review resource_distribution owner_core_conflict,split; province_overlap=2; tsr_overlap_rank=2/6; bsr_source_count=1
1444,STATE_1444,europe,227,STATE_227,merge,0.400,2,5,1,no,yes,yes,requires_manual,owner/controller/core conflict,merge vp_review resource_distribution owner_core_conflict,split+merge; province_overlap=2; tsr_overlap_rank=2/2; bsr_source_count=2
1490,STATE_1490,europe,202,STATE_202,merge,0.500,2,5,1,no,yes,yes,requires_manual,owner/controller/core conflict,merge vp_review resource_distribution owner_core_conflict,split+merge; province_overlap=2; tsr_overlap_rank=2/5; bsr_source_count=2
1554,STATE_1554,europe,976,STATE_976,split,1.000,1,5,2,no,yes,yes,requires_manual,owner/controller/core conflict,split vp_review resource_distribution owner_core_conflict,split; province_overlap=1; tsr_overlap_rank=3/3; bsr_source_count=1
1558,STATE_1558,europe,88,STATE_88,split,1.000,1,5,2,no,yes,yes,requires_manual,owner/controller/core conflict,split vp_review resource_distribution owner_core_conflict,split; province_overlap=4; tsr_overlap_rank=1/9; bsr_source_count=1
1588,STATE_1588,europe,88,STATE_88,split,1.000,1,5,2,no,yes,yes,requires_manual,owner/controller/core conflict,split vp_review resource_distribution owner_core_conflict,split; province_overlap=1; tsr_overlap_rank=8/9; bsr_source_count=1
1594,STATE_1594,europe,101,STATE_101,split,1.000,1,5,1,no,yes,yes,requires_manual,owner/controller/core conflict,split vp_review resource_distribution owner_core_conflict,split; province_overlap=1; tsr_overlap_rank=2/2; bsr_source_count=1
1617,STATE_1617,europe,66,STATE_66,split,1.000,1,5,2,no,yes,yes,requires_manual,owner/controller/core conflict,split vp_review resource_distribution owner_core_conflict,split; province_overlap=2; tsr_overlap_rank=3/7; bsr_source_count=1
1638,STATE_1638,europe,920,STATE_920,merge,0.800,2,5,1,no,yes,yes,requires_manual,owner/controller/core conflict,merge vp_review resource_distribution owner_core_conflict,split+merge; province_overlap=4; tsr_overlap_rank=3/4; bsr_source_count=2
1679,STATE_1679,europe,4,STATE_4,split,1.000,1,5,2,no,yes,yes,requires_manual,owner/controller/core conflict,split vp_review resource_distribution owner_core_conflict,split; province_overlap=3; tsr_overlap_rank=2/3; bsr_source_count=1
1729,STATE_1729,europe,70,STATE_70,merge,0.714,2,5,1,no,yes,yes,requires_manual,owner/controller/core conflict,merge vp_review resource_distribution owner_core_conflict,split+merge; province_overlap=5; tsr_overlap_rank=1/3; bsr_source_count=2
1734,STATE_1734,europe,17,Lorraine,merge,0.500,2,5,1,no,yes,yes,requires_manual,owner/controller/core conflict,merge vp_review resource_distribution owner_core_conflict,split+merge; province_overlap=1; tsr_overlap_rank=6/6; bsr_source_count=2
1754,STATE_1754,europe,34,STATE_34,split,0.667,2,5,2,no,yes,yes,requires_manual,owner/controller/core conflict,split vp_review resource_distribution owner_core_conflict,split; province_overlap=2; tsr_overlap_rank=1/2; bsr_source_count=1
1798,STATE_1798,europe,26,Auveregne,merge,0.333,3,5,1,no,yes,yes,requires_manual,owner/controller/core conflict,merge vp_review resource_distribution owner_core_conflict,split+merge; province_overlap=1; tsr_overlap_rank=2/2; bsr_source_count=3
1808,STATE_1808,europe,977,Antwerpen,split,1.000,1,5,1,no,yes,yes,requires_manual,owner/controller/core conflict,split vp_review resource_distribution owner_core_conflict,split; province_overlap=2; tsr_overlap_rank=1/3; bsr_source_count=1
1821,STATE_1821,asia,1005,STATE_1005,merge,0.500,2,5,1,no,yes,yes,requires_manual,owner/controller/core conflict,merge vp_review resource_distribution owner_core_conflict,split+merge; province_overlap=1; tsr_overlap_rank=2/3; bsr_source_count=2
1823,STATE_1823,europe,60,STATE_60,split,1.000,1,5,2,no,yes,yes,requires_manual,owner/controller/core conflict,split vp_review resource_distribution owner_core_conflict,split; province_overlap=3; tsr_overlap_rank=2/2; bsr_source_count=1
1865,STATE_1865,europe,152,STATE_152,split,1.000,1,5,2,no,yes,yes,requires_manual,owner/controller/core conflict,split vp_review resource_distribution owner_core_conflict,split; province_overlap=2; tsr_overlap_rank=2/4; bsr_source_count=1
1964,STATE_1964,europe,54,STATE_54,split,1.000,1,5,2,no,yes,yes,requires_manual,owner/controller/core conflict,split vp_review resource_distribution owner_core_conflict,split; province_overlap=1; tsr_overlap_rank=3/3; bsr_source_count=1
1965,STATE_1965,europe,978,Baden,split,1.000,1,5,2,no,yes,yes,requires_manual,owner/controller/core conflict,split vp_review resource_distribution owner_core_conflict,split; province_overlap=2; tsr_overlap_rank=2/4; bsr_source_count=1
1989,STATE_1989,europe,980,STATE_980,split,1.000,1,5,1,no,yes,yes,requires_manual,owner/controller/core conflict,split vp_review resource_distribution owner_core_conflict,split; province_overlap=1; tsr_overlap_rank=3/3; bsr_source_count=1
2004,STATE_2004,europe,104,STATE_104,split,1.000,1,5,2,no,yes,yes,requires_manual,owner/controller/core conflict,split vp_review resource_distribution owner_core_conflict,split; province_overlap=1; tsr_overlap_rank=5/8; bsr_source_count=1
2009,STATE_2009,europe,232,Dagestan,split,0.667,2,5,2,no,yes,yes,requires_manual,owner/controller/core conflict,split vp_review resource_distribution owner_core_conflict,split; province_overlap=2; tsr_overlap_rank=2/5; bsr_source_count=1
2010,STATE_2010,europe,232,Dagestan,split,1.000,1,5,2,no,yes,yes,requires_manual,owner/controller/core conflict,split vp_review resource_distribution owner_core_conflict,split; province_overlap=1; tsr_overlap_rank=5/5; bsr_source_count=1
2011,STATE_2011,europe,104,STATE_104,split,1.000,1,5,2,no,yes,yes,requires_manual,owner/controller/core conflict,split vp_review resource_distribution owner_core_conflict,split; province_overlap=1; tsr_overlap_rank=8/8; bsr_source_count=1
2014,STATE_2014,europe,63,STATE_63,split,1.000,1,5,1,no,yes,yes,requires_manual,owner/controller/core conflict,split vp_review resource_distribution owner_core_conflict,split; province_overlap=1; tsr_overlap_rank=8/9; bsr_source_count=1
2018,STATE_2018,europe,27,Bourgogne,merge,0.667,2,5,1,no,yes,yes,requires_manual,owner/controller/core conflict,merge vp_review resource_distribution owner_core_conflict,split+merge; province_overlap=2; tsr_overlap_rank=4/8; bsr_source_count=2
6,Flanders,europe,6,Flanders,merge,0.750,2,4,1,no,yes,yes,requires_manual,owner/controller/core conflict,merge vp_review resource_distribution owner_core_conflict,split+merge; province_overlap=3; tsr_overlap_rank=1/2; bsr_source_count=2
7,STATE_7,europe,7,STATE_7,split,1.000,1,4,1,no,yes,yes,requires_manual,owner/controller/core conflict,split vp_review resource_distribution owner_core_conflict,split; province_overlap=4; tsr_overlap_rank=1/2; bsr_source_count=1
34,STATE_34,europe,34,STATE_34,split,1.000,1,4,1,no,yes,yes,requires_manual,owner/controller/core conflict,split vp_review resource_distribution owner_core_conflict,split; province_overlap=2; tsr_overlap_rank=2/2; bsr_source_count=1
67,STATE_67,europe,67,STATE_67,split,1.000,1,4,2,no,yes,yes,requires_manual,owner/controller/core conflict,split vp_review resource_distribution owner_core_conflict,split; province_overlap=1; tsr_overlap_rank=5/5; bsr_source_count=1
69,STATE_69,europe,69,STATE_69,split,1.000,1,4,1,no,yes,yes,requires_manual,owner/controller/core conflict,split vp_review resource_distribution owner_core_conflict,split; province_overlap=6; tsr_overlap_rank=1/2; bsr_source_count=1
70,STATE_70,europe,70,STATE_70,split,1.000,1,4,2,no,yes,yes,requires_manual,owner/controller/core conflict,split vp_review resource_distribution owner_core_conflict,split; province_overlap=1; tsr_overlap_rank=3/3; bsr_source_count=1
92,STATE_92,europe,92,STATE_92,merge,0.500,2,4,1,no,yes,yes,requires_manual,owner/controller/core conflict,merge vp_review resource_distribution owner_core_conflict,split+merge; province_overlap=3; tsr_overlap_rank=1/4; bsr_source_count=2
104,STATE_104,europe,104,STATE_104,split,1.000,1,4,2,no,yes,yes,requires_manual,owner/controller/core conflict,split vp_review resource_distribution owner_core_conflict,split; province_overlap=3; tsr_overlap_rank=2/8; bsr_source_count=1
105,STATE_105,europe,105,STATE_105,split,1.000,1,4,1,no,yes,yes,requires_manual,owner/controller/core conflict,split vp_review resource_distribution owner_core_conflict,split; province_overlap=2; tsr_overlap_rank=2/3; bsr_source_count=1
148,STATE_148,europe,148,LAPPI,split,1.000,1,4,2,no,yes,yes,requires_manual,owner/controller/core conflict,split vp_review resource_distribution owner_core_conflict,split; province_overlap=15; tsr_overlap_rank=1/3; bsr_source_count=1
150,Savo,europe,150,KUOPIO,merge,0.688,3,4,1,no,yes,yes,requires_manual,owner/controller/core conflict,merge vp_review resource_distribution owner_core_conflict,split+merge; province_overlap=11; tsr_overlap_rank=2/5; bsr_source_count=3
161,STATE_161,europe,161,STATE_161,split,1.000,1,4,2,no,yes,yes,requires_manual,owner/controller/core conflict,split vp_review resource_distribution owner_core_conflict,split; province_overlap=3; tsr_overlap_rank=1/4; bsr_source_count=1
184,STATE_184,europe,184,STATE_184,merge,0.333,2,4,1,no,yes,yes,requires_manual,owner/controller/core conflict,merge vp_review resource_distribution owner_core_conflict,split+merge; province_overlap=1; tsr_overlap_rank=3/4; bsr_source_count=2
229,STATE_229,europe,229,STATE_229,split,1.000,1,4,2,no,yes,yes,requires_manual,owner/controller/core conflict,split vp_review resource_distribution owner_core_conflict,split; province_overlap=7; tsr_overlap_rank=1/6; bsr_source_count=1
232,STATE_232,europe,232,Dagestan,split,0.400,2,4,2,no,yes,yes,requires_manual,owner/controller/core conflict,split vp_review resource_distribution owner_core_conflict,split; province_overlap=2; tsr_overlap_rank=4/5; bsr_source_count=1
402,STATE_402,asia,402,STATE_402,merge,0.880,2,4,1,no,yes,yes,requires_manual,owner/controller/core conflict,merge vp_review resource_distribution owner_core_conflict,split+merge; province_overlap=22; tsr_overlap_rank=1/3; bsr_source_count=2
404,STATE_404,asia,881,Karagandy,merge,0.864,3,4,0,no,yes,yes,requires_manual,owner/controller/core conflict,merge resource_distribution owner_core_conflict,split+merge; province_overlap=19; tsr_overlap_rank=1/3; bsr_source_count=3
789,STATE_789,europe,42,STATE_42,split,1.000,1,4,1,no,yes,yes,requires_manual,owner/controller/core conflict,split vp_review resource_distribution owner_core_conflict,split; province_overlap=2; tsr_overlap_rank=2/5; bsr_source_count=1
806,STATE_806,europe,153,STATE_153,merge,0.667,2,4,1,no,yes,yes,requires_manual,owner/controller/core conflict,merge vp_review resource_distribution owner_core_conflict,split+merge; province_overlap=2; tsr_overlap_rank=3/4; bsr_source_count=2
807,STATE_807,europe,4,STATE_4,split,1.000,1,4,1,no,yes,yes,requires_manual,owner/controller/core conflict,split vp_review resource_distribution owner_core_conflict,split; province_overlap=2; tsr_overlap_rank=3/3; bsr_source_count=1
814,STATE_814,europe,1048,Moselgebiet,merge,0.500,3,4,0,no,yes,yes,requires_manual,owner/controller/core conflict,merge resource_distribution owner_core_conflict,split+merge; province_overlap=1; tsr_overlap_rank=2/2; bsr_source_count=2
869,STATE_869,europe,109,Croatia,split,1.000,1,4,1,no,yes,yes,requires_manual,owner/controller/core conflict,split vp_review resource_distribution owner_core_conflict,split; province_overlap=1; tsr_overlap_rank=4/4; bsr_source_count=1
872,STATE_872,europe,108,STATE_108,merge,0.667,2,4,0,no,yes,yes,requires_manual,owner/controller/core conflict,merge resource_distribution owner_core_conflict,split+merge; province_overlap=2; tsr_overlap_rank=2/6; bsr_source_count=2
886,STATE_886,europe,972,STATE_972,split,1.000,1,4,1,no,yes,yes,requires_manual,owner/controller/core conflict,split vp_review resource_distribution owner_core_conflict,split; province_overlap=2; tsr_overlap_rank=2/2; bsr_source_count=1
888,STATE_888,europe,972,STATE_972,split,1.000,1,4,0,no,yes,yes,requires_manual,owner/controller/core conflict,split resource_distribution owner_core_conflict,split; province_overlap=3; tsr_overlap_rank=1/2; bsr_source_count=1
926,STATE_926,europe,202,STATE_202,split,1.000,1,4,1,no,yes,yes,requires_manual,owner/controller/core conflict,split vp_review resource_distribution owner_core_conflict,split; province_overlap=3; tsr_overlap_rank=1/5; bsr_source_count=1
931,STATE_931,europe,232,Dagestan,split,0.900,2,4,1,no,yes,yes,requires_manual,owner/controller/core conflict,split vp_review resource_distribution owner_core_conflict,split; province_overlap=9; tsr_overlap_rank=1/5; bsr_source_count=1
932,STATE_932,europe,232,Dagestan,split,1.000,1,4,1,no,yes,yes,requires_manual,owner/controller/core conflict,split vp_review resource_distribution owner_core_conflict,split; province_overlap=2; tsr_overlap_rank=3/5; bsr_source_count=1
937,STATE_937,europe,109,Croatia,split,1.000,1,4,1,no,yes,yes,requires_manual,owner/controller/core conflict,split vp_review resource_distribution owner_core_conflict,split; province_overlap=2; tsr_overlap_rank=2/4; bsr_source_count=1
989,STATE_989,europe,158,STATE_158,split,1.000,2,4,1,no,yes,yes,requires_manual,owner/controller/core conflict,split vp_review resource_distribution owner_core_conflict,split; province_overlap=3; tsr_overlap_rank=3/6; bsr_source_count=1
1013,STATE_1013,europe,923,STATE_923,merge,0.750,2,4,0,no,yes,yes,requires_manual,owner/controller/core conflict,merge resource_distribution owner_core_conflict,split+merge; province_overlap=3; tsr_overlap_rank=2/2; bsr_source_count=2
1014,STATE_1014,europe,144,Nordland,merge,0.875,2,4,0,no,yes,yes,requires_manual,owner/controller/core conflict,merge resource_distribution owner_core_conflict,split+merge; province_overlap=7; tsr_overlap_rank=1/2; bsr_source_count=2
1048,STATE_1048,europe,104,STATE_104,split,1.000,1,4,1,no,yes,yes,requires_manual,owner/controller/core conflict,split vp_review resource_distribution owner_core_conflict,split; province_overlap=4; tsr_overlap_rank=1/8; bsr_source_count=1
1107,STATE_1107,europe,153,STATE_153,merge,0.500,2,4,1,no,yes,yes,requires_manual,owner/controller/core conflict,merge vp_review resource_distribution owner_core_conflict,split+merge; province_overlap=2; tsr_overlap_rank=2/4; bsr_source_count=2
1126,STATE_1126,europe,193,Chernihiv,merge,0.833,2,4,1,no,yes,yes,requires_manual,owner/controller/core conflict,merge vp_review resource_distribution owner_core_conflict,split+merge; province_overlap=5; tsr_overlap_rank=2/5; bsr_source_count=2
1129,STATE_1129,asia,1005,STATE_1005,split,1.000,1,4,1,no,yes,yes,requires_manual,owner/controller/core conflict,split vp_review resource_distribution owner_core_conflict,split; province_overlap=1; tsr_overlap_rank=3/3; bsr_source_count=1
1148,STATE_1148,asia,589,STATE_589,merge,0.917,2,4,1,no,yes,yes,requires_manual,owner/controller/core conflict,merge vp_review resource_distribution owner_core_conflict,split+merge; province_overlap=11; tsr_overlap_rank=1/2; bsr_source_count=2
1179,STATE_1179,europe,48,STATE_48,split,1.000,1,4,1,no,yes,yes,requires_manual,owner/controller/core conflict,split vp_review resource_distribution owner_core_conflict,split; province_overlap=1; tsr_overlap_rank=3/3; bsr_source_count=1
1182,STATE_1182,europe,980,STATE_980,split,1.000,1,4,0,no,yes,yes,requires_manual,owner/controller/core conflict,split resource_distribution owner_core_conflict,split; province_overlap=2; tsr_overlap_rank=1/3; bsr_source_count=1
1185,STATE_1185,europe,20,Rhone,split,1.000,1,4,1,no,yes,yes,requires_manual,owner/controller/core conflict,split vp_review resource_distribution owner_core_conflict,split; province_overlap=2; tsr_overlap_rank=2/7; bsr_source_count=1
1204,STATE_1204,europe,106,STATE_106,split,0.500,2,4,1,no,yes,yes,requires_manual,owner/controller/core conflict,split vp_review resource_distribution owner_core_conflict,split; province_overlap=1; tsr_overlap_rank=2/3; bsr_source_count=1
1222,STATE_1222,europe,229,STATE_229,split,1.000,1,4,1,no,yes,yes,requires_manual,owner/controller/core conflict,split vp_review resource_distribution owner_core_conflict,split; province_overlap=3; tsr_overlap_rank=2/6; bsr_source_count=1
1229,STATE_1229,europe,934,STATE_934,split,1.000,1,4,1,no,yes,yes,requires_manual,owner/controller/core conflict,split vp_review resource_distribution owner_core_conflict,split; province_overlap=1; tsr_overlap_rank=2/2; bsr_source_count=1
1250,STATE_1250,asia,588,Semipalatinsk,split,1.000,1,4,1,no,yes,yes,requires_manual,owner/controller/core conflict,split vp_review resource_distribution owner_core_conflict,split; province_overlap=5; tsr_overlap_rank=2/4; bsr_source_count=1
1270,STATE_1270,europe,20,Rhone,split,1.000,1,4,1,no,yes,yes,requires_manual,owner/controller/core conflict,split vp_review resource_distribution owner_core_conflict,split; province_overlap=1; tsr_overlap_rank=6/7; bsr_source_count=1
1273,STATE_1273,asia,742,STATE_742,split,1.000,1,4,1,no,yes,yes,requires_manual,owner/controller/core conflict,split vp_review resource_distribution owner_core_conflict,split; province_overlap=1; tsr_overlap_rank=3/3; bsr_source_count=1
1275,STATE_1275,europe,67,STATE_67,split,1.000,1,4,1,no,yes,yes,requires_manual,owner/controller/core conflict,split vp_review resource_distribution owner_core_conflict,split; province_overlap=1; tsr_overlap_rank=2/5; bsr_source_count=1
1325,STATE_1325,europe,71,STATE_71,split,1.000,1,4,1,no,yes,yes,requires_manual,owner/controller/core conflict,split vp_review resource_distribution owner_core_conflict,split; province_overlap=1; tsr_overlap_rank=3/3; bsr_source_count=1
1332,STATE_1332,europe,68,STATE_68,split,1.000,1,4,1,no,yes,yes,requires_manual,owner/controller/core conflict,split vp_review resource_distribution owner_core_conflict,split; province_overlap=1; tsr_overlap_rank=5/6; bsr_source_count=1
1347,STATE_1347,europe,67,STATE_67,split,1.000,1,4,1,no,yes,yes,requires_manual,owner/controller/core conflict,split vp_review resource_distribution owner_core_conflict,split; province_overlap=1; tsr_overlap_rank=1/5; bsr_source_count=1
1403,STATE_1403,europe,108,STATE_108,split,1.000,1,4,1,no,yes,yes,requires_manual,owner/controller/core conflict,split vp_review resource_distribution owner_core_conflict,split; province_overlap=2; tsr_overlap_rank=3/6; bsr_source_count=1
1404,STATE_1404,europe,104,STATE_104,split,1.000,1,4,1,no,yes,yes,requires_manual,owner/controller/core conflict,split vp_review resource_distribution owner_core_conflict,split; province_overlap=1; tsr_overlap_rank=7/8; bsr_source_count=1
1406,STATE_1406,europe,92,STATE_92,split,0.500,1,4,1,no,yes,yes,requires_manual,owner/controller/core conflict,split vp_review resource_distribution owner_core_conflict,split; province_overlap=2; tsr_overlap_rank=3/4; bsr_source_count=1
1438,STATE_1438,europe,189,STATE_189,split,1.000,1,4,1,no,yes,yes,requires_manual,owner/controller/core conflict,split vp_review resource_distribution owner_core_conflict,split; province_overlap=1; tsr_overlap_rank=2/3; bsr_source_count=1
1468,STATE_1468,asia,742,STATE_742,split,1.000,1,4,1,no,yes,yes,requires_manual,owner/controller/core conflict,split vp_review resource_distribution owner_core_conflict,split; province_overlap=4; tsr_overlap_rank=2/3; bsr_source_count=1
1469,STATE_1469,asia,404,Kyzyl Orda,merge,0.417,5,4,1,no,yes,yes,requires_manual,owner/controller/core conflict,merge vp_review resource_distribution owner_core_conflict,split+merge; province_overlap=5; tsr_overlap_rank=2/4; bsr_source_count=2
1477,STATE_1477,asia,588,Semipalatinsk,split,1.000,1,4,1,no,yes,yes,requires_manual,owner/controller/core conflict,split vp_review resource_distribution owner_core_conflict,split; province_overlap=1; tsr_overlap_rank=4/4; bsr_source_count=1
1487,STATE_1487,europe,229,STATE_229,split,1.000,1,4,1,no,yes,yes,requires_manual,owner/controller/core conflict,split vp_review resource_distribution owner_core_conflict,split; province_overlap=1; tsr_overlap_rank=6/6; bsr_source_count=1
1491,STATE_1491,europe,202,STATE_202,split,1.000,1,4,1,no,yes,yes,requires_manual,owner/controller/core conflict,split vp_review resource_distribution owner_core_conflict,split; province_overlap=2; tsr_overlap_rank=4/5; bsr_source_count=1
1582,STATE_1582,europe,785,STATE_785,split,0.667,1,4,1,no,yes,yes,requires_manual,owner/controller/core conflict,split vp_review resource_distribution owner_core_conflict,split; province_overlap=2; tsr_overlap_rank=3/3; bsr_source_count=1
1589,STATE_1589,europe,92,STATE_92,split,1.000,1,4,1,no,yes,yes,requires_manual,owner/controller/core conflict,split vp_review resource_distribution owner_core_conflict,split; province_overlap=1; tsr_overlap_rank=4/4; bsr_source_count=1
1595,STATE_1595,europe,184,STATE_184,split,1.000,1,4,1,no,yes,yes,requires_manual,owner/controller/core conflict,split vp_review resource_distribution owner_core_conflict,split; province_overlap=1; tsr_overlap_rank=4/4; bsr_source_count=1
1628,Savo / Tavastland / Tavastia,europe,929,OULU,merge,0.818,3,4,1,no,yes,yes,requires_manual,owner/controller/core conflict,merge vp_review resource_distribution owner_core_conflict,split+merge; province_overlap=9; tsr_overlap_rank=1/3; bsr_source_count=3
1629,Savo / Tavastland / Tavastia,europe,929,OULU,merge,0.889,2,4,1,no,yes,yes,requires_manual,owner/controller/core conflict,merge vp_review resource_distribution owner_core_conflict,split+merge; province_overlap=8; tsr_overlap_rank=2/3; bsr_source_count=2
1730,STATE_1730,europe,20,Rhone,split,1.000,1,4,1,no,yes,yes,requires_manual,owner/controller/core conflict,split vp_review resource_distribution owner_core_conflict,split; province_overlap=1; tsr_overlap_rank=4/7; bsr_source_count=1
1733,STATE_1733,europe,17,Lorraine,split,1.000,1,4,1,no,yes,yes,requires_manual,owner/controller/core conflict,split vp_review resource_distribution owner_core_conflict,split; province_overlap=1; tsr_overlap_rank=2/6; bsr_source_count=1
1818,STATE_1818,asia,1005,STATE_1005,merge,0.600,3,4,0,no,yes,yes,requires_manual,owner/controller/core conflict,merge resource_distribution owner_core_conflict,split+merge; province_overlap=3; tsr_overlap_rank=1/3; bsr_source_count=3
1877,STATE_1877,europe,785,STATE_785,split,1.000,1,4,1,no,yes,yes,requires_manual,owner/controller/core conflict,split vp_review resource_distribution owner_core_conflict,split; province_overlap=3; tsr_overlap_rank=1/3; bsr_source_count=1
2012,STATE_2012,europe,109,Croatia,split,1.000,1,4,1,no,yes,yes,requires_manual,owner/controller/core conflict,split vp_review resource_distribution owner_core_conflict,split; province_overlap=1; tsr_overlap_rank=3/4; bsr_source_count=1
2032,STATE_2032,europe,68,STATE_68,split,1.000,1,4,1,no,yes,yes,requires_manual,owner/controller/core conflict,split vp_review resource_distribution owner_core_conflict,split; province_overlap=1; tsr_overlap_rank=4/6; bsr_source_count=1
2040,STATE_2040,europe,27,Bourgogne,split,1.000,1,4,1,no,yes,yes,requires_manual,owner/controller/core conflict,split vp_review resource_distribution owner_core_conflict,split; province_overlap=1; tsr_overlap_rank=8/8; bsr_source_count=1
2041,STATE_2041,europe,17,Lorraine,split,1.000,1,4,1,no,yes,yes,requires_manual,owner/controller/core conflict,split vp_review resource_distribution owner_core_conflict,split; province_overlap=1; tsr_overlap_rank=4/6; bsr_source_count=1
2042,STATE_2042,europe,27,Bourgogne,split,1.000,1,4,1,no,yes,yes,requires_manual,owner/controller/core conflict,split vp_review resource_distribution owner_core_conflict,split; province_overlap=1; tsr_overlap_rank=5/8; bsr_source_count=1
2043,STATE_2043,europe,27,Bourgogne,split,1.000,1,4,1,no,yes,yes,requires_manual,owner/controller/core conflict,split vp_review resource_distribution owner_core_conflict,split; province_overlap=2; tsr_overlap_rank=3/8; bsr_source_count=1
2044,STATE_2044,europe,27,Bourgogne,split,1.000,1,4,1,no,yes,yes,requires_manual,owner/controller/core conflict,split vp_review resource_distribution owner_core_conflict,split; province_overlap=1; tsr_overlap_rank=7/8; bsr_source_count=1
4,STATE_4,europe,4,STATE_4,split,1.000,1,3,1,no,yes,yes,requires_manual,owner/controller/core conflict,split vp_review resource_distribution owner_core_conflict,split; province_overlap=5; tsr_overlap_rank=1/3; bsr_source_count=1
8,STATE_8,europe,8,STATE_8,merge,0.500,2,3,0,no,yes,yes,requires_manual,owner/controller/core conflict,merge resource_distribution owner_core_conflict,merge; province_overlap=1; bsr_source_count=2
10,STATE_10,europe,10,STATE_10,merge,0.500,3,3,1,no,yes,yes,requires_manual,owner/controller/core conflict,merge vp_review resource_distribution owner_core_conflict,split+merge; province_overlap=3; tsr_overlap_rank=2/4; bsr_source_count=3
12,STATE_12,europe,808,STATE_808,split,1.000,1,3,0,no,yes,yes,requires_manual,owner/controller/core conflict,split resource_distribution owner_core_conflict,split; province_overlap=1; tsr_overlap_rank=2/2; bsr_source_count=1
17,STATE_17,europe,17,Lorraine,split,0.600,3,3,1,no,yes,yes,requires_manual,owner/controller/core conflict,split vp_review resource_distribution owner_core_conflict,split; province_overlap=3; tsr_overlap_rank=1/6; bsr_source_count=1
23,STATE_23,europe,23,STATE_23,merge,0.875,2,3,0,no,yes,yes,requires_manual,owner/controller/core conflict,merge resource_distribution owner_core_conflict,split+merge; province_overlap=7; tsr_overlap_rank=1/2; bsr_source_count=2
35,STATE_35,europe,35,STATE_35,split,1.000,1,3,1,no,yes,yes,requires_manual,owner/controller/core conflict,split vp_review resource_distribution owner_core_conflict,split; province_overlap=2; tsr_overlap_rank=1/5; bsr_source_count=1
38,STATE_38,europe,918,Västerbotten,merge,1.000,2,3,0,no,yes,yes,requires_manual,owner/controller/core conflict,merge resource_distribution owner_core_conflict,merge; province_overlap=34; bsr_source_count=2
39,STATE_39,europe,39,(South Tyrol) Alto Adige,split,1.000,1,3,1,no,yes,yes,requires_manual,owner/controller/core conflict,split vp_review resource_distribution owner_core_conflict,split; province_overlap=3; tsr_overlap_rank=1/3; bsr_source_count=1
48,STATE_48,europe,48,STATE_48,split,1.000,1,3,1,no,yes,yes,requires_manual,owner/controller/core conflict,split vp_review resource_distribution owner_core_conflict,split; province_overlap=5; tsr_overlap_rank=1/3; bsr_source_count=1
60,STATE_60,europe,60,STATE_60,split,1.000,1,3,1,no,yes,yes,requires_manual,owner/controller/core conflict,split vp_review resource_distribution owner_core_conflict,split; province_overlap=6; tsr_overlap_rank=1/2; bsr_source_count=1
90,STATE_90,europe,90,Kielce,merge,0.714,2,3,0,no,yes,yes,requires_manual,owner/controller/core conflict,merge resource_distribution owner_core_conflict,split+merge; province_overlap=5; tsr_overlap_rank=1/2; bsr_source_count=2
107,STATE_107,europe,107,STATE_107,merge,0.875,2,3,0,no,yes,yes,requires_manual,owner/controller/core conflict,merge resource_distribution owner_core_conflict,split+merge; province_overlap=7; tsr_overlap_rank=1/2; bsr_source_count=2
117,STATE_117,europe,117,Campania,merge,0.833,2,3,0,no,yes,yes,requires_manual,owner/controller/core conflict,merge resource_distribution owner_core_conflict,split+merge; province_overlap=5; tsr_overlap_rank=1/2; bsr_source_count=2
119,STATE_119,europe,119,STATE_119,split,1.000,1,3,1,no,yes,yes,requires_manual,owner/controller/core conflict,split vp_review resource_distribution owner_core_conflict,split; province_overlap=2; tsr_overlap_rank=2/4; bsr_source_count=1
142,STATE_142,europe,142,STATE_142,merge,0.895,2,3,0,no,yes,yes,requires_manual,owner/controller/core conflict,merge resource_distribution owner_core_conflict,split+merge; province_overlap=17; tsr_overlap_rank=1/3; bsr_source_count=2
152,STATE_152,europe,152,STATE_152,split,1.000,1,3,1,no,yes,yes,requires_manual,owner/controller/core conflict,split vp_review resource_distribution owner_core_conflict,split; province_overlap=2; tsr_overlap_rank=1/4; bsr_source_count=1
183,STATE_183,europe,183,STATE_183,split,1.000,1,3,1,no,yes,yes,requires_manual,owner/controller/core conflict,split vp_review resource_distribution owner_core_conflict,split; province_overlap=1; tsr_overlap_rank=2/2; bsr_source_count=1
588,STATE_588,asia,882,Pavlodar,merge,1.000,2,3,0,no,yes,yes,requires_manual,owner/controller/core conflict,merge resource_distribution owner_core_conflict,merge; province_overlap=9; bsr_source_count=2
664,STATE_664,europe,664,STATE_664,split,1.000,1,3,1,no,yes,yes,requires_manual,owner/controller/core conflict,split vp_review resource_distribution owner_core_conflict,split; province_overlap=4; tsr_overlap_rank=1/2; bsr_source_count=1
666,STATE_666,europe,666,STATE_666,split,1.000,1,3,1,no,yes,yes,requires_manual,owner/controller/core conflict,split vp_review resource_distribution owner_core_conflict,split; province_overlap=23; tsr_overlap_rank=1/2; bsr_source_count=1
871,STATE_871,europe,970,STATE_970,split,0.667,1,3,0,no,yes,yes,requires_manual,owner/controller/core conflict,split resource_distribution owner_core_conflict,split; province_overlap=2; tsr_overlap_rank=1/2; bsr_source_count=1
928,STATE_928,europe,215,STATE_215,split,0.875,2,3,0,no,yes,yes,requires_manual,owner/controller/core conflict,split resource_distribution owner_core_conflict,split; province_overlap=14; tsr_overlap_rank=1/5; bsr_source_count=1
929,STATE_929,europe,215,STATE_215,split,0.923,2,3,0,no,yes,yes,requires_manual,owner/controller/core conflict,split resource_distribution owner_core_conflict,split; province_overlap=12; tsr_overlap_rank=2/5; bsr_source_count=1
999,STATE_999,asia,402,STATE_402,split,1.000,1,3,0,no,yes,yes,requires_manual,owner/controller/core conflict,split resource_distribution owner_core_conflict,split; province_overlap=7; tsr_overlap_rank=2/3; bsr_source_count=1
1010,STATE_1010,europe,921,Telemark,merge,0.600,2,3,0,no,yes,yes,requires_manual,owner/controller/core conflict,merge resource_distribution owner_core_conflict,split+merge; province_overlap=6; tsr_overlap_rank=1/3; bsr_source_count=2
1011,STATE_1011,europe,920,STATE_920,split,1.000,1,3,0,no,yes,yes,requires_manual,owner/controller/core conflict,split resource_distribution owner_core_conflict,split; province_overlap=11; tsr_overlap_rank=1/4; bsr_source_count=1
1046,STATE_1046,europe,804,STATE_804,split,1.000,1,3,0,no,yes,yes,requires_manual,owner/controller/core conflict,split resource_distribution owner_core_conflict,split; province_overlap=3; tsr_overlap_rank=1/2; bsr_source_count=1
1066,STATE_1066,europe,852,Dalmatia,split,1.000,1,3,0,no,yes,yes,requires_manual,owner/controller/core conflict,split resource_distribution owner_core_conflict,split; province_overlap=1; tsr_overlap_rank=1/2; bsr_source_count=1
1090,STATE_1090,asia,560,Nikolayevsk,split,1.000,1,3,0,no,yes,yes,requires_manual,owner/controller/core conflict,split resource_distribution owner_core_conflict,split; province_overlap=5; tsr_overlap_rank=2/2; bsr_source_count=1
1156,STATE_1156,europe,184,STATE_184,split,1.000,1,3,0,no,yes,yes,requires_manual,owner/controller/core conflict,split resource_distribution owner_core_conflict,split; province_overlap=1; tsr_overlap_rank=1/4; bsr_source_count=1
1160,STATE_1160,europe,731,STATE_731,split,1.000,1,3,0,no,yes,yes,requires_manual,owner/controller/core conflict,split resource_distribution owner_core_conflict,split; province_overlap=1; tsr_overlap_rank=4/6; bsr_source_count=1
1228,STATE_1228,europe,934,STATE_934,split,1.000,1,3,0,no,yes,yes,requires_manual,owner/controller/core conflict,split resource_distribution owner_core_conflict,split; province_overlap=2; tsr_overlap_rank=1/2; bsr_source_count=1
1376,STATE_1376,europe,664,STATE_664,split,1.000,1,3,0,no,yes,yes,requires_manual,owner/controller/core conflict,split resource_distribution owner_core_conflict,split; province_overlap=2; tsr_overlap_rank=2/2; bsr_source_count=1
1380,STATE_1380,europe,215,STATE_215,split,1.000,1,3,0,no,yes,yes,requires_manual,owner/controller/core conflict,split resource_distribution owner_core_conflict,split; province_overlap=2; tsr_overlap_rank=4/5; bsr_source_count=1
1454,STATE_1454,europe,12,STATE_12,merge,1.000,3,3,0,no,yes,yes,requires_manual,owner/controller/core conflict,merge resource_distribution owner_core_conflict,merge; province_overlap=5; bsr_source_count=3
1581,STATE_1581,europe,17,Lorraine,split,1.000,1,3,0,no,yes,yes,requires_manual,owner/controller/core conflict,split resource_distribution owner_core_conflict,split; province_overlap=1; tsr_overlap_rank=3/6; bsr_source_count=1
1627,Savo / Tavastland / Tavastia,europe,927,HÄME,merge,0.714,6,3,0,no,yes,yes,requires_manual,owner/controller/core conflict,merge resource_distribution owner_core_conflict,split+merge; province_overlap=10; tsr_overlap_rank=1/4; bsr_source_count=6
1712,STATE_1712,europe,92,STATE_92,split,1.000,1,3,0,no,yes,yes,requires_manual,owner/controller/core conflict,split resource_distribution owner_core_conflict,split; province_overlap=3; tsr_overlap_rank=2/4; bsr_source_count=1
1762,STATE_1762,europe,925,STATE_925,split,1.000,1,3,0,no,yes,yes,requires_manual,owner/controller/core conflict,split resource_distribution owner_core_conflict,split; province_overlap=5; tsr_overlap_rank=2/2; bsr_source_count=1
1800,STATE_1800,europe,20,Rhone,split,1.000,1,3,0,no,yes,yes,requires_manual,owner/controller/core conflict,split resource_distribution owner_core_conflict,split; province_overlap=2; tsr_overlap_rank=3/7; bsr_source_count=1
1803,STATE_1803,europe,72,STATE_72,split,1.000,1,3,0,no,yes,yes,requires_manual,owner/controller/core conflict,split resource_distribution owner_core_conflict,split; province_overlap=1; tsr_overlap_rank=2/2; bsr_source_count=1
9,STATE_9,europe,9,STATE_9,split,0.929,2,2,0,no,yes,yes,requires_manual,owner/controller/core conflict,split resource_distribution owner_core_conflict,split; province_overlap=13; tsr_overlap_rank=1/2; bsr_source_count=1
13,STATE_13,europe,812,STATE_812,merge,1.000,3,2,0,no,yes,yes,requires_manual,owner/controller/core conflict,merge resource_distribution owner_core_conflict,merge; province_overlap=4; bsr_source_count=3
19,STATE_19,europe,19,STATE_19,merge,1.000,2,2,0,no,yes,yes,requires_manual,owner/controller/core conflict,merge resource_distribution owner_core_conflict,merge; province_overlap=5; bsr_source_count=2
27,STATE_27,europe,27,Bourgogne,split,1.000,1,2,0,no,yes,yes,requires_manual,owner/controller/core conflict,split resource_distribution owner_core_conflict,split; province_overlap=2; tsr_overlap_rank=1/8; bsr_source_count=1
32,STATE_32,europe,32,STATE_32,split,1.000,1,2,0,no,yes,yes,requires_manual,owner/controller/core conflict,split resource_distribution owner_core_conflict,split; province_overlap=4; tsr_overlap_rank=1/3; bsr_source_count=1
71,STATE_71,europe,71,STATE_71,split,1.000,1,2,0,no,yes,yes,requires_manual,owner/controller/core conflict,split resource_distribution owner_core_conflict,split; province_overlap=3; tsr_overlap_rank=2/3; bsr_source_count=1
72,STATE_72,europe,72,STATE_72,split,1.000,1,2,0,no,yes,yes,requires_manual,owner/controller/core conflict,split resource_distribution owner_core_conflict,split; province_overlap=1; tsr_overlap_rank=1/2; bsr_source_count=1
74,STATE_74,europe,74,STATE_74,split,1.000,1,2,0,no,yes,yes,requires_manual,owner/controller/core conflict,split resource_distribution owner_core_conflict,split; province_overlap=3; tsr_overlap_rank=1/2; bsr_source_count=1
101,STATE_101,europe,101,STATE_101,split,0.800,2,2,0,no,yes,yes,requires_manual,owner/controller/core conflict,split resource_distribution owner_core_conflict,split; province_overlap=4; tsr_overlap_rank=1/2; bsr_source_count=1
106,STATE_106,europe,106,STATE_106,split,1.000,1,2,0,no,yes,yes,requires_manual,owner/controller/core conflict,split resource_distribution owner_core_conflict,split; province_overlap=4; tsr_overlap_rank=1/3; bsr_source_count=1
109,STATE_109,europe,109,Croatia,split,1.000,1,2,0,no,yes,yes,requires_manual,owner/controller/core conflict,split resource_distribution owner_core_conflict,split; province_overlap=7; tsr_overlap_rank=1/4; bsr_source_count=1
143,STATE_143,europe,143,STATE_143,merge,0.941,3,2,0,no,yes,yes,requires_manual,owner/controller/core conflict,merge resource_distribution owner_core_conflict,split+merge; province_overlap=16; tsr_overlap_rank=1/2; bsr_source_count=3
160,STATE_160,europe,160,STATE_160,split,1.000,1,2,0,no,yes,yes,requires_manual,owner/controller/core conflict,split resource_distribution owner_core_conflict,split; province_overlap=4; tsr_overlap_rank=1/3; bsr_source_count=1
196,STATE_196,europe,196,STATE_196,split,1.000,1,2,0,no,yes,yes,requires_manual,owner/controller/core conflict,split resource_distribution owner_core_conflict,split; province_overlap=7; tsr_overlap_rank=1/2; bsr_source_count=1
202,STATE_202,europe,202,STATE_202,split,1.000,1,2,0,no,yes,yes,requires_manual,owner/controller/core conflict,split resource_distribution owner_core_conflict,split; province_overlap=2; tsr_overlap_rank=3/5; bsr_source_count=1
212,STATE_212,europe,212,STATE_212,split,1.000,1,2,0,no,yes,yes,requires_manual,owner/controller/core conflict,split resource_distribution owner_core_conflict,split; province_overlap=6; tsr_overlap_rank=1/4; bsr_source_count=1
215,STATE_215,europe,215,STATE_215,split,0.636,2,2,0,no,yes,yes,requires_manual,owner/controller/core conflict,split resource_distribution owner_core_conflict,split; province_overlap=7; tsr_overlap_rank=3/5; bsr_source_count=1
216,STATE_216,europe,216,STATE_216,merge,0.950,2,2,0,no,yes,yes,requires_manual,owner/controller/core conflict,merge resource_distribution owner_core_conflict,merge; province_overlap=19; bsr_source_count=2
221,STATE_221,europe,221,STATE_221,merge,1.000,2,2,0,no,yes,yes,requires_manual,owner/controller/core conflict,merge resource_distribution owner_core_conflict,merge; province_overlap=11; bsr_source_count=2
226,STATE_226,europe,226,Dnipropertovsk,split,1.000,1,2,0,no,yes,yes,requires_manual,owner/controller/core conflict,split resource_distribution owner_core_conflict,split; province_overlap=7; tsr_overlap_rank=1/2; bsr_source_count=1
227,STATE_227,europe,227,STATE_227,split,1.000,1,2,0,no,yes,yes,requires_manual,owner/controller/core conflict,split resource_distribution owner_core_conflict,split; province_overlap=8; tsr_overlap_rank=1/2; bsr_source_count=1
397,STATE_397,europe,397,STATE_397,merge,0.864,2,2,0,no,yes,yes,requires_manual,owner/controller/core conflict,merge resource_distribution owner_core_conflict,merge; province_overlap=19; bsr_source_count=3
408,STATE_408,asia,408,STATE_408,split,1.000,1,2,0,no,yes,yes,requires_manual,owner/controller/core conflict,split resource_distribution owner_core_conflict,split; province_overlap=1; tsr_overlap_rank=2/2; bsr_source_count=1
409,STATE_409,asia,409,STATE_409,split,1.000,1,2,0,no,yes,yes,requires_manual,owner/controller/core conflict,split resource_distribution owner_core_conflict,split; province_overlap=24; tsr_overlap_rank=1/2; bsr_source_count=1
560,STATE_560,asia,560,Nikolayevsk,split,1.000,1,2,0,no,yes,yes,requires_manual,owner/controller/core conflict,split resource_distribution owner_core_conflict,split; province_overlap=11; tsr_overlap_rank=1/2; bsr_source_count=1
563,STATE_563,asia,563,Chita,merge,1.000,4,2,0,no,yes,yes,requires_manual,owner/controller/core conflict,merge resource_distribution owner_core_conflict,merge; province_overlap=21; bsr_source_count=2
581,STATE_581,europe,581,STATE_581,split,0.600,3,2,0,no,yes,yes,requires_manual,owner/controller/core conflict,split resource_distribution owner_core_conflict,split; province_overlap=3; tsr_overlap_rank=1/2; bsr_source_count=1
586,STATE_586,asia,586,STATE_586,merge,1.000,2,2,0,no,yes,yes,requires_manual,owner/controller/core conflict,merge resource_distribution owner_core_conflict,merge; province_overlap=10; bsr_source_count=2
589,STATE_589,asia,589,STATE_589,merge,0.750,2,2,0,no,yes,yes,requires_manual,owner/controller/core conflict,merge resource_distribution owner_core_conflict,split+merge; province_overlap=6; tsr_overlap_rank=2/2; bsr_source_count=2
742,STATE_742,asia,742,STATE_742,split,1.000,1,2,0,no,yes,yes,requires_manual,owner/controller/core conflict,split resource_distribution owner_core_conflict,split; province_overlap=7; tsr_overlap_rank=1/3; bsr_source_count=1
785,STATE_785,europe,785,STATE_785,split,0.667,2,2,0,no,yes,yes,requires_manual,owner/controller/core conflict,split resource_distribution owner_core_conflict,split; province_overlap=2; tsr_overlap_rank=2/3; bsr_source_count=1
810,STATE_810,europe,975,STATE_975,split,0.667,1,2,0,no,yes,yes,requires_manual,owner/controller/core conflict,split resource_distribution owner_core_conflict,split; province_overlap=2; tsr_overlap_rank=1/2; bsr_source_count=1
867,STATE_867,europe,850,Trentino,merge,1.000,2,2,0,no,yes,yes,requires_manual,owner/controller/core conflict,merge resource_distribution owner_core_conflict,merge; province_overlap=2; bsr_source_count=2
191,STATE_191,europe,191,STATE_191,merge,1.000,3,1,0,no,yes,yes,requires_manual,owner/controller/core conflict,merge resource_distribution owner_core_conflict,merge; province_overlap=5; bsr_source_count=3
197,STATE_197,europe,197,STATE_197,merge,1.000,2,1,0,no,yes,yes,requires_manual,owner/controller/core conflict,merge resource_distribution owner_core_conflict,merge; province_overlap=8; bsr_source_count=2
590,Akmolinsk,asia,590,Akmolinsk,merge,1.000,2,1,0,no,yes,yes,requires_manual,owner/controller/core conflict,merge resource_distribution owner_core_conflict,merge; province_overlap=28; bsr_source_count=2
1413,STATE_1413,europe,99,STATE_99,split,1.000,1,9,5,no,no,yes,requires_manual,owner/controller/core conflict,split vp_review owner_core_conflict,split; province_overlap=2; tsr_overlap_rank=2/3; bsr_source_count=1
1758,STATE_1758,europe,162,STATE_162,split,1.000,1,8,4,no,no,yes,requires_manual,owner/controller/core conflict,split vp_review owner_core_conflict,split; province_overlap=2; tsr_overlap_rank=2/3; bsr_source_count=1
816,STATE_816,europe,849,STATE_849,split,1.000,1,7,3,no,no,yes,requires_manual,owner/controller/core conflict,split vp_review owner_core_conflict,split; province_overlap=3; tsr_overlap_rank=2/2; bsr_source_count=1
943,STATE_943,europe,211,STATE_211,merge,0.750,2,7,3,no,no,yes,requires_manual,owner/controller/core conflict,merge vp_review owner_core_conflict,split+merge; province_overlap=3; tsr_overlap_rank=2/2; bsr_source_count=2
990,STATE_990,europe,2,Latium,split,1.000,1,7,3,no,no,yes,requires_manual,owner/controller/core conflict,split vp_review owner_core_conflict,split; province_overlap=3; tsr_overlap_rank=1/4; bsr_source_count=1
1571,STATE_1571,europe,137,STATE_137,split,1.000,1,7,3,no,no,yes,requires_manual,owner/controller/core conflict,split vp_review owner_core_conflict,split; province_overlap=5; tsr_overlap_rank=1/3; bsr_source_count=1
1975,STATE_1975,europe,36,STATE_36,split,1.000,1,7,4,no,no,yes,requires_manual,owner/controller/core conflict,split vp_review owner_core_conflict,split; province_overlap=1; tsr_overlap_rank=5/5; bsr_source_count=1
99,STATE_99,europe,99,STATE_99,split,0.667,1,6,3,no,no,yes,requires_manual,owner/controller/core conflict,split vp_review owner_core_conflict,split; province_overlap=2; tsr_overlap_rank=3/3; bsr_source_count=1
149,Pohjanmaa,europe,149,VAASA,merge,0.714,3,6,3,no,no,yes,requires_manual,owner/controller/core conflict,merge vp_review owner_core_conflict,split+merge; province_overlap=10; tsr_overlap_rank=1/4; bsr_source_count=3
865,STATE_865,europe,807,STATE_807,split,0.500,1,6,3,no,no,yes,requires_manual,owner/controller/core conflict,split vp_review owner_core_conflict,split; province_overlap=1; tsr_overlap_rank=1/8; bsr_source_count=1
939,STATE_939,europe,103,Dalmatia,split,1.000,1,6,2,no,no,yes,requires_manual,owner/controller/core conflict,split vp_review owner_core_conflict,split; province_overlap=5; tsr_overlap_rank=1/4; bsr_source_count=1
1059,STATE_1059,europe,36,STATE_36,split,0.500,2,6,3,no,no,yes,requires_manual,owner/controller/core conflict,split vp_review owner_core_conflict,split; province_overlap=2; tsr_overlap_rank=2/5; bsr_source_count=1
1157,STATE_1157,europe,182,STATE_182,split,1.000,1,6,2,no,no,yes,requires_manual,owner/controller/core conflict,split vp_review owner_core_conflict,split; province_overlap=1; tsr_overlap_rank=2/2; bsr_source_count=1
1226,STATE_1226,europe,231,STATE_231,merge,0.500,3,6,2,no,no,yes,requires_manual,owner/controller/core conflict,merge vp_review owner_core_conflict,split+merge; province_overlap=2; tsr_overlap_rank=4/7; bsr_source_count=2
1267,STATE_1267,europe,137,STATE_137,split,1.000,1,6,3,no,no,yes,requires_manual,owner/controller/core conflict,split vp_review owner_core_conflict,split; province_overlap=1; tsr_overlap_rank=3/3; bsr_source_count=1
1329,STATE_1329,europe,64,STATE_64,split,0.667,1,6,3,no,no,yes,requires_manual,owner/controller/core conflict,split vp_review owner_core_conflict,split; province_overlap=2; tsr_overlap_rank=3/6; bsr_source_count=1
1369,STATE_1369,europe,146,KARJALA,split,1.000,1,6,1,no,no,yes,requires_manual,owner/controller/core conflict,split vp_review owner_core_conflict,split; province_overlap=2; tsr_overlap_rank=3/4; bsr_source_count=1
1412,STATE_1412,europe,99,STATE_99,split,1.000,1,6,2,no,no,yes,requires_manual,owner/controller/core conflict,split vp_review owner_core_conflict,split; province_overlap=4; tsr_overlap_rank=1/3; bsr_source_count=1
1426,STATE_1426,europe,86,STATE_86,split,1.000,1,6,1,no,no,yes,requires_manual,owner/controller/core conflict,split vp_review owner_core_conflict,split; province_overlap=1; tsr_overlap_rank=5/6; bsr_source_count=1
1478,STATE_1478,europe,14,STATE_14,split,1.000,1,6,2,no,no,yes,requires_manual,owner/controller/core conflict,split vp_review owner_core_conflict,split; province_overlap=1; tsr_overlap_rank=2/2; bsr_source_count=1
1559,STATE_1559,europe,36,STATE_36,split,1.000,1,6,3,no,no,yes,requires_manual,owner/controller/core conflict,split vp_review owner_core_conflict,split; province_overlap=2; tsr_overlap_rank=1/5; bsr_source_count=1
1561,STATE_1561,europe,807,STATE_807,split,1.000,1,6,3,no,no,yes,requires_manual,owner/controller/core conflict,split vp_review owner_core_conflict,split; province_overlap=1; tsr_overlap_rank=5/8; bsr_source_count=1
1728,STATE_1728,europe,807,STATE_807,split,1.000,1,6,3,no,no,yes,requires_manual,owner/controller/core conflict,split vp_review owner_core_conflict,split; province_overlap=1; tsr_overlap_rank=7/8; bsr_source_count=1
1868,STATE_1868,europe,807,STATE_807,split,1.000,1,6,3,no,no,yes,requires_manual,owner/controller/core conflict,split vp_review owner_core_conflict,split; province_overlap=1; tsr_overlap_rank=2/8; bsr_source_count=1
1942,STATE_1942,europe,807,STATE_807,split,0.500,1,6,3,no,no,yes,requires_manual,owner/controller/core conflict,split vp_review owner_core_conflict,split; province_overlap=1; tsr_overlap_rank=3/8; bsr_source_count=1
1973,STATE_1973,europe,86,STATE_86,split,1.000,1,6,1,no,no,yes,requires_manual,owner/controller/core conflict,split vp_review owner_core_conflict,split; province_overlap=1; tsr_overlap_rank=3/6; bsr_source_count=1
2029,STATE_2029,europe,86,STATE_86,split,0.500,1,6,1,no,no,yes,requires_manual,owner/controller/core conflict,split vp_review owner_core_conflict,split; province_overlap=1; tsr_overlap_rank=4/6; bsr_source_count=1
103,STATE_103,europe,103,Dalmatia,split,1.000,1,5,2,no,no,yes,requires_manual,owner/controller/core conflict,split vp_review owner_core_conflict,split; province_overlap=2; tsr_overlap_rank=2/4; bsr_source_count=1
146,STATE_146,europe,146,KARJALA,split,1.000,1,5,1,no,no,yes,requires_manual,owner/controller/core conflict,split vp_review owner_core_conflict,split; province_overlap=9; tsr_overlap_rank=1/4; bsr_source_count=1
1091,STATE_1091,europe,231,STATE_231,split,0.500,2,5,2,no,no,yes,requires_manual,owner/controller/core conflict,split vp_review owner_core_conflict,split; province_overlap=1; tsr_overlap_rank=7/7; bsr_source_count=1
1092,STATE_1092,europe,231,STATE_231,split,0.667,3,5,2,no,no,yes,requires_manual,owner/controller/core conflict,split vp_review owner_core_conflict,split; province_overlap=4; tsr_overlap_rank=1/7; bsr_source_count=1
1193,STATE_1193,europe,157,STATE_157,merge,0.600,3,5,1,no,no,yes,requires_manual,owner/controller/core conflict,merge vp_review owner_core_conflict,split+merge; province_overlap=3; tsr_overlap_rank=2/5; bsr_source_count=2
1225,STATE_1225,europe,231,STATE_231,split,1.000,1,5,2,no,no,yes,requires_manual,owner/controller/core conflict,split vp_review owner_core_conflict,split; province_overlap=3; tsr_overlap_rank=2/7; bsr_source_count=1
1363,STATE_1363,europe,97,STATE_97,split,1.000,1,5,3,no,no,yes,requires_manual,owner/controller/core conflict,split vp_review owner_core_conflict,split; province_overlap=1; tsr_overlap_rank=2/6; bsr_source_count=1
1364,STATE_1364,europe,807,STATE_807,split,1.000,1,5,2,no,no,yes,requires_manual,owner/controller/core conflict,split vp_review owner_core_conflict,split; province_overlap=1; tsr_overlap_rank=8/8; bsr_source_count=1
1373,STATE_1373,europe,97,STATE_97,split,1.000,1,5,3,no,no,yes,requires_manual,owner/controller/core conflict,split vp_review owner_core_conflict,split; province_overlap=1; tsr_overlap_rank=3/6; bsr_source_count=1
1381,STATE_1381,europe,146,KARJALA,split,1.000,1,5,1,no,no,yes,requires_manual,owner/controller/core conflict,split vp_review owner_core_conflict,split; province_overlap=1; tsr_overlap_rank=4/4; bsr_source_count=1
1424,STATE_1424,europe,807,STATE_807,split,1.000,1,5,2,no,no,yes,requires_manual,owner/controller/core conflict,split vp_review owner_core_conflict,split; province_overlap=1; tsr_overlap_rank=6/8; bsr_source_count=1
1463,STATE_1463,asia,405,Tashkent,merge,0.500,2,5,2,no,no,yes,requires_manual,owner/controller/core conflict,merge vp_review owner_core_conflict,split+merge; province_overlap=1; tsr_overlap_rank=2/3; bsr_source_count=2
1560,STATE_1560,europe,86,STATE_86,split,1.000,1,5,1,no,no,yes,requires_manual,owner/controller/core conflict,split vp_review owner_core_conflict,split; province_overlap=1; tsr_overlap_rank=2/6; bsr_source_count=1
1604,STATE_1604,europe,11,STATE_11,merge,0.500,2,5,2,no,no,yes,requires_manual,owner/controller/core conflict,merge vp_review owner_core_conflict,split+merge; province_overlap=2; tsr_overlap_rank=1/3; bsr_source_count=2
1619,STATE_1619,europe,206,STATE_206,merge,0.500,3,5,2,no,no,yes,requires_manual,owner/controller/core conflict,merge vp_review owner_core_conflict,split+merge; province_overlap=2; tsr_overlap_rank=4/4; bsr_source_count=3
1631,Vaasa,europe,149,VAASA,merge,0.800,2,5,2,no,no,yes,requires_manual,owner/controller/core conflict,merge vp_review owner_core_conflict,split+merge; province_overlap=4; tsr_overlap_rank=2/4; bsr_source_count=2
1755,STATE_1755,europe,157,STATE_157,split,0.667,2,5,1,no,no,yes,requires_manual,owner/controller/core conflict,split vp_review owner_core_conflict,split; province_overlap=2; tsr_overlap_rank=4/5; bsr_source_count=1
1757,STATE_1757,europe,157,STATE_157,split,1.000,1,5,1,no,no,yes,requires_manual,owner/controller/core conflict,split vp_review owner_core_conflict,split; province_overlap=1; tsr_overlap_rank=5/5; bsr_source_count=1
1969,STATE_1969,europe,97,STATE_97,split,1.000,1,5,3,no,no,yes,requires_manual,owner/controller/core conflict,split vp_review owner_core_conflict,split; province_overlap=1; tsr_overlap_rank=5/6; bsr_source_count=1
1972,STATE_1972,europe,97,STATE_97,split,0.500,1,5,3,no,no,yes,requires_manual,owner/controller/core conflict,split vp_review owner_core_conflict,split; province_overlap=1; tsr_overlap_rank=4/6; bsr_source_count=1
2007,STATE_2007,europe,231,STATE_231,split,1.000,1,5,2,no,no,yes,requires_manual,owner/controller/core conflict,split vp_review owner_core_conflict,split; province_overlap=1; tsr_overlap_rank=6/7; bsr_source_count=1
2017,STATE_2017,europe,157,STATE_157,split,1.000,1,5,1,no,no,yes,requires_manual,owner/controller/core conflict,split vp_review owner_core_conflict,split; province_overlap=3; tsr_overlap_rank=1/5; bsr_source_count=1
2031,STATE_2031,europe,86,STATE_86,split,1.000,1,5,1,no,no,yes,requires_manual,owner/controller/core conflict,split vp_review owner_core_conflict,split; province_overlap=1; tsr_overlap_rank=6/6; bsr_source_count=1
2038,STATE_2038,europe,16,STATE_16,merge,0.333,3,5,1,no,no,yes,requires_manual,owner/controller/core conflict,merge vp_review owner_core_conflict,split+merge; province_overlap=1; tsr_overlap_rank=2/2; bsr_source_count=3
2,STATE_2,europe,2,Latium,split,1.000,1,4,1,no,no,yes,requires_manual,owner/controller/core conflict,split vp_review owner_core_conflict,split; province_overlap=2; tsr_overlap_rank=2/4; bsr_source_count=1
11,STATE_11,europe,815,STATE_815,merge,0.600,2,4,1,no,no,yes,requires_manual,owner/controller/core conflict,merge vp_review owner_core_conflict,split+merge; province_overlap=3; tsr_overlap_rank=1/4; bsr_source_count=2
36,STATE_36,europe,36,STATE_36,split,1.000,1,4,3,no,no,yes,requires_manual,owner/controller/core conflict,split vp_review owner_core_conflict,split; province_overlap=1; tsr_overlap_rank=4/5; bsr_source_count=1
59,STATE_59,europe,58,STATE_58,split,1.000,1,4,1,no,no,yes,requires_manual,owner/controller/core conflict,split vp_review owner_core_conflict,split; province_overlap=1; tsr_overlap_rank=3/3; bsr_source_count=1
137,STATE_137,europe,137,STATE_137,split,1.000,1,4,2,no,no,yes,requires_manual,owner/controller/core conflict,split vp_review owner_core_conflict,split; province_overlap=3; tsr_overlap_rank=2/3; bsr_source_count=1
211,STATE_211,europe,211,STATE_211,split,1.000,1,4,2,no,no,yes,requires_manual,owner/controller/core conflict,split vp_review owner_core_conflict,split; province_overlap=4; tsr_overlap_rank=1/2; bsr_source_count=1
815,STATE_815,europe,18,STATE_18,split,1.000,1,4,2,no,no,yes,requires_manual,owner/controller/core conflict,split vp_review owner_core_conflict,split; province_overlap=1; tsr_overlap_rank=5/5; bsr_source_count=1
866,STATE_866,europe,736,Name was Istria before the Pola (Istria) split and merge with Fiume,split,1.000,1,4,1,no,no,yes,requires_manual,owner/controller/core conflict,split vp_review owner_core_conflict,split; province_overlap=2; tsr_overlap_rank=1/2; bsr_source_count=1
880,STATE_880,europe,810,STATE_810,split,1.000,2,4,2,no,no,yes,requires_manual,owner/controller/core conflict,split vp_review owner_core_conflict,split; province_overlap=6; tsr_overlap_rank=1/2; bsr_source_count=1
881,STATE_881,europe,809,STATE_809,split,1.000,1,4,2,no,no,yes,requires_manual,owner/controller/core conflict,split vp_review owner_core_conflict,split; province_overlap=3; tsr_overlap_rank=2/2; bsr_source_count=1
997,STATE_997,europe,97,STATE_97,split,1.000,1,4,2,no,no,yes,requires_manual,owner/controller/core conflict,split vp_review owner_core_conflict,split; province_overlap=1; tsr_overlap_rank=6/6; bsr_source_count=1
1100,STATE_1100,europe,834,STATE_834,split,1.000,1,4,2,no,no,yes,requires_manual,owner/controller/core conflict,split vp_review owner_core_conflict,split; province_overlap=1; tsr_overlap_rank=2/2; bsr_source_count=1
1104,STATE_1104,europe,103,Dalmatia,split,1.000,1,4,1,no,no,yes,requires_manual,owner/controller/core conflict,split vp_review owner_core_conflict,split; province_overlap=2; tsr_overlap_rank=3/4; bsr_source_count=1
1119,STATE_1119,europe,87,STATE_87,merge,0.800,2,4,1,no,no,yes,requires_manual,owner/controller/core conflict,merge vp_review owner_core_conflict,split+merge; province_overlap=4; tsr_overlap_rank=1/4; bsr_source_count=2
1223,STATE_1223,europe,230,STATE_230,split,1.000,1,4,2,no,no,yes,requires_manual,owner/controller/core conflict,split vp_review owner_core_conflict,split; province_overlap=2; tsr_overlap_rank=3/4; bsr_source_count=1
1384,STATE_1384,europe,94,STATE_94,split,1.000,1,4,2,no,no,yes,requires_manual,owner/controller/core conflict,split vp_review owner_core_conflict,split; province_overlap=2; tsr_overlap_rank=4/9; bsr_source_count=1
1385,STATE_1385,europe,93,STATE_93,split,1.000,1,4,2,no,no,yes,requires_manual,owner/controller/core conflict,split vp_review owner_core_conflict,split; province_overlap=1; tsr_overlap_rank=5/5; bsr_source_count=1
1387,STATE_1387,europe,103,Dalmatia,split,1.000,1,4,1,no,no,yes,requires_manual,owner/controller/core conflict,split vp_review owner_core_conflict,split; province_overlap=1; tsr_overlap_rank=4/4; bsr_source_count=1
1405,Cornwall,europe,123,STATE_123,split,1.000,1,4,1,no,no,yes,requires_manual,owner/controller/core conflict,split vp_review owner_core_conflict,split; province_overlap=2; tsr_overlap_rank=2/3; bsr_source_count=1
1425,STATE_1425,europe,807,STATE_807,split,0.333,1,4,2,no,no,yes,requires_manual,owner/controller/core conflict,split vp_review owner_core_conflict,split; province_overlap=1; tsr_overlap_rank=4/8; bsr_source_count=1
1433,STATE_1433,europe,94,STATE_94,split,1.000,1,4,2,no,no,yes,requires_manual,owner/controller/core conflict,split vp_review owner_core_conflict,split; province_overlap=3; tsr_overlap_rank=2/9; bsr_source_count=1
1434,STATE_1434,europe,93,STATE_93,split,1.000,1,4,2,no,no,yes,requires_manual,owner/controller/core conflict,split vp_review owner_core_conflict,split; province_overlap=2; tsr_overlap_rank=3/5; bsr_source_count=1
1437,STATE_1437,europe,230,STATE_230,split,1.000,1,4,2,no,no,yes,requires_manual,owner/controller/core conflict,split vp_review owner_core_conflict,split; province_overlap=2; tsr_overlap_rank=2/4; bsr_source_count=1
1443,STATE_1443,europe,763,STATE_763,split,0.500,1,4,1,no,no,yes,requires_manual,owner/controller/core conflict,split vp_review owner_core_conflict,split; province_overlap=1; tsr_overlap_rank=3/3; bsr_source_count=1
1446,STATE_1446,europe,225,Sumy,split,1.000,1,4,2,no,no,yes,requires_manual,owner/controller/core conflict,split vp_review owner_core_conflict,split; province_overlap=1; tsr_overlap_rank=2/2; bsr_source_count=1
1455,STATE_1455,europe,199,STATE_199,merge,0.667,2,4,1,no,no,yes,requires_manual,owner/controller/core conflict,merge vp_review owner_core_conflict,split+merge; province_overlap=2; tsr_overlap_rank=1/4; bsr_source_count=2
1462,STATE_1462,asia,584,STATE_584,merge,0.917,2,4,1,no,no,yes,requires_manual,owner/controller/core conflict,merge vp_review owner_core_conflict,split+merge; province_overlap=11; tsr_overlap_rank=1/6; bsr_source_count=2
1467,STATE_1467,asia,823,Karakalpakstan,merge,0.833,2,4,1,no,no,yes,requires_manual,owner/controller/core conflict,merge vp_review owner_core_conflict,split+merge; province_overlap=5; tsr_overlap_rank=2/2; bsr_source_count=2
1470,STATE_1470,europe,206,STATE_206,merge,0.750,2,4,1,no,no,yes,requires_manual,owner/controller/core conflict,merge vp_review owner_core_conflict,split+merge; province_overlap=3; tsr_overlap_rank=2/4; bsr_source_count=2
1485,STATE_1485,europe,94,STATE_94,split,1.000,1,4,2,no,no,yes,requires_manual,owner/controller/core conflict,split vp_review owner_core_conflict,split; province_overlap=1; tsr_overlap_rank=6/9; bsr_source_count=1
1555,STATE_1555,europe,93,STATE_93,split,1.000,1,4,2,no,no,yes,requires_manual,owner/controller/core conflict,split vp_review owner_core_conflict,split; province_overlap=4; tsr_overlap_rank=1/5; bsr_source_count=1
1570,STATE_1570,europe,73,STATE_73,split,1.000,1,4,2,no,no,yes,requires_manual,owner/controller/core conflict,split vp_review owner_core_conflict,split; province_overlap=1; tsr_overlap_rank=2/2; bsr_source_count=1
1600,STATE_1600,europe,763,STATE_763,split,0.750,1,4,1,no,no,yes,requires_manual,owner/controller/core conflict,split vp_review owner_core_conflict,split; province_overlap=3; tsr_overlap_rank=1/3; bsr_source_count=1
1602,STATE_1602,europe,94,STATE_94,split,1.000,1,4,2,no,no,yes,requires_manual,owner/controller/core conflict,split vp_review owner_core_conflict,split; province_overlap=1; tsr_overlap_rank=8/9; bsr_source_count=1
1626,Varsinais Suomi / Finland Proper,europe,926,TURKU AND PORI,merge,0.750,3,4,1,no,no,yes,requires_manual,owner/controller/core conflict,merge vp_review owner_core_conflict,split+merge; province_overlap=6; tsr_overlap_rank=1/3; bsr_source_count=3
1731,STATE_1731,europe,1048,Moselgebiet,split,1.000,1,4,1,no,no,yes,requires_manual,owner/controller/core conflict,split vp_review owner_core_conflict,split; province_overlap=1; tsr_overlap_rank=1/2; bsr_source_count=1
1732,STATE_1732,europe,18,STATE_18,split,0.500,2,4,2,no,no,yes,requires_manual,owner/controller/core conflict,split vp_review owner_core_conflict,split; province_overlap=1; tsr_overlap_rank=3/5; bsr_source_count=1
1775,STATE_1775,europe,87,STATE_87,merge,0.500,2,4,1,no,no,yes,requires_manual,owner/controller/core conflict,merge vp_review owner_core_conflict,split+merge; province_overlap=1; tsr_overlap_rank=4/4; bsr_source_count=2
1940,STATE_1940,europe,766,STATE_766,split,1.000,1,4,1,no,no,yes,requires_manual,owner/controller/core conflict,split vp_review owner_core_conflict,split; province_overlap=2; tsr_overlap_rank=1/2; bsr_source_count=1
1987,STATE_1987,europe,45,STATE_45,split,1.000,1,4,2,no,no,yes,requires_manual,owner/controller/core conflict,split vp_review owner_core_conflict,split; province_overlap=2; tsr_overlap_rank=2/3; bsr_source_count=1
2016,STATE_2016,europe,159,STATE_159,split,1.000,1,4,2,no,no,yes,requires_manual,owner/controller/core conflict,split vp_review owner_core_conflict,split; province_overlap=1; tsr_overlap_rank=3/4; bsr_source_count=1
14,STATE_14,europe,14,STATE_14,split,0.900,1,3,1,no,no,yes,requires_manual,owner/controller/core conflict,split vp_review owner_core_conflict,split; province_overlap=9; tsr_overlap_rank=1/2; bsr_source_count=1
18,STATE_18,europe,1062,STATE_1062,split,0.750,2,3,1,no,no,yes,requires_manual,owner/controller/core conflict,split vp_review owner_core_conflict,split; province_overlap=3; tsr_overlap_rank=1/3; bsr_source_count=1
24,STATE_24,europe,24,STATE_24,merge,0.600,2,3,1,no,no,yes,requires_manual,owner/controller/core conflict,merge vp_review owner_core_conflict,split+merge; province_overlap=3; tsr_overlap_rank=1/4; bsr_source_count=2
76,STATE_76,europe,76,STATE_76,split,0.750,3,3,2,no,no,yes,requires_manual,owner/controller/core conflict,split vp_review owner_core_conflict,split; province_overlap=6; tsr_overlap_rank=2/2; bsr_source_count=1
86,STATE_86,europe,86,STATE_86,split,1.000,1,3,0,no,no,yes,requires_manual,owner/controller/core conflict,split owner_core_conflict,split; province_overlap=4; tsr_overlap_rank=1/6; bsr_source_count=1
94,STATE_94,europe,94,STATE_94,split,1.000,1,3,2,no,no,yes,requires_manual,owner/controller/core conflict,split vp_review owner_core_conflict,split; province_overlap=3; tsr_overlap_rank=1/9; bsr_source_count=1
97,STATE_97,europe,97,STATE_97,split,1.000,1,3,2,no,no,yes,requires_manual,owner/controller/core conflict,split vp_review owner_core_conflict,split; province_overlap=4; tsr_overlap_rank=1/6; bsr_source_count=1
162,STATE_162,europe,162,STATE_162,split,1.000,1,3,1,no,no,yes,requires_manual,owner/controller/core conflict,split vp_review owner_core_conflict,split; province_overlap=8; tsr_overlap_rank=1/3; bsr_source_count=1
204,STATE_204,europe,204,Bobruysk,merge,0.500,2,3,1,no,no,yes,requires_manual,owner/controller/core conflict,merge vp_review owner_core_conflict,split+merge; province_overlap=4; tsr_overlap_rank=1/4; bsr_source_count=2
206,STATE_206,europe,206,STATE_206,merge,0.600,2,3,1,no,no,yes,requires_manual,owner/controller/core conflict,merge vp_review owner_core_conflict,split+merge; province_overlap=3; tsr_overlap_rank=1/4; bsr_source_count=2
231,STATE_231,europe,231,STATE_231,split,1.000,1,3,1,no,no,yes,requires_manual,owner/controller/core conflict,split vp_review owner_core_conflict,split; province_overlap=3; tsr_overlap_rank=3/7; bsr_source_count=1
234,STATE_234,europe,234,STATE_234,same_id_same_area,0.900,2,3,2,no,no,yes,requires_manual,owner/controller/core conflict,vp_review owner_core_conflict,province_overlap=13
819,STATE_819,europe,24,STATE_24,split,1.000,1,3,1,no,no,yes,requires_manual,owner/controller/core conflict,split vp_review owner_core_conflict,split; province_overlap=3; tsr_overlap_rank=2/4; bsr_source_count=1
820,STATE_820,europe,31,STATE_31,split,1.000,1,3,1,no,no,yes,requires_manual,owner/controller/core conflict,split vp_review owner_core_conflict,split; province_overlap=2; tsr_overlap_rank=3/7; bsr_source_count=1
868,STATE_868,europe,45,STATE_45,split,1.000,1,3,1,no,no,yes,requires_manual,owner/controller/core conflict,split vp_review owner_core_conflict,split; province_overlap=1; tsr_overlap_rank=3/3; bsr_source_count=1
879,STATE_879,europe,814,STATE_814,split,1.000,2,3,1,no,no,yes,requires_manual,owner/controller/core conflict,split vp_review owner_core_conflict,split; province_overlap=3; tsr_overlap_rank=1/2; bsr_source_count=1
925,STATE_925,europe,78,STATE_78,split,1.000,1,3,1,no,no,yes,requires_manual,owner/controller/core conflict,split vp_review owner_core_conflict,split; province_overlap=1; tsr_overlap_rank=3/3; bsr_source_count=1
933,STATE_933,europe,95,STATE_95,split,1.000,1,3,1,no,no,yes,requires_manual,owner/controller/core conflict,split vp_review owner_core_conflict,split; province_overlap=2; tsr_overlap_rank=3/6; bsr_source_count=1
934,STATE_934,europe,102,STATE_102,split,1.000,1,3,1,no,no,yes,requires_manual,owner/controller/core conflict,split vp_review owner_core_conflict,split; province_overlap=2; tsr_overlap_rank=1/4; bsr_source_count=1
935,STATE_935,europe,102,STATE_102,split,1.000,1,3,1,no,no,yes,requires_manual,owner/controller/core conflict,split vp_review owner_core_conflict,split; province_overlap=1; tsr_overlap_rank=2/4; bsr_source_count=1
942,STATE_942,europe,801,STATE_801,split,1.000,1,3,1,no,no,yes,requires_manual,owner/controller/core conflict,split vp_review owner_core_conflict,split; province_overlap=5; tsr_overlap_rank=1/2; bsr_source_count=1
987,STATE_987,europe,159,STATE_159,split,1.000,1,3,1,no,no,yes,requires_manual,owner/controller/core conflict,split vp_review owner_core_conflict,split; province_overlap=3; tsr_overlap_rank=2/4; bsr_source_count=1
992,STATE_992,europe,849,STATE_849,split,1.000,2,3,1,no,no,yes,requires_manual,owner/controller/core conflict,split vp_review owner_core_conflict,split; province_overlap=5; tsr_overlap_rank=1/2; bsr_source_count=1
1116,STATE_1116,europe,1056,STATE_1056,split,0.667,2,3,0,no,no,yes,requires_manual,owner/controller/core conflict,split owner_core_conflict,split; province_overlap=2; tsr_overlap_rank=1/2; bsr_source_count=1
1122,STATE_1122,europe,406,Gurev,split,1.000,1,3,1,no,no,yes,requires_manual,owner/controller/core conflict,split vp_review owner_core_conflict,split; province_overlap=10; tsr_overlap_rank=1/2; bsr_source_count=1
1123,STATE_1123,europe,407,STATE_407,split,1.000,1,3,1,no,no,yes,requires_manual,owner/controller/core conflict,split vp_review owner_core_conflict,split; province_overlap=14; tsr_overlap_rank=2/2; bsr_source_count=1
1138,STATE_1138,asia,831,Khiva,split,1.000,1,3,1,no,no,yes,requires_manual,owner/controller/core conflict,split vp_review owner_core_conflict,split; province_overlap=2; tsr_overlap_rank=1/3; bsr_source_count=1
1163,Karma,europe,241,Gomel,split,0.833,2,3,1,no,no,yes,requires_manual,owner/controller/core conflict,split vp_review owner_core_conflict,split; province_overlap=10; tsr_overlap_rank=1/3; bsr_source_count=1
1170,STATE_1170,europe,207,STATE_207,split,1.000,1,3,1,no,no,yes,requires_manual,owner/controller/core conflict,split vp_review owner_core_conflict,split; province_overlap=1; tsr_overlap_rank=3/6; bsr_source_count=1
1171,STATE_1171,asia,732,STATE_732,split,1.000,1,3,1,no,no,yes,requires_manual,owner/controller/core conflict,split vp_review owner_core_conflict,split; province_overlap=5; tsr_overlap_rank=2/2; bsr_source_count=1
1180,STATE_1180,europe,91,Lwow,split,1.000,1,3,1,no,no,yes,requires_manual,owner/controller/core conflict,split vp_review owner_core_conflict,split; province_overlap=3; tsr_overlap_rank=1/5; bsr_source_count=1
1184,STATE_1184,europe,18,STATE_18,split,1.000,1,3,1,no,no,yes,requires_manual,owner/controller/core conflict,split vp_review owner_core_conflict,split; province_overlap=1; tsr_overlap_rank=2/5; bsr_source_count=1
1192,STATE_1192,europe,94,STATE_94,split,1.000,1,3,1,no,no,yes,requires_manual,owner/controller/core conflict,split vp_review owner_core_conflict,split; province_overlap=1; tsr_overlap_rank=5/9; bsr_source_count=1
1201,STATE_1201,europe,76,STATE_76,split,0.857,2,3,1,no,no,yes,requires_manual,owner/controller/core conflict,split vp_review owner_core_conflict,split; province_overlap=6; tsr_overlap_rank=1/2; bsr_source_count=1
1205,STATE_1205,europe,95,STATE_95,split,0.667,1,3,1,no,no,yes,requires_manual,owner/controller/core conflict,split vp_review owner_core_conflict,split; province_overlap=2; tsr_overlap_rank=2/6; bsr_source_count=1
1227,STATE_1227,europe,231,STATE_231,split,1.000,1,3,1,no,no,yes,requires_manual,owner/controller/core conflict,split vp_review owner_core_conflict,split; province_overlap=1; tsr_overlap_rank=5/7; bsr_source_count=1
1268,STATE_1268,europe,30,STATE_30,split,1.000,1,3,1,no,no,yes,requires_manual,owner/controller/core conflict,split vp_review owner_core_conflict,split; province_overlap=4; tsr_overlap_rank=1/4; bsr_source_count=1
1293,STATE_1293,europe,815,STATE_815,merge,0.667,2,3,0,no,no,yes,requires_manual,owner/controller/core conflict,merge owner_core_conflict,split+merge; province_overlap=2; tsr_overlap_rank=3/4; bsr_source_count=2
1352,STATE_1352,europe,806,STATE_806,split,0.500,1,3,1,no,no,yes,requires_manual,owner/controller/core conflict,split vp_review owner_core_conflict,split; province_overlap=1; tsr_overlap_rank=3/3; bsr_source_count=1
1353,STATE_1353,europe,806,STATE_806,split,1.000,1,3,1,no,no,yes,requires_manual,owner/controller/core conflict,split vp_review owner_core_conflict,split; province_overlap=1; tsr_overlap_rank=1/3; bsr_source_count=1
1367,STATE_1367,europe,230,STATE_230,split,1.000,1,3,1,no,no,yes,requires_manual,owner/controller/core conflict,split vp_review owner_core_conflict,split; province_overlap=1; tsr_overlap_rank=4/4; bsr_source_count=1
1368,STATE_1368,europe,146,KARJALA,split,1.000,1,3,0,no,no,yes,requires_manual,owner/controller/core conflict,split owner_core_conflict,split; province_overlap=3; tsr_overlap_rank=2/4; bsr_source_count=1
1375,STATE_1375,europe,95,STATE_95,split,1.000,1,3,1,no,no,yes,requires_manual,owner/controller/core conflict,split vp_review owner_core_conflict,split; province_overlap=1; tsr_overlap_rank=4/6; bsr_source_count=1
1383,STATE_1383,europe,96,STATE_96,split,0.500,3,3,1,no,no,yes,requires_manual,owner/controller/core conflict,split vp_review owner_core_conflict,split; province_overlap=2; tsr_overlap_rank=2/2; bsr_source_count=1
1386,STATE_1386,europe,91,Lwow,split,1.000,1,3,1,no,no,yes,requires_manual,owner/controller/core conflict,split vp_review owner_core_conflict,split; province_overlap=1; tsr_overlap_rank=4/5; bsr_source_count=1
1409,STATE_1409,europe,5,STATE_5,split,1.000,1,3,1,no,no,yes,requires_manual,owner/controller/core conflict,split vp_review owner_core_conflict,split; province_overlap=2; tsr_overlap_rank=2/4; bsr_source_count=1
1441,STATE_1441,europe,95,STATE_95,split,1.000,1,3,1,no,no,yes,requires_manual,owner/controller/core conflict,split vp_review owner_core_conflict,split; province_overlap=1; tsr_overlap_rank=6/6; bsr_source_count=1
1445,STATE_1445,europe,228,Voroshilovgrad,split,1.000,1,3,1,no,no,yes,requires_manual,owner/controller/core conflict,split vp_review owner_core_conflict,split; province_overlap=1; tsr_overlap_rank=2/3; bsr_source_count=1
1450,STATE_1450,europe,102,STATE_102,split,1.000,1,3,1,no,no,yes,requires_manual,owner/controller/core conflict,split vp_review owner_core_conflict,split; province_overlap=1; tsr_overlap_rank=3/4; bsr_source_count=1
1457,STATE_1457,europe,153,STATE_153,split,1.000,1,3,1,no,no,yes,requires_manual,owner/controller/core conflict,split vp_review owner_core_conflict,split; province_overlap=1; tsr_overlap_rank=4/4; bsr_source_count=1
1459,STATE_1459,asia,584,STATE_584,split,1.000,1,3,1,no,no,yes,requires_manual,owner/controller/core conflict,split vp_review owner_core_conflict,split; province_overlap=2; tsr_overlap_rank=5/6; bsr_source_count=1
1460,STATE_1460,asia,584,STATE_584,split,1.000,1,3,1,no,no,yes,requires_manual,owner/controller/core conflict,split vp_review owner_core_conflict,split; province_overlap=4; tsr_overlap_rank=2/6; bsr_source_count=1
1461,STATE_1461,asia,584,STATE_584,split,1.000,1,3,1,no,no,yes,requires_manual,owner/controller/core conflict,split vp_review owner_core_conflict,split; province_overlap=2; tsr_overlap_rank=6/6; bsr_source_count=1
1466,STATE_1466,asia,584,STATE_584,split,1.000,1,3,1,no,no,yes,requires_manual,owner/controller/core conflict,split vp_review owner_core_conflict,split; province_overlap=3; tsr_overlap_rank=4/6; bsr_source_count=1
1489,STATE_1489,asia,405,Tashkent,split,0.333,2,3,1,no,no,yes,requires_manual,owner/controller/core conflict,split vp_review owner_core_conflict,split; province_overlap=1; tsr_overlap_rank=3/3; bsr_source_count=1
1507,STATE_1507,europe,1054,STATE_1054,split,1.000,1,3,1,no,no,yes,requires_manual,owner/controller/core conflict,split vp_review owner_core_conflict,split; province_overlap=4; tsr_overlap_rank=1/2; bsr_source_count=1
1553,STATE_1553,europe,91,Lwow,split,1.000,1,3,1,no,no,yes,requires_manual,owner/controller/core conflict,split vp_review owner_core_conflict,split; province_overlap=2; tsr_overlap_rank=3/5; bsr_source_count=1
1557,STATE_1557,europe,94,STATE_94,split,1.000,1,3,1,no,no,yes,requires_manual,owner/controller/core conflict,split vp_review owner_core_conflict,split; province_overlap=3; tsr_overlap_rank=3/9; bsr_source_count=1
1563,STATE_1563,europe,784,STATE_784,split,1.000,1,3,1,no,no,yes,requires_manual,owner/controller/core conflict,split vp_review owner_core_conflict,split; province_overlap=1; tsr_overlap_rank=3/3; bsr_source_count=1
1572,STATE_1572,europe,928,KYME,split,1.000,1,3,1,no,no,yes,requires_manual,owner/controller/core conflict,split vp_review owner_core_conflict,split; province_overlap=6; tsr_overlap_rank=1/3; bsr_source_count=1
1587,STATE_1587,europe,98,STATE_98,split,1.000,1,3,1,no,no,yes,requires_manual,owner/controller/core conflict,split vp_review owner_core_conflict,split; province_overlap=1; tsr_overlap_rank=5/5; bsr_source_count=1
1590,STATE_1590,europe,93,STATE_93,split,1.000,1,3,1,no,no,yes,requires_manual,owner/controller/core conflict,split vp_review owner_core_conflict,split; province_overlap=1; tsr_overlap_rank=4/5; bsr_source_count=1
1620,STATE_1620,europe,207,STATE_207,split,1.000,1,3,1,no,no,yes,requires_manual,owner/controller/core conflict,split vp_review owner_core_conflict,split; province_overlap=1; tsr_overlap_rank=4/6; bsr_source_count=1
1624,STATE_1624,europe,198,STATE_198,split,1.000,1,3,1,no,no,yes,requires_manual,owner/controller/core conflict,split vp_review owner_core_conflict,split; province_overlap=1; tsr_overlap_rank=3/4; bsr_source_count=1
1656,STATE_1656,europe,95,STATE_95,split,1.000,1,3,1,no,no,yes,requires_manual,owner/controller/core conflict,split vp_review owner_core_conflict,split; province_overlap=1; tsr_overlap_rank=5/6; bsr_source_count=1
1768,STATE_1768,europe,91,Lwow,split,0.500,1,3,1,no,no,yes,requires_manual,owner/controller/core conflict,split vp_review owner_core_conflict,split; province_overlap=1; tsr_overlap_rank=5/5; bsr_source_count=1
1769,STATE_1769,europe,89,STATE_89,split,1.000,1,3,1,no,no,yes,requires_manual,owner/controller/core conflict,split vp_review owner_core_conflict,split; province_overlap=1; tsr_overlap_rank=3/3; bsr_source_count=1
1771,STATE_1771,europe,199,STATE_199,split,1.000,1,3,1,no,no,yes,requires_manual,owner/controller/core conflict,split vp_review owner_core_conflict,split; province_overlap=2; tsr_overlap_rank=2/4; bsr_source_count=1
1772,STATE_1772,europe,199,STATE_199,split,1.000,1,3,1,no,no,yes,requires_manual,owner/controller/core conflict,split vp_review owner_core_conflict,split; province_overlap=1; tsr_overlap_rank=4/4; bsr_source_count=1
1774,Gomel,europe,241,Gomel,split,1.000,1,3,1,no,no,yes,requires_manual,owner/controller/core conflict,split vp_review owner_core_conflict,split; province_overlap=1; tsr_overlap_rank=3/3; bsr_source_count=1
1811,STATE_1811,europe,5,STATE_5,split,0.667,1,3,1,no,no,yes,requires_manual,owner/controller/core conflict,split vp_review owner_core_conflict,split; province_overlap=2; tsr_overlap_rank=3/4; bsr_source_count=1
1828,STATE_1828,asia,404,Kyzyl Orda,split,1.000,1,3,1,no,no,yes,requires_manual,owner/controller/core conflict,split vp_review owner_core_conflict,split; province_overlap=3; tsr_overlap_rank=3/4; bsr_source_count=1
1840,STATE_1840,asia,877,Verkhoyansk,merge,0.833,1,3,0,no,no,yes,requires_manual,owner/controller/core conflict,merge owner_core_conflict,split+merge; province_overlap=5; tsr_overlap_rank=1/2; bsr_source_count=2
1988,STATE_1988,europe,764,STATE_764,split,1.000,1,3,1,no,no,yes,requires_manual,owner/controller/core conflict,split vp_review owner_core_conflict,split; province_overlap=1; tsr_overlap_rank=2/2; bsr_source_count=1
1993,STATE_1993,europe,207,STATE_207,split,1.000,1,3,1,no,no,yes,requires_manual,owner/controller/core conflict,split vp_review owner_core_conflict,split; province_overlap=2; tsr_overlap_rank=2/6; bsr_source_count=1
1994,STATE_1994,europe,207,STATE_207,split,1.000,1,3,1,no,no,yes,requires_manual,owner/controller/core conflict,split vp_review owner_core_conflict,split; province_overlap=1; tsr_overlap_rank=6/6; bsr_source_count=1
1995,STATE_1995,europe,194,Mozyr,split,1.000,1,3,1,no,no,yes,requires_manual,owner/controller/core conflict,split vp_review owner_core_conflict,split; province_overlap=3; tsr_overlap_rank=2/3; bsr_source_count=1
1996,STATE_1996,europe,201,STATE_201,split,1.000,1,3,1,no,no,yes,requires_manual,owner/controller/core conflict,split vp_review owner_core_conflict,split; province_overlap=2; tsr_overlap_rank=2/2; bsr_source_count=1
1997,STATE_1997,europe,784,STATE_784,split,1.000,1,3,1,no,no,yes,requires_manual,owner/controller/core conflict,split vp_review owner_core_conflict,split; province_overlap=1; tsr_overlap_rank=2/3; bsr_source_count=1
2002,STATE_2002,europe,341,STATE_341,split,1.000,1,3,1,no,no,yes,requires_manual,owner/controller/core conflict,split vp_review owner_core_conflict,split; province_overlap=1; tsr_overlap_rank=2/2; bsr_source_count=1
16,STATE_16,europe,16,STATE_16,merge,0.667,2,2,0,no,no,yes,requires_manual,owner/controller/core conflict,merge owner_core_conflict,split+merge; province_overlap=2; tsr_overlap_rank=1/2; bsr_source_count=2
30,STATE_30,europe,30,STATE_30,split,1.000,1,2,1,no,no,yes,requires_manual,owner/controller/core conflict,split vp_review owner_core_conflict,split; province_overlap=3; tsr_overlap_rank=3/4; bsr_source_count=1
45,STATE_45,europe,45,STATE_45,split,1.000,1,2,1,no,no,yes,requires_manual,owner/controller/core conflict,split vp_review owner_core_conflict,split; province_overlap=2; tsr_overlap_rank=1/3; bsr_source_count=1
73,STATE_73,europe,73,STATE_73,split,1.000,1,2,1,no,no,yes,requires_manual,owner/controller/core conflict,split vp_review owner_core_conflict,split; province_overlap=4; tsr_overlap_rank=1/2; bsr_source_count=1
78,STATE_78,europe,78,STATE_78,split,1.000,1,2,1,no,no,yes,requires_manual,owner/controller/core conflict,split vp_review owner_core_conflict,split; province_overlap=7; tsr_overlap_rank=1/3; bsr_source_count=1
91,Lwow,europe,91,Lwow,merge,0.600,2,2,0,no,no,yes,requires_manual,owner/controller/core conflict,merge owner_core_conflict,split+merge; province_overlap=3; tsr_overlap_rank=2/5; bsr_source_count=2
93,STATE_93,europe,93,STATE_93,split,0.667,1,2,1,no,no,yes,requires_manual,owner/controller/core conflict,split vp_review owner_core_conflict,split; province_overlap=2; tsr_overlap_rank=2/5; bsr_source_count=1
95,STATE_95,europe,95,STATE_95,merge,0.800,2,2,0,no,no,yes,requires_manual,owner/controller/core conflict,merge owner_core_conflict,split+merge; province_overlap=4; tsr_overlap_rank=1/6; bsr_source_count=2
96,STATE_96,europe,96,STATE_96,merge,0.714,2,2,0,no,no,yes,requires_manual,owner/controller/core conflict,merge owner_core_conflict,split+merge; province_overlap=5; tsr_overlap_rank=1/2; bsr_source_count=2
98,STATE_98,europe,98,STATE_98,split,0.667,2,2,1,no,no,yes,requires_manual,owner/controller/core conflict,split vp_review owner_core_conflict,split; province_overlap=2; tsr_overlap_rank=2/5; bsr_source_count=1
111,Uusimaa,europe,111,UUSIMA,split,1.000,1,2,1,no,no,yes,requires_manual,owner/controller/core conflict,split vp_review owner_core_conflict,split; province_overlap=6; tsr_overlap_rank=1/3; bsr_source_count=1
153,STATE_153,europe,153,STATE_153,merge,0.800,2,2,0,no,no,yes,requires_manual,owner/controller/core conflict,merge owner_core_conflict,split+merge; province_overlap=4; tsr_overlap_rank=1/4; bsr_source_count=2
157,STATE_157,europe,157,STATE_157,split,1.000,1,2,0,no,no,yes,requires_manual,owner/controller/core conflict,split owner_core_conflict,split; province_overlap=2; tsr_overlap_rank=3/5; bsr_source_count=1
159,STATE_159,europe,159,STATE_159,split,1.000,1,2,1,no,no,yes,requires_manual,owner/controller/core conflict,split vp_review owner_core_conflict,split; province_overlap=5; tsr_overlap_rank=1/4; bsr_source_count=1
193,STATE_193,europe,193,Chernihiv,split,1.000,1,2,1,no,no,yes,requires_manual,owner/controller/core conflict,split vp_review owner_core_conflict,split; province_overlap=5; tsr_overlap_rank=1/5; bsr_source_count=1
194,Mozyr,europe,194,Mozyr,split,0.714,3,2,1,no,no,yes,requires_manual,owner/controller/core conflict,split vp_review owner_core_conflict,split; province_overlap=5; tsr_overlap_rank=1/3; bsr_source_count=1
198,STATE_198,europe,198,STATE_198,split,1.000,1,2,1,no,no,yes,requires_manual,owner/controller/core conflict,split vp_review owner_core_conflict,split; province_overlap=2; tsr_overlap_rank=2/4; bsr_source_count=1
201,STATE_201,europe,201,STATE_201,merge,0.750,2,2,0,no,no,yes,requires_manual,owner/controller/core conflict,merge owner_core_conflict,split+merge; province_overlap=9; tsr_overlap_rank=1/2; bsr_source_count=2
225,STATE_225,europe,225,Sumy,merge,0.909,2,2,0,no,no,yes,requires_manual,owner/controller/core conflict,merge owner_core_conflict,split+merge; province_overlap=10; tsr_overlap_rank=1/2; bsr_source_count=2
230,STATE_230,europe,230,STATE_230,split,1.000,1,2,1,no,no,yes,requires_manual,owner/controller/core conflict,split vp_review owner_core_conflict,split; province_overlap=3; tsr_overlap_rank=1/4; bsr_source_count=1
259,STATE_259,europe,259,Poltava,merge,0.900,3,2,0,no,no,yes,requires_manual,owner/controller/core conflict,merge owner_core_conflict,split+merge; province_overlap=9; tsr_overlap_rank=1/2; bsr_source_count=3
405,STATE_405,asia,405,Tashkent,split,1.000,1,2,1,no,no,yes,requires_manual,owner/controller/core conflict,split vp_review owner_core_conflict,split; province_overlap=2; tsr_overlap_rank=1/3; bsr_source_count=1
585,STATE_585,asia,585,Navoiy,merge,0.667,3,2,0,no,no,yes,requires_manual,owner/controller/core conflict,merge owner_core_conflict,merge; province_overlap=4; bsr_source_count=3
870,STATE_870,europe,803,STATE_803,split,1.000,1,2,0,no,no,yes,requires_manual,owner/controller/core conflict,split owner_core_conflict,split; province_overlap=2; tsr_overlap_rank=1/2; bsr_source_count=1
993,STATE_993,europe,736,Name was Istria before the Pola (Istria) split and merge with Fiume,split,1.000,1,2,0,no,no,yes,requires_manual,owner/controller/core conflict,split owner_core_conflict,split; province_overlap=1; tsr_overlap_rank=2/2; bsr_source_count=1
994,STATE_994,europe,947,STATE_947,same_name,1.000,2,2,1,no,no,yes,requires_manual,owner/controller/core conflict,vp_review owner_core_conflict,province_overlap=1
1002,STATE_1002,europe,826,STATE_826,split,0.750,2,2,0,no,no,yes,requires_manual,owner/controller/core conflict,split owner_core_conflict,split; province_overlap=3; tsr_overlap_rank=1/2; bsr_source_count=1
1125,STATE_1125,europe,193,Chernihiv,split,1.000,1,2,0,no,no,yes,requires_manual,owner/controller/core conflict,split owner_core_conflict,split; province_overlap=1; tsr_overlap_rank=5/5; bsr_source_count=1
1140,STATE_1140,europe,341,STATE_341,split,1.000,1,2,0,no,no,yes,requires_manual,owner/controller/core conflict,split owner_core_conflict,split; province_overlap=2; tsr_overlap_rank=1/2; bsr_source_count=1
1178,STATE_1178,europe,98,STATE_98,split,1.000,1,2,0,no,no,yes,requires_manual,owner/controller/core conflict,split owner_core_conflict,split; province_overlap=4; tsr_overlap_rank=1/5; bsr_source_count=1
1194,STATE_1194,europe,1063,STATE_1063,split,1.000,1,2,0,no,no,yes,requires_manual,owner/controller/core conflict,split owner_core_conflict,split; province_overlap=1; tsr_overlap_rank=2/2; bsr_source_count=1
1198,STATE_1198,europe,1064,STATE_1064,split,1.000,1,2,0,no,no,yes,requires_manual,owner/controller/core conflict,split owner_core_conflict,split; province_overlap=2; tsr_overlap_rank=2/2; bsr_source_count=1
1292,STATE_1292,europe,1056,STATE_1056,split,1.000,1,2,0,no,no,yes,requires_manual,owner/controller/core conflict,split owner_core_conflict,split; province_overlap=1; tsr_overlap_rank=2/2; bsr_source_count=1
1321,STATE_1321,europe,30,STATE_30,split,1.000,1,2,0,no,no,yes,requires_manual,owner/controller/core conflict,split owner_core_conflict,split; province_overlap=3; tsr_overlap_rank=2/4; bsr_source_count=1
1354,STATE_1354,europe,848,STATE_848,split,1.000,1,2,0,no,no,yes,requires_manual,owner/controller/core conflict,split owner_core_conflict,split; province_overlap=1; tsr_overlap_rank=1/2; bsr_source_count=1
1458,STATE_1458,europe,102,STATE_102,split,1.000,1,2,0,no,no,yes,requires_manual,owner/controller/core conflict,split owner_core_conflict,split; province_overlap=1; tsr_overlap_rank=4/4; bsr_source_count=1
1464,STATE_1464,asia,830,Bukhara,split,1.000,1,2,0,no,no,yes,requires_manual,owner/controller/core conflict,split owner_core_conflict,split; province_overlap=9; tsr_overlap_rank=1/2; bsr_source_count=1
1465,STATE_1465,asia,832,STATE_832,split,0.750,2,2,0,no,no,yes,requires_manual,owner/controller/core conflict,split owner_core_conflict,split; province_overlap=3; tsr_overlap_rank=1/2; bsr_source_count=1
1471,Mozyr,europe,194,Mozyr,split,1.000,1,2,0,no,no,yes,requires_manual,owner/controller/core conflict,split owner_core_conflict,split; province_overlap=2; tsr_overlap_rank=3/3; bsr_source_count=1
1625,STATE_1625,europe,1054,STATE_1054,split,0.500,1,2,0,no,no,yes,requires_manual,owner/controller/core conflict,split owner_core_conflict,split; province_overlap=1; tsr_overlap_rank=2/2; bsr_source_count=1
1939,STATE_1939,europe,78,STATE_78,split,1.000,1,2,0,no,no,yes,requires_manual,owner/controller/core conflict,split owner_core_conflict,split; province_overlap=2; tsr_overlap_rank=2/3; bsr_source_count=1
1992,STATE_1992,europe,814,STATE_814,split,1.000,1,2,0,no,no,yes,requires_manual,owner/controller/core conflict,split owner_core_conflict,split; province_overlap=1; tsr_overlap_rank=2/2; bsr_source_count=1
2039,STATE_2039,europe,1062,STATE_1062,split,1.000,1,2,0,no,no,yes,requires_manual,owner/controller/core conflict,split owner_core_conflict,split; province_overlap=1; tsr_overlap_rank=3/3; bsr_source_count=1
5,STATE_5,europe,5,STATE_5,split,1.000,1,1,0,no,no,yes,requires_manual,owner/controller/core conflict,split owner_core_conflict,split; province_overlap=6; tsr_overlap_rank=1/4; bsr_source_count=1
87,STATE_87,europe,87,STATE_87,split,0.500,1,1,0,no,no,yes,requires_manual,owner/controller/core conflict,split owner_core_conflict,split; province_overlap=1; tsr_overlap_rank=2/4; bsr_source_count=1
89,STATE_89,europe,89,STATE_89,split,1.000,1,1,0,no,no,yes,requires_manual,owner/controller/core conflict,split owner_core_conflict,split; province_overlap=4; tsr_overlap_rank=1/3; bsr_source_count=1
182,STATE_182,europe,182,STATE_182,split,1.000,1,1,0,no,no,yes,requires_manual,owner/controller/core conflict,split owner_core_conflict,split; province_overlap=3; tsr_overlap_rank=1/2; bsr_source_count=1
190,STATE_190,europe,190,STATE_190,merge,1.000,2,1,0,no,no,yes,requires_manual,owner/controller/core conflict,merge owner_core_conflict,merge; province_overlap=6; bsr_source_count=2
192,STATE_192,europe,192,STATE_192,merge,1.000,2,1,0,no,no,yes,requires_manual,owner/controller/core conflict,merge owner_core_conflict,merge; province_overlap=6; bsr_source_count=2
199,STATE_199,europe,199,STATE_199,split,1.000,1,1,0,no,no,yes,requires_manual,owner/controller/core conflict,split owner_core_conflict,split; province_overlap=1; tsr_overlap_rank=3/4; bsr_source_count=1
203,STATE_203,europe,203,STATE_203,split,1.000,1,1,0,no,no,yes,requires_manual,owner/controller/core conflict,split owner_core_conflict,split; province_overlap=10; tsr_overlap_rank=1/3; bsr_source_count=1
207,STATE_207,europe,207,STATE_207,split,1.000,1,1,0,no,no,yes,requires_manual,owner/controller/core conflict,split owner_core_conflict,split; province_overlap=5; tsr_overlap_rank=1/6; bsr_source_count=1
228,Voroshilovgrad,europe,228,Voroshilovgrad,split,0.889,1,1,0,no,no,yes,requires_manual,owner/controller/core conflict,split owner_core_conflict,split; province_overlap=8; tsr_overlap_rank=1/3; bsr_source_count=1
241,Gomel,europe,241,Gomel,split,1.000,1,1,0,no,no,yes,requires_manual,owner/controller/core conflict,split owner_core_conflict,split; province_overlap=1; tsr_overlap_rank=2/3; bsr_source_count=1
243,STATE_243,europe,243,STATE_243,same_name,0.750,2,1,1,no,no,yes,requires_manual,owner/controller/core conflict,vp_review owner_core_conflict,province_overlap=4
256,STATE_256,europe,833,STATE_833,same_name,0.941,5,1,0,no,no,yes,requires_manual,owner/controller/core conflict,owner_core_conflict,province_overlap=16
351,STATE_351,europe,351,Vologda,province_overlap,0.741,3,1,1,no,no,yes,requires_manual,owner/controller/core conflict,vp_review owner_core_conflict,province_overlap=43
406,STATE_406,europe,406,Gurev,split,1.000,1,1,0,no,no,yes,requires_manual,owner/controller/core conflict,split owner_core_conflict,split; province_overlap=9; tsr_overlap_rank=2/2; bsr_source_count=1
407,STATE_407,europe,407,STATE_407,split,1.000,1,1,0,no,no,yes,requires_manual,owner/controller/core conflict,split owner_core_conflict,split; province_overlap=25; tsr_overlap_rank=1/2; bsr_source_count=1
561,STATE_561,asia,561,Amur,split,1.000,1,1,0,no,no,yes,requires_manual,owner/controller/core conflict,split owner_core_conflict,split; province_overlap=8; tsr_overlap_rank=1/2; bsr_source_count=1
562,Okhotsk,asia,562,Okhotsk,merge,1.000,2,1,0,no,no,yes,requires_manual,owner/controller/core conflict,merge owner_core_conflict,merge; province_overlap=11; bsr_source_count=2
566,Irktusk,asia,566,Irktusk,same_id_same_area,0.900,2,1,1,no,no,yes,requires_manual,owner/controller/core conflict,vp_review owner_core_conflict,province_overlap=9
572,Chelyabinsk,asia,572,Chelyabinsk,same_id_same_area,0.900,2,1,1,no,no,yes,requires_manual,owner/controller/core conflict,vp_review owner_core_conflict,province_overlap=8
583,STATE_583,asia,583,STATE_583,split,1.000,1,1,0,no,no,yes,requires_manual,owner/controller/core conflict,split owner_core_conflict,split; province_overlap=17; tsr_overlap_rank=1/3; bsr_source_count=1
584,STATE_584,asia,584,STATE_584,split,1.000,1,1,0,no,no,yes,requires_manual,owner/controller/core conflict,split owner_core_conflict,split; province_overlap=4; tsr_overlap_rank=3/6; bsr_source_count=1
644,STATE_644,asia,644,Kolyma,merge,1.000,4,1,0,no,no,yes,requires_manual,owner/controller/core conflict,merge owner_core_conflict,merge; province_overlap=6; bsr_source_count=2
717,STATE_717,asia,717,STATE_717,split,0.957,2,1,0,no,no,yes,requires_manual,owner/controller/core conflict,split owner_core_conflict,split; province_overlap=22; tsr_overlap_rank=1/2; bsr_source_count=1
732,STATE_732,asia,732,STATE_732,split,1.000,1,1,0,no,no,yes,requires_manual,owner/controller/core conflict,split owner_core_conflict,split; province_overlap=11; tsr_overlap_rank=1/2; bsr_source_count=1
735,STATE_735,europe,1066,STATE_1066,same_name,1.000,2,1,0,no,no,yes,requires_manual,owner/controller/core conflict,owner_core_conflict,province_overlap=3
763,STATE_763,europe,763,STATE_763,split,1.000,1,1,0,no,no,yes,requires_manual,owner/controller/core conflict,split owner_core_conflict,split; province_overlap=2; tsr_overlap_rank=2/3; bsr_source_count=1
764,STATE_764,europe,764,STATE_764,split,1.000,1,1,0,no,no,yes,requires_manual,owner/controller/core conflict,split owner_core_conflict,split; province_overlap=3; tsr_overlap_rank=1/2; bsr_source_count=1
766,STATE_766,europe,766,STATE_766,split,1.000,1,1,0,no,no,yes,requires_manual,owner/controller/core conflict,split owner_core_conflict,split; province_overlap=2; tsr_overlap_rank=2/2; bsr_source_count=1
784,STATE_784,europe,784,STATE_784,split,1.000,1,1,0,no,no,yes,requires_manual,owner/controller/core conflict,split owner_core_conflict,split; province_overlap=2; tsr_overlap_rank=1/3; bsr_source_count=1
805,STATE_805,europe,910,STATE_910,same_name,1.000,2,1,0,no,no,yes,requires_manual,owner/controller/core conflict,owner_core_conflict,province_overlap=1
826,STATE_826,europe,1014,STATE_1014,same_name,1.000,2,1,0,no,no,yes,requires_manual,owner/controller/core conflict,owner_core_conflict,province_overlap=1
938,STATE_938,europe,940,STATE_940,same_name,1.000,2,1,0,no,no,yes,requires_manual,owner/controller/core conflict,owner_core_conflict,province_overlap=1
974,STATE_974,europe,967,STATE_967,same_name,1.000,3,1,0,no,no,yes,requires_manual,owner/controller/core conflict,owner_core_conflict,province_overlap=1
1147,STATE_1147,europe,962,STATE_962,same_name,1.000,2,1,0,no,no,yes,requires_manual,owner/controller/core conflict,owner_core_conflict,province_overlap=1
1191,STATE_1191,europe,1013,STATE_1013,same_name,1.000,2,1,0,no,no,yes,requires_manual,owner/controller/core conflict,owner_core_conflict,province_overlap=1
1773,STATE_1773,europe,1087,STATE_1087,same_name,1.000,5,1,0,no,no,yes,requires_manual,owner/controller/core conflict,owner_core_conflict,province_overlap=1
1968,STATE_1968,europe,827,STATE_827,same_name,1.000,2,1,0,no,no,yes,requires_manual,owner/controller/core conflict,owner_core_conflict,province_overlap=1
208,STATE_208,europe,208,Luga,same_id_same_area,0.900,2,0,0,no,no,yes,requires_manual,owner/controller/core conflict,owner_core_conflict,province_overlap=8
209,STATE_209,europe,209,Pskov,same_id_same_area,0.917,2,0,0,no,no,yes,requires_manual,owner/controller/core conflict,owner_core_conflict,province_overlap=11
218,STATE_218,europe,218,STATE_218,same_name,0.750,2,0,0,no,no,yes,requires_manual,owner/controller/core conflict,owner_core_conflict,province_overlap=6
219,STATE_219,europe,219,STATE_219,same_id_same_area,1.000,2,0,0,no,no,yes,requires_manual,owner/controller/core conflict,owner_core_conflict,province_overlap=25
235,STATE_235,europe,235,STATE_235,same_id_same_area,1.000,2,0,0,no,no,yes,requires_manual,owner/controller/core conflict,owner_core_conflict,province_overlap=21
237,STATE_237,europe,237,STATE_237,same_id_same_area,0.909,2,0,0,no,no,yes,requires_manual,owner/controller/core conflict,owner_core_conflict,province_overlap=20
238,STATE_238,europe,238,STATE_238,same_id_same_area,1.000,3,0,0,no,no,yes,requires_manual,owner/controller/core conflict,owner_core_conflict,province_overlap=17
239,STATE_239,europe,239,STATE_239,same_id_same_area,0.900,2,0,0,no,no,yes,requires_manual,owner/controller/core conflict,owner_core_conflict,province_overlap=19
245,STATE_245,europe,245,Millerovo,same_id_same_area,0.917,2,0,0,no,no,yes,requires_manual,owner/controller/core conflict,owner_core_conflict,province_overlap=11
250,STATE_250,europe,250,STATE_250,same_id_same_area,0.923,2,0,0,no,no,yes,requires_manual,owner/controller/core conflict,owner_core_conflict,province_overlap=12
252,STATE_252,europe,252,STATE_252,same_id_same_area,0.973,3,0,0,no,no,yes,requires_manual,owner/controller/core conflict,owner_core_conflict,province_overlap=36
255,STATE_255,europe,255,STATE_255,same_id_same_area,1.000,2,0,0,no,no,yes,requires_manual,owner/controller/core conflict,owner_core_conflict,province_overlap=32
263,STATE_263,europe,263,STATE_263,same_name,0.750,3,0,0,no,no,yes,requires_manual,owner/controller/core conflict,owner_core_conflict,province_overlap=6
265,STATE_265,europe,265,STATE_265,same_id_same_area,0.900,2,0,0,no,no,yes,requires_manual,owner/controller/core conflict,owner_core_conflict,province_overlap=18
329,STATE_329,asia,329,STATE_329,same_id_same_area,1.000,2,0,0,no,no,yes,requires_manual,owner/controller/core conflict,owner_core_conflict,province_overlap=12
399,STATE_399,europe,399,STATE_399,same_id_same_area,1.000,2,0,0,no,no,yes,requires_manual,owner/controller/core conflict,owner_core_conflict,province_overlap=16
401,STATE_401,europe,401,Balakovo,same_id_same_area,1.000,3,0,0,no,no,yes,requires_manual,owner/controller/core conflict,owner_core_conflict,province_overlap=17
564,Ulan Ude,asia,564,Ulan Ude,same_id_same_area,0.900,2,0,0,no,no,yes,requires_manual,owner/controller/core conflict,owner_core_conflict,province_overlap=10
565,Bodaybo,asia,565,Bodaybo,same_name,0.750,2,0,0,no,no,yes,requires_manual,owner/controller/core conflict,owner_core_conflict,province_overlap=4
573,Zlatoust,europe,573,Zlatoust,same_name,0.750,2,0,0,no,no,yes,requires_manual,owner/controller/core conflict,owner_core_conflict,province_overlap=6
574,STATE_574,asia,574,Yakutsk,same_id_same_area,1.000,3,0,0,no,no,yes,requires_manual,owner/controller/core conflict,owner_core_conflict,province_overlap=24
575,Kirensk,asia,575,Kirensk,same_id_same_area,1.000,2,0,0,no,no,yes,requires_manual,owner/controller/core conflict,owner_core_conflict,province_overlap=13
580,Tobolsk,asia,580,Tobolsk,same_id_same_area,1.000,2,0,0,no,no,yes,requires_manual,owner/controller/core conflict,owner_core_conflict,province_overlap=19
582,STATE_582,europe,582,STATE_582,same_id_same_area,0.900,2,0,0,no,no,yes,requires_manual,owner/controller/core conflict,owner_core_conflict,province_overlap=8
1006,STATE_1006,europe,138,STATE_138,split,1.000,1,8,3,no,yes,no,requires_manual,resources/buildings/manpower need manual distribution,split vp_review resource_distribution,split; province_overlap=2; tsr_overlap_rank=2/2; bsr_source_count=1
792,STATE_792,europe,42,STATE_42,merge,0.333,3,7,3,no,yes,no,requires_manual,resources/buildings/manpower need manual distribution,merge vp_review resource_distribution,split+merge; province_overlap=1; tsr_overlap_rank=5/5; bsr_source_count=2
1007,STATE_1007,europe,141,Svealand,merge,0.778,2,7,2,no,yes,no,requires_manual,resources/buildings/manpower need manual distribution,merge vp_review resource_distribution,split+merge; province_overlap=7; tsr_overlap_rank=2/2; bsr_source_count=2
1189,STATE_1189,europe,105,STATE_105,split,1.000,1,7,2,no,yes,no,requires_manual,resources/buildings/manpower need manual distribution,split vp_review resource_distribution,split; province_overlap=2; tsr_overlap_rank=1/3; bsr_source_count=1
1396,STATE_1396,europe,113,Leinster,split,1.000,1,7,3,no,yes,no,requires_manual,resources/buildings/manpower need manual distribution,split vp_review resource_distribution,split; province_overlap=1; tsr_overlap_rank=2/2; bsr_source_count=1
1473,STATE_1473,europe,59,STATE_59,split,1.000,1,7,2,no,yes,no,requires_manual,resources/buildings/manpower need manual distribution,split vp_review resource_distribution,split; province_overlap=11; tsr_overlap_rank=1/4; bsr_source_count=1
1708,STATE_1708,europe,130,STATE_130,split,1.000,1,7,3,no,yes,no,requires_manual,resources/buildings/manpower need manual distribution,split vp_review resource_distribution,split; province_overlap=3; tsr_overlap_rank=2/2; bsr_source_count=1
790,STATE_790,europe,55,STATE_55,split,1.000,1,6,3,no,yes,no,requires_manual,resources/buildings/manpower need manual distribution,split vp_review resource_distribution,split; province_overlap=2; tsr_overlap_rank=3/6; bsr_source_count=1
793,STATE_793,europe,64,STATE_64,merge,0.667,2,6,2,no,yes,no,requires_manual,resources/buildings/manpower need manual distribution,merge vp_review resource_distribution,split+merge; province_overlap=4; tsr_overlap_rank=2/6; bsr_source_count=2
833,STATE_833,europe,46,Muntenia,merge,0.667,2,6,2,no,yes,no,requires_manual,resources/buildings/manpower need manual distribution,merge vp_review resource_distribution,split+merge; province_overlap=4; tsr_overlap_rank=2/3; bsr_source_count=2
1431,STATE_1431,europe,155,North Transdanubia,merge,0.500,2,6,2,no,yes,no,requires_manual,resources/buildings/manpower need manual distribution,merge vp_review resource_distribution,split+merge; province_overlap=1; tsr_overlap_rank=2/3; bsr_source_count=2
1500,STATE_1500,europe,180,STATE_180,split,1.000,1,6,2,no,yes,no,requires_manual,resources/buildings/manpower need manual distribution,split vp_review resource_distribution,split; province_overlap=5; tsr_overlap_rank=1/2; bsr_source_count=1
1519,STATE_1519,europe,42,STATE_42,split,1.000,1,6,3,no,yes,no,requires_manual,resources/buildings/manpower need manual distribution,split vp_review resource_distribution,split; province_overlap=2; tsr_overlap_rank=3/5; bsr_source_count=1
1709,STATE_1709,europe,123,STATE_123,merge,0.667,2,6,2,no,yes,no,requires_manual,resources/buildings/manpower need manual distribution,merge vp_review resource_distribution,split+merge; province_overlap=2; tsr_overlap_rank=1/3; bsr_source_count=2
1720,STATE_1720,europe,166,STATE_166,merge,0.800,2,6,2,no,yes,no,requires_manual,resources/buildings/manpower need manual distribution,merge vp_review resource_distribution,split+merge; province_overlap=4; tsr_overlap_rank=2/2; bsr_source_count=2
1801,STATE_1801,europe,21,Bouches-du-Rhône (Formerly Provence before Var split off),merge,0.500,2,6,1,no,yes,no,requires_manual,resources/buildings/manpower need manual distribution,merge vp_review resource_distribution,split+merge; province_overlap=1; tsr_overlap_rank=3/3; bsr_source_count=2
1805,STATE_1805,europe,59,STATE_59,split,1.000,1,6,3,no,yes,no,requires_manual,resources/buildings/manpower need manual distribution,split vp_review resource_distribution,split; province_overlap=4; tsr_overlap_rank=2/4; bsr_source_count=1
54,STATE_54,europe,54,STATE_54,merge,0.875,2,5,2,no,yes,no,requires_manual,resources/buildings/manpower need manual distribution,merge vp_review resource_distribution,split+merge; province_overlap=7; tsr_overlap_rank=1/3; bsr_source_count=2
55,STATE_55,europe,55,STATE_55,split,1.000,1,5,3,no,yes,no,requires_manual,resources/buildings/manpower need manual distribution,split vp_review resource_distribution,split; province_overlap=7; tsr_overlap_rank=1/6; bsr_source_count=1
798,STATE_798,europe,52,STATE_52,split,1.000,1,5,2,no,yes,no,requires_manual,resources/buildings/manpower need manual distribution,split vp_review resource_distribution,split; province_overlap=1; tsr_overlap_rank=3/4; bsr_source_count=1
801,STATE_801,europe,66,STATE_66,split,1.000,1,5,2,no,yes,no,requires_manual,resources/buildings/manpower need manual distribution,split vp_review resource_distribution,split; province_overlap=2; tsr_overlap_rank=4/7; bsr_source_count=1
802,STATE_802,europe,66,STATE_66,split,1.000,1,5,2,no,yes,no,requires_manual,resources/buildings/manpower need manual distribution,split vp_review resource_distribution,split; province_overlap=1; tsr_overlap_rank=6/7; bsr_source_count=1
808,STATE_808,europe,974,South Transdanubia,merge,0.750,2,5,1,no,yes,no,requires_manual,resources/buildings/manpower need manual distribution,merge vp_review resource_distribution,split+merge; province_overlap=3; tsr_overlap_rank=1/2; bsr_source_count=2
832,STATE_832,europe,971,Northern Dobruja,merge,0.750,2,5,1,no,yes,no,requires_manual,resources/buildings/manpower need manual distribution,merge vp_review resource_distribution,split+merge; province_overlap=3; tsr_overlap_rank=1/2; bsr_source_count=2
892,STATE_892,europe,845,STATE_845,merge,0.667,2,5,1,no,yes,no,requires_manual,resources/buildings/manpower need manual distribution,merge vp_review resource_distribution,split+merge; province_overlap=2; tsr_overlap_rank=1/3; bsr_source_count=2
1062,STATE_1062,europe,51,STATE_51,split,1.000,1,5,2,no,yes,no,requires_manual,resources/buildings/manpower need manual distribution,split vp_review resource_distribution,split; province_overlap=1; tsr_overlap_rank=3/5; bsr_source_count=1
1350,STATE_1350,europe,42,STATE_42,split,1.000,1,5,2,no,yes,no,requires_manual,resources/buildings/manpower need manual distribution,split vp_review resource_distribution,split; province_overlap=1; tsr_overlap_rank=4/5; bsr_source_count=1
1401,STATE_1401,europe,128,STATE_128,merge,0.600,3,5,1,no,yes,no,requires_manual,resources/buildings/manpower need manual distribution,merge vp_review resource_distribution,split+merge; province_overlap=3; tsr_overlap_rank=1/3; bsr_source_count=3
1422,STATE_1422,europe,127,Sussex,split,1.000,1,5,1,no,yes,no,requires_manual,resources/buildings/manpower need manual distribution,split vp_review resource_distribution,split; province_overlap=1; tsr_overlap_rank=2/2; bsr_source_count=1
1447,STATE_1447,europe,50,Württemberg,split,1.000,1,5,2,no,yes,no,requires_manual,resources/buildings/manpower need manual distribution,split vp_review resource_distribution,split; province_overlap=2; tsr_overlap_rank=3/6; bsr_source_count=1
1472,STATE_1472,europe,52,STATE_52,split,1.000,1,5,2,no,yes,no,requires_manual,resources/buildings/manpower need manual distribution,split vp_review resource_distribution,split; province_overlap=1; tsr_overlap_rank=2/4; bsr_source_count=1
1515,STATE_1515,europe,845,STATE_845,split,1.000,1,5,2,no,yes,no,requires_manual,resources/buildings/manpower need manual distribution,split vp_review resource_distribution,split; province_overlap=1; tsr_overlap_rank=3/3; bsr_source_count=1
1654,STATE_1654,europe,22,Languedoc,merge,0.833,2,5,1,no,yes,no,requires_manual,resources/buildings/manpower need manual distribution,merge vp_review resource_distribution,split+merge; province_overlap=5; tsr_overlap_rank=1/4; bsr_source_count=2
1706,STATE_1706,europe,66,STATE_66,split,1.000,1,5,2,no,yes,no,requires_manual,resources/buildings/manpower need manual distribution,split vp_review resource_distribution,split; province_overlap=1; tsr_overlap_rank=5/7; bsr_source_count=1
1716,STATE_1716,europe,41,STATE_41,split,1.000,1,5,2,no,yes,no,requires_manual,resources/buildings/manpower need manual distribution,split vp_review resource_distribution,split; province_overlap=3; tsr_overlap_rank=3/3; bsr_source_count=1
1722,STATE_1722,europe,790,STATE_790,split,1.000,1,5,1,no,yes,no,requires_manual,resources/buildings/manpower need manual distribution,split vp_review resource_distribution,split; province_overlap=3; tsr_overlap_rank=2/4; bsr_source_count=1
1725,STATE_1725,europe,790,STATE_790,split,1.000,1,5,1,no,yes,no,requires_manual,resources/buildings/manpower need manual distribution,split vp_review resource_distribution,split; province_overlap=1; tsr_overlap_rank=4/4; bsr_source_count=1
1764,STATE_1764,europe,50,Württemberg,split,1.000,1,5,2,no,yes,no,requires_manual,resources/buildings/manpower need manual distribution,split vp_review resource_distribution,split; province_overlap=3; tsr_overlap_rank=1/6; bsr_source_count=1
1799,STATE_1799,europe,27,Bourgogne,merge,0.667,2,5,1,no,yes,no,requires_manual,resources/buildings/manpower need manual distribution,merge vp_review resource_distribution,split+merge; province_overlap=2; tsr_overlap_rank=2/8; bsr_source_count=2
1842,STATE_1842,europe,21,Bouches-du-Rhône (Formerly Provence before Var split off),split,1.000,1,5,1,no,yes,no,requires_manual,resources/buildings/manpower need manual distribution,split vp_review resource_distribution,split; province_overlap=2; tsr_overlap_rank=1/3; bsr_source_count=1
1866,STATE_1866,europe,54,STATE_54,split,1.000,1,5,2,no,yes,no,requires_manual,resources/buildings/manpower need manual distribution,split vp_review resource_distribution,split; province_overlap=4; tsr_overlap_rank=2/3; bsr_source_count=1
1878,STATE_1878,europe,56,STATE_56,merge,0.500,2,5,2,no,yes,no,requires_manual,resources/buildings/manpower need manual distribution,merge vp_review resource_distribution,split+merge; province_overlap=1; tsr_overlap_rank=3/3; bsr_source_count=2
1905,STATE_1905,europe,66,STATE_66,split,1.000,1,5,2,no,yes,no,requires_manual,resources/buildings/manpower need manual distribution,split vp_review resource_distribution,split; province_overlap=1; tsr_overlap_rank=7/7; bsr_source_count=1
20,STATE_20,europe,20,Rhone,merge,0.833,2,4,1,no,yes,no,requires_manual,resources/buildings/manpower need manual distribution,merge vp_review resource_distribution,split+merge; province_overlap=5; tsr_overlap_rank=1/7; bsr_source_count=2
51,STATE_51,europe,51,STATE_51,split,1.000,1,4,2,no,yes,no,requires_manual,resources/buildings/manpower need manual distribution,split vp_review resource_distribution,split; province_overlap=1; tsr_overlap_rank=5/5; bsr_source_count=1
65,STATE_65,europe,65,STATE_65,split,1.000,1,4,2,no,yes,no,requires_manual,resources/buildings/manpower need manual distribution,split vp_review resource_distribution,split; province_overlap=2; tsr_overlap_rank=2/6; bsr_source_count=1
127,Sussex,europe,127,Sussex,split,1.000,1,4,1,no,yes,no,requires_manual,resources/buildings/manpower need manual distribution,split vp_review resource_distribution,split; province_overlap=5; tsr_overlap_rank=1/2; bsr_source_count=1
151,STATE_151,europe,151,STATE_151,merge,0.500,2,4,1,no,yes,no,requires_manual,resources/buildings/manpower need manual distribution,merge vp_review resource_distribution,split+merge; province_overlap=2; tsr_overlap_rank=2/3; bsr_source_count=2
795,STATE_795,europe,65,STATE_65,split,1.000,1,4,1,no,yes,no,requires_manual,resources/buildings/manpower need manual distribution,split vp_review resource_distribution,split; province_overlap=5; tsr_overlap_rank=1/6; bsr_source_count=1
894,STATE_894,europe,151,STATE_151,split,1.000,1,4,1,no,yes,no,requires_manual,resources/buildings/manpower need manual distribution,split vp_review resource_distribution,split; province_overlap=2; tsr_overlap_rank=1/3; bsr_source_count=1
1008,STATE_1008,europe,916,STATE_916,merge,0.529,2,4,0,no,yes,no,requires_manual,resources/buildings/manpower need manual distribution,merge resource_distribution,split+merge; province_overlap=9; tsr_overlap_rank=1/3; bsr_source_count=2
1114,STATE_1114,europe,38,Gävleborg,merge,0.812,2,4,1,no,yes,no,requires_manual,resources/buildings/manpower need manual distribution,merge vp_review resource_distribution,split+merge; province_overlap=13; tsr_overlap_rank=1/3; bsr_source_count=2
1134,STATE_1134,europe,795,STATE_795,split,1.000,1,4,1,no,yes,no,requires_manual,resources/buildings/manpower need manual distribution,split vp_review resource_distribution,split; province_overlap=7; tsr_overlap_rank=1/2; bsr_source_count=1
1190,STATE_1190,europe,108,STATE_108,split,1.000,1,4,1,no,yes,no,requires_manual,resources/buildings/manpower need manual distribution,split vp_review resource_distribution,split; province_overlap=1; tsr_overlap_rank=5/6; bsr_source_count=1
1378,Northern Hungary,europe,43,Northern Hungary,split,1.000,1,4,1,no,yes,no,requires_manual,resources/buildings/manpower need manual distribution,split vp_review resource_distribution,split; province_overlap=5; tsr_overlap_rank=1/2; bsr_source_count=1
1501,STATE_1501,europe,795,STATE_795,split,1.000,1,4,1,no,yes,no,requires_manual,resources/buildings/manpower need manual distribution,split vp_review resource_distribution,split; province_overlap=1; tsr_overlap_rank=2/2; bsr_source_count=1
1503,STATE_1503,europe,170,STATE_170,split,1.000,1,4,1,no,yes,no,requires_manual,resources/buildings/manpower need manual distribution,split vp_review resource_distribution,split; province_overlap=1; tsr_overlap_rank=3/3; bsr_source_count=1
1702,STATE_1702,europe,68,STATE_68,split,1.000,1,4,1,no,yes,no,requires_manual,resources/buildings/manpower need manual distribution,split vp_review resource_distribution,split; province_overlap=1; tsr_overlap_rank=3/6; bsr_source_count=1
1705,STATE_1705,europe,66,STATE_66,split,1.000,1,4,1,no,yes,no,requires_manual,resources/buildings/manpower need manual distribution,split vp_review resource_distribution,split; province_overlap=3; tsr_overlap_rank=1/7; bsr_source_count=1
1715,STATE_1715,europe,170,STATE_170,split,1.000,1,4,1,no,yes,no,requires_manual,resources/buildings/manpower need manual distribution,split vp_review resource_distribution,split; province_overlap=5; tsr_overlap_rank=2/3; bsr_source_count=1
1724,STATE_1724,europe,41,STATE_41,split,1.000,1,4,1,no,yes,no,requires_manual,resources/buildings/manpower need manual distribution,split vp_review resource_distribution,split; province_overlap=7; tsr_overlap_rank=1/3; bsr_source_count=1
1759,Languedoc,europe,22,Languedoc,split,1.000,1,4,1,no,yes,no,requires_manual,resources/buildings/manpower need manual distribution,split vp_review resource_distribution,split; province_overlap=1; tsr_overlap_rank=4/4; bsr_source_count=1
1760,STATE_1760,europe,22,Languedoc,split,1.000,1,4,1,no,yes,no,requires_manual,resources/buildings/manpower need manual distribution,split vp_review resource_distribution,split; province_overlap=2; tsr_overlap_rank=3/4; bsr_source_count=1
1954,STATE_1954,europe,50,Württemberg,split,0.500,1,4,1,no,yes,no,requires_manual,resources/buildings/manpower need manual distribution,split vp_review resource_distribution,split; province_overlap=1; tsr_overlap_rank=4/6; bsr_source_count=1
1985,STATE_1985,europe,974,South Transdanubia,split,1.000,1,4,1,no,yes,no,requires_manual,resources/buildings/manpower need manual distribution,split vp_review resource_distribution,split; province_overlap=3; tsr_overlap_rank=2/2; bsr_source_count=1
2026,STATE_2026,europe,931,STATE_931,split,1.000,1,4,1,no,yes,no,requires_manual,resources/buildings/manpower need manual distribution,split vp_review resource_distribution,split; province_overlap=2; tsr_overlap_rank=2/2; bsr_source_count=1
2034,STATE_2034,europe,68,STATE_68,split,1.000,1,4,1,no,yes,no,requires_manual,resources/buildings/manpower need manual distribution,split vp_review resource_distribution,split; province_overlap=1; tsr_overlap_rank=6/6; bsr_source_count=1
2035,STATE_2035,europe,68,STATE_68,split,1.000,1,4,1,no,yes,no,requires_manual,resources/buildings/manpower need manual distribution,split vp_review resource_distribution,split; province_overlap=1; tsr_overlap_rank=2/6; bsr_source_count=1
3,STATE_3,europe,847,STATE_847,merge,0.500,3,3,0,no,yes,no,requires_manual,resources/buildings/manpower need manual distribution,merge resource_distribution,split+merge; province_overlap=2; tsr_overlap_rank=1/3; bsr_source_count=3
25,STATE_25,europe,25,STATE_25,merge,0.923,3,3,0,no,yes,no,requires_manual,resources/buildings/manpower need manual distribution,merge resource_distribution,split+merge; province_overlap=12; tsr_overlap_rank=1/2; bsr_source_count=3
41,STATE_41,europe,41,STATE_41,split,0.500,1,3,1,no,yes,no,requires_manual,resources/buildings/manpower need manual distribution,split vp_review resource_distribution,split; province_overlap=3; tsr_overlap_rank=2/3; bsr_source_count=1
43,Northern Hungary,europe,43,Northern Hungary,split,1.000,1,3,1,no,yes,no,requires_manual,resources/buildings/manpower need manual distribution,split vp_review resource_distribution,split; province_overlap=4; tsr_overlap_rank=2/2; bsr_source_count=1
50,STATE_50,europe,50,Württemberg,split,1.000,1,3,1,no,yes,no,requires_manual,resources/buildings/manpower need manual distribution,split vp_review resource_distribution,split; province_overlap=3; tsr_overlap_rank=2/6; bsr_source_count=1
66,STATE_66,europe,66,STATE_66,split,0.667,1,3,1,no,yes,no,requires_manual,resources/buildings/manpower need manual distribution,split vp_review resource_distribution,split; province_overlap=2; tsr_overlap_rank=2/7; bsr_source_count=1
79,STATE_79,europe,79,STATE_79,split,1.000,1,3,1,no,yes,no,requires_manual,resources/buildings/manpower need manual distribution,split vp_review resource_distribution,split; province_overlap=12; tsr_overlap_rank=1/3; bsr_source_count=1
129,STATE_129,europe,129,STATE_129,split,1.000,1,3,1,no,yes,no,requires_manual,resources/buildings/manpower need manual distribution,split vp_review resource_distribution,split; province_overlap=4; tsr_overlap_rank=1/2; bsr_source_count=1
130,STATE_130,europe,130,STATE_130,merge,0.667,2,3,0,no,yes,no,requires_manual,resources/buildings/manpower need manual distribution,merge resource_distribution,split+merge; province_overlap=6; tsr_overlap_rank=1/2; bsr_source_count=2
132,Lancashire,europe,132,Lancashire,merge,0.750,2,3,0,no,yes,no,requires_manual,resources/buildings/manpower need manual distribution,merge resource_distribution,split+merge; province_overlap=3; tsr_overlap_rank=1/2; bsr_source_count=2
155,STATE_155,europe,155,North Transdanubia,split,1.000,1,3,1,no,yes,no,requires_manual,resources/buildings/manpower need manual distribution,split vp_review resource_distribution,split; province_overlap=7; tsr_overlap_rank=1/3; bsr_source_count=1
166,STATE_166,europe,166,STATE_166,split,1.000,1,3,1,no,yes,no,requires_manual,resources/buildings/manpower need manual distribution,split vp_review resource_distribution,split; province_overlap=7; tsr_overlap_rank=1/2; bsr_source_count=1
893,STATE_893,europe,846,STATE_846,merge,1.000,2,3,0,no,yes,no,requires_manual,resources/buildings/manpower need manual distribution,merge resource_distribution,merge; province_overlap=2; bsr_source_count=2
1052,STATE_1052,europe,790,STATE_790,split,1.000,2,3,0,no,yes,no,requires_manual,resources/buildings/manpower need manual distribution,split resource_distribution,split; province_overlap=4; tsr_overlap_rank=1/4; bsr_source_count=1
1335,STATE_1335,europe,51,STATE_51,split,0.800,1,3,0,no,yes,no,requires_manual,resources/buildings/manpower need manual distribution,split resource_distribution,split; province_overlap=4; tsr_overlap_rank=1/5; bsr_source_count=1
1423,STATE_1423,europe,971,Northern Dobruja,split,1.000,1,3,0,no,yes,no,requires_manual,resources/buildings/manpower need manual distribution,split resource_distribution,split; province_overlap=1; tsr_overlap_rank=2/2; bsr_source_count=1
1657,STATE_1657,europe,919,STATE_919,merge,1.000,2,3,0,no,yes,no,requires_manual,resources/buildings/manpower need manual distribution,merge resource_distribution,merge; province_overlap=10; bsr_source_count=2
2025,STATE_2025,europe,931,STATE_931,split,1.000,1,3,0,no,yes,no,requires_manual,resources/buildings/manpower need manual distribution,split resource_distribution,split; province_overlap=2; tsr_overlap_rank=1/2; bsr_source_count=1
21,STATE_21,europe,21,Bouches-du-Rhône (Formerly Provence before Var split off),split,1.000,1,2,0,no,yes,no,requires_manual,resources/buildings/manpower need manual distribution,split resource_distribution,split; province_overlap=2; tsr_overlap_rank=2/3; bsr_source_count=1
22,Languedoc,europe,22,Languedoc,split,0.750,1,2,0,no,yes,no,requires_manual,resources/buildings/manpower need manual distribution,split resource_distribution,split; province_overlap=3; tsr_overlap_rank=2/4; bsr_source_count=1
26,STATE_26,europe,26,Auveregne,split,1.000,1,2,0,no,yes,no,requires_manual,resources/buildings/manpower need manual distribution,split resource_distribution,split; province_overlap=10; tsr_overlap_rank=1/2; bsr_source_count=1
31,STATE_31,europe,31,STATE_31,merge,0.909,2,2,0,no,yes,no,requires_manual,resources/buildings/manpower need manual distribution,merge resource_distribution,split+merge; province_overlap=10; tsr_overlap_rank=1/7; bsr_source_count=2
46,STATE_46,europe,46,Muntenia,split,1.000,1,2,0,no,yes,no,requires_manual,resources/buildings/manpower need manual distribution,split resource_distribution,split; province_overlap=9; tsr_overlap_rank=1/3; bsr_source_count=1
52,STATE_52,europe,52,STATE_52,split,1.000,1,2,0,no,yes,no,requires_manual,resources/buildings/manpower need manual distribution,split resource_distribution,split; province_overlap=9; tsr_overlap_rank=1/4; bsr_source_count=1
68,STATE_68,europe,68,STATE_68,split,1.000,1,2,0,no,yes,no,requires_manual,resources/buildings/manpower need manual distribution,split resource_distribution,split; province_overlap=2; tsr_overlap_rank=1/6; bsr_source_count=1
113,Leinster,europe,113,Leinster,split,1.000,1,2,0,no,yes,no,requires_manual,resources/buildings/manpower need manual distribution,split resource_distribution,split; province_overlap=7; tsr_overlap_rank=1/2; bsr_source_count=1
128,STATE_128,europe,128,STATE_128,split,1.000,1,2,0,no,yes,no,requires_manual,resources/buildings/manpower need manual distribution,split resource_distribution,split; province_overlap=3; tsr_overlap_rank=2/3; bsr_source_count=1
138,STATE_138,europe,138,STATE_138,split,1.000,1,2,0,no,yes,no,requires_manual,resources/buildings/manpower need manual distribution,split resource_distribution,split; province_overlap=9; tsr_overlap_rank=1/2; bsr_source_count=1
139,STATE_139,europe,139,STATE_139,merge,1.000,1,2,0,no,yes,no,requires_manual,resources/buildings/manpower need manual distribution,merge resource_distribution,merge; province_overlap=13; bsr_source_count=2
140,STATE_140,europe,140,Västra Götaland,split,1.000,1,2,0,no,yes,no,requires_manual,resources/buildings/manpower need manual distribution,split resource_distribution,split; province_overlap=7; tsr_overlap_rank=1/2; bsr_source_count=1
141,STATE_141,europe,141,Svealand,split,1.000,1,2,0,no,yes,no,requires_manual,resources/buildings/manpower need manual distribution,split resource_distribution,split; province_overlap=12; tsr_overlap_rank=1/2; bsr_source_count=1
170,STATE_170,europe,170,STATE_170,split,0.917,1,2,0,no,yes,no,requires_manual,resources/buildings/manpower need manual distribution,split resource_distribution,split; province_overlap=11; tsr_overlap_rank=1/3; bsr_source_count=1
180,STATE_180,europe,180,STATE_180,split,1.000,1,2,0,no,yes,no,requires_manual,resources/buildings/manpower need manual distribution,split resource_distribution,split; province_overlap=2; tsr_overlap_rank=2/2; bsr_source_count=1
338,STATE_338,europe,338,STATE_338,split,1.000,1,2,0,no,yes,no,requires_manual,resources/buildings/manpower need manual distribution,split resource_distribution,split; province_overlap=4; tsr_overlap_rank=1/3; bsr_source_count=1
1304,STATE_1304,europe,847,STATE_847,split,1.000,1,2,0,no,yes,no,requires_manual,resources/buildings/manpower need manual distribution,split resource_distribution,split; province_overlap=1; tsr_overlap_rank=3/3; bsr_source_count=1
1439,STATE_1439,europe,847,STATE_847,split,1.000,1,2,0,no,yes,no,requires_manual,resources/buildings/manpower need manual distribution,split resource_distribution,split; province_overlap=1; tsr_overlap_rank=2/3; bsr_source_count=1
171,STATE_171,europe,171,STATE_171,merge,1.000,2,1,0,no,yes,no,requires_manual,resources/buildings/manpower need manual distribution,merge resource_distribution,merge; province_overlap=13; bsr_source_count=2
1370,STATE_1370,europe,179,STATE_179,split,1.000,1,7,4,no,no,no,requires_manual,victory point province needs manual placement,split vp_review,split; province_overlap=2; tsr_overlap_rank=2/3; bsr_source_count=1
979,STATE_979,europe,56,STATE_56,merge,0.600,2,6,2,no,no,no,requires_manual,victory point province needs manual placement,merge vp_review,split+merge; province_overlap=3; tsr_overlap_rank=2/3; bsr_source_count=2
1502,STATE_1502,europe,179,STATE_179,split,1.000,1,6,3,no,no,no,requires_manual,victory point province needs manual placement,split vp_review,split; province_overlap=1; tsr_overlap_rank=3/3; bsr_source_count=1
1974,STATE_1974,europe,36,STATE_36,split,1.000,1,6,3,no,no,no,requires_manual,victory point province needs manual placement,split vp_review,split; province_overlap=2; tsr_overlap_rank=3/5; bsr_source_count=1
2033,STATE_2033,europe,64,STATE_64,split,1.000,1,6,3,no,no,no,requires_manual,victory point province needs manual placement,split vp_review,split; province_overlap=1; tsr_overlap_rank=5/6; bsr_source_count=1
56,STATE_56,europe,56,STATE_56,merge,0.857,2,5,2,no,no,no,requires_manual,victory point province needs manual placement,merge vp_review,split+merge; province_overlap=6; tsr_overlap_rank=1/3; bsr_source_count=2
794,STATE_794,europe,64,STATE_64,split,1.000,1,5,3,no,no,no,requires_manual,victory point province needs manual placement,split vp_review,split; province_overlap=6; tsr_overlap_rank=1/6; bsr_source_count=1
1105,STATE_1105,europe,64,STATE_64,split,1.000,1,5,2,no,no,no,requires_manual,victory point province needs manual placement,split vp_review,split; province_overlap=1; tsr_overlap_rank=6/6; bsr_source_count=1
1379,STATE_1379,europe,154,STATE_154,split,1.000,1,5,3,no,no,no,requires_manual,victory point province needs manual placement,split vp_review,split; province_overlap=3; tsr_overlap_rank=2/2; bsr_source_count=1
1506,STATE_1506,europe,58,STATE_58,split,1.000,1,5,2,no,no,no,requires_manual,victory point province needs manual placement,split vp_review,split; province_overlap=2; tsr_overlap_rank=2/3; bsr_source_count=1
1718,STATE_1718,europe,177,STATE_177,split,1.000,1,5,1,no,no,no,requires_manual,victory point province needs manual placement,split vp_review,split; province_overlap=1; tsr_overlap_rank=2/2; bsr_source_count=1
1920,STATE_1920,europe,64,STATE_64,split,1.000,1,5,2,no,no,no,requires_manual,victory point province needs manual placement,split vp_review,split; province_overlap=2; tsr_overlap_rank=4/6; bsr_source_count=1
1207,STATE_1207,africa,681,Cape,split,0.400,4,4,1,no,no,no,requires_manual,victory point province needs manual placement,split vp_review,split; province_overlap=2; tsr_overlap_rank=2/8; bsr_source_count=1
1210,STATE_1210,africa,681,Cape,split,0.500,3,4,1,no,no,no,requires_manual,victory point province needs manual placement,split vp_review,split; province_overlap=2; tsr_overlap_rank=1/8; bsr_source_count=1
1395,STATE_1395,europe,134,STATE_134,split,1.000,1,4,2,no,no,no,requires_manual,victory point province needs manual placement,split vp_review,split; province_overlap=1; tsr_overlap_rank=2/2; bsr_source_count=1
1509,STATE_1509,europe,62,STATE_62,split,1.000,1,4,2,no,no,no,requires_manual,victory point province needs manual placement,split vp_review,split; province_overlap=2; tsr_overlap_rank=1/4; bsr_source_count=1
1719,STATE_1719,europe,168,STATE_168,split,1.000,1,4,1,no,no,no,requires_manual,victory point province needs manual placement,split vp_review,split; province_overlap=6; tsr_overlap_rank=1/2; bsr_source_count=1
1804,STATE_1804,europe,62,STATE_62,split,0.500,1,4,2,no,no,no,requires_manual,victory point province needs manual placement,split vp_review,split; province_overlap=1; tsr_overlap_rank=4/4; bsr_source_count=1
1943,STATE_1943,europe,100,STATE_100,split,0.500,1,4,1,no,no,no,requires_manual,victory point province needs manual placement,split vp_review,split; province_overlap=2; tsr_overlap_rank=1/2; bsr_source_count=1
796,STATE_796,europe,909,STATE_909,split,0.333,1,3,1,no,no,no,requires_manual,victory point province needs manual placement,split vp_review,split; province_overlap=1; tsr_overlap_rank=2/2; bsr_source_count=1
809,STATE_809,europe,973,STATE_973,split,1.000,1,3,1,no,no,no,requires_manual,victory point province needs manual placement,split vp_review,split; province_overlap=2; tsr_overlap_rank=1/2; bsr_source_count=1
1302,STATE_1302,europe,803,STATE_803,split,1.000,1,3,1,no,no,no,requires_manual,victory point province needs manual placement,split vp_review,split; province_overlap=1; tsr_overlap_rank=2/2; bsr_source_count=1
1408,STATE_1408,europe,5,STATE_5,split,0.500,1,3,1,no,no,no,requires_manual,victory point province needs manual placement,split vp_review,split; province_overlap=1; tsr_overlap_rank=4/4; bsr_source_count=1
1622,STATE_1622,europe,31,STATE_31,split,1.000,1,3,1,no,no,no,requires_manual,victory point province needs manual placement,split vp_review,split; province_overlap=2; tsr_overlap_rank=2/7; bsr_source_count=1
1717,STATE_1717,europe,793,STATE_793,split,1.000,1,3,1,no,no,no,requires_manual,victory point province needs manual placement,split vp_review,split; province_overlap=4; tsr_overlap_rank=2/2; bsr_source_count=1
1721,STATE_1721,europe,794,STATE_794,split,1.000,1,3,1,no,no,no,requires_manual,victory point province needs manual placement,split vp_review,split; province_overlap=7; tsr_overlap_rank=1/3; bsr_source_count=1
1723,STATE_1723,europe,176,STATE_176,split,1.000,1,3,1,no,no,no,requires_manual,victory point province needs manual placement,split vp_review,split; province_overlap=4; tsr_overlap_rank=2/2; bsr_source_count=1
1761,STATE_1761,europe,31,STATE_31,split,1.000,1,3,1,no,no,no,requires_manual,victory point province needs manual placement,split vp_review,split; province_overlap=1; tsr_overlap_rank=5/7; bsr_source_count=1
1986,STATE_1986,europe,973,STATE_973,split,1.000,1,3,1,no,no,no,requires_manual,victory point province needs manual placement,split vp_review,split; province_overlap=1; tsr_overlap_rank=2/2; bsr_source_count=1
2024,STATE_2024,europe,126,STATE_126,split,1.000,1,3,0,no,no,no,requires_manual,staged merge review issues remain,split,split; province_overlap=1; tsr_overlap_rank=2/2; bsr_source_count=1
33,STATE_33,europe,33,STATE_33,merge,0.778,2,2,0,no,no,no,requires_manual,staged merge review issues remain,merge,split+merge; province_overlap=7; tsr_overlap_rank=1/2; bsr_source_count=2
53,STATE_53,europe,53,STATE_53,split,1.000,1,2,1,no,no,no,requires_manual,victory point province needs manual placement,split vp_review,split; province_overlap=7; tsr_overlap_rank=1/2; bsr_source_count=1
58,STATE_58,europe,58,STATE_58,split,1.000,1,2,1,no,no,no,requires_manual,victory point province needs manual placement,split vp_review,split; province_overlap=3; tsr_overlap_rank=1/3; bsr_source_count=1
62,STATE_62,europe,62,STATE_62,split,1.000,1,2,1,no,no,no,requires_manual,victory point province needs manual placement,split vp_review,split; province_overlap=2; tsr_overlap_rank=2/4; bsr_source_count=1
123,STATE_123,europe,123,STATE_123,split,1.000,1,2,1,no,no,no,requires_manual,victory point province needs manual placement,split vp_review,split; province_overlap=2; tsr_overlap_rank=3/3; bsr_source_count=1
126,STATE_126,europe,126,STATE_126,split,1.000,1,2,1,no,no,no,requires_manual,victory point province needs manual placement,split vp_review,split; province_overlap=3; tsr_overlap_rank=1/2; bsr_source_count=1
154,STATE_154,europe,154,STATE_154,split,1.000,1,2,1,no,no,no,requires_manual,victory point province needs manual placement,split vp_review,split; province_overlap=7; tsr_overlap_rank=1/2; bsr_source_count=1
179,STATE_179,europe,179,STATE_179,split,1.000,1,2,1,no,no,no,requires_manual,victory point province needs manual placement,split vp_review,split; province_overlap=6; tsr_overlap_rank=1/3; bsr_source_count=1
800,STATE_800,europe,53,STATE_53,split,1.000,1,2,0,no,no,no,requires_manual,staged merge review issues remain,split,split; province_overlap=3; tsr_overlap_rank=2/2; bsr_source_count=1
822,STATE_822,europe,851,Var (Split-off from former Provence now Bouches-du-Rhône),split,1.000,2,2,0,no,no,no,requires_manual,staged merge review issues remain,split,split; province_overlap=3; tsr_overlap_rank=1/2; bsr_source_count=1
823,STATE_823,europe,735,STATE_735,merge,1.000,2,2,0,no,no,no,requires_manual,staged merge review issues remain,merge,merge; province_overlap=4; bsr_source_count=2
1055,STATE_1055,europe,793,STATE_793,split,1.000,1,2,0,no,no,no,requires_manual,staged merge review issues remain,split,split; province_overlap=10; tsr_overlap_rank=1/2; bsr_source_count=1
1133,STATE_1133,europe,794,STATE_794,split,1.000,1,2,0,no,no,no,requires_manual,staged merge review issues remain,split,split; province_overlap=6; tsr_overlap_rank=2/3; bsr_source_count=1
1903,STATE_1903,europe,909,STATE_909,split,1.000,1,2,0,no,no,no,requires_manual,staged merge review issues remain,split,split; province_overlap=2; tsr_overlap_rank=1/2; bsr_source_count=1
57,STATE_57,europe,57,STATE_57,split,1.000,1,1,0,no,no,no,requires_manual,staged merge review issues remain,split,split; province_overlap=7; tsr_overlap_rank=1/3; bsr_source_count=1
61,STATE_61,europe,61,STATE_61,merge,1.000,2,1,0,no,no,no,requires_manual,staged merge review issues remain,merge,merge; province_overlap=6; bsr_source_count=2
64,STATE_64,europe,,,new_bsr_state,1.000,1,1,0,no,no,no,requires_manual,new BSR state has no TSR overlay candidate,new_bsr_state,no TSR overlay candidate
100,STATE_100,europe,100,STATE_100,split,0.167,1,1,0,no,no,no,requires_manual,staged merge review issues remain,split,split; province_overlap=1; tsr_overlap_rank=2/2; bsr_source_count=1
134,STATE_134,europe,134,STATE_134,split,1.000,1,1,0,no,no,no,requires_manual,staged merge review issues remain,split,split; province_overlap=8; tsr_overlap_rank=1/2; bsr_source_count=1
163,STATE_163,europe,,,new_bsr_state,1.000,1,1,0,no,no,no,requires_manual,new BSR state has no TSR overlay candidate,new_bsr_state,no TSR overlay candidate
168,STATE_168,europe,168,STATE_168,split,1.000,1,1,0,no,no,no,requires_manual,staged merge review issues remain,split,split; province_overlap=5; tsr_overlap_rank=2/2; bsr_source_count=1
176,STATE_176,europe,176,STATE_176,split,1.000,1,1,0,no,no,no,requires_manual,staged merge review issues remain,split,split; province_overlap=9; tsr_overlap_rank=1/2; bsr_source_count=1
177,STATE_177,europe,177,STATE_177,split,1.000,1,1,0,no,no,no,requires_manual,staged merge review issues remain,split,split; province_overlap=2; tsr_overlap_rank=1/2; bsr_source_count=1
214,STATE_214,europe,,,new_bsr_state,1.000,4,1,0,no,no,no,requires_manual,new BSR state has no TSR overlay candidate,new_bsr_state,no TSR overlay candidate
242,STATE_242,europe,,,new_bsr_state,1.000,2,1,0,no,no,no,requires_manual,new BSR state has no TSR overlay candidate,new_bsr_state,no TSR overlay candidate
262,STATE_262,europe,,,new_bsr_state,1.000,2,1,0,no,no,no,requires_manual,new BSR state has no TSR overlay candidate,new_bsr_state,no TSR overlay candidate
516,STATE_516,asia,,,new_bsr_state,1.000,3,1,0,no,no,no,requires_manual,new BSR state has no TSR overlay candidate,new_bsr_state,no TSR overlay candidate
653,Sverdlovsk,asia,,,new_bsr_state,1.000,2,1,0,no,no,no,requires_manual,new BSR state has no TSR overlay candidate,new_bsr_state,no TSR overlay candidate
804,STATE_804,europe,,,new_bsr_state,1.000,2,1,0,no,no,no,requires_manual,new BSR state has no TSR overlay candidate,new_bsr_state,no TSR overlay candidate
811,STATE_811,europe,,,new_bsr_state,1.000,0,1,0,no,no,no,requires_manual,new BSR state has no TSR overlay candidate,new_bsr_state,no TSR overlay candidate
813,STATE_813,europe,,,new_bsr_state,1.000,3,1,0,no,no,no,requires_manual,new BSR state has no TSR overlay candidate,new_bsr_state,no TSR overlay candidate
821,STATE_821,europe,,,new_bsr_state,1.000,3,1,0,no,no,no,requires_manual,new BSR state has no TSR overlay candidate,new_bsr_state,no TSR overlay candidate
824,STATE_824,europe,,,new_bsr_state,1.000,2,1,0,no,no,no,requires_manual,new BSR state has no TSR overlay candidate,new_bsr_state,no TSR overlay candidate
825,STATE_825,europe,,,new_bsr_state,1.000,2,1,0,no,no,no,requires_manual,new BSR state has no TSR overlay candidate,new_bsr_state,no TSR overlay candidate
827,STATE_827,europe,,,new_bsr_state,1.000,1,1,0,no,no,no,requires_manual,new BSR state has no TSR overlay candidate,new_bsr_state,no TSR overlay candidate
828,STATE_828,europe,,,new_bsr_state,1.000,2,1,0,no,no,no,requires_manual,new BSR state has no TSR overlay candidate,new_bsr_state,no TSR overlay candidate
829,STATE_829,europe,,,new_bsr_state,1.000,3,1,0,no,no,no,requires_manual,new BSR state has no TSR overlay candidate,new_bsr_state,no TSR overlay candidate
831,STATE_831,europe,,,new_bsr_state,1.000,1,1,0,no,no,no,requires_manual,new BSR state has no TSR overlay candidate,new_bsr_state,no TSR overlay candidate
861,STATE_861,europe,,,new_bsr_state,1.000,1,1,0,no,no,no,requires_manual,new BSR state has no TSR overlay candidate,new_bsr_state,no TSR overlay candidate
875,STATE_875,middle_east,,,new_bsr_state,1.000,2,1,0,no,no,no,requires_manual,new BSR state has no TSR overlay candidate,new_bsr_state,no TSR overlay candidate
876,STATE_876,middle_east,,,new_bsr_state,1.000,2,1,0,no,no,no,requires_manual,new BSR state has no TSR overlay candidate,new_bsr_state,no TSR overlay candidate
883,STATE_883,europe,,,new_bsr_state,1.000,1,1,0,no,no,no,requires_manual,new BSR state has no TSR overlay candidate,new_bsr_state,no TSR overlay candidate
884,STATE_884,europe,,,new_bsr_state,1.000,1,1,0,no,no,no,requires_manual,new BSR state has no TSR overlay candidate,new_bsr_state,no TSR overlay candidate
890,STATE_890,europe,,,new_bsr_state,1.000,1,1,0,no,no,no,requires_manual,new BSR state has no TSR overlay candidate,new_bsr_state,no TSR overlay candidate
891,STATE_891,europe,,,new_bsr_state,1.000,1,1,0,no,no,no,requires_manual,new BSR state has no TSR overlay candidate,new_bsr_state,no TSR overlay candidate
927,STATE_927,europe,,,new_bsr_state,1.000,2,1,0,no,no,no,requires_manual,new BSR state has no TSR overlay candidate,new_bsr_state,no TSR overlay candidate
930,STATE_930,europe,,,new_bsr_state,1.000,2,1,0,no,no,no,requires_manual,new BSR state has no TSR overlay candidate,new_bsr_state,no TSR overlay candidate
948,STATE_948,europe,,,new_bsr_state,1.000,0,1,0,no,no,no,requires_manual,new BSR state has no TSR overlay candidate,new_bsr_state,no TSR overlay candidate
1000,STATE_1000,asia,,,new_bsr_state,1.000,2,1,0,no,no,no,requires_manual,new BSR state has no TSR overlay candidate,new_bsr_state,no TSR overlay candidate
1001,STATE_1001,middle_east,,,new_bsr_state,1.000,2,1,0,no,no,no,requires_manual,new BSR state has no TSR overlay candidate,new_bsr_state,no TSR overlay candidate
1003,STATE_1003,europe,,,new_bsr_state,1.000,0,1,0,no,no,no,requires_manual,new BSR state has no TSR overlay candidate,new_bsr_state,no TSR overlay candidate
1004,STATE_1004,europe,,,new_bsr_state,1.000,1,1,0,no,no,no,requires_manual,new BSR state has no TSR overlay candidate,new_bsr_state,no TSR overlay candidate
1067,STATE_1067,europe,,,new_bsr_state,1.000,2,1,0,no,no,no,requires_manual,new BSR state has no TSR overlay candidate,new_bsr_state,no TSR overlay candidate
1068,STATE_1068,europe,,,new_bsr_state,1.000,1,1,0,no,no,no,requires_manual,new BSR state has no TSR overlay candidate,new_bsr_state,no TSR overlay candidate
1120,STATE_1120,europe,,,new_bsr_state,1.000,2,1,0,no,no,no,requires_manual,new BSR state has no TSR overlay candidate,new_bsr_state,no TSR overlay candidate
1121,STATE_1121,europe,,,new_bsr_state,1.000,2,1,0,no,no,no,requires_manual,new BSR state has no TSR overlay candidate,new_bsr_state,no TSR overlay candidate
1132,STATE_1132,europe,,,new_bsr_state,1.000,2,1,0,no,no,no,requires_manual,new BSR state has no TSR overlay candidate,new_bsr_state,no TSR overlay candidate
1141,STATE_1141,europe,,,new_bsr_state,1.000,1,1,0,no,no,no,requires_manual,new BSR state has no TSR overlay candidate,new_bsr_state,no TSR overlay candidate
1161,STATE_1161,europe,,,new_bsr_state,1.000,2,1,0,no,no,no,requires_manual,new BSR state has no TSR overlay candidate,new_bsr_state,no TSR overlay candidate
1162,STATE_1162,europe,,,new_bsr_state,1.000,1,1,0,no,no,no,requires_manual,new BSR state has no TSR overlay candidate,new_bsr_state,no TSR overlay candidate
1164,STATE_1164,europe,,,new_bsr_state,1.000,1,1,0,no,no,no,requires_manual,new BSR state has no TSR overlay candidate,new_bsr_state,no TSR overlay candidate
1165,STATE_1165,europe,,,new_bsr_state,1.000,1,1,0,no,no,no,requires_manual,new BSR state has no TSR overlay candidate,new_bsr_state,no TSR overlay candidate
1166,STATE_1166,europe,,,new_bsr_state,1.000,1,1,0,no,no,no,requires_manual,new BSR state has no TSR overlay candidate,new_bsr_state,no TSR overlay candidate
1167,STATE_1167,asia,,,new_bsr_state,1.000,1,1,0,no,no,no,requires_manual,new BSR state has no TSR overlay candidate,new_bsr_state,no TSR overlay candidate
1168,STATE_1168,asia,,,new_bsr_state,1.000,1,1,0,no,no,no,requires_manual,new BSR state has no TSR overlay candidate,new_bsr_state,no TSR overlay candidate
1169,STATE_1169,asia,,,new_bsr_state,1.000,2,1,0,no,no,no,requires_manual,new BSR state has no TSR overlay candidate,new_bsr_state,no TSR overlay candidate
1212,STATE_1212,europe,,,new_bsr_state,1.000,0,1,0,no,no,no,requires_manual,new BSR state has no TSR overlay candidate,new_bsr_state,no TSR overlay candidate
1214,STATE_1214,africa,,,new_bsr_state,1.000,2,1,0,no,no,no,requires_manual,new BSR state has no TSR overlay candidate,new_bsr_state,no TSR overlay candidate
1224,STATE_1224,middle_east,,,new_bsr_state,1.000,2,1,0,no,no,no,requires_manual,new BSR state has no TSR overlay candidate,new_bsr_state,no TSR overlay candidate
1231,STATE_1231,europe,,,new_bsr_state,1.000,1,1,0,no,no,no,requires_manual,new BSR state has no TSR overlay candidate,new_bsr_state,no TSR overlay candidate
1251,STATE_1251,europe,,,new_bsr_state,1.000,1,1,0,no,no,no,requires_manual,new BSR state has no TSR overlay candidate,new_bsr_state,no TSR overlay candidate
1252,STATE_1252,europe,,,new_bsr_state,1.000,1,1,0,no,no,no,requires_manual,new BSR state has no TSR overlay candidate,new_bsr_state,no TSR overlay candidate
1255,STATE_1255,europe,,,new_bsr_state,1.000,4,1,0,no,no,no,requires_manual,new BSR state has no TSR overlay candidate,new_bsr_state,no TSR overlay candidate
1259,STATE_1259,europe,,,new_bsr_state,1.000,0,1,0,no,no,no,requires_manual,new BSR state has no TSR overlay candidate,new_bsr_state,no TSR overlay candidate
1262,STATE_1262,europe,,,new_bsr_state,1.000,0,1,0,no,no,no,requires_manual,new BSR state has no TSR overlay candidate,new_bsr_state,no TSR overlay candidate
1265,STATE_1265,europe,,,new_bsr_state,1.000,0,1,0,no,no,no,requires_manual,new BSR state has no TSR overlay candidate,new_bsr_state,no TSR overlay candidate
1266,STATE_1266,europe,,,new_bsr_state,1.000,0,1,0,no,no,no,requires_manual,new BSR state has no TSR overlay candidate,new_bsr_state,no TSR overlay candidate
1271,STATE_1271,europe,,,new_bsr_state,1.000,1,1,0,no,no,no,requires_manual,new BSR state has no TSR overlay candidate,new_bsr_state,no TSR overlay candidate
1284,STATE_1284,europe,,,new_bsr_state,1.000,0,1,0,no,no,no,requires_manual,new BSR state has no TSR overlay candidate,new_bsr_state,no TSR overlay candidate
1320,STATE_1320,europe,,,new_bsr_state,1.000,1,1,0,no,no,no,requires_manual,new BSR state has no TSR overlay candidate,new_bsr_state,no TSR overlay candidate
1322,STATE_1322,europe,,,new_bsr_state,1.000,0,1,0,no,no,no,requires_manual,new BSR state has no TSR overlay candidate,new_bsr_state,no TSR overlay candidate
1326,STATE_1326,europe,,,new_bsr_state,1.000,3,1,0,no,no,no,requires_manual,new BSR state has no TSR overlay candidate,new_bsr_state,no TSR overlay candidate
1346,STATE_1346,europe,,,new_bsr_state,1.000,0,1,0,no,no,no,requires_manual,new BSR state has no TSR overlay candidate,new_bsr_state,no TSR overlay candidate
1349,STATE_1349,europe,,,new_bsr_state,1.000,0,1,0,no,no,no,requires_manual,new BSR state has no TSR overlay candidate,new_bsr_state,no TSR overlay candidate
1360,STATE_1360,europe,,,new_bsr_state,1.000,2,1,0,no,no,no,requires_manual,new BSR state has no TSR overlay candidate,new_bsr_state,no TSR overlay candidate
1365,STATE_1365,europe,,,new_bsr_state,1.000,0,1,0,no,no,no,requires_manual,new BSR state has no TSR overlay candidate,new_bsr_state,no TSR overlay candidate
1371,STATE_1371,europe,,,new_bsr_state,1.000,2,1,0,no,no,no,requires_manual,new BSR state has no TSR overlay candidate,new_bsr_state,no TSR overlay candidate
1372,STATE_1372,europe,,,new_bsr_state,1.000,0,1,0,no,no,no,requires_manual,new BSR state has no TSR overlay candidate,new_bsr_state,no TSR overlay candidate
1377,STATE_1377,europe,,,new_bsr_state,1.000,0,1,0,no,no,no,requires_manual,new BSR state has no TSR overlay candidate,new_bsr_state,no TSR overlay candidate
1382,STATE_1382,europe,,,new_bsr_state,1.000,1,1,0,no,no,no,requires_manual,new BSR state has no TSR overlay candidate,new_bsr_state,no TSR overlay candidate
1388,STATE_1388,europe,,,new_bsr_state,1.000,0,1,0,no,no,no,requires_manual,new BSR state has no TSR overlay candidate,new_bsr_state,no TSR overlay candidate
1389,STATE_1389,europe,,,new_bsr_state,1.000,0,1,0,no,no,no,requires_manual,new BSR state has no TSR overlay candidate,new_bsr_state,no TSR overlay candidate
1390,STATE_1390,europe,,,new_bsr_state,1.000,1,1,0,no,no,no,requires_manual,new BSR state has no TSR overlay candidate,new_bsr_state,no TSR overlay candidate
1400,STATE_1400,europe,,,new_bsr_state,1.000,0,1,0,no,no,no,requires_manual,new BSR state has no TSR overlay candidate,new_bsr_state,no TSR overlay candidate
1410,STATE_1410,europe,,,new_bsr_state,1.000,0,1,0,no,no,no,requires_manual,new BSR state has no TSR overlay candidate,new_bsr_state,no TSR overlay candidate
1411,STATE_1411,europe,,,new_bsr_state,1.000,0,1,0,no,no,no,requires_manual,new BSR state has no TSR overlay candidate,new_bsr_state,no TSR overlay candidate
1414,STATE_1414,europe,,,new_bsr_state,1.000,0,1,0,no,no,no,requires_manual,new BSR state has no TSR overlay candidate,new_bsr_state,no TSR overlay candidate
1416,STATE_1416,europe,,,new_bsr_state,1.000,0,1,0,no,no,no,requires_manual,new BSR state has no TSR overlay candidate,new_bsr_state,no TSR overlay candidate
1417,STATE_1417,europe,,,new_bsr_state,1.000,0,1,0,no,no,no,requires_manual,new BSR state has no TSR overlay candidate,new_bsr_state,no TSR overlay candidate
1420,STATE_1420,asia,,,new_bsr_state,1.000,2,1,0,no,no,no,requires_manual,new BSR state has no TSR overlay candidate,new_bsr_state,no TSR overlay candidate
1429,STATE_1429,europe,,,new_bsr_state,1.000,1,1,0,no,no,no,requires_manual,new BSR state has no TSR overlay candidate,new_bsr_state,no TSR overlay candidate
1440,STATE_1440,europe,,,new_bsr_state,1.000,0,1,0,no,no,no,requires_manual,new BSR state has no TSR overlay candidate,new_bsr_state,no TSR overlay candidate
1451,STATE_1451,europe,,,new_bsr_state,1.000,0,1,0,no,no,no,requires_manual,new BSR state has no TSR overlay candidate,new_bsr_state,no TSR overlay candidate
1452,STATE_1452,europe,,,new_bsr_state,1.000,2,1,0,no,no,no,requires_manual,new BSR state has no TSR overlay candidate,new_bsr_state,no TSR overlay candidate
1483,STATE_1483,europe,,,new_bsr_state,1.000,0,1,0,no,no,no,requires_manual,new BSR state has no TSR overlay candidate,new_bsr_state,no TSR overlay candidate
1504,STATE_1504,europe,,,new_bsr_state,1.000,0,1,0,no,no,no,requires_manual,new BSR state has no TSR overlay candidate,new_bsr_state,no TSR overlay candidate
1505,STATE_1505,europe,,,new_bsr_state,1.000,0,1,0,no,no,no,requires_manual,new BSR state has no TSR overlay candidate,new_bsr_state,no TSR overlay candidate
1511,STATE_1511,europe,,,new_bsr_state,1.000,0,1,0,no,no,no,requires_manual,new BSR state has no TSR overlay candidate,new_bsr_state,no TSR overlay candidate
1512,STATE_1512,europe,,,new_bsr_state,1.000,0,1,0,no,no,no,requires_manual,new BSR state has no TSR overlay candidate,new_bsr_state,no TSR overlay candidate
1514,STATE_1514,asia,,,new_bsr_state,1.000,1,1,0,no,no,no,requires_manual,new BSR state has no TSR overlay candidate,new_bsr_state,no TSR overlay candidate
1516,STATE_1516,europe,,,new_bsr_state,1.000,0,1,0,no,no,no,requires_manual,new BSR state has no TSR overlay candidate,new_bsr_state,no TSR overlay candidate
1546,STATE_1546,europe,,,new_bsr_state,1.000,0,1,0,no,no,no,requires_manual,new BSR state has no TSR overlay candidate,new_bsr_state,no TSR overlay candidate
1547,STATE_1547,europe,,,new_bsr_state,1.000,0,1,0,no,no,no,requires_manual,new BSR state has no TSR overlay candidate,new_bsr_state,no TSR overlay candidate
1549,STATE_1549,europe,,,new_bsr_state,1.000,1,1,0,no,no,no,requires_manual,new BSR state has no TSR overlay candidate,new_bsr_state,no TSR overlay candidate
1551,STATE_1551,europe,,,new_bsr_state,1.000,0,1,0,no,no,no,requires_manual,new BSR state has no TSR overlay candidate,new_bsr_state,no TSR overlay candidate
1556,STATE_1556,europe,,,new_bsr_state,1.000,0,1,0,no,no,no,requires_manual,new BSR state has no TSR overlay candidate,new_bsr_state,no TSR overlay candidate
1583,STATE_1583,europe,,,new_bsr_state,1.000,0,1,0,no,no,no,requires_manual,new BSR state has no TSR overlay candidate,new_bsr_state,no TSR overlay candidate
1598,STATE_1598,europe,,,new_bsr_state,1.000,1,1,0,no,no,no,requires_manual,new BSR state has no TSR overlay candidate,new_bsr_state,no TSR overlay candidate
1603,STATE_1603,europe,,,new_bsr_state,1.000,0,1,0,no,no,no,requires_manual,new BSR state has no TSR overlay candidate,new_bsr_state,no TSR overlay candidate
1612,STATE_1612,europe,,,new_bsr_state,1.000,1,1,0,no,no,no,requires_manual,new BSR state has no TSR overlay candidate,new_bsr_state,no TSR overlay candidate
1639,STATE_1639,europe,,,new_bsr_state,1.000,2,1,0,no,no,no,requires_manual,new BSR state has no TSR overlay candidate,new_bsr_state,no TSR overlay candidate
1643,STATE_1643,europe,,,new_bsr_state,1.000,0,1,0,no,no,no,requires_manual,new BSR state has no TSR overlay candidate,new_bsr_state,no TSR overlay candidate
1653,STATE_1653,europe,,,new_bsr_state,1.000,4,1,0,no,no,no,requires_manual,new BSR state has no TSR overlay candidate,new_bsr_state,no TSR overlay candidate
1660,STATE_1660,europe,,,new_bsr_state,1.000,0,1,0,no,no,no,requires_manual,new BSR state has no TSR overlay candidate,new_bsr_state,no TSR overlay candidate
1673,STATE_1673,europe,,,new_bsr_state,1.000,0,1,0,no,no,no,requires_manual,new BSR state has no TSR overlay candidate,new_bsr_state,no TSR overlay candidate
1674,STATE_1674,europe,,,new_bsr_state,1.000,0,1,0,no,no,no,requires_manual,new BSR state has no TSR overlay candidate,new_bsr_state,no TSR overlay candidate
1680,STATE_1680,europe,,,new_bsr_state,1.000,0,1,0,no,no,no,requires_manual,new BSR state has no TSR overlay candidate,new_bsr_state,no TSR overlay candidate
1685,STATE_1685,europe,,,new_bsr_state,1.000,1,1,0,no,no,no,requires_manual,new BSR state has no TSR overlay candidate,new_bsr_state,no TSR overlay candidate
1703,STATE_1703,europe,,,new_bsr_state,1.000,1,1,0,no,no,no,requires_manual,new BSR state has no TSR overlay candidate,new_bsr_state,no TSR overlay candidate
1711,STATE_1711,europe,,,new_bsr_state,1.000,0,1,0,no,no,no,requires_manual,new BSR state has no TSR overlay candidate,new_bsr_state,no TSR overlay candidate
1735,impassable = yes #we do a substantial amount of trolling,europe,,,new_bsr_state,1.000,0,1,0,no,no,no,requires_manual,new BSR state has no TSR overlay candidate,new_bsr_state,no TSR overlay candidate
1736,impassable = yes #we do a substantial amount of trolling,europe,,,new_bsr_state,1.000,0,1,0,no,no,no,requires_manual,new BSR state has no TSR overlay candidate,new_bsr_state,no TSR overlay candidate
1765,STATE_1765,europe,,,new_bsr_state,1.000,0,1,0,no,no,no,requires_manual,new BSR state has no TSR overlay candidate,new_bsr_state,no TSR overlay candidate
1766,STATE_1766,europe,,,new_bsr_state,1.000,0,1,0,no,no,no,requires_manual,new BSR state has no TSR overlay candidate,new_bsr_state,no TSR overlay candidate
1770,STATE_1770,europe,,,new_bsr_state,1.000,0,1,0,no,no,no,requires_manual,new BSR state has no TSR overlay candidate,new_bsr_state,no TSR overlay candidate
1776,STATE_1776,europe,,,new_bsr_state,1.000,0,1,0,no,no,no,requires_manual,new BSR state has no TSR overlay candidate,new_bsr_state,no TSR overlay candidate
1795,STATE_1795,europe,,,new_bsr_state,1.000,1,1,0,no,no,no,requires_manual,new BSR state has no TSR overlay candidate,new_bsr_state,no TSR overlay candidate
1824,STATE_1824,europe,,,new_bsr_state,1.000,0,1,0,no,no,no,requires_manual,new BSR state has no TSR overlay candidate,new_bsr_state,no TSR overlay candidate
1864,STATE_1864,europe,,,new_bsr_state,1.000,0,1,0,no,no,no,requires_manual,new BSR state has no TSR overlay candidate,new_bsr_state,no TSR overlay candidate
1883,STATE_1883,europe,,,new_bsr_state,1.000,0,1,0,no,no,no,requires_manual,new BSR state has no TSR overlay candidate,new_bsr_state,no TSR overlay candidate
1927,STATE_1927,europe,,,new_bsr_state,1.000,0,1,0,no,no,no,requires_manual,new BSR state has no TSR overlay candidate,new_bsr_state,no TSR overlay candidate
1932,STATE_1932,europe,,,new_bsr_state,1.000,0,1,0,no,no,no,requires_manual,new BSR state has no TSR overlay candidate,new_bsr_state,no TSR overlay candidate
1933,STATE_1933,europe,,,new_bsr_state,1.000,0,1,0,no,no,no,requires_manual,new BSR state has no TSR overlay candidate,new_bsr_state,no TSR overlay candidate
1952,STATE_1952,europe,,,new_bsr_state,1.000,0,1,0,no,no,no,requires_manual,new BSR state has no TSR overlay candidate,new_bsr_state,no TSR overlay candidate
1953,STATE_1953,europe,,,new_bsr_state,1.000,0,1,0,no,no,no,requires_manual,new BSR state has no TSR overlay candidate,new_bsr_state,no TSR overlay candidate
1955,STATE_1955,europe,,,new_bsr_state,1.000,0,1,0,no,no,no,requires_manual,new BSR state has no TSR overlay candidate,new_bsr_state,no TSR overlay candidate
1956,STATE_1956,europe,,,new_bsr_state,1.000,0,1,0,no,no,no,requires_manual,new BSR state has no TSR overlay candidate,new_bsr_state,no TSR overlay candidate
1957,STATE_1957,europe,,,new_bsr_state,1.000,0,1,0,no,no,no,requires_manual,new BSR state has no TSR overlay candidate,new_bsr_state,no TSR overlay candidate
1958,STATE_1958,europe,,,new_bsr_state,1.000,0,1,0,no,no,no,requires_manual,new BSR state has no TSR overlay candidate,new_bsr_state,no TSR overlay candidate
1963,STATE_1963,europe,,,new_bsr_state,1.000,0,1,0,no,no,no,requires_manual,new BSR state has no TSR overlay candidate,new_bsr_state,no TSR overlay candidate
1966,STATE_1966,europe,,,new_bsr_state,1.000,0,1,0,no,no,no,requires_manual,new BSR state has no TSR overlay candidate,new_bsr_state,no TSR overlay candidate
1967,STATE_1967,europe,,,new_bsr_state,1.000,0,1,0,no,no,no,requires_manual,new BSR state has no TSR overlay candidate,new_bsr_state,no TSR overlay candidate
1971,STATE_1971,europe,,,new_bsr_state,1.000,0,1,0,no,no,no,requires_manual,new BSR state has no TSR overlay candidate,new_bsr_state,no TSR overlay candidate
1981,STATE_1981,europe,,,new_bsr_state,1.000,0,1,0,no,no,no,requires_manual,new BSR state has no TSR overlay candidate,new_bsr_state,no TSR overlay candidate
1982,STATE_1982,europe,,,new_bsr_state,1.000,0,1,0,no,no,no,requires_manual,new BSR state has no TSR overlay candidate,new_bsr_state,no TSR overlay candidate
1983,STATE_1983,europe,,,new_bsr_state,1.000,0,1,0,no,no,no,requires_manual,new BSR state has no TSR overlay candidate,new_bsr_state,no TSR overlay candidate
1984,STATE_1984,europe,,,new_bsr_state,1.000,1,1,0,no,no,no,requires_manual,new BSR state has no TSR overlay candidate,new_bsr_state,no TSR overlay candidate
1991,STATE_1991,europe,,,new_bsr_state,1.000,0,1,0,no,no,no,requires_manual,new BSR state has no TSR overlay candidate,new_bsr_state,no TSR overlay candidate
2001,STATE_2001,europe,,,new_bsr_state,1.000,0,1,0,no,no,no,requires_manual,new BSR state has no TSR overlay candidate,new_bsr_state,no TSR overlay candidate
2005,STATE_2005,middle_east,,,new_bsr_state,1.000,1,1,0,no,no,no,requires_manual,new BSR state has no TSR overlay candidate,new_bsr_state,no TSR overlay candidate
2008,STATE_2008,europe,,,new_bsr_state,1.000,0,1,0,no,no,no,requires_manual,new BSR state has no TSR overlay candidate,new_bsr_state,no TSR overlay candidate
2015,STATE_2015,europe,,,new_bsr_state,1.000,0,1,0,no,no,no,requires_manual,new BSR state has no TSR overlay candidate,new_bsr_state,no TSR overlay candidate
2028,STATE_2028,europe,,,new_bsr_state,1.000,0,1,0,no,no,no,requires_manual,new BSR state has no TSR overlay candidate,new_bsr_state,no TSR overlay candidate
2030,STATE_2030,europe,,,new_bsr_state,1.000,0,1,0,no,no,no,requires_manual,new BSR state has no TSR overlay candidate,new_bsr_state,no TSR overlay candidate
