tsr_state_id,tsr_state_name,bsr_state_id,bsr_state_name,mapping_type,confidence,notes,bsr_continent,tsr_owner,bsr_owner,tsr_controller,bsr_controller,tsr_cores,bsr_cores
2,Latium,2,STATE_2,split,1.000,split; province_overlap=2; tsr_overlap_rank=2/4; bsr_source_count=1,europe,ITA,ITA,,,ITA PAP,ITA
4,STATE_4,4,STATE_4,split,1.000,split; province_overlap=5; tsr_overlap_rank=1/3; bsr_source_count=1,europe,GER,AUS,GER,GER,AUS GER,AUS GER
5,STATE_5,5,STATE_5,split,1.000,split; province_overlap=6; tsr_overlap_rank=1/4; bsr_source_count=1,europe,GER,GER,,GER,GER PRE,GER POL PRE
7,STATE_7,7,STATE_7,split,1.000,split; province_overlap=4; tsr_overlap_rank=1/2; bsr_source_count=1,europe,HOL,HOL,,GER,HOL,HOL
808,STATE_808,12,STATE_12,split,1.000,split; province_overlap=1; tsr_overlap_rank=2/2; bsr_source_count=1,europe,RUS,LAT,,SOV,LAT,LAT LIV
812,STATE_812,13,STATE_13,merge,1.000,merge; province_overlap=4; bsr_source_count=3,europe,RUS,EST,,SOV,EST,EST
19,STATE_19,19,STATE_19,merge,1.000,merge; province_overlap=5; bsr_source_count=2,europe,FRA,FRA,,GER,FRA OCC,FRA OCC
21,Bouches-du-Rhône (Formerly Provence before Var split off),21,STATE_21,split,1.000,split; province_overlap=2; tsr_overlap_rank=2/3; bsr_source_count=1,europe,FRA,FRA,,,FRA OCC,FRA OCC
26,Auveregne,26,STATE_26,split,1.000,split; province_overlap=10; tsr_overlap_rank=1/2; bsr_source_count=1,europe,FRA,FRA,,,FRA OCC,FRA OCC
27,Bourgogne,27,STATE_27,split,1.000,split; province_overlap=2; tsr_overlap_rank=1/8; bsr_source_count=1,europe,FRA,FRA,,GER,FRA,BGN FRA
29,STATE_29,29,STATE_29,split,1.000,split; province_overlap=3; tsr_overlap_rank=1/5; bsr_source_count=1,europe,BEL,FRA,,GER,FRA,FRA
30,STATE_30,30,STATE_30,split,1.000,split; province_overlap=3; tsr_overlap_rank=3/4; bsr_source_count=1,europe,FRA,FRA,,GER,FRA,FRA
32,STATE_32,32,STATE_32,split,1.000,split; province_overlap=4; tsr_overlap_rank=1/3; bsr_source_count=1,europe,FRA,FRA,,,FRA OCC,FRA
34,STATE_34,34,STATE_34,split,1.000,split; province_overlap=2; tsr_overlap_rank=2/2; bsr_source_count=1,europe,BEL,BEL,,GER,BEL,BEL BRB WLL
35,STATE_35,35,STATE_35,split,1.000,split; province_overlap=2; tsr_overlap_rank=1/5; bsr_source_count=1,europe,HOL,HOL,,GER,HOL,BRB HOL
36,STATE_36,36,STATE_36,split,1.000,split; province_overlap=1; tsr_overlap_rank=4/5; bsr_source_count=1,europe,HOL,HOL,,GER,HOL,FRS HOL
918,Västerbotten,38,STATE_38,merge,1.000,merge; province_overlap=34; bsr_source_count=2,europe,SWE,SWE,,,SMI SWE,SWE
39,(South Tyrol) Alto Adige,39,STATE_39,split,1.000,split; province_overlap=3; tsr_overlap_rank=1/3; bsr_source_count=1,europe,GER,ITA,,,GER ITA LBV,AUS ITA
42,STATE_42,42,STATE_42,split,1.000,split; province_overlap=3; tsr_overlap_rank=1/5; bsr_source_count=1,europe,GER,GER,,,GER PRE RHI,BAY GER RHI
43,Northern Hungary,43,Northern Hungary,split,1.000,split; province_overlap=4; tsr_overlap_rank=2/2; bsr_source_count=1,europe,HUN,HUN,,,HUN,HUN
45,STATE_45,45,STATE_45,split,1.000,split; province_overlap=2; tsr_overlap_rank=1/3; bsr_source_count=1,europe,HUN,YUG,,HUN,SER YUG,SER VOJ YUG
46,Muntenia,46,STATE_46,split,1.000,split; province_overlap=9; tsr_overlap_rank=1/3; bsr_source_count=1,europe,ROM,ROM,,,ROM,ROM
47,Thessaly,47,STATE_47,split,1.000,split; province_overlap=1; tsr_overlap_rank=3/6; bsr_source_count=1,europe,GRE,GRE,,GER,GRE,GRE
48,STATE_48,48,STATE_48,split,1.000,split; province_overlap=5; tsr_overlap_rank=1/3; bsr_source_count=1,europe,BUL,BUL,BUL,,BUL,BUL
50,Württemberg,50,STATE_50,split,1.000,split; province_overlap=3; tsr_overlap_rank=2/6; bsr_source_count=1,europe,GER,GER,,,GER WUR,GER WUR
51,STATE_51,51,STATE_51,split,1.000,split; province_overlap=1; tsr_overlap_rank=5/5; bsr_source_count=1,europe,GER,GER,,,GER PRE RHI,GER PRE RHI
52,STATE_52,52,STATE_52,split,1.000,split; province_overlap=9; tsr_overlap_rank=1/4; bsr_source_count=1,europe,GER,GER,,,BAY GER,BAY GER
53,STATE_53,53,STATE_53,split,1.000,split; province_overlap=7; tsr_overlap_rank=1/2; bsr_source_count=1,europe,GER,GER,,,BAY GER,BAY GER
55,STATE_55,55,STATE_55,split,1.000,split; province_overlap=7; tsr_overlap_rank=1/6; bsr_source_count=1,europe,GER,GER,,,GER HES PRE,GER HES PRE
57,STATE_57,57,STATE_57,split,1.000,split; province_overlap=7; tsr_overlap_rank=1/3; bsr_source_count=1,europe,GER,GER,,,GER HAN PRE,GER HAN PRE
58,STATE_58,58,STATE_58,split,1.000,split; province_overlap=3; tsr_overlap_rank=1/3; bsr_source_count=1,europe,GER,GER,,,GER PRE SHL,GER PRE SHL
58,STATE_58,59,STATE_59,split,1.000,split; province_overlap=1; tsr_overlap_rank=3/3; bsr_source_count=1,europe,GER,GER,,,GER PRE SHL,GER HAN PRE
60,STATE_60,60,STATE_60,split,1.000,split; province_overlap=6; tsr_overlap_rank=1/2; bsr_source_count=1,europe,GER,GER,,,GER THU,GER PRE THU
61,STATE_61,61,STATE_61,merge,1.000,merge; province_overlap=6; bsr_source_count=2,europe,GER,GER,,,GER MEK,GER MEK
62,STATE_62,62,STATE_62,split,1.000,split; province_overlap=2; tsr_overlap_rank=2/4; bsr_source_count=1,europe,GER,GER,,,GER PRE,GER PRE
63,STATE_63,63,STATE_63,split,1.000,split; province_overlap=2; tsr_overlap_rank=1/9; bsr_source_count=1,europe,GER,GER,,,GER KSH PRE,GER PRE
299,STATE_299,64,STATE_64,manual,1.000,incompatible province overlap rejected for automatic overlay; province_overlap=1; tsr_tags=ENG; bsr_tags=GER PRE,europe,ENG,GER,,,,GER PRE
65,STATE_65,65,STATE_65,split,1.000,split; province_overlap=2; tsr_overlap_rank=2/6; bsr_source_count=1,europe,GER,GER,,,GER SAX,GER SAX
67,STATE_67,67,STATE_67,split,1.000,split; province_overlap=1; tsr_overlap_rank=5/5; bsr_source_count=1,europe,GER,GER,,,GER PRE SIL,GER POL PRE SIL
68,STATE_68,68,STATE_68,split,1.000,split; province_overlap=2; tsr_overlap_rank=1/6; bsr_source_count=1,europe,GER,GER,,,GER PRE,GER PRE
69,STATE_69,69,STATE_69,split,1.000,split; province_overlap=6; tsr_overlap_rank=1/2; bsr_source_count=1,europe,GER,CZE,GER,GER,CZE GER,CZE GER
70,STATE_70,70,STATE_70,split,1.000,split; province_overlap=1; tsr_overlap_rank=3/3; bsr_source_count=1,europe,HUN,CZE,HUN,SLO,SLO,CZE SLO
71,STATE_71,71,STATE_71,split,1.000,split; province_overlap=3; tsr_overlap_rank=2/3; bsr_source_count=1,europe,HUN,CZE,HUN,SLO,SLO,CZE SLO
72,STATE_72,72,STATE_72,split,1.000,split; province_overlap=1; tsr_overlap_rank=1/2; bsr_source_count=1,europe,CZE,CZE,POL,POL,CZE,CZE MRV POL
73,STATE_73,73,STATE_73,split,1.000,split; province_overlap=4; tsr_overlap_rank=1/2; bsr_source_count=1,europe,HUN,CZE,HUN,HUN,HUN SLO UKR,CZE HUN SLO UKR
74,STATE_74,74,STATE_74,split,1.000,split; province_overlap=3; tsr_overlap_rank=1/2; bsr_source_count=1,europe,GER,CZE,GER,GER,CZE GER,CZE GER MRV
78,STATE_78,78,STATE_78,split,1.000,split; province_overlap=7; tsr_overlap_rank=1/3; bsr_source_count=1,europe,RUS,ROM,,SOV,MOL ROM,MOL ROM
79,STATE_79,79,STATE_79,split,1.000,split; province_overlap=12; tsr_overlap_rank=1/3; bsr_source_count=1,europe,ROM,ROM,,,ROM,ROM
86,STATE_86,86,STATE_86,split,1.000,split; province_overlap=4; tsr_overlap_rank=1/6; bsr_source_count=1,europe,GER,POL,,GER,GER POL,POL
89,STATE_89,89,STATE_89,split,1.000,split; province_overlap=4; tsr_overlap_rank=1/3; bsr_source_count=1,europe,RUS,POL,,SOV,POL UKR,GAL POL UKR
94,STATE_94,94,STATE_94,split,1.000,split; province_overlap=3; tsr_overlap_rank=1/9; bsr_source_count=1,europe,RUS,POL,,SOV,BLR POL,BLR POL
97,STATE_97,97,STATE_97,split,1.000,split; province_overlap=4; tsr_overlap_rank=1/6; bsr_source_count=1,europe,RUS,POL,,SOV,BLR POL,POL
103,Dalmatia,103,STATE_103,split,1.000,split; province_overlap=2; tsr_overlap_rank=2/4; bsr_source_count=1,europe,YUG,YUG,,CRO,CRO YUG,CRO YUG
104,STATE_104,104,STATE_104,split,1.000,split; province_overlap=3; tsr_overlap_rank=2/8; bsr_source_count=1,europe,YUG,YUG,,CRO,BOS YUG,BOS YUG
105,STATE_105,105,STATE_105,split,1.000,split; province_overlap=2; tsr_overlap_rank=2/3; bsr_source_count=1,europe,YUG,YUG,,MNT,MNT YUG,MNT YUG
106,STATE_106,106,STATE_106,split,1.000,split; province_overlap=4; tsr_overlap_rank=1/3; bsr_source_count=1,europe,YUG,YUG,,BUL,MAC YUG,MAC YUG
109,Croatia,109,STATE_109,split,1.000,split; province_overlap=7; tsr_overlap_rank=1/4; bsr_source_count=1,europe,YUG,YUG,,CRO,CRO YUG,CRO YUG
111,UUSIMA,111,Uusimaa,split,1.000,split; province_overlap=6; tsr_overlap_rank=1/3; bsr_source_count=1,europe,RUS,FIN,RUS,,FIN,FIN
113,Leinster,113,Leinster,split,1.000,split; province_overlap=7; tsr_overlap_rank=1/2; bsr_source_count=1,europe,IRE,IRE,,,IRE,IRE
119,STATE_119,119,STATE_119,split,1.000,split; province_overlap=2; tsr_overlap_rank=2/4; bsr_source_count=1,europe,IRE,ENG,,,ENG IRE NIR,ENG IRE NIR
123,STATE_123,123,STATE_123,split,1.000,split; province_overlap=2; tsr_overlap_rank=3/3; bsr_source_count=1,europe,ENG,ENG,,,ENG,ENG
126,STATE_126,126,STATE_126,split,1.000,split; province_overlap=3; tsr_overlap_rank=1/2; bsr_source_count=1,europe,ENG,ENG,,,ENG,ENG
127,Sussex,127,Sussex,split,1.000,split; province_overlap=5; tsr_overlap_rank=1/2; bsr_source_count=1,europe,ENG,ENG,,,ENG,ENG
128,STATE_128,128,STATE_128,split,1.000,split; province_overlap=3; tsr_overlap_rank=2/3; bsr_source_count=1,europe,ENG,ENG,,,ENG,ENG
129,STATE_129,129,STATE_129,split,1.000,split; province_overlap=4; tsr_overlap_rank=1/2; bsr_source_count=1,europe,ENG,ENG,,,ENG,ENG
134,STATE_134,134,STATE_134,split,1.000,split; province_overlap=8; tsr_overlap_rank=1/2; bsr_source_count=1,europe,IRE,IRE,,,IRE,IRE
137,STATE_137,137,STATE_137,split,1.000,split; province_overlap=3; tsr_overlap_rank=2/3; bsr_source_count=1,europe,RUS,SOV,,,CRI RUS,CRI SOV
138,STATE_138,138,STATE_138,split,1.000,split; province_overlap=9; tsr_overlap_rank=1/2; bsr_source_count=1,europe,SWE,SWE,,,SWE,SWE
139,STATE_139,139,STATE_139,merge,1.000,merge; province_overlap=13; bsr_source_count=2,europe,SWE,SWE,,,SWE,SWE
140,Västra Götaland,140,STATE_140,split,1.000,split; province_overlap=7; tsr_overlap_rank=1/2; bsr_source_count=1,europe,SWE,SWE,,,SWE,SWE
141,Svealand,141,STATE_141,split,1.000,split; province_overlap=12; tsr_overlap_rank=1/2; bsr_source_count=1,europe,SWE,SWE,,,SWE,SWE
146,KARJALA,146,STATE_146,split,1.000,split; province_overlap=9; tsr_overlap_rank=1/4; bsr_source_count=1,europe,RUS,FIN,RUS,SOV,FIN KAR,FIN KAR
148,LAPPI,148,STATE_148,split,1.000,split; province_overlap=15; tsr_overlap_rank=1/3; bsr_source_count=1,europe,RUS,FIN,RUS,,FIN SMI,FIN
152,STATE_152,152,STATE_152,split,1.000,split; province_overlap=2; tsr_overlap_rank=1/4; bsr_source_count=1,europe,GER,AUS,GER,GER,AUS GER,AUS GER
154,STATE_154,154,STATE_154,split,1.000,split; province_overlap=7; tsr_overlap_rank=1/2; bsr_source_count=1,europe,HUN,HUN,,,HUN,HUN
155,North Transdanubia,155,STATE_155,split,1.000,split; province_overlap=7; tsr_overlap_rank=1/3; bsr_source_count=1,europe,HUN,HUN,,,HUN,HUN
157,STATE_157,157,STATE_157,split,1.000,split; province_overlap=2; tsr_overlap_rank=3/5; bsr_source_count=1,europe,ITA,ITA,,,ITA PAP,ITA
158,STATE_158,158,STATE_158,split,1.000,split; province_overlap=4; tsr_overlap_rank=2/6; bsr_source_count=1,europe,ITA,ITA,,,ITA SPM,ITA SRD
159,STATE_159,159,STATE_159,split,1.000,split; province_overlap=5; tsr_overlap_rank=1/4; bsr_source_count=1,europe,ITA,ITA,,,ITA LBV,ITA VEC
160,STATE_160,160,STATE_160,split,1.000,split; province_overlap=4; tsr_overlap_rank=1/3; bsr_source_count=1,europe,ITA,ITA,,,ITA LBV,ITA VEC
161,STATE_161,161,STATE_161,split,1.000,split; province_overlap=3; tsr_overlap_rank=1/4; bsr_source_count=1,europe,ITA,ITA,,,ITA PAP,ITA
162,STATE_162,162,STATE_162,split,1.000,split; province_overlap=8; tsr_overlap_rank=1/3; bsr_source_count=1,europe,ITA,ITA,,,ITA TOS,ITA TUS
120,STATE_120,163,STATE_163,manual,1.000,incompatible province overlap rejected for automatic overlay; province_overlap=1; tsr_tags=ENG SCO; bsr_tags=CRO ITA YUG,europe,ENG,ITA,,,ENG SCO,CRO ITA YUG
166,STATE_166,166,STATE_166,split,1.000,split; province_overlap=7; tsr_overlap_rank=1/2; bsr_source_count=1,europe,SPR,SPR,,,SPR,SPR
168,STATE_168,168,STATE_168,split,1.000,split; province_overlap=5; tsr_overlap_rank=2/2; bsr_source_count=1,europe,SPR,SPR,,,SPR,SPR
171,STATE_171,171,STATE_171,merge,1.000,merge; province_overlap=13; bsr_source_count=2,europe,SPR,SPR,,,GLC SPR,GLC SPR
176,STATE_176,176,STATE_176,split,1.000,split; province_overlap=9; tsr_overlap_rank=1/2; bsr_source_count=1,europe,SPR,SPR,,,SPR,SPR
177,STATE_177,177,STATE_177,split,1.000,split; province_overlap=2; tsr_overlap_rank=1/2; bsr_source_count=1,europe,SPR,SPR,,,SPR,SPR
179,STATE_179,179,STATE_179,split,1.000,split; province_overlap=6; tsr_overlap_rank=1/3; bsr_source_count=1,europe,POR,POR,,,POR,POR
180,STATE_180,180,STATE_180,split,1.000,split; province_overlap=2; tsr_overlap_rank=2/2; bsr_source_count=1,europe,POR,POR,,,POR,POR
182,STATE_182,182,STATE_182,split,1.000,split; province_overlap=3; tsr_overlap_rank=1/2; bsr_source_count=1,europe,GRE,GRE,,GER,GRE,CRT GRE
183,STATE_183,183,STATE_183,split,1.000,split; province_overlap=1; tsr_overlap_rank=2/2; bsr_source_count=1,europe,GRE,ENG,GRE,,CYP GRE,CYP
187,STATE_187,187,STATE_187,split,1.000,split; province_overlap=1; tsr_overlap_rank=1/3; bsr_source_count=1,europe,GRE,GRE,,ITA,GRE,GRE
190,STATE_190,190,STATE_190,merge,1.000,merge; province_overlap=6; bsr_source_count=2,europe,RUS,LAT,,SOV,LAT,COU LAT
191,STATE_191,191,STATE_191,merge,1.000,merge; province_overlap=5; bsr_source_count=3,europe,RUS,EST,,SOV,EST,EST LIV
192,STATE_192,192,STATE_192,merge,1.000,merge; province_overlap=6; bsr_source_count=2,europe,RUS,SOV,,,RUS UKR,SOV UKR
193,Chernihiv,193,STATE_193,split,1.000,split; province_overlap=5; tsr_overlap_rank=1/5; bsr_source_count=1,europe,RUS,SOV,,,RUS UKR,SOV UKR
196,STATE_196,196,STATE_196,split,1.000,split; province_overlap=7; tsr_overlap_rank=1/2; bsr_source_count=1,europe,RUS,SOV,,,CRI RUS UKR,SOV UKR
197,STATE_197,197,STATE_197,merge,1.000,merge; province_overlap=8; bsr_source_count=2,europe,RUS,SOV,,,RUS UKR,SOV UKR
198,STATE_198,198,STATE_198,split,1.000,split; province_overlap=2; tsr_overlap_rank=2/4; bsr_source_count=1,europe,RUS,SOV,,,RUS UKR,SOV UKR
199,STATE_199,199,STATE_199,split,1.000,split; province_overlap=1; tsr_overlap_rank=3/4; bsr_source_count=1,europe,RUS,SOV,,,RUS UKR,SOV UKR
202,STATE_202,202,STATE_202,split,1.000,split; province_overlap=2; tsr_overlap_rank=3/5; bsr_source_count=1,europe,RUS,SOV,,,RUS UKR,SOV UKR
203,STATE_203,203,STATE_203,split,1.000,split; province_overlap=10; tsr_overlap_rank=1/3; bsr_source_count=1,europe,RUS,SOV,,,RUS UKR,SOV UKR
207,STATE_207,207,STATE_207,split,1.000,split; province_overlap=5; tsr_overlap_rank=1/6; bsr_source_count=1,europe,RUS,SOV,,,BLR RUS,BLR SOV
211,STATE_211,211,STATE_211,split,1.000,split; province_overlap=4; tsr_overlap_rank=1/2; bsr_source_count=1,europe,BUL,BUL,BUL,,BUL,BUL
212,STATE_212,212,STATE_212,split,1.000,split; province_overlap=6; tsr_overlap_rank=1/4; bsr_source_count=1,europe,BUL,BUL,BUL,,BUL,BUL
221,STATE_221,221,STATE_221,merge,1.000,merge; province_overlap=11; bsr_source_count=2,europe,RUS,SOV,,,RUS UKR,SOV UKR
226,Dnipropertovsk,226,STATE_226,split,1.000,split; province_overlap=7; tsr_overlap_rank=1/2; bsr_source_count=1,europe,RUS,SOV,,,RUS UKR,SOV UKR
227,STATE_227,227,STATE_227,split,1.000,split; province_overlap=8; tsr_overlap_rank=1/2; bsr_source_count=1,europe,RUS,SOV,,,RUS UKR,SOV UKR
229,STATE_229,229,STATE_229,split,1.000,split; province_overlap=7; tsr_overlap_rank=1/6; bsr_source_count=1,europe,RUS,SOV,,,AZR RUS,AZR SOV
230,STATE_230,230,STATE_230,split,1.000,split; province_overlap=3; tsr_overlap_rank=1/4; bsr_source_count=1,europe,RUS,SOV,,,ARM RUS,ARM SOV
231,STATE_231,231,STATE_231,split,1.000,split; province_overlap=3; tsr_overlap_rank=3/7; bsr_source_count=1,europe,RUS,SOV,,,GEO RUS,GEO SOV
241,Gomel,241,Gomel,split,1.000,split; province_overlap=1; tsr_overlap_rank=2/3; bsr_source_count=1,europe,RUS,SOV,,,BLR RUS,BLR SOV
825,Nenets,262,STATE_262,manual,1.000,incompatible province overlap rejected for automatic overlay; province_overlap=9; tsr_tags=NEN RUS; bsr_tags=SOV,europe,RUS,SOV,,,NEN RUS,SOV
338,STATE_338,338,STATE_338,split,1.000,split; province_overlap=4; tsr_overlap_rank=1/3; bsr_source_count=1,europe,ENG,ENG,,,ENG,ENG
405,Tashkent,405,STATE_405,split,1.000,split; province_overlap=2; tsr_overlap_rank=1/3; bsr_source_count=1,asia,RUS,SOV,,,RUS UZB,KOK SOV UZB
406,Gurev,406,STATE_406,split,1.000,split; province_overlap=9; tsr_overlap_rank=2/2; bsr_source_count=1,europe,RUS,SOV,,,KAZ RUS,KAZ SOV
407,STATE_407,407,STATE_407,split,1.000,split; province_overlap=25; tsr_overlap_rank=1/2; bsr_source_count=1,europe,RUS,SOV,,,KAZ RUS,KAZ SOV
408,STATE_408,408,STATE_408,split,1.000,split; province_overlap=1; tsr_overlap_rank=2/2; bsr_source_count=1,asia,RUS,SOV,,,FER RUS VLA,FER RUS SIB SOV
409,STATE_409,409,STATE_409,split,1.000,split; province_overlap=24; tsr_overlap_rank=1/2; bsr_source_count=1,asia,RUS,SOV,,,FER RUS VLA,FER SIB SOV
560,Nikolayevsk,560,STATE_560,split,1.000,split; province_overlap=11; tsr_overlap_rank=1/2; bsr_source_count=1,asia,RUS,SOV,,,FER RUS,FER SIB SOV
561,Amur,561,STATE_561,split,1.000,split; province_overlap=8; tsr_overlap_rank=1/2; bsr_source_count=1,asia,RUS,SOV,,,FER RUS,FER SIB SOV
562,Okhotsk,562,Okhotsk,merge,1.000,merge; province_overlap=11; bsr_source_count=2,asia,RUS,SOV,,,FER RUS,FER SIB SOV
874,Magadan,562,Okhotsk,merge,1.000,merge; province_overlap=3; bsr_source_count=2,asia,RUS,SOV,,,FER RUS,FER SIB SOV
563,Chita,563,STATE_563,merge,1.000,merge; province_overlap=21; bsr_source_count=2,asia,RUS,SOV,,,FER RUS,FER SIB SOV
583,STATE_583,583,STATE_583,split,1.000,split; province_overlap=17; tsr_overlap_rank=1/3; bsr_source_count=1,asia,RUS,SOV,,,KAZ RUS,KAZ SOV
584,STATE_584,584,STATE_584,split,1.000,split; province_overlap=4; tsr_overlap_rank=3/6; bsr_source_count=1,asia,RUS,SOV,,,RUS TMS,SOV TMS
586,STATE_586,586,STATE_586,merge,1.000,merge; province_overlap=10; bsr_source_count=2,asia,RUS,SOV,,,KAZ RUS,KAZ SOV
882,Pavlodar,588,STATE_588,merge,1.000,merge; province_overlap=9; bsr_source_count=2,asia,RUS,SOV,,,KAZ RUS,KAZ SOV
590,Akmolinsk,590,Akmolinsk,merge,1.000,merge; province_overlap=28; bsr_source_count=2,asia,RUS,SOV,,,KAZ RUS,KAZ SOV
644,Kolyma,644,STATE_644,merge,1.000,merge; province_overlap=6; bsr_source_count=2,asia,RUS,SOV,,,RUS YAK,SIB SOV YAK
822,Chukotka,644,STATE_644,manual,1.000,incompatible province overlap rejected for automatic overlay; province_overlap=4; tsr_tags=CKK FER RUS; bsr_tags=SIB SOV YAK,asia,RUS,SOV,,,CKK FER RUS,SIB SOV YAK
664,STATE_664,664,STATE_664,split,1.000,split; province_overlap=4; tsr_overlap_rank=1/2; bsr_source_count=1,europe,HUN,CZE,HUN,HUN,HUN SLO,CZE HUN SLO
666,STATE_666,666,STATE_666,split,1.000,split; province_overlap=23; tsr_overlap_rank=1/2; bsr_source_count=1,europe,SWE,SWE,,,SMI SWE,SWE
732,STATE_732,732,STATE_732,split,1.000,split; province_overlap=11; tsr_overlap_rank=1/2; bsr_source_count=1,asia,RUS,SOV,,,KYR RUS,KOK KYR SOV
1066,STATE_1066,735,STATE_735,manual,1.000,incompatible province overlap rejected for automatic overlay; province_overlap=3; tsr_tags=ITA; bsr_tags=FRA SRD,europe,ITA,FRA,ITA,,ITA,FRA SRD
852,Dalmatia,736,STATE_736,split,1.000,split; province_overlap=1; tsr_overlap_rank=2/2; bsr_source_count=1,europe,ITA,ITA,,,CRO ITA LBV YUG,CRO ITA YUG
742,STATE_742,742,STATE_742,split,1.000,split; province_overlap=7; tsr_overlap_rank=1/3; bsr_source_count=1,asia,RUS,SOV,,,BUK RUS TAJ,SOV TAJ
763,STATE_763,763,STATE_763,split,1.000,split; province_overlap=2; tsr_overlap_rank=2/3; bsr_source_count=1,europe,GER,GER,,GER,GER PRE,GER PRE
764,STATE_764,764,STATE_764,split,1.000,split; province_overlap=3; tsr_overlap_rank=1/2; bsr_source_count=1,europe,HUN,YUG,HUN,GER,SER TRA YUG,BNT SER VOJ YUG
766,STATE_766,766,STATE_766,split,1.000,split; province_overlap=2; tsr_overlap_rank=2/2; bsr_source_count=1,europe,RUS,ROM,,SOV,MOL ROM UKR,MOL ROM UKR
784,STATE_784,784,STATE_784,split,1.000,split; province_overlap=2; tsr_overlap_rank=1/3; bsr_source_count=1,europe,RUS,POL,,SOV,LIT POL,LIT POL
51,STATE_51,788,STATE_788,split,1.000,split; province_overlap=2; tsr_overlap_rank=2/5; bsr_source_count=1,europe,GER,GER,,,GER PRE RHI,GER HAN PRE RHI
42,STATE_42,789,STATE_789,split,1.000,split; province_overlap=2; tsr_overlap_rank=2/5; bsr_source_count=1,europe,GER,GER,,,GER PRE RHI,GER RHI SAR
55,STATE_55,790,STATE_790,split,1.000,split; province_overlap=2; tsr_overlap_rank=3/6; bsr_source_count=1,europe,GER,GER,,,GER HES PRE,GER HES PRE
64,STATE_64,794,STATE_794,split,1.000,split; province_overlap=6; tsr_overlap_rank=1/6; bsr_source_count=1,europe,GER,GER,,,GER PRE,GER PRE
65,STATE_65,795,STATE_795,split,1.000,split; province_overlap=5; tsr_overlap_rank=1/6; bsr_source_count=1,europe,GER,GER,,,GER SAX,GER SAX
63,STATE_63,797,STATE_797,split,1.000,split; province_overlap=1; tsr_overlap_rank=7/9; bsr_source_count=1,europe,GER,GER,,,GER KSH PRE,GER PRE
52,STATE_52,798,STATE_798,split,1.000,split; province_overlap=1; tsr_overlap_rank=3/4; bsr_source_count=1,europe,GER,GER,,,BAY GER,BAY GER
53,STATE_53,800,STATE_800,split,1.000,split; province_overlap=3; tsr_overlap_rank=2/2; bsr_source_count=1,europe,GER,GER,,,BAY GER,BAY GER
66,STATE_66,801,STATE_801,split,1.000,split; province_overlap=2; tsr_overlap_rank=4/7; bsr_source_count=1,europe,GER,GER,,,GER PRE SIL,GER PRE SIL
66,STATE_66,802,STATE_802,split,1.000,split; province_overlap=1; tsr_overlap_rank=6/7; bsr_source_count=1,europe,GER,GER,,,GER PRE SIL,GER PRE SIL
67,STATE_67,803,STATE_803,split,1.000,split; province_overlap=1; tsr_overlap_rank=4/5; bsr_source_count=1,europe,GER,GER,,,GER PRE SIL,GER POL PRE SIL
4,STATE_4,807,STATE_807,split,1.000,split; province_overlap=2; tsr_overlap_rank=3/3; bsr_source_count=1,europe,GER,AUS,GER,GER,AUS GER,AUS GER
973,STATE_973,809,STATE_809,split,1.000,split; province_overlap=2; tsr_overlap_rank=1/2; bsr_source_count=1,europe,HUN,HUN,,,HUN,HUN
18,STATE_18,815,STATE_815,split,1.000,split; province_overlap=1; tsr_overlap_rank=5/5; bsr_source_count=1,europe,FRA,FRA,,GER,FRA,FRA
849,STATE_849,816,STATE_816,split,1.000,split; province_overlap=3; tsr_overlap_rank=2/2; bsr_source_count=1,europe,ITA,ITA,,,ITA TTS,ITA KTS
24,STATE_24,819,STATE_819,split,1.000,split; province_overlap=3; tsr_overlap_rank=2/4; bsr_source_count=1,europe,FRA,FRA,,GER,FRA,FRA
31,STATE_31,820,STATE_820,split,1.000,split; province_overlap=2; tsr_overlap_rank=3/7; bsr_source_count=1,europe,FRA,FRA,,,FRA OCC,CAT FRA OCC
851,Var (Split-off from former Provence now Bouches-du-Rhône),822,STATE_822,split,1.000,split; province_overlap=3; tsr_overlap_rank=1/2; bsr_source_count=1,europe,FRA,FRA,,,FRA OCC,FRA OCC
735,STATE_735,823,STATE_823,merge,1.000,merge; province_overlap=4; bsr_source_count=2,europe,FRA,FRA,,,FRA OCC,FRA OCC
508,Tucuman,825,STATE_825,manual,1.000,incompatible province overlap rejected for automatic overlay; province_overlap=1; tsr_tags=ARG; bsr_tags=MCO,europe,ARG,MCO,,,ARG,MCO
1014,STATE_1014,826,STATE_826,manual,1.000,incompatible province overlap rejected for automatic overlay; province_overlap=1; tsr_tags=BHR; bsr_tags=LIE,europe,BHR,LIE,,,BHR,LIE
508,Tucuman,827,STATE_827,manual,1.000,incompatible province overlap rejected for automatic overlay; province_overlap=1; tsr_tags=ARG; bsr_tags=SMR,europe,ARG,SMR,,,ARG,SMR
955,STATE_955,828,STATE_828,manual,1.000,incompatible province overlap rejected for automatic overlay; province_overlap=1; tsr_tags=ARG WLA; bsr_tags=VCT,europe,ARG,VCT,,,ARG WLA,VCT
79,STATE_79,830,STATE_830,split,1.000,split; province_overlap=2; tsr_overlap_rank=3/3; bsr_source_count=1,europe,ROM,ROM,,,ROM,BUK ROM
959,STATE_959,831,STATE_831,manual,1.000,incompatible province overlap rejected for automatic overlay; province_overlap=1; tsr_tags=ARG; bsr_tags=ROM,europe,ARG,ROM,,,ARG,ROM
837,STATE_837,861,STATE_861,manual,1.000,incompatible province overlap rejected for automatic overlay; province_overlap=1; tsr_tags=ETH ITA ORO SID; bsr_tags=ENG SCO,europe,ETH,ENG,ITA,,ETH ORO SID,ENG SCO
88,STATE_88,863,STATE_863,split,1.000,split; province_overlap=1; tsr_overlap_rank=9/9; bsr_source_count=1,europe,RUS,POL,,GER,POL,GAL POL
736,Name was Istria before the Pola (Istria) split and merge with Fiume,866,STATE_866,split,1.000,split; province_overlap=2; tsr_overlap_rank=1/2; bsr_source_count=1,europe,ITA,ITA,,,ITA LBV SLV YUG,ITA SLV YUG
850,Trentino,867,STATE_867,merge,1.000,merge; province_overlap=2; bsr_source_count=2,europe,ITA,ITA,,,ITA LBV,ITA VEC
45,STATE_45,868,STATE_868,split,1.000,split; province_overlap=1; tsr_overlap_rank=3/3; bsr_source_count=1,europe,HUN,YUG,,HUN,SER YUG,SER VOJ YUG
109,Croatia,869,STATE_869,split,1.000,split; province_overlap=1; tsr_overlap_rank=4/4; bsr_source_count=1,europe,YUG,YUG,,CRO,CRO YUG,CRO VOJ YUG
803,STATE_803,870,STATE_870,split,1.000,split; province_overlap=2; tsr_overlap_rank=1/2; bsr_source_count=1,europe,YUG,YUG,,BUL,SER YUG,SER YUG
814,STATE_814,879,STATE_879,split,1.000,split; province_overlap=3; tsr_overlap_rank=1/2; bsr_source_count=1,europe,RUS,LIT,,SOV,LIT,LIT
810,STATE_810,880,STATE_880,split,1.000,split; province_overlap=6; tsr_overlap_rank=1/2; bsr_source_count=1,europe,RUS,LAT,,SOV,LAT,LAT LIV
809,STATE_809,881,STATE_881,split,1.000,split; province_overlap=3; tsr_overlap_rank=2/2; bsr_source_count=1,europe,RUS,LAT,,SOV,LAT,COU LAT
208,Luga,883,STATE_883,manual,1.000,incompatible province overlap rejected for automatic overlay; province_overlap=1; tsr_tags=RUS; bsr_tags=EST SOV,europe,RUS,EST,,SOV,RUS,EST
100,STATE_100,884,STATE_884,manual,1.000,incompatible province overlap rejected for automatic overlay; province_overlap=1; tsr_tags=ICE; bsr_tags=CZE GER MRV SIL,europe,ICE,CZE,,GER,ICE,CZE GER MRV SIL
972,STATE_972,886,STATE_886,split,1.000,split; province_overlap=2; tsr_overlap_rank=2/2; bsr_source_count=1,europe,GER,CZE,GER,GER,CZE GER,CZE GER
69,STATE_69,887,STATE_887,split,1.000,split; province_overlap=3; tsr_overlap_rank=2/2; bsr_source_count=1,europe,GER,CZE,GER,GER,CZE GER,CZE GER
972,STATE_972,888,STATE_888,split,1.000,split; province_overlap=3; tsr_overlap_rank=1/2; bsr_source_count=1,europe,GER,CZE,GER,GER,CZE GER,CZE GER MRV
209,Pskov,890,STATE_890,manual,1.000,incompatible province overlap rejected for automatic overlay; province_overlap=1; tsr_tags=RUS; bsr_tags=EST LIV SOV,europe,RUS,EST,,SOV,RUS,EST LIV
100,STATE_100,891,STATE_891,manual,1.000,incompatible province overlap rejected for automatic overlay; province_overlap=1; tsr_tags=ICE; bsr_tags=LAT LIV SOV,europe,ICE,LAT,,SOV,ICE,LAT LIV
846,STATE_846,893,STATE_893,merge,1.000,merge; province_overlap=2; bsr_source_count=2,europe,SWI,SWI,,,SWI,SWI
151,STATE_151,894,STATE_894,split,1.000,split; province_overlap=2; tsr_overlap_rank=1/3; bsr_source_count=1,europe,SWI,SWI,,,SWI,SWI
78,STATE_78,925,STATE_925,split,1.000,split; province_overlap=1; tsr_overlap_rank=3/3; bsr_source_count=1,europe,RUS,ROM,,SOV,MOL ROM,MOL ROM
202,STATE_202,926,STATE_926,split,1.000,split; province_overlap=3; tsr_overlap_rank=1/5; bsr_source_count=1,europe,RUS,SOV,,,RUS UKR,SOV UKR
232,Dagestan,932,STATE_932,split,1.000,split; province_overlap=2; tsr_overlap_rank=3/5; bsr_source_count=1,europe,RUS,SOV,,,DAG RUS,DAG SOV
95,STATE_95,933,STATE_933,split,1.000,split; province_overlap=2; tsr_overlap_rank=3/6; bsr_source_count=1,europe,RUS,POL,,SOV,BLR POL,BLR POL
102,STATE_102,934,STATE_934,split,1.000,split; province_overlap=2; tsr_overlap_rank=1/4; bsr_source_count=1,europe,YUG,YUG,,GER,SLV YUG,SLV YUG
102,STATE_102,935,STATE_935,split,1.000,split; province_overlap=1; tsr_overlap_rank=2/4; bsr_source_count=1,europe,YUG,YUG,,GER,SLV YUG,SLV YUG
109,Croatia,937,STATE_937,split,1.000,split; province_overlap=2; tsr_overlap_rank=2/4; bsr_source_count=1,europe,YUG,YUG,,CRO,CRO YUG,CRO YUG
940,STATE_940,938,STATE_938,manual,1.000,incompatible province overlap rejected for automatic overlay; province_overlap=1; tsr_tags=BRA; bsr_tags=BOS CRO HRZ YUG,europe,BRA,YUG,,CRO,BRA,BOS CRO HRZ YUG
103,Dalmatia,939,STATE_939,split,1.000,split; province_overlap=5; tsr_overlap_rank=1/4; bsr_source_count=1,europe,YUG,YUG,,CRO,CRO YUG,CRO YUG
105,STATE_105,940,STATE_940,split,1.000,split; province_overlap=1; tsr_overlap_rank=3/3; bsr_source_count=1,europe,YUG,YUG,,ITA,MNT YUG,MNT YUG
802,STATE_802,941,STATE_941,split,1.000,split; province_overlap=1; tsr_overlap_rank=3/3; bsr_source_count=1,europe,YUG,YUG,,SER,KOS SER YUG,KOS SER YUG
801,STATE_801,942,STATE_942,split,1.000,split; province_overlap=5; tsr_overlap_rank=1/2; bsr_source_count=1,europe,BUL,BUL,BUL,,BUL,BUL
183,STATE_183,952,STATE_952,split,1.000,split; province_overlap=1; tsr_overlap_rank=1/2; bsr_source_count=1,europe,GRE,ENG,GRE,,CYP GRE,CYP
409,STATE_409,970,STATE_970,split,1.000,split; province_overlap=2; tsr_overlap_rank=2/2; bsr_source_count=1,asia,RUS,SOV,,,FER RUS VLA,FER SIB SOV
967,STATE_967,974,STATE_974,manual,1.000,incompatible province overlap rejected for automatic overlay; province_overlap=1; tsr_tags=BRA; bsr_tags=ENG,europe,BRA,ENG,,,BRA,ENG
185,STATE_185,976,STATE_976,split,1.000,split; province_overlap=3; tsr_overlap_rank=2/7; bsr_source_count=1,europe,GRE,GRE,,ITA,GRE,GRE
185,STATE_185,977,STATE_977,split,1.000,split; province_overlap=1; tsr_overlap_rank=7/7; bsr_source_count=1,europe,GRE,GRE,,ITA,GRE,GRE
47,Thessaly,978,STATE_978,split,1.000,split; province_overlap=1; tsr_overlap_rank=6/6; bsr_source_count=1,europe,GRE,GRE,,ITA,GRE,GRE
160,STATE_160,986,STATE_986,split,1.000,split; province_overlap=2; tsr_overlap_rank=2/3; bsr_source_count=1,europe,ITA,ITA,,,ITA LBV,ITA VEC
159,STATE_159,987,STATE_987,split,1.000,split; province_overlap=3; tsr_overlap_rank=2/4; bsr_source_count=1,europe,ITA,ITA,,,ITA LBV,ITA VEC
158,STATE_158,989,STATE_989,split,1.000,split; province_overlap=3; tsr_overlap_rank=3/6; bsr_source_count=1,europe,ITA,ITA,,,ITA SPM,ITA SRD
2,Latium,990,STATE_990,split,1.000,split; province_overlap=3; tsr_overlap_rank=1/4; bsr_source_count=1,europe,ITA,ITA,,,ITA PAP,ITA
117,Campania,991,STATE_991,split,1.000,split; province_overlap=4; tsr_overlap_rank=2/2; bsr_source_count=1,europe,ITA,ITA,,,ITA TTS,ITA KTS
849,STATE_849,992,STATE_992,split,1.000,split; province_overlap=5; tsr_overlap_rank=1/2; bsr_source_count=1,europe,ITA,ITA,,,ITA TTS,ITA KTS
736,Name was Istria before the Pola (Istria) split and merge with Fiume,993,STATE_993,split,1.000,split; province_overlap=1; tsr_overlap_rank=2/2; bsr_source_count=1,europe,ITA,ITA,,,ITA LBV SLV YUG,ITA
947,STATE_947,994,STATE_994,manual,1.000,incompatible province overlap rejected for automatic overlay; province_overlap=1; tsr_tags=PRU; bsr_tags=HUN,europe,PRU,HUN,,,PRU,HUN
97,STATE_97,997,STATE_997,split,1.000,split; province_overlap=1; tsr_overlap_rank=6/6; bsr_source_count=1,europe,RUS,POL,,GER,BLR POL,POL
402,STATE_402,999,STATE_999,split,1.000,split; province_overlap=7; tsr_overlap_rank=2/3; bsr_source_count=1,asia,RUS,SOV,,,KAZ RUS,KAZ SOV
230,STATE_230,1004,STATE_1004,manual,1.000,incompatible province overlap rejected for automatic overlay; province_overlap=1; tsr_tags=ARM RUS; bsr_tags=AZR SOV,europe,RUS,SOV,,,ARM RUS,AZR SOV
229,STATE_229,1005,STATE_1005,split,1.000,split; province_overlap=2; tsr_overlap_rank=5/6; bsr_source_count=1,europe,RUS,SOV,,,AZR RUS,AZR SOV
138,STATE_138,1006,STATE_1006,split,1.000,split; province_overlap=2; tsr_overlap_rank=2/2; bsr_source_count=1,europe,SWE,SWE,,,SWE,SWE
920,STATE_920,1011,STATE_1011,split,1.000,split; province_overlap=11; tsr_overlap_rank=1/4; bsr_source_count=1,europe,NOR,NOR,,GER,NOR,NOR
804,STATE_804,1046,STATE_1046,split,1.000,split; province_overlap=3; tsr_overlap_rank=1/2; bsr_source_count=1,europe,YUG,YUG,,CRO,BOS HRZ YUG,BOS HRZ YUG
104,STATE_104,1047,STATE_1047,split,1.000,split; province_overlap=3; tsr_overlap_rank=4/8; bsr_source_count=1,europe,YUG,YUG,,CRO,BOS YUG,BOS YUG
104,STATE_104,1048,STATE_1048,split,1.000,split; province_overlap=4; tsr_overlap_rank=1/8; bsr_source_count=1,europe,YUG,YUG,,CRO,BOS YUG,BOS YUG
790,STATE_790,1052,STATE_1052,split,1.000,split; province_overlap=4; tsr_overlap_rank=1/4; bsr_source_count=1,europe,SPR,SPR,,,SPR,SPR
793,STATE_793,1055,STATE_1055,split,1.000,split; province_overlap=10; tsr_overlap_rank=1/2; bsr_source_count=1,europe,SPR,SPR,,,SPR,SPR
35,STATE_35,1058,STATE_1058,split,1.000,split; province_overlap=1; tsr_overlap_rank=3/5; bsr_source_count=1,europe,HOL,HOL,,GER,HOL,FLA HOL ZEE
35,STATE_35,1060,STATE_1060,split,1.000,split; province_overlap=2; tsr_overlap_rank=2/5; bsr_source_count=1,europe,HOL,HOL,,GER,HOL,HOL LIM
51,STATE_51,1062,STATE_1062,split,1.000,split; province_overlap=1; tsr_overlap_rank=3/5; bsr_source_count=1,europe,GER,GER,,,GER PRE RHI,GER PRE RHI
852,Dalmatia,1066,STATE_1066,split,1.000,split; province_overlap=1; tsr_overlap_rank=1/2; bsr_source_count=1,europe,ITA,ITA,,,CRO ITA LBV YUG,CRO ITA YUG
213,STATE_213,1067,STATE_1067,manual,1.000,incompatible province overlap rejected for automatic overlay; province_overlap=1; tsr_tags=RUS SMI; bsr_tags=FIN,europe,RUS,FIN,,,RUS SMI,FIN
213,STATE_213,1068,STATE_1068,manual,1.000,incompatible province overlap rejected for automatic overlay; province_overlap=1; tsr_tags=RUS SMI; bsr_tags=FIN,europe,RUS,FIN,,,RUS SMI,FIN
29,STATE_29,1089,STATE_1089,split,1.000,split; province_overlap=1; tsr_overlap_rank=5/5; bsr_source_count=1,europe,BEL,FRA,,GER,FRA,FRA
560,Nikolayevsk,1090,STATE_1090,split,1.000,split; province_overlap=5; tsr_overlap_rank=2/2; bsr_source_count=1,asia,RUS,SOV,,,FER RUS,FER SIB SOV
834,STATE_834,1100,STATE_1100,split,1.000,split; province_overlap=1; tsr_overlap_rank=2/2; bsr_source_count=1,europe,RUS,SOV,,,MOL RUS UKR,MOL SOV UKR
48,STATE_48,1103,STATE_1103,split,1.000,split; province_overlap=2; tsr_overlap_rank=2/3; bsr_source_count=1,europe,BUL,BUL,BUL,,BUL,BUL
103,Dalmatia,1104,STATE_1104,split,1.000,split; province_overlap=2; tsr_overlap_rank=3/4; bsr_source_count=1,europe,YUG,YUG,,ITA,CRO YUG,CRO YUG
64,STATE_64,1105,STATE_1105,split,1.000,split; province_overlap=1; tsr_overlap_rank=6/6; bsr_source_count=1,europe,GER,GER,,,GER PRE,GER PRE
63,STATE_63,1112,STATE_1112,split,1.000,split; province_overlap=2; tsr_overlap_rank=5/9; bsr_source_count=1,europe,GER,GER,,,GER KSH PRE,GER POL PRE
406,Gurev,1122,STATE_1122,split,1.000,split; province_overlap=10; tsr_overlap_rank=1/2; bsr_source_count=1,europe,RUS,SOV,,,KAZ RUS,KAZ SOV
407,STATE_407,1123,STATE_1123,split,1.000,split; province_overlap=14; tsr_overlap_rank=2/2; bsr_source_count=1,europe,RUS,SOV,,,KAZ RUS,KAZ SOV
193,Chernihiv,1125,STATE_1125,split,1.000,split; province_overlap=1; tsr_overlap_rank=5/5; bsr_source_count=1,europe,RUS,SOV,,,RUS UKR,SOV UKR
226,Dnipropertovsk,1127,STATE_1127,split,1.000,split; province_overlap=5; tsr_overlap_rank=2/2; bsr_source_count=1,europe,RUS,SOV,,,RUS UKR,SOV UKR
1005,STATE_1005,1129,STATE_1129,split,1.000,split; province_overlap=1; tsr_overlap_rank=3/3; bsr_source_count=1,asia,AFG,AFG,,,AFG TAJ,AFG
794,STATE_794,1133,STATE_1133,split,1.000,split; province_overlap=6; tsr_overlap_rank=2/3; bsr_source_count=1,europe,SPR,SPR,,,SPR,SPR
795,STATE_795,1134,STATE_1134,split,1.000,split; province_overlap=7; tsr_overlap_rank=1/2; bsr_source_count=1,europe,POR,POR,,,POR,POR
831,Khiva,1138,STATE_1138,split,1.000,split; province_overlap=2; tsr_overlap_rank=1/3; bsr_source_count=1,asia,RUS,SOV,,,KHI KKP RUS UZB,KPS SOV UZB
341,STATE_341,1140,STATE_1140,split,1.000,split; province_overlap=2; tsr_overlap_rank=1/2; bsr_source_count=1,europe,GRE,TUR,GRE,,GRE TUR,THR TUR
495,STATE_495,1141,STATE_1141,manual,1.000,incompatible province overlap rejected for automatic overlay; province_overlap=1; tsr_tags=BRA; bsr_tags=BUL THR,europe,BRA,BUL,,,BRA,BUL THR
212,STATE_212,1143,STATE_1143,split,1.000,split; province_overlap=2; tsr_overlap_rank=2/4; bsr_source_count=1,europe,BUL,BUL,BUL,,BUL,BUL
962,STATE_962,1147,STATE_1147,manual,1.000,incompatible province overlap rejected for automatic overlay; province_overlap=1; tsr_tags=BRA; bsr_tags=CHE SOV,europe,BRA,SOV,,,BRA,CHE SOV
184,STATE_184,1156,STATE_1156,split,1.000,split; province_overlap=1; tsr_overlap_rank=1/4; bsr_source_count=1,europe,GRE,GRE,,GER,GRE,GRE THR
182,STATE_182,1157,STATE_1157,split,1.000,split; province_overlap=1; tsr_overlap_rank=2/2; bsr_source_count=1,europe,GRE,GRE,,ITA,GRE,CRT GRE
731,STATE_731,1159,STATE_1159,split,1.000,split; province_overlap=2; tsr_overlap_rank=1/6; bsr_source_count=1,europe,GRE,GRE,,GER,GRE,GRE
731,STATE_731,1160,STATE_1160,split,1.000,split; province_overlap=1; tsr_overlap_rank=4/6; bsr_source_count=1,europe,GRE,GRE,,GER,GRE,GRE
242,STATE_242,1162,STATE_1162,manual,1.000,incompatible province overlap rejected for automatic overlay; province_overlap=2; tsr_tags=RUS; bsr_tags=MUS SOV,europe,RUS,SOV,,,RUS,MUS SOV
246,STATE_246,1164,STATE_1164,manual,1.000,incompatible province overlap rejected for automatic overlay; province_overlap=4; tsr_tags=RUS; bsr_tags=MUS SOV,europe,RUS,SOV,,,RUS,MUS SOV
495,STATE_495,1165,STATE_1165,manual,1.000,incompatible province overlap rejected for automatic overlay; province_overlap=1; tsr_tags=BRA; bsr_tags=BLR SOV,europe,BRA,SOV,,,BRA,BLR SOV
911,STATE_911,1166,STATE_1166,manual,1.000,province_overlap=2; close candidate tie,europe,DEN,DEN,,GER,DEN,DEN
568,Krasnoyarsk,1167,STATE_1167,manual,1.000,incompatible province overlap rejected for automatic overlay; province_overlap=10; tsr_tags=RUS; bsr_tags=SIB SOV,asia,RUS,SOV,,,RUS,SIB SOV
576,Yeniseisk,1168,STATE_1168,manual,1.000,incompatible province overlap rejected for automatic overlay; province_overlap=9; tsr_tags=EVE RUS; bsr_tags=SIB SOV,asia,RUS,SOV,,,EVE RUS,SIB SOV
824,Yamalia,1169,STATE_1169,manual,1.000,incompatible province overlap rejected for automatic overlay; province_overlap=10; tsr_tags=RUS YAM; bsr_tags=SIB SOV,asia,RUS,SOV,,,RUS YAM,SIB SOV
207,STATE_207,1170,STATE_1170,split,1.000,split; province_overlap=1; tsr_overlap_rank=3/6; bsr_source_count=1,europe,RUS,SOV,,,BLR RUS,BLR SOV
732,STATE_732,1171,STATE_1171,split,1.000,split; province_overlap=5; tsr_overlap_rank=2/2; bsr_source_count=1,asia,RUS,SOV,,,KYR RUS,KOK KYR SOV
98,STATE_98,1178,STATE_1178,split,1.000,split; province_overlap=4; tsr_overlap_rank=1/5; bsr_source_count=1,europe,RUS,POL,,GER,POL,POL
48,STATE_48,1179,STATE_1179,split,1.000,split; province_overlap=1; tsr_overlap_rank=3/3; bsr_source_count=1,europe,BUL,BUL,BUL,,BUL,BUL
91,Lwow,1180,STATE_1180,split,1.000,split; province_overlap=3; tsr_overlap_rank=1/5; bsr_source_count=1,europe,RUS,POL,,SOV,POL UKR,GAL POL UKR
88,STATE_88,1181,STATE_1181,split,1.000,split; province_overlap=1; tsr_overlap_rank=5/9; bsr_source_count=1,europe,RUS,POL,,GER,POL,CZE GAL MRV POL
980,STATE_980,1182,STATE_1182,split,1.000,split; province_overlap=2; tsr_overlap_rank=1/3; bsr_source_count=1,europe,BEL,BEL,,GER,BEL,BEL WLL
18,STATE_18,1184,STATE_1184,split,1.000,split; province_overlap=1; tsr_overlap_rank=2/5; bsr_source_count=1,europe,FRA,FRA,,GER,FRA,BGN FRA
20,Rhone,1185,STATE_1185,split,1.000,split; province_overlap=2; tsr_overlap_rank=2/7; bsr_source_count=1,europe,FRA,FRA,,,FRA OCC,FRA
23,STATE_23,1186,STATE_1186,split,1.000,split; province_overlap=3; tsr_overlap_rank=2/2; bsr_source_count=1,europe,FRA,FRA,,GER,FRA,FRA
105,STATE_105,1189,STATE_1189,split,1.000,split; province_overlap=2; tsr_overlap_rank=1/3; bsr_source_count=1,europe,YUG,YUG,,,MNT YUG,MNT YUG
108,STATE_108,1190,STATE_1190,split,1.000,split; province_overlap=1; tsr_overlap_rank=5/6; bsr_source_count=1,europe,YUG,YUG,,,SER YUG,SER YUG
1013,STATE_1013,1191,STATE_1191,manual,1.000,incompatible province overlap rejected for automatic overlay; province_overlap=1; tsr_tags=OMA; bsr_tags=LIT POL SOV,europe,OMA,POL,,SOV,OMA,LIT POL
94,STATE_94,1192,STATE_1192,split,1.000,split; province_overlap=1; tsr_overlap_rank=5/9; bsr_source_count=1,europe,RUS,POL,,SOV,BLR POL,BLR POL
1063,STATE_1063,1194,STATE_1194,split,1.000,split; province_overlap=1; tsr_overlap_rank=2/2; bsr_source_count=1,europe,FRA,FRA,,GER,FRA,FRA
1064,STATE_1064,1198,STATE_1198,split,1.000,split; province_overlap=2; tsr_overlap_rank=2/2; bsr_source_count=1,europe,FRA,FRA,,GER,FRA,FRA
229,STATE_229,1222,STATE_1222,split,1.000,split; province_overlap=3; tsr_overlap_rank=2/6; bsr_source_count=1,europe,RUS,SOV,,,AZR RUS,AZR SOV
230,STATE_230,1223,STATE_1223,split,1.000,split; province_overlap=2; tsr_overlap_rank=3/4; bsr_source_count=1,europe,RUS,SOV,,,ARM RUS,ARM SOV
1058,STATE_1058,1224,STATE_1224,manual,1.000,incompatible province overlap rejected for automatic overlay; province_overlap=1; tsr_tags=ARM RUS; bsr_tags=TUR,middle_east,RUS,TUR,RUS,,ARM,TUR
1058,STATE_1058,1224,STATE_1224,manual,1.000,province_overlap=1; close candidate tie,middle_east,RUS,TUR,RUS,,ARM,TUR
231,STATE_231,1225,STATE_1225,split,1.000,split; province_overlap=3; tsr_overlap_rank=2/7; bsr_source_count=1,europe,RUS,SOV,,,GEO RUS,GEO SOV
231,STATE_231,1227,STATE_1227,split,1.000,split; province_overlap=1; tsr_overlap_rank=5/7; bsr_source_count=1,europe,RUS,SOV,,,GEO RUS,GEO SOV
934,STATE_934,1228,STATE_1228,split,1.000,split; province_overlap=2; tsr_overlap_rank=1/2; bsr_source_count=1,europe,ALB,ALB,ITA,,ALB,ALB
934,STATE_934,1229,STATE_1229,split,1.000,split; province_overlap=1; tsr_overlap_rank=2/2; bsr_source_count=1,europe,ALB,ALB,ITA,,ALB,ALB
667,STATE_667,1231,STATE_1231,manual,1.000,incompatible province overlap rejected for automatic overlay; province_overlap=1; tsr_tags=INS; bsr_tags=ALB KOS SER YUG,europe,INS,YUG,,ALB,INS,KOS SER YUG
588,Semipalatinsk,1250,STATE_1250,split,1.000,split; province_overlap=5; tsr_overlap_rank=2/4; bsr_source_count=1,asia,RUS,SOV,,,KAZ RUS,KAZ SOV
552,STATE_552,1251,STATE_1251,manual,1.000,incompatible province overlap rejected for automatic overlay; province_overlap=1; tsr_tags=EGY; bsr_tags=BEL GER WLL,europe,EGY,BEL,EGY,GER,EGY,BEL WLL
825,Nenets,1252,STATE_1252,manual,1.000,incompatible province overlap rejected for automatic overlay; province_overlap=1; tsr_tags=NEN RUS; bsr_tags=SOV,europe,RUS,SOV,,,NEN RUS,SOV
229,STATE_229,1263,STATE_1263,split,1.000,split; province_overlap=2; tsr_overlap_rank=4/6; bsr_source_count=1,europe,RUS,SOV,,,AZR RUS,AZR SOV
137,STATE_137,1267,STATE_1267,split,1.000,split; province_overlap=1; tsr_overlap_rank=3/3; bsr_source_count=1,europe,RUS,SOV,,,CRI RUS,CRI SOV
30,STATE_30,1268,STATE_1268,split,1.000,split; province_overlap=4; tsr_overlap_rank=1/4; bsr_source_count=1,europe,FRA,FRA,,GER,FRA,FRA
20,Rhone,1270,STATE_1270,split,1.000,split; province_overlap=1; tsr_overlap_rank=6/7; bsr_source_count=1,europe,FRA,FRA,,,FRA OCC,FRA
495,STATE_495,1271,STATE_1271,manual,1.000,incompatible province overlap rejected for automatic overlay; province_overlap=1; tsr_tags=BRA; bsr_tags=SWI,europe,BRA,SWI,,,BRA,SWI
742,STATE_742,1273,STATE_1273,split,1.000,split; province_overlap=1; tsr_overlap_rank=3/3; bsr_source_count=1,asia,RUS,SOV,,,BUK RUS TAJ,SOV TAJ
67,STATE_67,1275,STATE_1275,split,1.000,split; province_overlap=1; tsr_overlap_rank=2/5; bsr_source_count=1,europe,GER,GER,,,GER PRE SIL,GER POL PRE SIL
1056,STATE_1056,1292,STATE_1292,split,1.000,split; province_overlap=1; tsr_overlap_rank=2/2; bsr_source_count=1,europe,STC,TUR,STC,,TUR,THR TUR
803,STATE_803,1302,STATE_1302,split,1.000,split; province_overlap=1; tsr_overlap_rank=2/2; bsr_source_count=1,europe,YUG,YUG,,,SER YUG,SER YUG
185,STATE_185,1303,STATE_1303,split,1.000,split; province_overlap=1; tsr_overlap_rank=3/7; bsr_source_count=1,europe,GRE,GRE,,ITA,GRE,GRE
847,STATE_847,1304,STATE_1304,split,1.000,split; province_overlap=1; tsr_overlap_rank=3/3; bsr_source_count=1,europe,SWI,SWI,,,SWI,SWI
234,STATE_234,1320,STATE_1320,manual,1.000,incompatible province overlap rejected for automatic overlay; province_overlap=13; tsr_tags=RUS; bsr_tags=CIR KUB SOV,europe,RUS,SOV,,,RUS,CIR KUB SOV
30,STATE_30,1321,STATE_1321,split,1.000,split; province_overlap=3; tsr_overlap_rank=2/4; bsr_source_count=1,europe,FRA,FRA,,GER,FRA,BRI FRA
71,STATE_71,1325,STATE_1325,split,1.000,split; province_overlap=1; tsr_overlap_rank=3/3; bsr_source_count=1,europe,HUN,CZE,HUN,HUN,SLO,CZE HUN SLO
65,STATE_65,1328,STATE_1328,split,1.000,split; province_overlap=1; tsr_overlap_rank=6/6; bsr_source_count=1,europe,GER,GER,,,GER SAX,GER LUS SAX
68,STATE_68,1332,STATE_1332,split,1.000,split; province_overlap=1; tsr_overlap_rank=5/6; bsr_source_count=1,europe,GER,GER,,,GER PRE,GER POL PRE
63,STATE_63,1333,STATE_1333,split,1.000,split; province_overlap=2; tsr_overlap_rank=2/9; bsr_source_count=1,europe,GER,GER,,,GER KSH PRE,GER POL PRE
51,STATE_51,1334,STATE_1334,split,1.000,split; province_overlap=1; tsr_overlap_rank=4/5; bsr_source_count=1,europe,GER,GER,,,GER PRE RHI,GER HAN PRE RHI
67,STATE_67,1347,STATE_1347,split,1.000,split; province_overlap=1; tsr_overlap_rank=1/5; bsr_source_count=1,europe,GER,GER,,,GER PRE SIL,GER POL PRE SIL
67,STATE_67,1348,STATE_1348,split,1.000,split; province_overlap=1; tsr_overlap_rank=3/5; bsr_source_count=1,europe,GER,GER,,,GER PRE SIL,GER POL PRE SIL
42,STATE_42,1350,STATE_1350,split,1.000,split; province_overlap=1; tsr_overlap_rank=4/5; bsr_source_count=1,europe,GER,GER,,,GER PRE RHI,GER PRE RHI
158,STATE_158,1351,STATE_1351,split,1.000,split; province_overlap=1; tsr_overlap_rank=6/6; bsr_source_count=1,europe,ITA,ITA,,,ITA SPM,ITA SRD
806,STATE_806,1353,STATE_1353,split,1.000,split; province_overlap=1; tsr_overlap_rank=1/3; bsr_source_count=1,europe,FRA,FRA,,,FRA NAV,FRA NAV OCC
848,STATE_848,1354,STATE_1354,split,1.000,split; province_overlap=1; tsr_overlap_rank=1/2; bsr_source_count=1,europe,GER,AUS,GER,GER,AUS GER,AUS GER
148,LAPPI,1361,STATE_1361,split,1.000,split; province_overlap=6; tsr_overlap_rank=3/3; bsr_source_count=1,europe,RUS,FIN,RUS,,FIN SMI,FIN
666,STATE_666,1362,STATE_1362,split,1.000,split; province_overlap=8; tsr_overlap_rank=2/2; bsr_source_count=1,europe,SWE,SWE,,,SMI SWE,SWE
97,STATE_97,1363,STATE_1363,split,1.000,split; province_overlap=1; tsr_overlap_rank=2/6; bsr_source_count=1,europe,RUS,POL,,SOV,BLR POL,POL
807,STATE_807,1364,STATE_1364,split,1.000,split; province_overlap=1; tsr_overlap_rank=8/8; bsr_source_count=1,europe,GER,POL,,GER,GER KSH POL,POL
229,STATE_229,1366,STATE_1366,split,1.000,split; province_overlap=2; tsr_overlap_rank=3/6; bsr_source_count=1,europe,RUS,SOV,,,AZR RUS,AZR SOV
230,STATE_230,1367,STATE_1367,split,1.000,split; province_overlap=1; tsr_overlap_rank=4/4; bsr_source_count=1,europe,RUS,SOV,,,ARM RUS,ARM SOV
146,KARJALA,1368,STATE_1368,split,1.000,split; province_overlap=3; tsr_overlap_rank=2/4; bsr_source_count=1,europe,RUS,FIN,RUS,SOV,FIN KAR,FIN KAR
146,KARJALA,1369,STATE_1369,split,1.000,split; province_overlap=2; tsr_overlap_rank=3/4; bsr_source_count=1,europe,RUS,FIN,RUS,SOV,FIN KAR,FIN KAR
179,STATE_179,1370,STATE_1370,split,1.000,split; province_overlap=2; tsr_overlap_rank=2/3; bsr_source_count=1,europe,POR,POR,,,POR,POR
97,STATE_97,1373,STATE_1373,split,1.000,split; province_overlap=1; tsr_overlap_rank=3/6; bsr_source_count=1,europe,RUS,POL,,SOV,BLR POL,POL
88,STATE_88,1374,STATE_1374,split,1.000,split; province_overlap=1; tsr_overlap_rank=7/9; bsr_source_count=1,europe,RUS,POL,,GGO,POL,GAL POL
95,STATE_95,1375,STATE_1375,split,1.000,split; province_overlap=1; tsr_overlap_rank=4/6; bsr_source_count=1,europe,RUS,POL,,SOV,BLR POL,POL
664,STATE_664,1376,STATE_1376,split,1.000,split; province_overlap=2; tsr_overlap_rank=2/2; bsr_source_count=1,europe,HUN,CZE,HUN,HUN,HUN SLO,CZE HUN SLO UKR
43,Northern Hungary,1378,Northern Hungary,split,1.000,split; province_overlap=5; tsr_overlap_rank=1/2; bsr_source_count=1,europe,HUN,HUN,,,HUN,HUN
154,STATE_154,1379,STATE_1379,split,1.000,split; province_overlap=3; tsr_overlap_rank=2/2; bsr_source_count=1,europe,HUN,HUN,,,HUN,HUN
215,STATE_215,1380,STATE_1380,split,1.000,split; province_overlap=2; tsr_overlap_rank=4/5; bsr_source_count=1,europe,RUS,SOV,,,KAR RUS,FIN KAR SOV
146,KARJALA,1381,STATE_1381,split,1.000,split; province_overlap=1; tsr_overlap_rank=4/4; bsr_source_count=1,europe,RUS,FIN,RUS,SOV,FIN KAR,FIN KAR
94,STATE_94,1384,STATE_1384,split,1.000,split; province_overlap=2; tsr_overlap_rank=4/9; bsr_source_count=1,europe,RUS,POL,,SOV,BLR POL,BLR POL
93,STATE_93,1385,STATE_1385,split,1.000,split; province_overlap=1; tsr_overlap_rank=5/5; bsr_source_count=1,europe,RUS,POL,,SOV,POL UKR,POL UKR
91,Lwow,1386,STATE_1386,split,1.000,split; province_overlap=1; tsr_overlap_rank=4/5; bsr_source_count=1,europe,RUS,POL,,SOV,POL UKR,GAL POL UKR
103,Dalmatia,1387,STATE_1387,split,1.000,split; province_overlap=1; tsr_overlap_rank=4/4; bsr_source_count=1,europe,YUG,YUG,,CRO,CRO YUG,CRO YUG
158,STATE_158,1391,STATE_1391,split,1.000,split; province_overlap=2; tsr_overlap_rank=4/6; bsr_source_count=1,europe,ITA,ITA,,,ITA SPM,ITA SRD
134,STATE_134,1395,STATE_1395,split,1.000,split; province_overlap=1; tsr_overlap_rank=2/2; bsr_source_count=1,europe,IRE,IRE,,,IRE,IRE
113,Leinster,1396,STATE_1396,split,1.000,split; province_overlap=1; tsr_overlap_rank=2/2; bsr_source_count=1,europe,IRE,IRE,,,IRE,IRE
119,STATE_119,1397,STATE_1397,split,1.000,split; province_overlap=2; tsr_overlap_rank=1/4; bsr_source_count=1,europe,IRE,ENG,,,ENG IRE NIR,ENG IRE NIR
119,STATE_119,1398,STATE_1398,split,1.000,split; province_overlap=1; tsr_overlap_rank=3/4; bsr_source_count=1,europe,IRE,ENG,,,ENG IRE NIR,ENG IRE NIR
119,STATE_119,1399,STATE_1399,split,1.000,split; province_overlap=1; tsr_overlap_rank=4/4; bsr_source_count=1,europe,IRE,ENG,,,ENG IRE NIR,ENG IRE NIR
108,STATE_108,1403,STATE_1403,split,1.000,split; province_overlap=2; tsr_overlap_rank=3/6; bsr_source_count=1,europe,YUG,YUG,,SER,SER YUG,SER YUG
104,STATE_104,1404,STATE_1404,split,1.000,split; province_overlap=1; tsr_overlap_rank=7/8; bsr_source_count=1,europe,YUG,YUG,,CRO,BOS YUG,BOS YUG
123,STATE_123,1405,Cornwall,split,1.000,split; province_overlap=2; tsr_overlap_rank=2/3; bsr_source_count=1,europe,ENG,ENG,,,ENG,CRN ENG
408,STATE_408,1407,STATE_1407,split,1.000,split; province_overlap=34; tsr_overlap_rank=1/2; bsr_source_count=1,asia,RUS,SOV,,,FER RUS VLA,FER SIB SOV
5,STATE_5,1409,STATE_1409,split,1.000,split; province_overlap=2; tsr_overlap_rank=2/4; bsr_source_count=1,europe,GER,GER,,GER,GER PRE,GER POL PRE
99,STATE_99,1412,STATE_1412,split,1.000,split; province_overlap=4; tsr_overlap_rank=1/3; bsr_source_count=1,europe,DEN,DEN,,GER,DEN,DEN
99,STATE_99,1413,STATE_1413,split,1.000,split; province_overlap=2; tsr_overlap_rank=2/3; bsr_source_count=1,europe,DEN,DEN,,GER,DEN,DEN
50,Württemberg,1415,STATE_1415,split,1.000,split; province_overlap=1; tsr_overlap_rank=5/6; bsr_source_count=1,europe,GER,GER,,,GER WUR,BDN GER
104,STATE_104,1421,STATE_1421,split,1.000,split; province_overlap=3; tsr_overlap_rank=3/8; bsr_source_count=1,europe,YUG,YUG,,CRO,BOS YUG,BOS YUG
127,Sussex,1422,STATE_1422,split,1.000,split; province_overlap=1; tsr_overlap_rank=2/2; bsr_source_count=1,europe,ENG,ENG,,,ENG,ENG
971,Northern Dobruja,1423,STATE_1423,split,1.000,split; province_overlap=1; tsr_overlap_rank=2/2; bsr_source_count=1,europe,ROM,ROM,,,ROM,ROM
807,STATE_807,1424,STATE_1424,split,1.000,split; province_overlap=1; tsr_overlap_rank=6/8; bsr_source_count=1,europe,GER,POL,,GER,GER KSH POL,POL
86,STATE_86,1426,STATE_1426,split,1.000,split; province_overlap=1; tsr_overlap_rank=5/6; bsr_source_count=1,europe,GER,POL,,GER,GER POL,POL
185,STATE_185,1427,STATE_1427,split,1.000,split; province_overlap=1; tsr_overlap_rank=5/7; bsr_source_count=1,europe,GRE,GRE,,ITA,GRE,GRE
731,STATE_731,1428,STATE_1428,split,1.000,split; province_overlap=2; tsr_overlap_rank=2/6; bsr_source_count=1,europe,GRE,GRE,,GER,GRE,GRE
29,STATE_29,1430,STATE_1430,split,1.000,split; province_overlap=1; tsr_overlap_rank=4/5; bsr_source_count=1,europe,BEL,FRA,,GER,FRA,FRA
55,STATE_55,1432,STATE_1432,split,1.000,split; province_overlap=2; tsr_overlap_rank=2/6; bsr_source_count=1,europe,GER,GER,,,GER HES PRE,GER PRE RHI
94,STATE_94,1433,STATE_1433,split,1.000,split; province_overlap=3; tsr_overlap_rank=2/9; bsr_source_count=1,europe,RUS,POL,,SOV,BLR POL,BLR POL
93,STATE_93,1434,STATE_1434,split,1.000,split; province_overlap=2; tsr_overlap_rank=3/5; bsr_source_count=1,europe,RUS,POL,,SOV,POL UKR,POL UKR
6,Flanders,1435,STATE_1435,split,1.000,split; province_overlap=1; tsr_overlap_rank=2/2; bsr_source_count=1,europe,BEL,BEL,,GER,BEL,BEL BRB FLA
230,STATE_230,1437,STATE_1437,split,1.000,split; province_overlap=2; tsr_overlap_rank=2/4; bsr_source_count=1,europe,RUS,SOV,,,ARM RUS,ARM SOV
189,STATE_189,1438,STATE_1438,split,1.000,split; province_overlap=1; tsr_overlap_rank=2/3; bsr_source_count=1,europe,RUS,LIT,,SOV,LIT,LIT
847,STATE_847,1439,STATE_1439,split,1.000,split; province_overlap=1; tsr_overlap_rank=2/3; bsr_source_count=1,europe,SWI,SWI,,,SWI,SWI
95,STATE_95,1441,STATE_1441,split,1.000,split; province_overlap=1; tsr_overlap_rank=6/6; bsr_source_count=1,europe,RUS,POL,,SOV,BLR POL,BLR POL
228,Voroshilovgrad,1445,STATE_1445,split,1.000,split; province_overlap=1; tsr_overlap_rank=2/3; bsr_source_count=1,europe,RUS,SOV,,,RUS UKR,DON SOV UKR
225,Sumy,1446,STATE_1446,split,1.000,split; province_overlap=1; tsr_overlap_rank=2/2; bsr_source_count=1,europe,RUS,SOV,,,RUS UKR,SOV UKR
50,Württemberg,1447,STATE_1447,split,1.000,split; province_overlap=2; tsr_overlap_rank=3/6; bsr_source_count=1,europe,GER,GER,,,GER WUR,GER WUR
102,STATE_102,1450,STATE_1450,split,1.000,split; province_overlap=1; tsr_overlap_rank=3/4; bsr_source_count=1,europe,YUG,YUG,,GER,SLV YUG,SLV YUG
47,Thessaly,1453,STATE_1453,split,1.000,split; province_overlap=3; tsr_overlap_rank=1/6; bsr_source_count=1,europe,GRE,GRE,,ITA,GRE,GRE
12,STATE_12,1454,STATE_1454,merge,1.000,merge; province_overlap=5; bsr_source_count=3,europe,RUS,LAT,,SOV,LAT,LAT LIV
153,STATE_153,1457,STATE_1457,split,1.000,split; province_overlap=1; tsr_overlap_rank=4/4; bsr_source_count=1,europe,GER,AUS,GER,GER,AUS GER,AUS GER
102,STATE_102,1458,STATE_1458,split,1.000,split; province_overlap=1; tsr_overlap_rank=4/4; bsr_source_count=1,europe,YUG,YUG,,GER,SLV YUG,SLV YUG
584,STATE_584,1459,STATE_1459,split,1.000,split; province_overlap=2; tsr_overlap_rank=5/6; bsr_source_count=1,asia,RUS,SOV,,,RUS TMS,SOV TMS
584,STATE_584,1460,STATE_1460,split,1.000,split; province_overlap=4; tsr_overlap_rank=2/6; bsr_source_count=1,asia,RUS,SOV,,,RUS TMS,SOV TMS
584,STATE_584,1461,STATE_1461,split,1.000,split; province_overlap=2; tsr_overlap_rank=6/6; bsr_source_count=1,asia,RUS,SOV,,,RUS TMS,SOV TMS
830,Bukhara,1464,STATE_1464,split,1.000,split; province_overlap=9; tsr_overlap_rank=1/2; bsr_source_count=1,asia,RUS,SOV,,,BUK RUS UZB,SOV UZB
584,STATE_584,1466,STATE_1466,split,1.000,split; province_overlap=3; tsr_overlap_rank=4/6; bsr_source_count=1,asia,RUS,SOV,,,RUS TMS,SOV TMS
742,STATE_742,1468,STATE_1468,split,1.000,split; province_overlap=4; tsr_overlap_rank=2/3; bsr_source_count=1,asia,RUS,SOV,,,BUK RUS TAJ,KOK SOV TAJ
194,Mozyr,1471,Mozyr,split,1.000,split; province_overlap=2; tsr_overlap_rank=3/3; bsr_source_count=1,europe,RUS,SOV,,,BLR RUS,BLR SOV
52,STATE_52,1472,STATE_1472,split,1.000,split; province_overlap=1; tsr_overlap_rank=2/4; bsr_source_count=1,europe,GER,GER,,,BAY GER,BAY GER
59,STATE_59,1473,STATE_1473,split,1.000,split; province_overlap=11; tsr_overlap_rank=1/4; bsr_source_count=1,europe,GER,GER,,,GER HAN PRE,GER HAN PRE
588,Semipalatinsk,1477,STATE_1477,split,1.000,split; province_overlap=1; tsr_overlap_rank=4/4; bsr_source_count=1,asia,RUS,SOV,,,KAZ RUS,KAZ SOV
14,STATE_14,1478,STATE_1478,split,1.000,split; province_overlap=1; tsr_overlap_rank=2/2; bsr_source_count=1,europe,FRA,FRA,,GER,BRI FRA,BRI FRA
29,STATE_29,1482,STATE_1482,split,1.000,split; province_overlap=1; tsr_overlap_rank=3/5; bsr_source_count=1,europe,BEL,FRA,,GER,FRA,FRA
94,STATE_94,1485,STATE_1485,split,1.000,split; province_overlap=1; tsr_overlap_rank=6/9; bsr_source_count=1,europe,RUS,POL,,SOV,BLR POL,BLR POL
212,STATE_212,1486,STATE_1486,split,1.000,split; province_overlap=1; tsr_overlap_rank=4/4; bsr_source_count=1,europe,BUL,BUL,BUL,,BUL,BUL THR
229,STATE_229,1487,STATE_1487,split,1.000,split; province_overlap=1; tsr_overlap_rank=6/6; bsr_source_count=1,europe,RUS,SOV,,,AZR RUS,AZR SOV
202,STATE_202,1491,STATE_1491,split,1.000,split; province_overlap=2; tsr_overlap_rank=4/5; bsr_source_count=1,europe,RUS,SOV,,,RUS UKR,SOV UKR
180,STATE_180,1500,STATE_1500,split,1.000,split; province_overlap=5; tsr_overlap_rank=1/2; bsr_source_count=1,europe,POR,POR,,,POR,POR
795,STATE_795,1501,STATE_1501,split,1.000,split; province_overlap=1; tsr_overlap_rank=2/2; bsr_source_count=1,europe,POR,POR,,,POR,POR
179,STATE_179,1502,STATE_1502,split,1.000,split; province_overlap=1; tsr_overlap_rank=3/3; bsr_source_count=1,europe,POR,POR,,,POR,POR
170,STATE_170,1503,STATE_1503,split,1.000,split; province_overlap=1; tsr_overlap_rank=3/3; bsr_source_count=1,europe,SPR,SPR,,,SPR,SPR
58,STATE_58,1506,STATE_1506,split,1.000,split; province_overlap=2; tsr_overlap_rank=2/3; bsr_source_count=1,europe,GER,GER,,,GER PRE SHL,GER PRE SHL
1054,STATE_1054,1507,STATE_1507,split,1.000,split; province_overlap=4; tsr_overlap_rank=1/2; bsr_source_count=1,europe,HUN,ROM,HUN,HUN,HUN,ROM TRA
63,STATE_63,1508,STATE_1508,split,1.000,split; province_overlap=2; tsr_overlap_rank=4/9; bsr_source_count=1,europe,GER,GER,,,GER KSH PRE,GER PRE
62,STATE_62,1509,STATE_1509,split,1.000,split; province_overlap=2; tsr_overlap_rank=1/4; bsr_source_count=1,europe,GER,GER,,,GER PRE,GER PRE
44,STATE_44,1510,STATE_1510,split,1.000,split; province_overlap=1; tsr_overlap_rank=3/3; bsr_source_count=1,europe,ALB,ALB,ITA,,ALB,ALB
653,Sverdlovsk,1514,STATE_1514,manual,1.000,incompatible province overlap rejected for automatic overlay; province_overlap=14; tsr_tags=RUS; bsr_tags=SIB SOV,asia,RUS,SOV,,,RUS,SIB SOV
845,STATE_845,1515,STATE_1515,split,1.000,split; province_overlap=1; tsr_overlap_rank=3/3; bsr_source_count=1,europe,SWI,SWI,,,SWI,SWI
42,STATE_42,1519,STATE_1519,split,1.000,split; province_overlap=2; tsr_overlap_rank=3/5; bsr_source_count=1,europe,GER,GER,,,GER PRE RHI,GER PRE RHI
495,STATE_495,1549,STATE_1549,manual,1.000,incompatible province overlap rejected for automatic overlay; province_overlap=1; tsr_tags=BRA; bsr_tags=BUL GRE THR,europe,BRA,GRE,,BUL,BRA,GRE THR
91,Lwow,1553,STATE_1553,split,1.000,split; province_overlap=2; tsr_overlap_rank=3/5; bsr_source_count=1,europe,RUS,POL,,SOV,POL UKR,GAL POL UKR
976,STATE_976,1554,STATE_1554,split,1.000,split; province_overlap=1; tsr_overlap_rank=3/3; bsr_source_count=1,europe,GER,AUS,GER,GER,AUS GER,AUS GER
93,STATE_93,1555,STATE_1555,split,1.000,split; province_overlap=4; tsr_overlap_rank=1/5; bsr_source_count=1,europe,RUS,POL,,SOV,POL UKR,POL UKR
94,STATE_94,1557,STATE_1557,split,1.000,split; province_overlap=3; tsr_overlap_rank=3/9; bsr_source_count=1,europe,RUS,POL,,SOV,BLR POL,BLR POL
88,STATE_88,1558,STATE_1558,split,1.000,split; province_overlap=4; tsr_overlap_rank=1/9; bsr_source_count=1,europe,RUS,POL,,GGO,POL,GAL POL
36,STATE_36,1559,STATE_1559,split,1.000,split; province_overlap=2; tsr_overlap_rank=1/5; bsr_source_count=1,europe,HOL,HOL,,GER,HOL,GEL HOL
86,STATE_86,1560,STATE_1560,split,1.000,split; province_overlap=1; tsr_overlap_rank=2/6; bsr_source_count=1,europe,GER,POL,,GER,GER POL,POL
807,STATE_807,1561,STATE_1561,split,1.000,split; province_overlap=1; tsr_overlap_rank=5/8; bsr_source_count=1,europe,GER,POL,,GER,GER KSH POL,POL
784,STATE_784,1563,STATE_1563,split,1.000,split; province_overlap=1; tsr_overlap_rank=3/3; bsr_source_count=1,europe,RUS,POL,,SOV,LIT POL,LIT POL
73,STATE_73,1570,STATE_1570,split,1.000,split; province_overlap=1; tsr_overlap_rank=2/2; bsr_source_count=1,europe,HUN,CZE,HUN,HUN,HUN SLO UKR,CZE HUN SLO UKR
137,STATE_137,1571,STATE_1571,split,1.000,split; province_overlap=5; tsr_overlap_rank=1/3; bsr_source_count=1,europe,RUS,SOV,,,CRI RUS,CRI SOV
928,KYME,1572,STATE_1572,split,1.000,split; province_overlap=6; tsr_overlap_rank=1/3; bsr_source_count=1,europe,RUS,FIN,RUS,,FIN,FIN
17,Lorraine,1581,STATE_1581,split,1.000,split; province_overlap=1; tsr_overlap_rank=3/6; bsr_source_count=1,europe,FRA,FRA,,GER,FRA,FRA
98,STATE_98,1587,STATE_1587,split,1.000,split; province_overlap=1; tsr_overlap_rank=5/5; bsr_source_count=1,europe,RUS,POL,,GGO,POL,POL
88,STATE_88,1588,STATE_1588,split,1.000,split; province_overlap=1; tsr_overlap_rank=8/9; bsr_source_count=1,europe,RUS,POL,,GGO,POL,GAL POL
92,STATE_92,1589,STATE_1589,split,1.000,split; province_overlap=1; tsr_overlap_rank=4/4; bsr_source_count=1,europe,RUS,POL,,GGO,POL,GAL POL
93,STATE_93,1590,STATE_1590,split,1.000,split; province_overlap=1; tsr_overlap_rank=4/5; bsr_source_count=1,europe,RUS,POL,,SOV,POL UKR,GAL POL UKR
101,STATE_101,1594,STATE_1594,split,1.000,split; province_overlap=1; tsr_overlap_rank=2/2; bsr_source_count=1,europe,DEN,DEN,,,DEN GRN,GRL
184,STATE_184,1595,STATE_1595,split,1.000,split; province_overlap=1; tsr_overlap_rank=4/4; bsr_source_count=1,europe,GRE,GRE,,BUL,GRE,GRE THR
161,STATE_161,1596,STATE_1596,split,1.000,split; province_overlap=2; tsr_overlap_rank=2/4; bsr_source_count=1,europe,ITA,ITA,,,ITA PAP,ITA PRM
224,STATE_224,1598,STATE_1598,manual,1.000,incompatible province overlap rejected for automatic overlay; province_overlap=1; tsr_tags=RUS; bsr_tags=MUS SOV,europe,RUS,SOV,,,RUS,MUS SOV
88,STATE_88,1599,STATE_1599,split,1.000,split; province_overlap=2; tsr_overlap_rank=3/9; bsr_source_count=1,europe,RUS,POL,,GGO,POL,GAL POL
94,STATE_94,1602,STATE_1602,split,1.000,split; province_overlap=1; tsr_overlap_rank=8/9; bsr_source_count=1,europe,RUS,POL,,SOV,BLR POL,BLR POL
65,STATE_65,1611,STATE_1611,split,1.000,split; province_overlap=1; tsr_overlap_rank=3/6; bsr_source_count=1,europe,GER,GER,,,GER SAX,GER LUS PRE SIL
495,STATE_495,1612,STATE_1612,manual,1.000,incompatible province overlap rejected for automatic overlay; province_overlap=1; tsr_tags=BRA; bsr_tags=CZE MRV PBM,europe,BRA,CZE,,PBM,BRA,CZE MRV PBM
66,STATE_66,1617,STATE_1617,split,1.000,split; province_overlap=2; tsr_overlap_rank=3/7; bsr_source_count=1,europe,GER,GER,,,GER PRE SIL,GER LUS PRE SIL
207,STATE_207,1620,STATE_1620,split,1.000,split; province_overlap=1; tsr_overlap_rank=4/6; bsr_source_count=1,europe,RUS,SOV,,,BLR RUS,BLR SOV
31,STATE_31,1622,STATE_1622,split,1.000,split; province_overlap=2; tsr_overlap_rank=2/7; bsr_source_count=1,europe,FRA,FRA,,,FRA OCC,FRA OCC
198,STATE_198,1624,STATE_1624,split,1.000,split; province_overlap=1; tsr_overlap_rank=3/4; bsr_source_count=1,europe,RUS,SOV,,,RUS UKR,SOV UKR
63,STATE_63,1655,STATE_1655,split,1.000,split; province_overlap=1; tsr_overlap_rank=6/9; bsr_source_count=1,europe,GER,GER,,,GER KSH PRE,GER POL PRE
95,STATE_95,1656,STATE_1656,split,1.000,split; province_overlap=1; tsr_overlap_rank=5/6; bsr_source_count=1,europe,RUS,POL,,SOV,BLR POL,BLR POL
919,STATE_919,1657,STATE_1657,merge,1.000,merge; province_overlap=10; bsr_source_count=2,europe,SWE,SWE,,,SWE,SWE
4,STATE_4,1679,STATE_1679,split,1.000,split; province_overlap=3; tsr_overlap_rank=2/3; bsr_source_count=1,europe,GER,AUS,GER,GER,AUS GER,AUS GER
195,STATE_195,1685,STATE_1685,manual,1.000,incompatible province overlap rejected for automatic overlay; province_overlap=1; tsr_tags=RUS; bsr_tags=SOV,europe,RUS,SOV,,,RUS,SOV
63,STATE_63,1700,STATE_1700,split,1.000,split; province_overlap=1; tsr_overlap_rank=9/9; bsr_source_count=1,europe,GER,GER,,,GER KSH PRE,GER PRE
63,STATE_63,1701,STATE_1701,split,1.000,split; province_overlap=2; tsr_overlap_rank=3/9; bsr_source_count=1,europe,GER,GER,,,GER KSH PRE,GER PRE
68,STATE_68,1702,STATE_1702,split,1.000,split; province_overlap=1; tsr_overlap_rank=3/6; bsr_source_count=1,europe,GER,GER,,,GER PRE,GER PRE
953,STATE_953,1703,STATE_1703,manual,1.000,incompatible province overlap rejected for automatic overlay; province_overlap=1; tsr_tags=ARG WLA; bsr_tags=GER PRE,europe,ARG,GER,,,ARG WLA,GER PRE
66,STATE_66,1705,STATE_1705,split,1.000,split; province_overlap=3; tsr_overlap_rank=1/7; bsr_source_count=1,europe,GER,GER,,,GER PRE SIL,GER PRE SIL
66,STATE_66,1706,STATE_1706,split,1.000,split; province_overlap=1; tsr_overlap_rank=5/7; bsr_source_count=1,europe,GER,GER,,,GER PRE SIL,GER PRE SIL
130,STATE_130,1708,STATE_1708,split,1.000,split; province_overlap=3; tsr_overlap_rank=2/2; bsr_source_count=1,europe,ENG,ENG,,,ENG,ENG
92,STATE_92,1712,STATE_1712,split,1.000,split; province_overlap=3; tsr_overlap_rank=2/4; bsr_source_count=1,europe,RUS,POL,,GGO,POL,POL
170,STATE_170,1715,STATE_1715,split,1.000,split; province_overlap=5; tsr_overlap_rank=2/3; bsr_source_count=1,europe,SPR,SPR,,,SPR,SPR
41,STATE_41,1716,STATE_1716,split,1.000,split; province_overlap=3; tsr_overlap_rank=3/3; bsr_source_count=1,europe,SPR,SPR,,,SPR,SPR
793,STATE_793,1717,STATE_1717,split,1.000,split; province_overlap=4; tsr_overlap_rank=2/2; bsr_source_count=1,europe,SPR,SPR,,,SPR,SPR
177,STATE_177,1718,STATE_1718,split,1.000,split; province_overlap=1; tsr_overlap_rank=2/2; bsr_source_count=1,europe,SPR,SPR,,,SPR,SPR
168,STATE_168,1719,STATE_1719,split,1.000,split; province_overlap=6; tsr_overlap_rank=1/2; bsr_source_count=1,europe,SPR,SPR,,,SPR,SPR
794,STATE_794,1721,STATE_1721,split,1.000,split; province_overlap=7; tsr_overlap_rank=1/3; bsr_source_count=1,europe,SPR,SPR,,,SPR,SPR
790,STATE_790,1722,STATE_1722,split,1.000,split; province_overlap=3; tsr_overlap_rank=2/4; bsr_source_count=1,europe,SPR,SPR,,,SPR,SPR
176,STATE_176,1723,STATE_1723,split,1.000,split; province_overlap=4; tsr_overlap_rank=2/2; bsr_source_count=1,europe,SPR,SPR,,,SPR,SPR
41,STATE_41,1724,STATE_1724,split,1.000,split; province_overlap=7; tsr_overlap_rank=1/3; bsr_source_count=1,europe,SPR,SPR,,,SPR,SPR
790,STATE_790,1725,STATE_1725,split,1.000,split; province_overlap=1; tsr_overlap_rank=4/4; bsr_source_count=1,europe,SPR,SPR,,,SPR,SPR
807,STATE_807,1728,STATE_1728,split,1.000,split; province_overlap=1; tsr_overlap_rank=7/8; bsr_source_count=1,europe,GER,POL,,GER,GER KSH POL,POL
20,Rhone,1730,STATE_1730,split,1.000,split; province_overlap=1; tsr_overlap_rank=4/7; bsr_source_count=1,europe,FRA,FRA,,,FRA OCC,FRA
1048,Moselgebiet,1731,STATE_1731,split,1.000,split; province_overlap=1; tsr_overlap_rank=1/2; bsr_source_count=1,europe,GER,FRA,GER,GER,GER,BGN FRA
17,Lorraine,1733,STATE_1733,split,1.000,split; province_overlap=1; tsr_overlap_rank=2/6; bsr_source_count=1,europe,FRA,FRA,,GER,FRA,BGN FRA
88,STATE_88,1737,STATE_1737,split,1.000,split; province_overlap=2; tsr_overlap_rank=2/9; bsr_source_count=1,europe,RUS,POL,,GGO,POL,GAL POL
157,STATE_157,1757,STATE_1757,split,1.000,split; province_overlap=1; tsr_overlap_rank=5/5; bsr_source_count=1,europe,ITA,ITA,,,ITA PAP,ITA TUS
162,STATE_162,1758,STATE_1758,split,1.000,split; province_overlap=2; tsr_overlap_rank=2/3; bsr_source_count=1,europe,ITA,ITA,,,ITA TOS,ITA TUS
22,Languedoc,1759,Languedoc,split,1.000,split; province_overlap=1; tsr_overlap_rank=4/4; bsr_source_count=1,europe,FRA,FRA,,,FRA OCC,FRA OCC
22,Languedoc,1760,STATE_1760,split,1.000,split; province_overlap=2; tsr_overlap_rank=3/4; bsr_source_count=1,europe,FRA,FRA,,,FRA OCC,FRA OCC
31,STATE_31,1761,STATE_1761,split,1.000,split; province_overlap=1; tsr_overlap_rank=5/7; bsr_source_count=1,europe,FRA,FRA,,,FRA OCC,FRA OCC
925,STATE_925,1762,STATE_1762,split,1.000,split; province_overlap=5; tsr_overlap_rank=2/2; bsr_source_count=1,europe,NOR,NOR,,GER,NOR SMI,NOR
50,Württemberg,1764,STATE_1764,split,1.000,split; province_overlap=3; tsr_overlap_rank=1/6; bsr_source_count=1,europe,GER,GER,,,GER WUR,GER WUR
55,STATE_55,1767,STATE_1767,split,1.000,split; province_overlap=1; tsr_overlap_rank=5/6; bsr_source_count=1,europe,GER,GER,,,GER HES PRE,GER HAN PRE
89,STATE_89,1769,STATE_1769,split,1.000,split; province_overlap=1; tsr_overlap_rank=3/3; bsr_source_count=1,europe,RUS,POL,,SOV,POL UKR,GAL POL UKR
199,STATE_199,1771,STATE_1771,split,1.000,split; province_overlap=2; tsr_overlap_rank=2/4; bsr_source_count=1,europe,RUS,SOV,,,RUS UKR,SOV UKR
199,STATE_199,1772,STATE_1772,split,1.000,split; province_overlap=1; tsr_overlap_rank=4/4; bsr_source_count=1,europe,RUS,SOV,,,RUS UKR,SOV UKR
1087,STATE_1087,1773,STATE_1773,manual,1.000,incompatible province overlap rejected for automatic overlay; province_overlap=1; tsr_tags=DAS MAL; bsr_tags=GGO POL,europe,DAS,POL,DAS,GGO,MAL,POL
241,Gomel,1774,Gomel,split,1.000,split; province_overlap=1; tsr_overlap_rank=3/3; bsr_source_count=1,europe,RUS,SOV,,,BLR RUS,SOV
271,STATE_271,1795,STATE_1795,manual,1.000,incompatible province overlap rejected for automatic overlay; province_overlap=1; tsr_tags=ETH ITA ORO; bsr_tags=GER POL,europe,ETH,POL,ITA,GER,ETH ORO,POL
20,Rhone,1800,STATE_1800,split,1.000,split; province_overlap=2; tsr_overlap_rank=3/7; bsr_source_count=1,europe,FRA,FRA,,,FRA OCC,FRA
158,STATE_158,1802,STATE_1802,split,1.000,split; province_overlap=2; tsr_overlap_rank=5/6; bsr_source_count=1,europe,ITA,ITA,,,ITA SPM,ITA OCC SRD
72,STATE_72,1803,STATE_1803,split,1.000,split; province_overlap=1; tsr_overlap_rank=2/2; bsr_source_count=1,europe,CZE,POL,POL,GER,CZE,POL
59,STATE_59,1805,STATE_1805,split,1.000,split; province_overlap=4; tsr_overlap_rank=2/4; bsr_source_count=1,europe,GER,GER,,,GER HAN PRE,GER HAN PRE
977,Antwerpen,1807,STATE_1807,split,1.000,split; province_overlap=1; tsr_overlap_rank=2/3; bsr_source_count=1,europe,BEL,BEL,,GER,BEL,BEL FLA LIM
977,Antwerpen,1808,STATE_1808,split,1.000,split; province_overlap=2; tsr_overlap_rank=1/3; bsr_source_count=1,europe,BEL,BEL,,GER,BEL,BEL BRB FLA
60,STATE_60,1823,STATE_1823,split,1.000,split; province_overlap=3; tsr_overlap_rank=2/2; bsr_source_count=1,europe,GER,GER,,,GER THU,GER PRE
404,Kyzyl Orda,1828,STATE_1828,split,1.000,split; province_overlap=3; tsr_overlap_rank=3/4; bsr_source_count=1,asia,RUS,SOV,,,KAZ RUS,KAZ SOV
29,STATE_29,1839,STATE_1839,split,1.000,split; province_overlap=2; tsr_overlap_rank=2/5; bsr_source_count=1,europe,BEL,FRA,,GER,FRA,FRA
21,Bouches-du-Rhône (Formerly Provence before Var split off),1842,STATE_1842,split,1.000,split; province_overlap=2; tsr_overlap_rank=1/3; bsr_source_count=1,europe,FRA,FRA,,,FRA OCC,FRA OCC
152,STATE_152,1865,STATE_1865,split,1.000,split; province_overlap=2; tsr_overlap_rank=2/4; bsr_source_count=1,europe,GER,AUS,GER,GER,AUS GER,AUS GER
54,STATE_54,1866,STATE_1866,split,1.000,split; province_overlap=4; tsr_overlap_rank=2/3; bsr_source_count=1,europe,GER,GER,,,BAY GER,BAY GER
807,STATE_807,1868,STATE_1868,split,1.000,split; province_overlap=1; tsr_overlap_rank=2/8; bsr_source_count=1,europe,GER,POL,,GER,GER KSH POL,POL
28,Alsace-Lorraine,1876,STATE_1876,split,1.000,split; province_overlap=1; tsr_overlap_rank=2/7; bsr_source_count=1,europe,GER,FRA,,GER,FRA GER,BGN FRA
785,STATE_785,1877,STATE_1877,split,1.000,split; province_overlap=3; tsr_overlap_rank=1/3; bsr_source_count=1,europe,FRA,FRA,,GER,FRA,FRA
909,STATE_909,1903,STATE_1903,split,1.000,split; province_overlap=2; tsr_overlap_rank=1/2; bsr_source_count=1,europe,GER,GER,,,GER PRE SHL,GER PRE SHL
66,STATE_66,1905,STATE_1905,split,1.000,split; province_overlap=1; tsr_overlap_rank=7/7; bsr_source_count=1,europe,GER,GER,,,GER PRE SIL,GER PRE SIL
64,STATE_64,1920,STATE_1920,split,1.000,split; province_overlap=2; tsr_overlap_rank=4/6; bsr_source_count=1,europe,GER,GER,,,GER PRE,GER PRE
65,STATE_65,1926,STATE_1926,split,1.000,split; province_overlap=1; tsr_overlap_rank=4/6; bsr_source_count=1,europe,GER,GER,,,GER SAX,GER PRE
28,Alsace-Lorraine,1934,STATE_1934,split,1.000,split; province_overlap=1; tsr_overlap_rank=6/7; bsr_source_count=1,europe,GER,FRA,,GER,FRA GER,ALS FRA
78,STATE_78,1939,STATE_1939,split,1.000,split; province_overlap=2; tsr_overlap_rank=2/3; bsr_source_count=1,europe,RUS,ROM,,SOV,MOL ROM,MOL ROM
766,STATE_766,1940,STATE_1940,split,1.000,split; province_overlap=2; tsr_overlap_rank=1/2; bsr_source_count=1,europe,RUS,ROM,,SOV,MOL ROM UKR,MOL ROM UKR
54,STATE_54,1964,STATE_1964,split,1.000,split; province_overlap=1; tsr_overlap_rank=3/3; bsr_source_count=1,europe,GER,GER,,,BAY GER,GER WUR
978,Baden,1965,STATE_1965,split,1.000,split; province_overlap=2; tsr_overlap_rank=2/4; bsr_source_count=1,europe,GER,GER,,,GER WUR,BDN GER
827,STATE_827,1968,STATE_1968,manual,1.000,incompatible province overlap rejected for automatic overlay; province_overlap=1; tsr_tags=KBK RUS; bsr_tags=CIR KBR SOV,europe,RUS,SOV,,,KBK RUS,CIR KBR SOV
97,STATE_97,1969,STATE_1969,split,1.000,split; province_overlap=1; tsr_overlap_rank=5/6; bsr_source_count=1,europe,RUS,POL,,SOV,BLR POL,POL
86,STATE_86,1973,STATE_1973,split,1.000,split; province_overlap=1; tsr_overlap_rank=3/6; bsr_source_count=1,europe,GER,POL,,GER,GER POL,POL
36,STATE_36,1974,STATE_1974,split,1.000,split; province_overlap=2; tsr_overlap_rank=3/5; bsr_source_count=1,europe,HOL,HOL,,,HOL,HOL
36,STATE_36,1975,STATE_1975,split,1.000,split; province_overlap=1; tsr_overlap_rank=5/5; bsr_source_count=1,europe,HOL,HOL,,,HOL,GEL HOL
35,STATE_35,1976,STATE_1976,split,1.000,split; province_overlap=1; tsr_overlap_rank=5/5; bsr_source_count=1,europe,HOL,HOL,,,HOL,HOL ZEE
466,STATE_466,1984,STATE_1984,manual,1.000,incompatible province overlap rejected for automatic overlay; province_overlap=1; tsr_tags=CAN QUE; bsr_tags=GAL GER POL,europe,CAN,POL,,GER,CAN QUE,GAL POL
974,South Transdanubia,1985,STATE_1985,split,1.000,split; province_overlap=3; tsr_overlap_rank=2/2; bsr_source_count=1,europe,HUN,HUN,,,HUN,HUN
973,STATE_973,1986,STATE_1986,split,1.000,split; province_overlap=1; tsr_overlap_rank=2/2; bsr_source_count=1,europe,HUN,HUN,,,HUN,HUN
45,STATE_45,1987,STATE_1987,split,1.000,split; province_overlap=2; tsr_overlap_rank=2/3; bsr_source_count=1,europe,HUN,YUG,,HUN,SER YUG,SER VOJ YUG
764,STATE_764,1988,STATE_1988,split,1.000,split; province_overlap=1; tsr_overlap_rank=2/2; bsr_source_count=1,europe,HUN,YUG,HUN,GER,SER TRA YUG,BNT SER VOJ YUG
980,STATE_980,1989,STATE_1989,split,1.000,split; province_overlap=1; tsr_overlap_rank=3/3; bsr_source_count=1,europe,BEL,BEL,,GER,BEL,BEL WLL
980,STATE_980,1990,STATE_1990,split,1.000,split; province_overlap=1; tsr_overlap_rank=2/3; bsr_source_count=1,europe,BEL,BEL,,GER,BEL,BEL WLL
814,STATE_814,1992,STATE_1992,split,1.000,split; province_overlap=1; tsr_overlap_rank=2/2; bsr_source_count=1,europe,RUS,LIT,,SOV,LIT,LIT
207,STATE_207,1993,STATE_1993,split,1.000,split; province_overlap=2; tsr_overlap_rank=2/6; bsr_source_count=1,europe,RUS,SOV,,,BLR RUS,BLR SOV
207,STATE_207,1994,STATE_1994,split,1.000,split; province_overlap=1; tsr_overlap_rank=6/6; bsr_source_count=1,europe,RUS,SOV,,,BLR RUS,BLR SOV
194,Mozyr,1995,STATE_1995,split,1.000,split; province_overlap=3; tsr_overlap_rank=2/3; bsr_source_count=1,europe,RUS,SOV,,,BLR RUS,BLR SOV
201,STATE_201,1996,STATE_1996,split,1.000,split; province_overlap=2; tsr_overlap_rank=2/2; bsr_source_count=1,europe,RUS,SOV,,,RUS UKR,SOV UKR
784,STATE_784,1997,STATE_1997,split,1.000,split; province_overlap=1; tsr_overlap_rank=2/3; bsr_source_count=1,europe,RUS,POL,,SOV,LIT POL,LIT POL
341,STATE_341,2002,STATE_2002,split,1.000,split; province_overlap=1; tsr_overlap_rank=2/2; bsr_source_count=1,europe,GRE,TUR,GRE,,GRE TUR,THR TUR
104,STATE_104,2004,STATE_2004,split,1.000,split; province_overlap=1; tsr_overlap_rank=5/8; bsr_source_count=1,europe,YUG,YUG,,CRO,BOS YUG,BOS YUG
1058,STATE_1058,2005,STATE_2005,manual,1.000,incompatible province overlap rejected for automatic overlay; province_overlap=1; tsr_tags=ARM RUS; bsr_tags=TUR,middle_east,RUS,TUR,RUS,,ARM,TUR
231,STATE_231,2007,STATE_2007,split,1.000,split; province_overlap=1; tsr_overlap_rank=6/7; bsr_source_count=1,europe,RUS,SOV,,,GEO RUS,GEO SOV
232,Dagestan,2010,STATE_2010,split,1.000,split; province_overlap=1; tsr_overlap_rank=5/5; bsr_source_count=1,europe,RUS,SOV,,,DAG RUS,DAG SOV
104,STATE_104,2011,STATE_2011,split,1.000,split; province_overlap=1; tsr_overlap_rank=8/8; bsr_source_count=1,europe,YUG,YUG,,CRO,BOS YUG,BOS YUG
109,Croatia,2012,STATE_2012,split,1.000,split; province_overlap=1; tsr_overlap_rank=3/4; bsr_source_count=1,europe,YUG,YUG,,CRO,CRO YUG,CRO VOJ YUG
63,STATE_63,2014,STATE_2014,split,1.000,split; province_overlap=1; tsr_overlap_rank=8/9; bsr_source_count=1,europe,GER,GER,,,GER KSH PRE,GER PRE
159,STATE_159,2016,STATE_2016,split,1.000,split; province_overlap=1; tsr_overlap_rank=3/4; bsr_source_count=1,europe,ITA,ITA,,,ITA LBV,ITA VEC
157,STATE_157,2017,STATE_2017,split,1.000,split; province_overlap=3; tsr_overlap_rank=1/5; bsr_source_count=1,europe,ITA,ITA,,,ITA PAP,ITA KTS
189,STATE_189,2019,STATE_2019,split,1.000,split; province_overlap=1; tsr_overlap_rank=3/3; bsr_source_count=1,europe,RUS,LIT,,SOV,LIT,LIT
126,STATE_126,2024,STATE_2024,split,1.000,split; province_overlap=1; tsr_overlap_rank=2/2; bsr_source_count=1,europe,ENG,ENG,,,ENG,ENG
931,STATE_931,2025,STATE_2025,split,1.000,split; province_overlap=2; tsr_overlap_rank=1/2; bsr_source_count=1,europe,ENG,ENG,,,ENG,ENG
931,STATE_931,2026,STATE_2026,split,1.000,split; province_overlap=2; tsr_overlap_rank=2/2; bsr_source_count=1,europe,ENG,ENG,,,ENG,ENG
86,STATE_86,2031,STATE_2031,split,1.000,split; province_overlap=1; tsr_overlap_rank=6/6; bsr_source_count=1,europe,GER,POL,,GER,GER POL,POL
68,STATE_68,2032,STATE_2032,split,1.000,split; province_overlap=1; tsr_overlap_rank=4/6; bsr_source_count=1,europe,GER,GER,,,GER PRE,GER LUS PRE
64,STATE_64,2033,STATE_2033,split,1.000,split; province_overlap=1; tsr_overlap_rank=5/6; bsr_source_count=1,europe,GER,GER,,,GER PRE,GER PRE
68,STATE_68,2034,STATE_2034,split,1.000,split; province_overlap=1; tsr_overlap_rank=6/6; bsr_source_count=1,europe,GER,GER,,,GER PRE,GER PRE
68,STATE_68,2035,STATE_2035,split,1.000,split; province_overlap=1; tsr_overlap_rank=2/6; bsr_source_count=1,europe,GER,GER,,,GER PRE,GER PRE
65,STATE_65,2036,STATE_2036,split,1.000,split; province_overlap=1; tsr_overlap_rank=5/6; bsr_source_count=1,europe,GER,GER,,,GER SAX,GER PRE
1062,STATE_1062,2039,STATE_2039,split,1.000,split; province_overlap=1; tsr_overlap_rank=3/3; bsr_source_count=1,europe,FRA,FRA,,GER,FRA,BGN FRA
27,Bourgogne,2040,STATE_2040,split,1.000,split; province_overlap=1; tsr_overlap_rank=8/8; bsr_source_count=1,europe,FRA,FRA,,GER,FRA,BGN FRA
17,Lorraine,2041,STATE_2041,split,1.000,split; province_overlap=1; tsr_overlap_rank=4/6; bsr_source_count=1,europe,FRA,FRA,,GER,FRA,BGN FRA
27,Bourgogne,2042,STATE_2042,split,1.000,split; province_overlap=1; tsr_overlap_rank=5/8; bsr_source_count=1,europe,FRA,FRA,,GER,FRA,BGN FRA
27,Bourgogne,2043,STATE_2043,split,1.000,split; province_overlap=2; tsr_overlap_rank=3/8; bsr_source_count=1,europe,FRA,FRA,,GER,FRA,BGN FRA
27,Bourgogne,2044,STATE_2044,split,1.000,split; province_overlap=1; tsr_overlap_rank=7/8; bsr_source_count=1,europe,FRA,FRA,,GER,FRA,BGN FRA
351,Vologda,1371,STATE_1371,manual,0.960,incompatible province overlap rejected for automatic overlay; province_overlap=24; tsr_tags=RUS; bsr_tags=SOV,europe,RUS,SOV,,,RUS,SOV
216,STATE_216,216,STATE_216,merge,0.950,merge; province_overlap=19; bsr_source_count=2,europe,RUS,SOV,,,KAR RUS,KAR SOV
143,STATE_143,143,STATE_143,merge,0.941,split+merge; province_overlap=16; tsr_overlap_rank=1/2; bsr_source_count=3,europe,NOR,NOR,,GER,NOR SMI,NOR
833,STATE_833,256,STATE_256,manual,0.941,incompatible province overlap rejected for automatic overlay; province_overlap=16; tsr_tags=MEL RUS; bsr_tags=SOV,europe,RUS,SOV,,,MEL RUS,SOV
9,STATE_9,9,STATE_9,split,0.929,split; province_overlap=13; tsr_overlap_rank=1/2; bsr_source_count=1,europe,CZE,CZE,GER,PBM,CZE,CZE PBM
25,STATE_25,25,STATE_25,merge,0.923,split+merge; province_overlap=12; tsr_overlap_rank=1/2; bsr_source_count=3,europe,FRA,FRA,,,FRA OCC,FRA OCC
215,STATE_215,929,STATE_929,split,0.923,split; province_overlap=12; tsr_overlap_rank=2/5; bsr_source_count=1,europe,RUS,SOV,,,KAR RUS,KAR SOV
170,STATE_170,170,STATE_170,split,0.917,split; province_overlap=11; tsr_overlap_rank=1/3; bsr_source_count=1,europe,SPR,SPR,,,SPR,SPR
589,STATE_589,1148,STATE_1148,merge,0.917,split+merge; province_overlap=11; tsr_overlap_rank=1/2; bsr_source_count=2,asia,RUS,SOV,,,KAZ RUS,KAZ SOV
584,STATE_584,1462,STATE_1462,merge,0.917,split+merge; province_overlap=11; tsr_overlap_rank=1/6; bsr_source_count=2,asia,RUS,SOV,,,RUS TMS,SOV TMS
31,STATE_31,31,STATE_31,merge,0.909,split+merge; province_overlap=10; tsr_overlap_rank=1/7; bsr_source_count=2,europe,FRA,FRA,,,FRA OCC,FRA OCC
225,Sumy,225,STATE_225,merge,0.909,split+merge; province_overlap=10; tsr_overlap_rank=1/2; bsr_source_count=2,europe,RUS,SOV,,,RUS UKR,SOV UKR
14,STATE_14,14,STATE_14,split,0.900,split; province_overlap=9; tsr_overlap_rank=1/2; bsr_source_count=1,europe,FRA,FRA,,GER,BRI FRA,BRI FRA
259,Poltava,259,STATE_259,merge,0.900,split+merge; province_overlap=9; tsr_overlap_rank=1/2; bsr_source_count=3,europe,RUS,SOV,,,RUS UKR,SOV UKR
232,Dagestan,931,STATE_931,split,0.900,split; province_overlap=9; tsr_overlap_rank=1/5; bsr_source_count=1,europe,RUS,SOV,,,DAG RUS,DAG SOV
142,STATE_142,142,STATE_142,merge,0.895,split+merge; province_overlap=17; tsr_overlap_rank=1/3; bsr_source_count=2,europe,NOR,NOR,,GER,NOR,NOR
228,Voroshilovgrad,228,Voroshilovgrad,split,0.889,split; province_overlap=8; tsr_overlap_rank=1/3; bsr_source_count=1,europe,RUS,SOV,,,RUS UKR,SOV UKR
263,STATE_263,1161,STATE_1161,manual,0.889,incompatible province overlap rejected for automatic overlay; province_overlap=8; tsr_tags=RUS; bsr_tags=SOV,europe,RUS,SOV,,,RUS,SOV
213,STATE_213,1382,STATE_1382,manual,0.889,incompatible province overlap rejected for automatic overlay; province_overlap=8; tsr_tags=RUS SMI; bsr_tags=SOV,europe,RUS,SOV,,,RUS SMI,SOV
929,OULU,1629,Savo / Tavastland / Tavastia,merge,0.889,split+merge; province_overlap=8; tsr_overlap_rank=2/3; bsr_source_count=2,europe,RUS,FIN,RUS,,FIN,FIN
925,STATE_925,144,STATE_144,merge,0.882,split+merge; province_overlap=15; tsr_overlap_rank=1/2; bsr_source_count=2,europe,NOR,NOR,,GER,NOR SMI,NOR
402,STATE_402,402,STATE_402,merge,0.880,split+merge; province_overlap=22; tsr_overlap_rank=1/3; bsr_source_count=2,asia,RUS,SOV,,,KAZ RUS,KAZ SOV
23,STATE_23,23,STATE_23,merge,0.875,split+merge; province_overlap=7; tsr_overlap_rank=1/2; bsr_source_count=2,europe,FRA,FRA,,GER,FRA,FRA
54,STATE_54,54,STATE_54,merge,0.875,split+merge; province_overlap=7; tsr_overlap_rank=1/3; bsr_source_count=2,europe,GER,GER,,,BAY GER,BAY GER
107,STATE_107,107,STATE_107,merge,0.875,split+merge; province_overlap=7; tsr_overlap_rank=1/2; bsr_source_count=2,europe,YUG,YUG,,SER,SER YUG,SER YUG
215,STATE_215,928,STATE_928,split,0.875,split; province_overlap=14; tsr_overlap_rank=1/5; bsr_source_count=1,europe,RUS,SOV,,,KAR RUS,KAR SOV
144,Nordland,1014,STATE_1014,merge,0.875,split+merge; province_overlap=7; tsr_overlap_rank=1/2; bsr_source_count=2,europe,NOR,NOR,,GER,NOR SMI,NOR
397,STATE_397,397,STATE_397,merge,0.864,merge; province_overlap=19; bsr_source_count=3,europe,RUS,SOV,,,KOM RUS,KOM SOV
881,Karagandy,404,STATE_404,merge,0.864,split+merge; province_overlap=19; tsr_overlap_rank=1/3; bsr_source_count=3,asia,RUS,SOV,,,KAZ RUS,KAZ SOV
56,STATE_56,56,STATE_56,merge,0.857,split+merge; province_overlap=6; tsr_overlap_rank=1/3; bsr_source_count=2,europe,GER,GER,,,GER HAN PRE,GER HAN PRE
976,STATE_976,1149,STATE_1149,merge,0.857,split+merge; province_overlap=6; tsr_overlap_rank=1/3; bsr_source_count=2,europe,GER,AUS,GER,GER,AUS GER,AUS GER
76,STATE_76,1201,STATE_1201,split,0.857,split; province_overlap=6; tsr_overlap_rank=1/2; bsr_source_count=1,europe,ROM,ROM,,HUN,ROM TRA,ROM TRA
20,Rhone,20,STATE_20,merge,0.833,split+merge; province_overlap=5; tsr_overlap_rank=1/7; bsr_source_count=2,europe,FRA,FRA,,,FRA OCC,FRA OCC
117,Campania,117,STATE_117,merge,0.833,split+merge; province_overlap=5; tsr_overlap_rank=1/2; bsr_source_count=2,europe,ITA,ITA,,,ITA TTS,ITA KTS
878,Khatangsky,516,STATE_516,manual,0.833,incompatible province overlap rejected for automatic overlay; province_overlap=5; tsr_tags=RUS TAY; bsr_tags=SIB SOV,asia,RUS,SOV,,,RUS TAY,SIB SOV
224,STATE_224,927,STATE_927,manual,0.833,incompatible province overlap rejected for automatic overlay; province_overlap=5; tsr_tags=RUS; bsr_tags=MUS SOV,europe,RUS,SOV,,,RUS,MUS SOV
158,STATE_158,988,STATE_988,split,0.833,split; province_overlap=5; tsr_overlap_rank=1/6; bsr_source_count=1,europe,ITA,ITA,,,ITA SPM,ITA SRD
193,Chernihiv,1126,STATE_1126,merge,0.833,split+merge; province_overlap=5; tsr_overlap_rank=2/5; bsr_source_count=2,europe,RUS,SOV,,,RUS UKR,SOV UKR
241,Gomel,1163,Karma,split,0.833,split; province_overlap=10; tsr_overlap_rank=1/3; bsr_source_count=1,europe,RUS,SOV,,,BLR RUS,BLR SOV
823,Karakalpakstan,1467,STATE_1467,merge,0.833,split+merge; province_overlap=5; tsr_overlap_rank=2/2; bsr_source_count=2,asia,RUS,SOV,,,KKP RUS UZB,KPS SOV UZB
22,Languedoc,1654,STATE_1654,merge,0.833,split+merge; province_overlap=5; tsr_overlap_rank=1/4; bsr_source_count=2,europe,FRA,FRA,,,FRA OCC,FRA OCC
877,Verkhoyansk,1840,STATE_1840,merge,0.833,split+merge; province_overlap=5; tsr_overlap_rank=1/2; bsr_source_count=2,asia,RUS,SOV,,,RUS YAK,SIB SOV YAK
929,OULU,1628,Savo / Tavastland / Tavastia,merge,0.818,split+merge; province_overlap=9; tsr_overlap_rank=1/3; bsr_source_count=3,europe,RUS,FIN,RUS,,FIN,FIN
38,Gävleborg,1114,STATE_1114,merge,0.812,split+merge; province_overlap=13; tsr_overlap_rank=1/3; bsr_source_count=2,europe,SWE,SWE,,,SWE,SWE
150,KUOPIO,1151,STATE_1151,merge,0.812,split+merge; province_overlap=13; tsr_overlap_rank=1/5; bsr_source_count=3,europe,RUS,FIN,RUS,,FIN,FIN
95,STATE_95,95,STATE_95,merge,0.800,split+merge; province_overlap=4; tsr_overlap_rank=1/6; bsr_source_count=2,europe,RUS,POL,,SOV,BLR POL,BLR POL
101,STATE_101,101,STATE_101,split,0.800,split; province_overlap=4; tsr_overlap_rank=1/2; bsr_source_count=1,europe,DEN,DEN,,,DEN GRN,GRL
153,STATE_153,153,STATE_153,merge,0.800,split+merge; province_overlap=4; tsr_overlap_rank=1/4; bsr_source_count=2,europe,GER,AUS,GER,GER,AUS GER,AUS GER
185,STATE_185,185,STATE_185,merge,0.800,split+merge; province_overlap=4; tsr_overlap_rank=1/7; bsr_source_count=2,europe,GRE,GRE,,ITA,GRE,GRE
87,STATE_87,1119,STATE_1119,merge,0.800,split+merge; province_overlap=4; tsr_overlap_rank=1/4; bsr_source_count=2,europe,RUS,POL,,GER,POL,POL
51,STATE_51,1335,STATE_1335,split,0.800,split; province_overlap=4; tsr_overlap_rank=1/5; bsr_source_count=1,europe,GER,GER,,,GER PRE RHI,GER PRE RHI
149,VAASA,1631,Vaasa,merge,0.800,split+merge; province_overlap=4; tsr_overlap_rank=2/4; bsr_source_count=2,europe,RUS,FIN,RUS,,FIN,FIN
920,STATE_920,1638,STATE_1638,merge,0.800,split+merge; province_overlap=4; tsr_overlap_rank=3/4; bsr_source_count=2,europe,NOR,NOR,,GER,NOR,NOR
166,STATE_166,1720,STATE_1720,merge,0.800,split+merge; province_overlap=4; tsr_overlap_rank=2/2; bsr_source_count=2,europe,SPR,SPR,,,SPR,SPR
917,STATE_917,1009,STATE_1009,merge,0.789,split+merge; province_overlap=15; tsr_overlap_rank=1/2; bsr_source_count=2,europe,SWE,SWE,,,SMI SWE,SWE
33,STATE_33,33,STATE_33,merge,0.778,split+merge; province_overlap=7; tsr_overlap_rank=1/2; bsr_source_count=2,europe,FRA,FRA,,,FRA,FRA
572,Chelyabinsk,653,Sverdlovsk,manual,0.778,incompatible province overlap rejected for automatic overlay; province_overlap=7; tsr_tags=RUS; bsr_tags=SIB SOV,asia,RUS,SOV,,,RUS,SIB SOV
141,Svealand,1007,STATE_1007,merge,0.778,split+merge; province_overlap=7; tsr_overlap_rank=2/2; bsr_source_count=2,europe,SWE,SWE,,,SWE,SWE
924,STATE_924,1014,STATE_1014,merge,0.778,split+merge; province_overlap=7; tsr_overlap_rank=1/2; bsr_source_count=2,europe,NOR,NOR,,GER,NOR SMI,NOR
6,Flanders,6,Flanders,merge,0.750,split+merge; province_overlap=3; tsr_overlap_rank=1/2; bsr_source_count=2,europe,BEL,BEL,,GER,BEL,BEL FLA
1062,STATE_1062,18,STATE_18,split,0.750,split; province_overlap=3; tsr_overlap_rank=1/3; bsr_source_count=1,europe,FRA,FRA,,GER,FRA,BGN FRA
22,Languedoc,22,Languedoc,split,0.750,split; province_overlap=3; tsr_overlap_rank=2/4; bsr_source_count=1,europe,FRA,FRA,,,FRA OCC,FRA OCC
978,Baden,28,STATE_28,merge,0.750,split+merge; province_overlap=3; tsr_overlap_rank=1/4; bsr_source_count=2,europe,GER,FRA,,GER,GER WUR,ALS FRA
76,STATE_76,76,STATE_76,split,0.750,split; province_overlap=6; tsr_overlap_rank=2/2; bsr_source_count=1,europe,ROM,ROM,,HUN,ROM TRA,ROM TRA
132,Lancashire,132,Lancashire,merge,0.750,split+merge; province_overlap=3; tsr_overlap_rank=1/2; bsr_source_count=2,europe,ENG,ENG,,,ENG,ENG
834,STATE_834,192,STATE_192,merge,0.750,split+merge; province_overlap=3; tsr_overlap_rank=1/2; bsr_source_count=2,europe,RUS,SOV,,,MOL RUS UKR,SOV UKR
201,STATE_201,201,STATE_201,merge,0.750,split+merge; province_overlap=9; tsr_overlap_rank=1/2; bsr_source_count=2,europe,RUS,SOV,,,RUS UKR,SOV UKR
242,STATE_242,242,STATE_242,manual,0.750,province_overlap=10; close candidate tie,europe,RUS,SOV,,,RUS,MUS SOV
589,STATE_589,589,STATE_589,merge,0.750,split+merge; province_overlap=6; tsr_overlap_rank=2/2; bsr_source_count=2,asia,RUS,SOV,,,KAZ RUS,KAZ SOV
974,South Transdanubia,808,STATE_808,merge,0.750,split+merge; province_overlap=3; tsr_overlap_rank=1/2; bsr_source_count=2,europe,HUN,HUN,,,HUN,HUN
971,Northern Dobruja,832,STATE_832,merge,0.750,split+merge; province_overlap=3; tsr_overlap_rank=1/2; bsr_source_count=2,europe,ROM,ROM,,,ROM,ROM
211,STATE_211,943,STATE_943,merge,0.750,split+merge; province_overlap=3; tsr_overlap_rank=2/2; bsr_source_count=2,europe,BUL,BUL,BUL,,BUL,BUL
826,STATE_826,1002,STATE_1002,split,0.750,split; province_overlap=3; tsr_overlap_rank=1/2; bsr_source_count=1,europe,RUS,SOV,,,ABK GEO RUS,ABH GEO SOV
923,STATE_923,1013,STATE_1013,merge,0.750,split+merge; province_overlap=3; tsr_overlap_rank=2/2; bsr_source_count=2,europe,NOR,NOR,,GER,NOR SMI,NOR
652,STATE_652,1120,STATE_1120,manual,0.750,incompatible province overlap rejected for automatic overlay; province_overlap=3; tsr_tags=RUS; bsr_tags=IDL SOV,europe,RUS,SOV,,,RUS,IDL SOV
832,STATE_832,1465,STATE_1465,split,0.750,split; province_overlap=3; tsr_overlap_rank=1/2; bsr_source_count=1,asia,RUS,SOV,,,KHI RUS TMS,SOV TMS
206,STATE_206,1470,STATE_1470,merge,0.750,split+merge; province_overlap=3; tsr_overlap_rank=2/4; bsr_source_count=2,europe,RUS,SOV,,,BLR RUS,BLR SOV
763,STATE_763,1600,STATE_1600,split,0.750,split; province_overlap=3; tsr_overlap_rank=1/3; bsr_source_count=1,europe,GER,GER,,GER,GER PRE,GER PRE
926,TURKU AND PORI,1626,Varsinais Suomi / Finland Proper,merge,0.750,split+merge; province_overlap=6; tsr_overlap_rank=1/3; bsr_source_count=3,europe,RUS,FIN,RUS,,FIN,FIN
214,STATE_214,1255,STATE_1255,manual,0.733,incompatible province overlap rejected for automatic overlay; province_overlap=11; tsr_tags=RUS; bsr_tags=SOV,europe,RUS,SOV,,,RUS,SOV
813,STATE_813,13,STATE_13,merge,0.714,split+merge; province_overlap=5; tsr_overlap_rank=1/2; bsr_source_count=3,europe,RUS,EST,,SOV,EST,EST
90,Kielce,90,STATE_90,merge,0.714,split+merge; province_overlap=5; tsr_overlap_rank=1/2; bsr_source_count=2,europe,RUS,POL,,GGO,POL,POL
96,STATE_96,96,STATE_96,merge,0.714,split+merge; province_overlap=5; tsr_overlap_rank=1/2; bsr_source_count=2,europe,RUS,POL,,SOV,BLR POL,BLR POL
149,VAASA,149,Pohjanmaa,merge,0.714,split+merge; province_overlap=10; tsr_overlap_rank=1/4; bsr_source_count=3,europe,RUS,FIN,RUS,,FIN,FIN
194,Mozyr,194,Mozyr,split,0.714,split; province_overlap=5; tsr_overlap_rank=1/3; bsr_source_count=1,europe,RUS,SOV,,,BLR RUS,BLR SOV
927,HÄME,1627,Savo / Tavastland / Tavastia,merge,0.714,split+merge; province_overlap=10; tsr_overlap_rank=1/4; bsr_source_count=6,europe,RUS,FIN,RUS,,FIN,FIN
70,STATE_70,1729,STATE_1729,merge,0.714,split+merge; province_overlap=5; tsr_overlap_rank=1/3; bsr_source_count=2,europe,HUN,CZE,HUN,SLO,SLO,CZE SLO
582,STATE_582,1000,STATE_1000,manual,0.692,incompatible province overlap rejected for automatic overlay; province_overlap=9; tsr_tags=RUS; bsr_tags=IDL SOV,asia,RUS,SOV,,,RUS,IDL SOV
150,KUOPIO,150,Savo,merge,0.688,split+merge; province_overlap=11; tsr_overlap_rank=2/5; bsr_source_count=3,europe,RUS,FIN,RUS,,FIN,FIN
880,Kotlas,351,STATE_351,manual,0.684,incompatible province overlap rejected for automatic overlay; province_overlap=13; tsr_tags=RUS; bsr_tags=SOV,europe,RUS,SOV,,,RUS,SOV
16,STATE_16,16,STATE_16,merge,0.667,split+merge; province_overlap=2; tsr_overlap_rank=1/2; bsr_source_count=2,europe,FRA,FRA,,GER,FRA,FRA
66,STATE_66,66,STATE_66,split,0.667,split; province_overlap=2; tsr_overlap_rank=2/7; bsr_source_count=1,europe,GER,GER,,,GER PRE SIL,GER PRE SIL
93,STATE_93,93,STATE_93,split,0.667,split; province_overlap=2; tsr_overlap_rank=2/5; bsr_source_count=1,europe,RUS,POL,,SOV,POL UKR,POL UKR
98,STATE_98,98,STATE_98,split,0.667,split; province_overlap=2; tsr_overlap_rank=2/5; bsr_source_count=1,europe,RUS,POL,,GER,POL,POL
99,STATE_99,99,STATE_99,split,0.667,split; province_overlap=2; tsr_overlap_rank=3/3; bsr_source_count=1,europe,DEN,DEN,,GER,DEN,DEN
802,STATE_802,108,STATE_108,merge,0.667,split+merge; province_overlap=2; tsr_overlap_rank=1/3; bsr_source_count=2,europe,YUG,YUG,,SER,KOS SER YUG,SER YUG
130,STATE_130,130,STATE_130,merge,0.667,split+merge; province_overlap=6; tsr_overlap_rank=1/2; bsr_source_count=2,europe,ENG,ENG,,,ENG,ENG
189,STATE_189,189,STATE_189,merge,0.667,split+merge; province_overlap=4; tsr_overlap_rank=1/3; bsr_source_count=2,europe,RUS,LIT,,SOV,LIT,LIT
13,STATE_13,191,STATE_191,merge,0.667,split+merge; province_overlap=4; tsr_overlap_rank=1/2; bsr_source_count=3,europe,RUS,EST,,SOV,EST,EST LIV
585,Navoiy,585,STATE_585,merge,0.667,merge; province_overlap=4; bsr_source_count=3,asia,RUS,SOV,,,RUS UZB,SOV UZB
731,STATE_731,731,STATE_731,merge,0.667,split+merge; province_overlap=2; tsr_overlap_rank=3/6; bsr_source_count=2,europe,GRE,GRE,,GER,GRE,GRE
785,STATE_785,785,STATE_785,split,0.667,split; province_overlap=2; tsr_overlap_rank=2/3; bsr_source_count=1,europe,FRA,FRA,,GER,FRA,FRA
64,STATE_64,793,STATE_793,merge,0.667,split+merge; province_overlap=4; tsr_overlap_rank=2/6; bsr_source_count=2,europe,GER,GER,,,GER PRE,GER PRE
153,STATE_153,806,STATE_806,merge,0.667,split+merge; province_overlap=2; tsr_overlap_rank=3/4; bsr_source_count=2,europe,GER,AUS,GER,GER,AUS GER,AUS GER
975,STATE_975,810,STATE_810,split,0.667,split; province_overlap=2; tsr_overlap_rank=1/2; bsr_source_count=1,europe,HUN,AUS,GER,GER,AUS GER HUN,AUS GER
18,STATE_18,817,STATE_817,merge,0.667,split+merge; province_overlap=2; tsr_overlap_rank=1/5; bsr_source_count=2,europe,FRA,FRA,,GER,FRA,BGN FRA
495,STATE_495,821,STATE_821,manual,0.667,incompatible province overlap rejected for automatic overlay; province_overlap=2; tsr_tags=BRA; bsr_tags=FRA OCC SRD,europe,BRA,FRA,,,BRA,FRA OCC SRD
805,STATE_805,829,STATE_829,manual,0.667,incompatible province overlap rejected for automatic overlay; province_overlap=2; tsr_tags=ALB ITA; bsr_tags=MOL SOV UKR,europe,ALB,SOV,ITA,,ALB,MOL SOV UKR
46,Muntenia,833,STATE_833,merge,0.667,split+merge; province_overlap=4; tsr_overlap_rank=2/3; bsr_source_count=2,europe,ROM,ROM,,,ROM,ROM
970,STATE_970,871,STATE_871,split,0.667,split; province_overlap=2; tsr_overlap_rank=1/2; bsr_source_count=1,europe,YUG,YUG,,ALB,MAC YUG,MAC YUG
108,STATE_108,872,STATE_872,merge,0.667,split+merge; province_overlap=2; tsr_overlap_rank=2/6; bsr_source_count=2,europe,YUG,YUG,,SER,SER YUG,SER YUG
845,STATE_845,892,STATE_892,merge,0.667,split+merge; province_overlap=2; tsr_overlap_rank=1/3; bsr_source_count=2,europe,SWI,SWI,,,SWI,SWI
920,STATE_920,1012,STATE_1012,merge,0.667,split+merge; province_overlap=6; tsr_overlap_rank=2/4; bsr_source_count=2,europe,NOR,NOR,,GER,NOR,NOR
44,STATE_44,1045,STATE_1045,merge,0.667,split+merge; province_overlap=2; tsr_overlap_rank=2/3; bsr_source_count=2,europe,ALB,ALB,ITA,,ALB,ALB
231,STATE_231,1092,STATE_1092,split,0.667,split; province_overlap=4; tsr_overlap_rank=1/7; bsr_source_count=1,europe,RUS,SOV,,,GEO RUS,GEO SOV
1056,STATE_1056,1116,STATE_1116,split,0.667,split; province_overlap=2; tsr_overlap_rank=1/2; bsr_source_count=1,europe,STC,TUR,STC,,TUR,THR TUR
212,STATE_212,1142,STATE_1142,split,0.667,split; province_overlap=2; tsr_overlap_rank=3/4; bsr_source_count=1,europe,BUL,BUL,BUL,,BUL,BUL THR
95,STATE_95,1205,STATE_1205,split,0.667,split; province_overlap=2; tsr_overlap_rank=2/6; bsr_source_count=1,europe,RUS,POL,,SOV,BLR POL,POL
815,STATE_815,1293,STATE_1293,merge,0.667,split+merge; province_overlap=2; tsr_overlap_rank=3/4; bsr_source_count=2,europe,RUS,LIT,,SOV,LIT,LIT
828,STATE_828,1326,STATE_1326,manual,0.667,incompatible province overlap rejected for automatic overlay; province_overlap=2; tsr_tags=NOA RUS; bsr_tags=CIR KBR SOV,europe,RUS,SOV,,,NOA RUS,CIR KBR SOV
64,STATE_64,1329,STATE_1329,split,0.667,split; province_overlap=2; tsr_overlap_rank=3/6; bsr_source_count=1,europe,GER,GER,,,GER PRE,GER LUS PRE
808,STATE_808,1454,STATE_1454,merge,0.667,split+merge; province_overlap=2; tsr_overlap_rank=1/2; bsr_source_count=3,europe,RUS,LAT,,SOV,LAT,LAT LIV
199,STATE_199,1455,STATE_1455,merge,0.667,split+merge; province_overlap=2; tsr_overlap_rank=1/4; bsr_source_count=2,europe,RUS,SOV,,,RUS UKR,SOV UKR
732,STATE_732,1489,STATE_1489,manual,0.667,incompatible province overlap rejected for automatic overlay; province_overlap=2; tsr_tags=KYR RUS; bsr_tags=KOK SOV UZB,asia,RUS,SOV,,,KYR RUS,KOK SOV UZB
47,Thessaly,1513,STATE_1513,split,0.667,split; province_overlap=2; tsr_overlap_rank=2/6; bsr_source_count=1,europe,GRE,GRE,,ITA,GRE,GRE
785,STATE_785,1582,STATE_1582,split,0.667,split; province_overlap=2; tsr_overlap_rank=3/3; bsr_source_count=1,europe,FRA,FRA,,GER,FRA,FRA
123,STATE_123,1709,STATE_1709,merge,0.667,split+merge; province_overlap=2; tsr_overlap_rank=1/3; bsr_source_count=2,europe,ENG,ENG,,,ENG,ENG
34,STATE_34,1754,STATE_1754,split,0.667,split; province_overlap=2; tsr_overlap_rank=1/2; bsr_source_count=1,europe,BEL,BEL,,GER,BEL,BEL WLL
157,STATE_157,1755,STATE_1755,split,0.667,split; province_overlap=2; tsr_overlap_rank=4/5; bsr_source_count=1,europe,ITA,ITA,,,ITA PAP,ITA
161,STATE_161,1756,STATE_1756,split,0.667,split; province_overlap=2; tsr_overlap_rank=4/4; bsr_source_count=1,europe,ITA,ITA,,,ITA PAP,ITA PRM
27,Bourgogne,1799,STATE_1799,merge,0.667,split+merge; province_overlap=2; tsr_overlap_rank=2/8; bsr_source_count=2,europe,FRA,FRA,,,FRA,FRA
5,STATE_5,1811,STATE_1811,split,0.667,split; province_overlap=2; tsr_overlap_rank=3/4; bsr_source_count=1,europe,GER,GER,,GER,GER PRE,GER POL PRE
232,Dagestan,2009,STATE_2009,split,0.667,split; province_overlap=2; tsr_overlap_rank=2/5; bsr_source_count=1,europe,RUS,SOV,,,DAG RUS,DAG SOV
27,Bourgogne,2018,STATE_2018,merge,0.667,split+merge; province_overlap=2; tsr_overlap_rank=4/8; bsr_source_count=2,europe,FRA,FRA,,GER,FRA,FRA
215,STATE_215,215,STATE_215,split,0.636,split; province_overlap=7; tsr_overlap_rank=3/5; bsr_source_count=1,europe,RUS,SOV,,,KAR RUS,KAR SOV
923,STATE_923,143,STATE_143,merge,0.625,split+merge; province_overlap=5; tsr_overlap_rank=1/2; bsr_source_count=3,europe,NOR,NOR,,GER,NOR SMI,NOR
815,STATE_815,11,STATE_11,merge,0.600,split+merge; province_overlap=3; tsr_overlap_rank=1/4; bsr_source_count=2,europe,RUS,LIT,,SOV,LIT,LIT
17,Lorraine,17,STATE_17,split,0.600,split; province_overlap=3; tsr_overlap_rank=1/6; bsr_source_count=1,europe,FRA,FRA,,GER,FRA,BGN FRA
24,STATE_24,24,STATE_24,merge,0.600,split+merge; province_overlap=3; tsr_overlap_rank=1/4; bsr_source_count=2,europe,FRA,FRA,,GER,FRA,FRA
44,STATE_44,44,STATE_44,split,0.600,split; province_overlap=3; tsr_overlap_rank=1/3; bsr_source_count=1,europe,ALB,ALB,ITA,,ALB,ALB
91,Lwow,91,Lwow,merge,0.600,split+merge; province_overlap=3; tsr_overlap_rank=2/5; bsr_source_count=2,europe,RUS,POL,,SOV,POL UKR,GAL POL UKR
206,STATE_206,206,STATE_206,merge,0.600,split+merge; province_overlap=3; tsr_overlap_rank=1/4; bsr_source_count=2,europe,RUS,SOV,,,BLR RUS,BLR SOV
821,STATE_821,232,STATE_232,manual,0.600,incompatible province overlap rejected for automatic overlay; province_overlap=3; tsr_tags=CIN RUS; bsr_tags=CHE SOV,europe,RUS,SOV,,,CIN RUS,CHE SOV
400,STATE_400,399,STATE_399,manual,0.600,incompatible province overlap rejected for automatic overlay; province_overlap=24; tsr_tags=RUS; bsr_tags=KOM SOV,europe,RUS,SOV,,,RUS,KOM SOV
581,STATE_581,581,STATE_581,split,0.600,split; province_overlap=3; tsr_overlap_rank=1/2; bsr_source_count=1,europe,RUS,SOV,,,KOM RUS,KOM SOV
217,STATE_217,930,STATE_930,manual,0.600,incompatible province overlap rejected for automatic overlay; province_overlap=6; tsr_tags=RUS; bsr_tags=SOV,europe,RUS,SOV,,,RUS,SOV
56,STATE_56,979,STATE_979,merge,0.600,split+merge; province_overlap=3; tsr_overlap_rank=2/3; bsr_source_count=2,europe,GER,GER,,,GER HAN PRE,GER HAN PRE
921,Telemark,1010,STATE_1010,merge,0.600,split+merge; province_overlap=6; tsr_overlap_rank=1/3; bsr_source_count=2,europe,NOR,NOR,,GER,NOR,NOR
157,STATE_157,1193,STATE_1193,merge,0.600,split+merge; province_overlap=3; tsr_overlap_rank=2/5; bsr_source_count=2,europe,ITA,ITA,,,ITA PAP,ITA KTS
128,STATE_128,1401,STATE_1401,merge,0.600,split+merge; province_overlap=3; tsr_overlap_rank=1/3; bsr_source_count=3,europe,ENG,ENG,,,ENG,ENG
516,Taymyria / Dudinka,1420,STATE_1420,manual,0.600,incompatible province overlap rejected for automatic overlay; province_overlap=3; tsr_tags=RUS TAY; bsr_tags=SIB SOV,asia,RUS,SOV,,,RUS TAY,SIB SOV
142,STATE_142,1637,STATE_1637,merge,0.600,split+merge; province_overlap=6; tsr_overlap_rank=2/3; bsr_source_count=4,europe,NOR,NOR,,GER,NOR,NOR
208,Luga,1639,STATE_1639,manual,0.600,incompatible province overlap rejected for automatic overlay; province_overlap=3; tsr_tags=RUS; bsr_tags=SOV,europe,RUS,SOV,,,RUS,SOV
1005,STATE_1005,1818,STATE_1818,merge,0.600,split+merge; province_overlap=3; tsr_overlap_rank=1/3; bsr_source_count=3,asia,AFG,AFG,,,AFG TAJ,AFG
879,Kargopol,1255,STATE_1255,manual,0.588,incompatible province overlap rejected for automatic overlay; province_overlap=10; tsr_tags=RUS; bsr_tags=SOV,europe,RUS,SOV,,,RUS,SOV
573,Zlatoust,1360,STATE_1360,manual,0.571,incompatible province overlap rejected for automatic overlay; province_overlap=4; tsr_tags=RUS; bsr_tags=KOM SOV,europe,RUS,SOV,,,RUS,KOM SOV
564,Ulan Ude,565,Bodaybo,manual,0.556,incompatible province overlap rejected for automatic overlay; province_overlap=5; tsr_tags=BYA RUS; bsr_tags=BRY FER SIB SOV,asia,RUS,SOV,,,BYA RUS,BRY FER SIB SOV
922,STATE_922,1010,STATE_1010,merge,0.556,split+merge; province_overlap=5; tsr_overlap_rank=1/3; bsr_source_count=2,europe,NOR,NOR,,GER,NOR,NOR
237,STATE_237,1121,STATE_1121,manual,0.556,incompatible province overlap rejected for automatic overlay; province_overlap=5; tsr_tags=KAL RUS; bsr_tags=KLY SOV,europe,RUS,SOV,,,KAL RUS,KLY SOV
245,Millerovo,1653,STATE_1653,manual,0.556,incompatible province overlap rejected for automatic overlay; province_overlap=5; tsr_tags=RUS; bsr_tags=DON SOV,europe,RUS,SOV,,,RUS,DON SOV
214,STATE_214,214,STATE_214,manual,0.550,same numeric id/name but low province_overlap=4; close candidate tie,europe,RUS,SOV,,,RUS,SOV
262,Pechora,262,STATE_262,manual,0.550,same numeric id/name but low province_overlap=0; close candidate tie,europe,RUS,SOV,,,KOM RUS,SOV
516,Taymyria / Dudinka,516,STATE_516,manual,0.550,same numeric id/name but low province_overlap=6,asia,RUS,SOV,,,RUS TAY,SIB SOV
588,Semipalatinsk,588,STATE_588,merge,0.550,split+merge; province_overlap=11; tsr_overlap_rank=1/4; bsr_source_count=2,asia,RUS,SOV,,,KAZ RUS,KAZ SOV
653,Sverdlovsk,653,Sverdlovsk,manual,0.550,same numeric id/name but low province_overlap=2,asia,RUS,SOV,,,RUS,SIB SOV
805,STATE_805,805,STATE_805,manual,0.550,same numeric id/name but low province_overlap=0; close candidate tie,europe,ALB,DEN,ITA,GER,ALB,DEN
821,STATE_821,821,STATE_821,manual,0.550,same numeric id/name but low province_overlap=0; close candidate tie,europe,RUS,FRA,,,CIN RUS,FRA OCC SRD
822,Chukotka,822,STATE_822,manual,0.550,same numeric id/name but low province_overlap=0,europe,RUS,FRA,,,CKK FER RUS,FRA OCC
824,Yamalia,824,STATE_824,manual,0.550,same numeric id/name but low province_overlap=0,europe,RUS,ADR,,,RUS YAM,ADR
825,Nenets,825,STATE_825,manual,0.550,same numeric id/name but low province_overlap=0,europe,RUS,MCO,,,NEN RUS,MCO
828,STATE_828,828,STATE_828,manual,0.550,same numeric id/name but low province_overlap=0; close candidate tie,europe,RUS,VCT,,,NOA RUS,VCT
829,Volga Germany,829,STATE_829,manual,0.550,same numeric id/name but low province_overlap=0,europe,RUS,SOV,,,RUS VGE,MOL SOV UKR
875,Chukchi Peninsula,875,STATE_875,manual,0.550,same numeric id/name but low province_overlap=0,middle_east,RUS,ENG,,,CKK FER RUS,BHR
876,Udachny,876,STATE_876,manual,0.550,same numeric id/name but low province_overlap=0,middle_east,RUS,OMA,,,RUS YAK,OMA
879,Kargopol,879,STATE_879,manual,0.550,same numeric id/name but low province_overlap=0,europe,RUS,LIT,,SOV,RUS,LIT
880,Kotlas,880,STATE_880,manual,0.550,same numeric id/name but low province_overlap=0,europe,RUS,LAT,,SOV,RUS,LAT LIV
986,manpower = 16959758,986,STATE_986,manual,0.550,same numeric id/name but low province_overlap=0,europe,IND,ITA,,,IND KHL,ITA VEC
989,STATE_989,989,STATE_989,manual,0.550,same numeric id/name but low province_overlap=0; close candidate tie,europe,IND,ITA,,,RJP,ITA SRD
991,STATE_991,991,STATE_991,manual,0.550,same numeric id/name but low province_overlap=0,europe,IND,ITA,,,CIP,ITA KTS
992,STATE_992,992,STATE_992,manual,0.550,same numeric id/name but low province_overlap=0; close candidate tie,europe,YEM,ITA,,,FSA YEM,ITA KTS
1052,STATE_1052,1052,STATE_1052,manual,0.550,same numeric id/name but low province_overlap=0; close candidate tie,europe,SAU,SPR,SAU,,SAU,SPR
1067,STATE_1067,1067,STATE_1067,manual,0.550,same numeric id/name but low province_overlap=0; close candidate tie,europe,ITA,FIN,ITA,,ITA,FIN
148,LAPPI,1630,Savo / Tavastland / Tavastia,merge,0.533,split+merge; province_overlap=8; tsr_overlap_rank=2/3; bsr_source_count=2,europe,RUS,FIN,RUS,,FIN SMI,FIN
916,STATE_916,1008,STATE_1008,merge,0.529,split+merge; province_overlap=9; tsr_overlap_rank=1/3; bsr_source_count=2,europe,SWE,SWE,,,SWE,SWE
847,STATE_847,3,STATE_3,merge,0.500,split+merge; province_overlap=2; tsr_overlap_rank=1/3; bsr_source_count=3,europe,SWI,SWI,,,SWI,SWI
8,STATE_8,8,STATE_8,merge,0.500,merge; province_overlap=1; bsr_source_count=2,europe,GER,LUX,,GER,GER LUX,LUX
10,STATE_10,10,STATE_10,merge,0.500,split+merge; province_overlap=3; tsr_overlap_rank=2/4; bsr_source_count=3,europe,RUS,POL,,GGO,POL,POL
1063,STATE_1063,16,STATE_16,merge,0.500,split+merge; province_overlap=1; tsr_overlap_rank=1/2; bsr_source_count=2,europe,FRA,FRA,,GER,FRA,FRA
1064,STATE_1064,24,STATE_24,merge,0.500,split+merge; province_overlap=2; tsr_overlap_rank=1/2; bsr_source_count=2,europe,FRA,FRA,,GER,FRA,FRA
41,STATE_41,41,STATE_41,split,0.500,split; province_overlap=3; tsr_overlap_rank=2/3; bsr_source_count=1,europe,SPR,SPR,,,SPR,SPR
87,STATE_87,87,STATE_87,split,0.500,split; province_overlap=1; tsr_overlap_rank=2/4; bsr_source_count=1,europe,RUS,POL,,GER,POL,POL
10,STATE_10,92,STATE_92,merge,0.500,split+merge; province_overlap=3; tsr_overlap_rank=1/4; bsr_source_count=2,europe,RUS,POL,,GGO,POL,POL
92,STATE_92,92,STATE_92,merge,0.500,split+merge; province_overlap=3; tsr_overlap_rank=1/4; bsr_source_count=2,europe,RUS,POL,,GGO,POL,POL
3,STATE_3,151,STATE_151,merge,0.500,split+merge; province_overlap=2; tsr_overlap_rank=1/3; bsr_source_count=2,europe,SWI,SWI,,,SWI,SWI
151,STATE_151,151,STATE_151,merge,0.500,split+merge; province_overlap=2; tsr_overlap_rank=2/3; bsr_source_count=2,europe,SWI,SWI,,,SWI,SWI
848,STATE_848,153,STATE_153,merge,0.500,split+merge; province_overlap=1; tsr_overlap_rank=2/2; bsr_source_count=2,europe,GER,AUS,GER,GER,AUS GER,AUS GER
809,STATE_809,190,STATE_190,merge,0.500,split+merge; province_overlap=3; tsr_overlap_rank=1/2; bsr_source_count=2,europe,RUS,LAT,,SOV,LAT,COU LAT
204,Bobruysk,204,STATE_204,merge,0.500,split+merge; province_overlap=4; tsr_overlap_rank=1/4; bsr_source_count=2,europe,RUS,SOV,,,BLR RUS,BLR SOV
242,STATE_242,243,STATE_243,manual,0.500,incompatible province overlap rejected for automatic overlay; province_overlap=4; tsr_tags=RUS; bsr_tags=MUS SOV,europe,RUS,SOV,,,RUS,MUS SOV
404,Kyzyl Orda,404,STATE_404,merge,0.500,split+merge; province_overlap=9; tsr_overlap_rank=1/4; bsr_source_count=3,asia,RUS,SOV,,,KAZ RUS,KAZ SOV
823,Karakalpakstan,585,STATE_585,merge,0.500,split+merge; province_overlap=5; tsr_overlap_rank=1/2; bsr_source_count=3,asia,RUS,SOV,,,KKP RUS UZB,SOV UZB
875,Chukchi Peninsula,644,STATE_644,manual,0.500,incompatible province overlap rejected for automatic overlay; province_overlap=1; tsr_tags=CKK FER RUS; bsr_tags=SIB SOV YAK,asia,RUS,SOV,,,CKK FER RUS,SIB SOV YAK
55,STATE_55,791,STATE_791,merge,0.500,split+merge; province_overlap=1; tsr_overlap_rank=6/6; bsr_source_count=2,europe,GER,GER,,,GER HES PRE,BDN GER
978,Baden,791,STATE_791,merge,0.500,split+merge; province_overlap=1; tsr_overlap_rank=3/4; bsr_source_count=2,europe,GER,GER,,,GER WUR,BDN GER
50,Württemberg,799,STATE_799,merge,0.500,split+merge; province_overlap=1; tsr_overlap_rank=6/6; bsr_source_count=2,europe,GER,GER,,,GER WUR,BDN GER
978,Baden,799,STATE_799,merge,0.500,split+merge; province_overlap=1; tsr_overlap_rank=4/4; bsr_source_count=2,europe,GER,GER,,,GER WUR,BDN GER
738,STATE_738,804,STATE_804,manual,0.500,incompatible province overlap rejected for automatic overlay; province_overlap=1; tsr_tags=INS; bsr_tags=DEN GER SHL,europe,INS,DEN,,GER,INS,DEN SHL
1067,STATE_1067,813,STATE_813,manual,0.500,incompatible province overlap rejected for automatic overlay; province_overlap=1; tsr_tags=ITA; bsr_tags=BEL GER WLL,europe,ITA,BEL,ITA,GER,ITA,BEL WLL
726,STATE_726,814,STATE_814,manual,0.500,incompatible province overlap rejected for automatic overlay; province_overlap=1; tsr_tags=DAS SAM; bsr_tags=BGN FRA GER,europe,DAS,FRA,,GER,SAM,BGN FRA
1048,Moselgebiet,814,STATE_814,merge,0.500,split+merge; province_overlap=1; tsr_overlap_rank=2/2; bsr_source_count=2,europe,GER,FRA,GER,GER,GER,BGN FRA
1067,STATE_1067,821,STATE_821,manual,0.500,incompatible province overlap rejected for automatic overlay; province_overlap=1; tsr_tags=ITA; bsr_tags=FRA OCC SRD,europe,ITA,FRA,ITA,,ITA,FRA OCC SRD
959,STATE_959,824,STATE_824,manual,0.500,incompatible province overlap rejected for automatic overlay; province_overlap=1; tsr_tags=ARG; bsr_tags=ADR,europe,ARG,ADR,,,ARG,ADR
807,STATE_807,865,STATE_865,split,0.500,split; province_overlap=1; tsr_overlap_rank=1/8; bsr_source_count=1,europe,GER,POL,,GER,GER KSH POL,POL
108,STATE_108,878,STATE_878,merge,0.500,split+merge; province_overlap=1; tsr_overlap_rank=4/6; bsr_source_count=2,europe,YUG,YUG,,,SER YUG,KOS SER YUG
802,STATE_802,878,STATE_878,merge,0.500,split+merge; province_overlap=1; tsr_overlap_rank=2/3; bsr_source_count=2,europe,YUG,YUG,,,KOS SER YUG,KOS SER YUG
70,STATE_70,889,STATE_889,split,0.500,split; province_overlap=1; tsr_overlap_rank=2/3; bsr_source_count=1,europe,HUN,CZE,HUN,SLO,SLO,CZE SLO
100,STATE_100,889,STATE_889,manual,0.500,incompatible province overlap rejected for automatic overlay; province_overlap=1; tsr_tags=ICE; bsr_tags=CZE SLO,europe,ICE,CZE,,SLO,ICE,CZE SLO
492,STATE_492,974,STATE_974,manual,0.500,incompatible province overlap rejected for automatic overlay; province_overlap=1; tsr_tags=PRU; bsr_tags=ENG,europe,PRU,ENG,,,PRU,ENG
187,STATE_187,975,STATE_975,split,0.500,split; province_overlap=1; tsr_overlap_rank=3/3; bsr_source_count=1,europe,GRE,GRE,,GER,GRE,GRE
495,STATE_495,975,STATE_975,manual,0.500,incompatible province overlap rejected for automatic overlay; province_overlap=1; tsr_tags=BRA; bsr_tags=GER GRE,europe,BRA,GRE,,GER,BRA,GRE
88,STATE_88,996,STATE_996,split,0.500,split; province_overlap=1; tsr_overlap_rank=6/9; bsr_source_count=1,europe,RUS,POL,,SOV,POL,GAL POL UKR
1058,STATE_1058,1001,STATE_1001,manual,0.500,incompatible province overlap rejected for automatic overlay; province_overlap=1; tsr_tags=ARM RUS; bsr_tags=TUR,middle_east,RUS,TUR,RUS,,ARM,TUR
36,STATE_36,1059,STATE_1059,split,0.500,split; province_overlap=2; tsr_overlap_rank=2/5; bsr_source_count=1,europe,HOL,HOL,,GER,HOL,GEL HOL
1073,STATE_1073,1059,STATE_1059,manual,0.500,incompatible province overlap rejected for automatic overlay; province_overlap=2; tsr_tags=INS; bsr_tags=GEL GER HOL,europe,INS,HOL,,GER,INS,GEL HOL
7,STATE_7,1061,STATE_1061,merge,0.500,split+merge; province_overlap=1; tsr_overlap_rank=2/2; bsr_source_count=2,europe,HOL,HOL,,GER,HOL,HOL
35,STATE_35,1061,STATE_1061,merge,0.500,split+merge; province_overlap=1; tsr_overlap_rank=4/5; bsr_source_count=2,europe,HOL,HOL,,GER,HOL,HOL
231,STATE_231,1091,STATE_1091,split,0.500,split; province_overlap=1; tsr_overlap_rank=7/7; bsr_source_count=1,europe,RUS,SOV,,,GEO RUS,GEO SOT SOV
827,STATE_827,1091,STATE_1091,manual,0.500,incompatible province overlap rejected for automatic overlay; province_overlap=1; tsr_tags=KBK RUS; bsr_tags=GEO SOT SOV,europe,RUS,SOV,,,KBK RUS,GEO SOT SOV
153,STATE_153,1107,STATE_1107,merge,0.500,split+merge; province_overlap=2; tsr_overlap_rank=2/4; bsr_source_count=2,europe,GER,AUS,GER,GER,AUS GER,AUS GER
976,STATE_976,1107,STATE_1107,merge,0.500,split+merge; province_overlap=2; tsr_overlap_rank=2/3; bsr_source_count=2,europe,GER,AUS,GER,GER,AUS GER,AUS GER
495,STATE_495,1132,STATE_1132,manual,0.500,incompatible province overlap rejected for automatic overlay; province_overlap=2; tsr_tags=BRA; bsr_tags=FRA SRD,europe,BRA,FRA,,,BRA,FRA SRD
1066,STATE_1066,1132,STATE_1132,manual,0.500,incompatible province overlap rejected for automatic overlay; province_overlap=2; tsr_tags=ITA; bsr_tags=FRA SRD,europe,ITA,FRA,ITA,,ITA,FRA SRD
495,STATE_495,1139,STATE_1139,manual,0.500,incompatible province overlap rejected for automatic overlay; province_overlap=1; tsr_tags=BRA; bsr_tags=GER GRE,europe,BRA,GRE,,GER,BRA,GRE
731,STATE_731,1139,STATE_1139,split,0.500,split; province_overlap=1; tsr_overlap_rank=6/6; bsr_source_count=1,europe,GRE,GRE,,GER,GRE,GRE
28,Alsace-Lorraine,1183,STATE_1183,split,0.500,split; province_overlap=1; tsr_overlap_rank=3/7; bsr_source_count=1,europe,GER,FRA,,GER,FRA GER,BGN FRA
161,STATE_161,1203,STATE_1203,merge,0.500,split+merge; province_overlap=2; tsr_overlap_rank=3/4; bsr_source_count=3,europe,ITA,ITA,,,ITA PAP,ITA PRM
106,STATE_106,1204,STATE_1204,split,0.500,split; province_overlap=1; tsr_overlap_rank=2/3; bsr_source_count=1,europe,YUG,YUG,,BUL,MAC YUG,MAC YUG
866,STATE_866,1204,STATE_1204,manual,0.500,incompatible province overlap rejected for automatic overlay; province_overlap=1; tsr_tags=CAN; bsr_tags=BUL MAC YUG,europe,CAN,YUG,,BUL,CAN,MAC YUG
1058,STATE_1058,1214,STATE_1214,manual,0.500,incompatible province overlap rejected for automatic overlay; province_overlap=1; tsr_tags=ARM RUS; bsr_tags=SAF,africa,RUS,SAF,RUS,,ARM,SAF
231,STATE_231,1226,STATE_1226,merge,0.500,split+merge; province_overlap=2; tsr_overlap_rank=4/7; bsr_source_count=2,europe,RUS,SOV,,,GEO RUS,GEO SOV
106,STATE_106,1230,STATE_1230,merge,0.500,split+merge; province_overlap=1; tsr_overlap_rank=3/3; bsr_source_count=2,europe,YUG,YUG,,BUL,MAC YUG,MAC YUG
970,STATE_970,1230,STATE_1230,merge,0.500,split+merge; province_overlap=1; tsr_overlap_rank=2/2; bsr_source_count=2,europe,YUG,YUG,,BUL,MAC YUG,MAC YUG
806,STATE_806,1352,STATE_1352,split,0.500,split; province_overlap=1; tsr_overlap_rank=3/3; bsr_source_count=1,europe,FRA,FRA,,GER,FRA NAV,FRA NAV OCC
96,STATE_96,1383,STATE_1383,split,0.500,split; province_overlap=2; tsr_overlap_rank=2/2; bsr_source_count=1,europe,RUS,POL,,SOV,BLR POL,POL
1072,STATE_1072,1390,STATE_1390,manual,0.500,incompatible province overlap rejected for automatic overlay; province_overlap=1; tsr_tags=ATJ INS; bsr_tags=FRA ITA SRD,europe,INS,FRA,,ITA,ATJ,FRA SRD
92,STATE_92,1406,STATE_1406,split,0.500,split; province_overlap=2; tsr_overlap_rank=3/4; bsr_source_count=1,europe,RUS,POL,,GGO,POL,POL
5,STATE_5,1408,STATE_1408,split,0.500,split; province_overlap=1; tsr_overlap_rank=4/4; bsr_source_count=1,europe,GER,GER,,,GER PRE,GER PRE
495,STATE_495,1429,STATE_1429,manual,0.500,incompatible province overlap rejected for automatic overlay; province_overlap=1; tsr_tags=BRA; bsr_tags=GER GRE THR,europe,BRA,GRE,,GER,BRA,GRE THR
155,North Transdanubia,1431,STATE_1431,merge,0.500,split+merge; province_overlap=1; tsr_overlap_rank=2/3; bsr_source_count=2,europe,HUN,HUN,,,HUN,HUN
975,STATE_975,1431,STATE_1431,merge,0.500,split+merge; province_overlap=1; tsr_overlap_rank=2/2; bsr_source_count=2,europe,HUN,HUN,GER,,AUS GER HUN,HUN
763,STATE_763,1443,STATE_1443,split,0.500,split; province_overlap=1; tsr_overlap_rank=3/3; bsr_source_count=1,europe,GER,GER,,GER,GER PRE,GER PRE
241,Gomel,1452,STATE_1452,manual,0.500,incompatible province overlap rejected for automatic overlay; province_overlap=1; tsr_tags=BLR RUS; bsr_tags=MUS SOV,europe,RUS,SOV,,,BLR RUS,MUS SOV
243,STATE_243,1452,STATE_1452,manual,0.500,incompatible province overlap rejected for automatic overlay; province_overlap=1; tsr_tags=RUS; bsr_tags=MUS SOV,europe,RUS,SOV,,,RUS,MUS SOV
405,Tashkent,1463,STATE_1463,merge,0.500,split+merge; province_overlap=1; tsr_overlap_rank=2/3; bsr_source_count=2,asia,RUS,SOV,,,RUS UZB,SOV UZB
830,Bukhara,1463,STATE_1463,merge,0.500,split+merge; province_overlap=1; tsr_overlap_rank=2/2; bsr_source_count=2,asia,RUS,SOV,,,BUK RUS UZB,SOV UZB
202,STATE_202,1490,STATE_1490,merge,0.500,split+merge; province_overlap=2; tsr_overlap_rank=2/5; bsr_source_count=2,europe,RUS,SOV,,,RUS UKR,SOV UKR
203,STATE_203,1490,STATE_1490,merge,0.500,split+merge; province_overlap=2; tsr_overlap_rank=2/3; bsr_source_count=2,europe,RUS,SOV,,,RUS UKR,SOV UKR
47,Thessaly,1601,STATE_1601,merge,0.500,split+merge; province_overlap=1; tsr_overlap_rank=4/6; bsr_source_count=2,europe,GRE,GRE,,ITA,GRE,GRE
185,STATE_185,1601,STATE_1601,merge,0.500,split+merge; province_overlap=1; tsr_overlap_rank=6/7; bsr_source_count=2,europe,GRE,GRE,,ITA,GRE,GRE
11,STATE_11,1604,STATE_1604,merge,0.500,split+merge; province_overlap=2; tsr_overlap_rank=1/3; bsr_source_count=2,europe,RUS,LIT,,SOV,LIT,LIT
815,STATE_815,1604,STATE_1604,merge,0.500,split+merge; province_overlap=2; tsr_overlap_rank=2/4; bsr_source_count=2,europe,RUS,LIT,,SOV,LIT,LIT
206,STATE_206,1619,STATE_1619,merge,0.500,split+merge; province_overlap=2; tsr_overlap_rank=4/4; bsr_source_count=3,europe,RUS,SOV,,,BLR RUS,BLR SOV
1054,STATE_1054,1625,STATE_1625,split,0.500,split; province_overlap=1; tsr_overlap_rank=2/2; bsr_source_count=1,europe,HUN,ROM,HUN,HUN,HUN,HUN ROM TRA
9,STATE_9,1710,STATE_1710,merge,0.500,split+merge; province_overlap=1; tsr_overlap_rank=2/2; bsr_source_count=2,europe,CZE,CZE,GER,GER,CZE,CZE GER MRV
74,STATE_74,1710,STATE_1710,merge,0.500,split+merge; province_overlap=1; tsr_overlap_rank=2/2; bsr_source_count=2,europe,GER,CZE,GER,GER,CZE GER,CZE GER MRV
18,STATE_18,1732,STATE_1732,split,0.500,split; province_overlap=1; tsr_overlap_rank=3/5; bsr_source_count=1,europe,FRA,FRA,,GER,FRA,BGN FRA
675,STATE_675,1732,STATE_1732,manual,0.500,incompatible province overlap rejected for automatic overlay; province_overlap=1; tsr_tags=SAU; bsr_tags=BGN FRA GER,europe,SAU,FRA,,GER,SAU,BGN FRA
17,Lorraine,1734,STATE_1734,merge,0.500,split+merge; province_overlap=1; tsr_overlap_rank=6/6; bsr_source_count=2,europe,FRA,FRA,,GER,FRA,BGN FRA
20,Rhone,1734,STATE_1734,merge,0.500,split+merge; province_overlap=1; tsr_overlap_rank=5/7; bsr_source_count=2,europe,FRA,FRA,,GER,FRA OCC,BGN FRA
91,Lwow,1768,STATE_1768,split,0.500,split; province_overlap=1; tsr_overlap_rank=5/5; bsr_source_count=1,europe,RUS,POL,,SOV,POL UKR,GAL POL UKR
87,STATE_87,1775,STATE_1775,merge,0.500,split+merge; province_overlap=1; tsr_overlap_rank=4/4; bsr_source_count=2,europe,RUS,POL,,GER,POL,POL
98,STATE_98,1775,STATE_1775,merge,0.500,split+merge; province_overlap=1; tsr_overlap_rank=4/5; bsr_source_count=2,europe,RUS,POL,,GER,POL,POL
21,Bouches-du-Rhône (Formerly Provence before Var split off),1801,STATE_1801,merge,0.500,split+merge; province_overlap=1; tsr_overlap_rank=3/3; bsr_source_count=2,europe,FRA,FRA,,,FRA OCC,FRA OCC
32,STATE_32,1801,STATE_1801,merge,0.500,split+merge; province_overlap=1; tsr_overlap_rank=3/3; bsr_source_count=2,europe,FRA,FRA,,,FRA OCC,FRA OCC
62,STATE_62,1804,STATE_1804,split,0.500,split; province_overlap=1; tsr_overlap_rank=4/4; bsr_source_count=1,europe,GER,GER,,,GER PRE,GER PRE
1005,STATE_1005,1821,STATE_1821,merge,0.500,split+merge; province_overlap=1; tsr_overlap_rank=2/3; bsr_source_count=2,asia,AFG,AFG,,,AFG TAJ,AFG
160,STATE_160,1872,STATE_1872,merge,0.500,split+merge; province_overlap=2; tsr_overlap_rank=3/3; bsr_source_count=2,europe,ITA,ITA,,,ITA LBV,ITA VEC
56,STATE_56,1878,STATE_1878,merge,0.500,split+merge; province_overlap=1; tsr_overlap_rank=3/3; bsr_source_count=2,europe,GER,GER,,,GER HAN PRE,GER HAN PRE
59,STATE_59,1878,STATE_1878,merge,0.500,split+merge; province_overlap=1; tsr_overlap_rank=4/4; bsr_source_count=2,europe,GER,GER,,,GER HAN PRE,GER HAN PRE
807,STATE_807,1942,STATE_1942,split,0.500,split; province_overlap=1; tsr_overlap_rank=3/8; bsr_source_count=1,europe,GER,POL,,GER,GER KSH POL,POL
100,STATE_100,1943,STATE_1943,split,0.500,split; province_overlap=2; tsr_overlap_rank=1/2; bsr_source_count=1,europe,ICE,ICE,,,ICE,ICE
50,Württemberg,1954,STATE_1954,split,0.500,split; province_overlap=1; tsr_overlap_rank=4/6; bsr_source_count=1,europe,GER,GER,,,GER WUR,GER WUR
97,STATE_97,1972,STATE_1972,split,0.500,split; province_overlap=1; tsr_overlap_rank=4/6; bsr_source_count=1,europe,RUS,POL,,SOV,BLR POL,POL
104,STATE_104,2003,STATE_2003,merge,0.500,split+merge; province_overlap=1; tsr_overlap_rank=6/8; bsr_source_count=2,europe,YUG,YUG,,CRO,BOS YUG,BOS YUG
804,STATE_804,2003,STATE_2003,merge,0.500,split+merge; province_overlap=1; tsr_overlap_rank=2/2; bsr_source_count=2,europe,YUG,YUG,,CRO,BOS HRZ YUG,BOS YUG
86,STATE_86,2029,STATE_2029,split,0.500,split; province_overlap=1; tsr_overlap_rank=4/6; bsr_source_count=1,europe,GER,POL,,GER,GER POL,POL
38,Gävleborg,1008,STATE_1008,merge,0.471,split+merge; province_overlap=8; tsr_overlap_rank=2/3; bsr_source_count=2,europe,SWE,SWE,,,SWE,SWE
929,OULU,1630,Savo / Tavastland / Tavastia,merge,0.467,split+merge; province_overlap=7; tsr_overlap_rank=3/3; bsr_source_count=2,europe,RUS,FIN,RUS,,FIN,FIN
930,MIKKELI,1627,Savo / Tavastland / Tavastia,merge,0.455,split+merge; province_overlap=5; tsr_overlap_rank=1/3; bsr_source_count=6,europe,RUS,FIN,RUS,,FIN,FIN
243,STATE_243,242,STATE_242,manual,0.444,incompatible province overlap rejected for automatic overlay; province_overlap=4; tsr_tags=RUS; bsr_tags=MUS SOV,europe,RUS,SOV,,,RUS,MUS SOV
256,STATE_256,252,STATE_252,manual,0.444,incompatible province overlap rejected for automatic overlay; province_overlap=4; tsr_tags=CHU RUS; bsr_tags=SOV,europe,RUS,SOV,,,CHU RUS,SOV
236,STATE_236,1121,STATE_1121,manual,0.444,incompatible province overlap rejected for automatic overlay; province_overlap=4; tsr_tags=RUS; bsr_tags=KLY SOV,europe,RUS,SOV,,,RUS,KLY SOV
129,STATE_129,130,STATE_130,merge,0.429,split+merge; province_overlap=3; tsr_overlap_rank=2/2; bsr_source_count=2,europe,ENG,ENG,,,ENG,ENG
398,STATE_398,1360,STATE_1360,manual,0.429,incompatible province overlap rejected for automatic overlay; province_overlap=3; tsr_tags=RUS; bsr_tags=KOM SOV,europe,RUS,SOV,,,RUS,KOM SOV
71,STATE_71,1729,STATE_1729,merge,0.429,split+merge; province_overlap=3; tsr_overlap_rank=1/3; bsr_source_count=2,europe,HUN,CZE,HUN,SLO,SLO,CZE SLO
404,Kyzyl Orda,1469,STATE_1469,merge,0.417,split+merge; province_overlap=5; tsr_overlap_rank=2/4; bsr_source_count=2,asia,RUS,SOV,,,KAZ RUS,KAZ SOV
3,STATE_3,3,STATE_3,merge,0.400,split+merge; province_overlap=2; tsr_overlap_rank=2/3; bsr_source_count=3,europe,SWI,SWI,,,SWI,SWI
11,STATE_11,11,STATE_11,merge,0.400,split+merge; province_overlap=2; tsr_overlap_rank=2/3; bsr_source_count=2,europe,RUS,LIT,,SOV,LIT,LIT
89,STATE_89,91,Lwow,merge,0.400,split+merge; province_overlap=2; tsr_overlap_rank=2/3; bsr_source_count=2,europe,RUS,POL,,SOV,POL UKR,GAL POL UKR
204,Bobruysk,206,STATE_206,merge,0.400,split+merge; province_overlap=2; tsr_overlap_rank=2/4; bsr_source_count=2,europe,RUS,SOV,,,BLR RUS,BLR SOV
232,Dagestan,232,STATE_232,split,0.400,split; province_overlap=2; tsr_overlap_rank=4/5; bsr_source_count=1,europe,RUS,SOV,,,DAG RUS,CHE SOV
250,STATE_250,255,STATE_255,manual,0.400,incompatible province overlap rejected for automatic overlay; province_overlap=8; tsr_tags=RUS; bsr_tags=SOV,europe,RUS,SOV,,,RUS,SOV
581,STATE_581,397,STATE_397,merge,0.400,split+merge; province_overlap=2; tsr_overlap_rank=2/2; bsr_source_count=3,europe,RUS,SOV,,,KOM RUS,KOM SOV
876,Udachny,516,STATE_516,manual,0.400,incompatible province overlap rejected for automatic overlay; province_overlap=2; tsr_tags=RUS YAK; bsr_tags=SIB SOV,asia,RUS,SOV,,,RUS YAK,SIB SOV
829,Volga Germany,930,STATE_930,manual,0.400,incompatible province overlap rejected for automatic overlay; province_overlap=4; tsr_tags=RUS VGE; bsr_tags=SOV,europe,RUS,SOV,,,RUS VGE,SOV
57,STATE_57,979,STATE_979,merge,0.400,split+merge; province_overlap=2; tsr_overlap_rank=2/3; bsr_source_count=2,europe,GER,GER,,,GER HAN PRE,GER HAN PRE
233,STATE_233,1002,STATE_1002,manual,0.400,incompatible province overlap rejected for automatic overlay; province_overlap=2; tsr_tags=RUS; bsr_tags=ABH GEO SOV,europe,RUS,SOV,,,RUS,ABH GEO SOV
28,Alsace-Lorraine,1436,STATE_1436,split,0.400,split; province_overlap=2; tsr_overlap_rank=1/7; bsr_source_count=1,europe,GER,FRA,,GER,FRA GER,ALS FRA
227,STATE_227,1444,STATE_1444,merge,0.400,split+merge; province_overlap=2; tsr_overlap_rank=2/2; bsr_source_count=2,europe,RUS,SOV,,,RUS UKR,DON SOV UKR
195,STATE_195,1639,STATE_1639,manual,0.400,incompatible province overlap rejected for automatic overlay; province_overlap=2; tsr_tags=RUS; bsr_tags=SOV,europe,RUS,SOV,,,RUS,SOV
930,MIKKELI,150,Savo,merge,0.364,split+merge; province_overlap=4; tsr_overlap_rank=2/3; bsr_source_count=3,europe,RUS,FIN,RUS,,FIN,FIN
879,Kargopol,215,STATE_215,manual,0.364,incompatible province overlap rejected for automatic overlay; province_overlap=4; tsr_tags=RUS; bsr_tags=KAR SOV,europe,RUS,SOV,,,RUS,KAR SOV
561,Amur,574,STATE_574,manual,0.357,incompatible province overlap rejected for automatic overlay; province_overlap=5; tsr_tags=FER RUS; bsr_tags=SIB SOV YAK,asia,RUS,SOV,,,FER RUS,SIB SOV YAK
28,Alsace-Lorraine,8,STATE_8,merge,0.333,split+merge; province_overlap=1; tsr_overlap_rank=5/7; bsr_source_count=2,europe,GER,LUX,,GER,FRA GER,LUX
90,Kielce,10,STATE_10,merge,0.333,split+merge; province_overlap=2; tsr_overlap_rank=2/2; bsr_source_count=3,europe,RUS,POL,,GGO,POL,POL
13,STATE_13,13,STATE_13,merge,0.333,split+merge; province_overlap=2; tsr_overlap_rank=2/2; bsr_source_count=3,europe,RUS,EST,,SOV,EST,EST
656,STATE_656,17,STATE_17,manual,0.333,incompatible province overlap rejected for automatic overlay; province_overlap=1; tsr_tags=IRQ KUW; bsr_tags=BGN FRA GER,europe,IRQ,FRA,IRQ,GER,KUW,BGN FRA
806,STATE_806,19,STATE_19,merge,0.333,split+merge; province_overlap=1; tsr_overlap_rank=2/3; bsr_source_count=2,europe,FRA,FRA,,GER,FRA NAV,FRA OCC
1074,STATE_1074,44,STATE_44,manual,0.333,incompatible province overlap rejected for automatic overlay; province_overlap=1; tsr_tags=BLI INS; bsr_tags=ALB,europe,INS,ALB,,,BLI,ALB
1081,STATE_1081,76,STATE_76,manual,0.333,incompatible province overlap rejected for automatic overlay; province_overlap=1; tsr_tags=BRN DAS MAL SAR; bsr_tags=HUN ROM TRA,europe,DAS,ROM,DAS,HUN,BRN MAL SAR,ROM TRA
495,STATE_495,98,STATE_98,manual,0.333,incompatible province overlap rejected for automatic overlay; province_overlap=1; tsr_tags=BRA; bsr_tags=GER POL,europe,BRA,POL,,GER,BRA,POL
108,STATE_108,108,STATE_108,merge,0.333,split+merge; province_overlap=1; tsr_overlap_rank=6/6; bsr_source_count=2,europe,YUG,YUG,,SER,SER YUG,SER YUG
184,STATE_184,184,STATE_184,merge,0.333,split+merge; province_overlap=1; tsr_overlap_rank=3/4; bsr_source_count=2,europe,GRE,GRE,,BUL,GRE,GRE THR
187,STATE_187,184,STATE_184,merge,0.333,split+merge; province_overlap=1; tsr_overlap_rank=2/3; bsr_source_count=2,europe,GRE,GRE,,BUL,GRE,GRE THR
198,STATE_198,201,STATE_201,merge,0.333,split+merge; province_overlap=2; tsr_overlap_rank=1/4; bsr_source_count=2,europe,RUS,SOV,,,RUS UKR,SOV UKR
245,Millerovo,218,STATE_218,manual,0.333,incompatible province overlap rejected for automatic overlay; province_overlap=3; tsr_tags=RUS; bsr_tags=DON SOV,europe,RUS,SOV,,,RUS,DON SOV
185,STATE_185,731,STATE_731,merge,0.333,split+merge; province_overlap=1; tsr_overlap_rank=4/7; bsr_source_count=2,europe,GRE,GRE,,GER,GRE,GRE
400,STATE_400,785,STATE_785,manual,0.333,incompatible province overlap rejected for automatic overlay; province_overlap=1; tsr_tags=RUS; bsr_tags=FRA GER,europe,RUS,FRA,,GER,RUS,FRA
42,STATE_42,792,STATE_792,merge,0.333,split+merge; province_overlap=1; tsr_overlap_rank=5/5; bsr_source_count=2,europe,GER,GER,,,GER PRE RHI,GER PRE RHI
55,STATE_55,792,STATE_792,merge,0.333,split+merge; province_overlap=1; tsr_overlap_rank=4/6; bsr_source_count=2,europe,GER,GER,,,GER HES PRE,GER PRE RHI
908,STATE_908,792,STATE_792,manual,0.333,incompatible province overlap rejected for automatic overlay; province_overlap=1; tsr_tags=AFA ETH; bsr_tags=GER PRE RHI,europe,ETH,GER,,,AFA ETH,GER PRE RHI
59,STATE_59,793,STATE_793,merge,0.333,split+merge; province_overlap=2; tsr_overlap_rank=3/4; bsr_source_count=2,europe,GER,GER,,,GER HAN PRE,GER PRE
909,STATE_909,796,STATE_796,split,0.333,split; province_overlap=1; tsr_overlap_rank=2/2; bsr_source_count=1,europe,GER,GER,,,GER PRE SHL,GER PRE SHL
152,STATE_152,806,STATE_806,merge,0.333,split+merge; province_overlap=1; tsr_overlap_rank=4/4; bsr_source_count=2,europe,GER,AUS,GER,GER,AUS GER,AUS GER
842,STATE_842,813,STATE_813,manual,0.333,incompatible province overlap rejected for automatic overlay; province_overlap=1; tsr_tags=ETH ITA TIG; bsr_tags=BEL GER WLL,europe,ETH,BEL,ITA,GER,ETH TIG,BEL WLL
1071,STATE_1071,813,STATE_813,manual,0.333,incompatible province overlap rejected for automatic overlay; province_overlap=1; tsr_tags=INS SSI; bsr_tags=BEL GER WLL,europe,INS,BEL,,GER,SSI,BEL WLL
28,Alsace-Lorraine,814,STATE_814,merge,0.333,split+merge; province_overlap=1; tsr_overlap_rank=4/7; bsr_source_count=2,europe,GER,FRA,,GER,FRA GER,BGN FRA
17,Lorraine,817,STATE_817,merge,0.333,split+merge; province_overlap=1; tsr_overlap_rank=5/6; bsr_source_count=2,europe,FRA,FRA,,GER,FRA,BGN FRA
412,STATE_412,829,STATE_829,manual,0.333,incompatible province overlap rejected for automatic overlay; province_overlap=1; tsr_tags=PER; bsr_tags=MOL SOV UKR,europe,PER,SOV,,,PER,MOL SOV UKR
79,STATE_79,833,STATE_833,merge,0.333,split+merge; province_overlap=2; tsr_overlap_rank=2/3; bsr_source_count=2,europe,ROM,ROM,,,ROM,ROM
39,(South Tyrol) Alto Adige,867,STATE_867,merge,0.333,split+merge; province_overlap=1; tsr_overlap_rank=2/3; bsr_source_count=2,europe,GER,ITA,,,GER ITA LBV,ITA VEC
107,STATE_107,872,STATE_872,merge,0.333,split+merge; province_overlap=1; tsr_overlap_rank=2/2; bsr_source_count=2,europe,YUG,YUG,,SER,SER YUG,SER YUG
3,STATE_3,892,STATE_892,merge,0.333,split+merge; province_overlap=1; tsr_overlap_rank=3/3; bsr_source_count=2,europe,SWI,SWI,,,SWI,SWI
151,STATE_151,893,STATE_893,merge,0.333,split+merge; province_overlap=1; tsr_overlap_rank=3/3; bsr_source_count=2,europe,SWI,SWI,,,SWI,SWI
916,STATE_916,1009,STATE_1009,merge,0.333,split+merge; province_overlap=6; tsr_overlap_rank=2/3; bsr_source_count=2,europe,SWE,SWE,,,SWE,SWE
921,Telemark,1012,STATE_1012,merge,0.333,split+merge; province_overlap=3; tsr_overlap_rank=2/3; bsr_source_count=2,europe,NOR,NOR,,GER,NOR,NOR
184,STATE_184,1063,STATE_1063,merge,0.333,split+merge; province_overlap=1; tsr_overlap_rank=2/4; bsr_source_count=2,europe,GRE,GRE,,BUL,GRE,GRE
494,STATE_494,1063,STATE_1063,manual,0.333,incompatible province overlap rejected for automatic overlay; province_overlap=1; tsr_tags=PRU; bsr_tags=BUL GRE,europe,PRU,GRE,,BUL,PRU,GRE
731,STATE_731,1063,STATE_1063,merge,0.333,split+merge; province_overlap=1; tsr_overlap_rank=5/6; bsr_source_count=2,europe,GRE,GRE,,BUL,GRE,GRE
828,STATE_828,1092,STATE_1092,manual,0.333,incompatible province overlap rejected for automatic overlay; province_overlap=1; tsr_tags=NOA RUS; bsr_tags=GEO SOV,europe,RUS,SOV,,,NOA RUS,GEO SOV
495,STATE_495,1116,STATE_1116,manual,0.333,incompatible province overlap rejected for automatic overlay; province_overlap=1; tsr_tags=BRA; bsr_tags=THR TUR,europe,BRA,TUR,,,BRA,THR TUR
495,STATE_495,1142,STATE_1142,manual,0.333,incompatible province overlap rejected for automatic overlay; province_overlap=1; tsr_tags=BRA; bsr_tags=BUL THR,europe,BRA,BUL,,,BRA,BUL THR
1081,STATE_1081,1201,STATE_1201,manual,0.333,incompatible province overlap rejected for automatic overlay; province_overlap=1; tsr_tags=BRN DAS MAL SAR; bsr_tags=HUN ROM TRA,europe,DAS,ROM,DAS,HUN,BRN MAL SAR,ROM TRA
11,STATE_11,1293,STATE_1293,merge,0.333,split+merge; province_overlap=1; tsr_overlap_rank=3/3; bsr_source_count=2,europe,RUS,LIT,,SOV,LIT,LIT
807,STATE_807,1425,STATE_1425,split,0.333,split; province_overlap=1; tsr_overlap_rank=4/8; bsr_source_count=1,europe,GER,POL,,GER,GER KSH POL,POL
810,STATE_810,1454,STATE_1454,merge,0.333,split+merge; province_overlap=3; tsr_overlap_rank=2/2; bsr_source_count=3,europe,RUS,LAT,,SOV,LAT,LAT LIV
198,STATE_198,1455,STATE_1455,merge,0.333,split+merge; province_overlap=1; tsr_overlap_rank=4/4; bsr_source_count=2,europe,RUS,SOV,,,RUS UKR,SOV UKR
585,Navoiy,1469,STATE_1469,manual,0.333,incompatible province overlap rejected for automatic overlay; province_overlap=2; tsr_tags=RUS UZB; bsr_tags=KAZ SOV,asia,RUS,SOV,,,RUS UZB,KAZ SOV
405,Tashkent,1489,STATE_1489,split,0.333,split; province_overlap=1; tsr_overlap_rank=3/3; bsr_source_count=1,asia,RUS,SOV,,,RUS UZB,KOK SOV UZB
338,STATE_338,1709,STATE_1709,merge,0.333,split+merge; province_overlap=1; tsr_overlap_rank=3/3; bsr_source_count=2,europe,ENG,ENG,,,ENG,ENG
18,STATE_18,1754,STATE_1754,manual,0.333,incompatible province overlap rejected for automatic overlay; province_overlap=1; tsr_tags=FRA; bsr_tags=BEL GER WLL,europe,FRA,BEL,,GER,FRA,BEL WLL
1073,STATE_1073,1755,STATE_1755,manual,0.333,incompatible province overlap rejected for automatic overlay; province_overlap=1; tsr_tags=INS; bsr_tags=ITA,europe,INS,ITA,,,INS,ITA
611,South Chahar,1756,STATE_1756,manual,0.333,incompatible province overlap rejected for automatic overlay; province_overlap=1; tsr_tags=HBC MEN MON; bsr_tags=ITA PRM,europe,MON,ITA,MON,,HBC MEN MON,ITA PRM
336,STATE_336,1773,STATE_1773,manual,0.333,incompatible province overlap rejected for automatic overlay; province_overlap=1; tsr_tags=DAS MAL; bsr_tags=GGO POL,europe,DAS,POL,DAS,GGO,MAL,POL
26,Auveregne,1798,STATE_1798,merge,0.333,split+merge; province_overlap=1; tsr_overlap_rank=2/2; bsr_source_count=3,europe,FRA,FRA,,,FRA OCC,FRA
27,Bourgogne,1798,STATE_1798,merge,0.333,split+merge; province_overlap=1; tsr_overlap_rank=6/8; bsr_source_count=3,europe,FRA,FRA,,,FRA,FRA
31,STATE_31,1798,STATE_1798,merge,0.333,split+merge; province_overlap=1; tsr_overlap_rank=7/7; bsr_source_count=3,europe,FRA,FRA,,,FRA OCC,FRA
20,Rhone,1799,STATE_1799,merge,0.333,split+merge; province_overlap=1; tsr_overlap_rank=7/7; bsr_source_count=2,europe,FRA,FRA,,,FRA OCC,FRA
821,STATE_821,2009,STATE_2009,manual,0.333,incompatible province overlap rejected for automatic overlay; province_overlap=1; tsr_tags=CIN RUS; bsr_tags=DAG SOV,europe,RUS,SOV,,,CIN RUS,DAG SOV
24,STATE_24,2018,STATE_2018,merge,0.333,split+merge; province_overlap=1; tsr_overlap_rank=4/4; bsr_source_count=2,europe,FRA,FRA,,GER,FRA,FRA
16,STATE_16,2038,STATE_2038,merge,0.333,split+merge; province_overlap=1; tsr_overlap_rank=2/2; bsr_source_count=3,europe,FRA,FRA,,GER,FRA,BGN FRA
18,STATE_18,2038,STATE_2038,merge,0.333,split+merge; province_overlap=1; tsr_overlap_rank=4/5; bsr_source_count=3,europe,FRA,FRA,,GER,FRA,BGN FRA
1062,STATE_1062,2038,STATE_2038,merge,0.333,split+merge; province_overlap=1; tsr_overlap_rank=2/3; bsr_source_count=3,europe,FRA,FRA,,GER,FRA,BGN FRA
880,Kotlas,214,STATE_214,manual,0.308,incompatible province overlap rejected for automatic overlay; province_overlap=4; tsr_tags=RUS; bsr_tags=SOV,europe,RUS,SOV,,,RUS,SOV
583,STATE_583,1000,STATE_1000,manual,0.308,incompatible province overlap rejected for automatic overlay; province_overlap=4; tsr_tags=KAZ RUS; bsr_tags=IDL SOV,asia,RUS,SOV,,,KAZ RUS,IDL SOV
108,STATE_108,107,STATE_107,merge,0.300,split+merge; province_overlap=3; tsr_overlap_rank=1/6; bsr_source_count=2,europe,YUG,YUG,,SER,SER YUG,SER YUG
565,Bodaybo,563,STATE_563,manual,0.300,incompatible province overlap rejected for automatic overlay; province_overlap=3; tsr_tags=EVE RUS; bsr_tags=FER SIB SOV,asia,RUS,SOV,,,EVE RUS,FER SIB SOV
10,STATE_10,90,STATE_90,merge,0.286,split+merge; province_overlap=2; tsr_overlap_rank=3/4; bsr_source_count=2,europe,RUS,POL,,GGO,POL,POL
977,Antwerpen,6,Flanders,merge,0.250,split+merge; province_overlap=1; tsr_overlap_rank=3/3; bsr_source_count=2,europe,BEL,BEL,,GER,BEL,BEL FLA
495,STATE_495,18,STATE_18,manual,0.250,incompatible province overlap rejected for automatic overlay; province_overlap=1; tsr_tags=BRA; bsr_tags=BGN FRA GER,europe,BRA,FRA,,GER,BRA,BGN FRA
28,Alsace-Lorraine,28,STATE_28,merge,0.250,split+merge; province_overlap=1; tsr_overlap_rank=7/7; bsr_source_count=2,europe,GER,FRA,,GER,FRA GER,ALS FRA
1082,STATE_1082,76,STATE_76,manual,0.250,incompatible province overlap rejected for automatic overlay; province_overlap=1; tsr_tags=DAS MAL; bsr_tags=HUN ROM TRA,europe,DAS,ROM,DAS,HUN,MAL,ROM TRA
88,STATE_88,88,STATE_88,split,0.250,split; province_overlap=1; tsr_overlap_rank=4/9; bsr_source_count=1,europe,RUS,POL,,GGO,POL,GAL POL
1072,STATE_1072,88,STATE_88,manual,0.250,incompatible province overlap rejected for automatic overlay; province_overlap=1; tsr_tags=ATJ INS; bsr_tags=GAL GGO POL,europe,INS,POL,,GGO,ATJ,GAL POL
128,STATE_128,132,Lancashire,merge,0.250,split+merge; province_overlap=1; tsr_overlap_rank=3/3; bsr_source_count=2,europe,ENG,ENG,,,ENG,ENG
206,STATE_206,204,STATE_204,merge,0.250,split+merge; province_overlap=2; tsr_overlap_rank=3/4; bsr_source_count=2,europe,RUS,SOV,,,BLR RUS,BLR SOV
218,STATE_218,234,STATE_234,manual,0.250,incompatible province overlap rejected for automatic overlay; province_overlap=2; tsr_tags=RUS; bsr_tags=KUB SOV,europe,RUS,SOV,,,RUS,KUB SOV
829,Volga Germany,239,STATE_239,manual,0.250,incompatible province overlap rejected for automatic overlay; province_overlap=3; tsr_tags=RUS VGE; bsr_tags=SOV,europe,RUS,SOV,,,RUS VGE,SOV
210,Nevel,263,STATE_263,manual,0.250,incompatible province overlap rejected for automatic overlay; province_overlap=3; tsr_tags=RUS; bsr_tags=SOV,europe,RUS,SOV,,,RUS,SOV
495,STATE_495,263,STATE_263,manual,0.250,incompatible province overlap rejected for automatic overlay; province_overlap=3; tsr_tags=BRA; bsr_tags=SOV,europe,BRA,SOV,,,BRA,SOV
829,Volga Germany,265,STATE_265,manual,0.250,incompatible province overlap rejected for automatic overlay; province_overlap=3; tsr_tags=RUS VGE; bsr_tags=DON SOV,europe,RUS,SOV,,,RUS VGE,DON SOV
651,Ufa,573,Zlatoust,manual,0.250,incompatible province overlap rejected for automatic overlay; province_overlap=2; tsr_tags=BSK RUS; bsr_tags=IDL SOV,europe,RUS,SOV,,,BSK RUS,IDL SOV
588,Semipalatinsk,589,STATE_589,merge,0.250,split+merge; province_overlap=2; tsr_overlap_rank=3/4; bsr_source_count=2,asia,RUS,SOV,,,KAZ RUS,KAZ SOV
495,STATE_495,804,STATE_804,manual,0.250,incompatible province overlap rejected for automatic overlay; province_overlap=1; tsr_tags=BRA; bsr_tags=DEN GER SHL,europe,BRA,DEN,,GER,BRA,DEN SHL
155,North Transdanubia,808,STATE_808,merge,0.250,split+merge; province_overlap=1; tsr_overlap_rank=3/3; bsr_source_count=2,europe,HUN,HUN,,,HUN,HUN
851,Var (Split-off from former Provence now Bouches-du-Rhône),823,STATE_823,merge,0.250,split+merge; province_overlap=1; tsr_overlap_rank=2/2; bsr_source_count=2,europe,FRA,FRA,,,FRA OCC,FRA OCC
46,Muntenia,832,STATE_832,merge,0.250,split+merge; province_overlap=1; tsr_overlap_rank=3/3; bsr_source_count=2,europe,ROM,ROM,,,ROM,ROM
801,STATE_801,943,STATE_943,merge,0.250,split+merge; province_overlap=1; tsr_overlap_rank=2/2; bsr_source_count=2,europe,BUL,BUL,BUL,,BUL,BUL
144,Nordland,1013,STATE_1013,merge,0.250,split+merge; province_overlap=1; tsr_overlap_rank=2/2; bsr_source_count=2,europe,NOR,NOR,,GER,NOR SMI,NOR
402,STATE_402,1120,STATE_1120,manual,0.250,incompatible province overlap rejected for automatic overlay; province_overlap=1; tsr_tags=KAZ RUS; bsr_tags=IDL SOV,europe,RUS,SOV,,,KAZ RUS,IDL SOV
516,Taymyria / Dudinka,1169,STATE_1169,manual,0.250,incompatible province overlap rejected for automatic overlay; province_overlap=3; tsr_tags=RUS TAY; bsr_tags=SIB SOV,asia,RUS,SOV,,,RUS TAY,SIB SOV
159,STATE_159,1203,STATE_1203,merge,0.250,split+merge; province_overlap=1; tsr_overlap_rank=4/4; bsr_source_count=3,europe,ITA,ITA,,,ITA LBV,ITA PRM
162,STATE_162,1203,STATE_1203,merge,0.250,split+merge; province_overlap=1; tsr_overlap_rank=3/3; bsr_source_count=3,europe,ITA,ITA,,,ITA TOS,ITA PRM
1058,STATE_1058,1210,STATE_1210,manual,0.250,incompatible province overlap rejected for automatic overlay; province_overlap=1; tsr_tags=ARM RUS; bsr_tags=SAF,africa,RUS,SAF,RUS,,ARM,SAF
826,STATE_826,1226,STATE_1226,merge,0.250,split+merge; province_overlap=1; tsr_overlap_rank=2/2; bsr_source_count=2,europe,RUS,SOV,,,ABK GEO RUS,GEO SOV
827,STATE_827,1226,STATE_1226,manual,0.250,incompatible province overlap rejected for automatic overlay; province_overlap=1; tsr_tags=KBK RUS; bsr_tags=GEO SOV,europe,RUS,SOV,,,KBK RUS,GEO SOV
233,STATE_233,1326,STATE_1326,manual,0.250,incompatible province overlap rejected for automatic overlay; province_overlap=1; tsr_tags=RUS; bsr_tags=CIR KBR SOV,europe,RUS,SOV,,,RUS,CIR KBR SOV
827,STATE_827,1326,STATE_1326,manual,0.250,incompatible province overlap rejected for automatic overlay; province_overlap=1; tsr_tags=KBK RUS; bsr_tags=CIR KBR SOV,europe,RUS,SOV,,,KBK RUS,CIR KBR SOV
754,STATE_754,1383,STATE_1383,manual,0.250,incompatible province overlap rejected for automatic overlay; province_overlap=1; tsr_tags=XSM; bsr_tags=POL SOV,europe,XSM,POL,,SOV,XSM,POL
755,STATE_755,1383,STATE_1383,manual,0.250,incompatible province overlap rejected for automatic overlay; province_overlap=1; tsr_tags=XSM; bsr_tags=POL SOV,europe,XSM,POL,,SOV,XSM,POL
132,Lancashire,1401,STATE_1401,merge,0.250,split+merge; province_overlap=1; tsr_overlap_rank=2/2; bsr_source_count=3,europe,ENG,ENG,,,ENG,ENG
832,STATE_832,1462,STATE_1462,merge,0.250,split+merge; province_overlap=1; tsr_overlap_rank=2/2; bsr_source_count=2,asia,RUS,SOV,,,KHI RUS TMS,SOV TMS
831,Khiva,1465,STATE_1465,manual,0.250,incompatible province overlap rejected for automatic overlay; province_overlap=1; tsr_tags=KHI KKP RUS UZB; bsr_tags=SOV TMS,asia,RUS,SOV,,,KHI KKP RUS UZB,SOV TMS
402,STATE_402,1469,STATE_1469,merge,0.250,split+merge; province_overlap=3; tsr_overlap_rank=3/3; bsr_source_count=2,asia,RUS,SOV,,,KAZ RUS,KAZ SOV
204,Bobruysk,1470,STATE_1470,merge,0.250,split+merge; province_overlap=1; tsr_overlap_rank=3/4; bsr_source_count=2,europe,RUS,SOV,,,BLR RUS,BLR SOV
204,Bobruysk,1619,STATE_1619,merge,0.250,split+merge; province_overlap=1; tsr_overlap_rank=4/4; bsr_source_count=3,europe,RUS,SOV,,,BLR RUS,BLR SOV
207,STATE_207,1619,STATE_1619,merge,0.250,split+merge; province_overlap=1; tsr_overlap_rank=5/6; bsr_source_count=3,europe,RUS,SOV,,,BLR RUS,BLR SOV
10,STATE_10,1773,STATE_1773,split,0.250,split; province_overlap=1; tsr_overlap_rank=4/4; bsr_source_count=1,europe,RUS,POL,,GGO,POL,POL
1073,STATE_1073,1773,STATE_1773,manual,0.250,incompatible province overlap rejected for automatic overlay; province_overlap=1; tsr_tags=INS; bsr_tags=GGO POL,europe,INS,POL,,GGO,INS,POL
39,(South Tyrol) Alto Adige,1872,STATE_1872,merge,0.250,split+merge; province_overlap=1; tsr_overlap_rank=3/3; bsr_source_count=2,europe,GER,ITA,,,GER ITA LBV,ITA VEC
210,Nevel,209,STATE_209,manual,0.231,incompatible province overlap rejected for automatic overlay; province_overlap=3; tsr_tags=RUS; bsr_tags=SOV,europe,RUS,SOV,,,RUS,SOV
397,STATE_397,214,STATE_214,manual,0.231,incompatible province overlap rejected for automatic overlay; province_overlap=3; tsr_tags=KOM RUS; bsr_tags=SOV,europe,RUS,SOV,,,KOM RUS,SOV
33,STATE_33,25,STATE_25,merge,0.222,split+merge; province_overlap=2; tsr_overlap_rank=2/2; bsr_source_count=3,europe,FRA,FRA,,,FRA,FRA OCC
24,STATE_24,33,STATE_33,merge,0.222,split+merge; province_overlap=2; tsr_overlap_rank=3/4; bsr_source_count=2,europe,FRA,FRA,,,FRA,FRA
922,STATE_922,142,STATE_142,merge,0.222,split+merge; province_overlap=2; tsr_overlap_rank=2/3; bsr_source_count=2,europe,NOR,NOR,,GER,NOR,NOR
924,STATE_924,144,STATE_144,merge,0.222,split+merge; province_overlap=2; tsr_overlap_rank=2/2; bsr_source_count=2,europe,NOR,NOR,,GER,NOR SMI,NOR
926,TURKU AND PORI,149,Pohjanmaa,merge,0.222,split+merge; province_overlap=2; tsr_overlap_rank=2/3; bsr_source_count=3,europe,RUS,FIN,RUS,,FIN,FIN
262,Pechora,214,STATE_214,manual,0.222,incompatible province overlap rejected for automatic overlay; province_overlap=2; tsr_tags=KOM RUS; bsr_tags=SOV,europe,RUS,SOV,,,KOM RUS,SOV
916,STATE_916,1007,STATE_1007,merge,0.222,split+merge; province_overlap=2; tsr_overlap_rank=3/3; bsr_source_count=2,europe,SWE,SWE,,,SWE,SWE
922,STATE_922,1637,STATE_1637,merge,0.222,split+merge; province_overlap=2; tsr_overlap_rank=3/3; bsr_source_count=4,europe,NOR,NOR,,GER,NOR,NOR
260,Voronezh,1653,STATE_1653,manual,0.222,incompatible province overlap rejected for automatic overlay; province_overlap=2; tsr_tags=RUS; bsr_tags=DON SOV,europe,RUS,SOV,,,RUS,DON SOV
239,STATE_239,401,STATE_401,manual,0.208,incompatible province overlap rejected for automatic overlay; province_overlap=5; tsr_tags=RUS; bsr_tags=SOV,europe,RUS,SOV,,,RUS,SOV
845,STATE_845,3,STATE_3,merge,0.200,split+merge; province_overlap=1; tsr_overlap_rank=2/3; bsr_source_count=3,europe,SWI,SWI,,,SWI,SWI
351,Vologda,17,STATE_17,manual,0.200,incompatible province overlap rejected for automatic overlay; province_overlap=1; tsr_tags=RUS; bsr_tags=BGN FRA GER,europe,RUS,FRA,,GER,RUS,BGN FRA
667,STATE_667,44,STATE_44,manual,0.200,incompatible province overlap rejected for automatic overlay; province_overlap=1; tsr_tags=INS; bsr_tags=ALB,europe,INS,ALB,,,INS,ALB
94,STATE_94,95,STATE_95,merge,0.200,split+merge; province_overlap=1; tsr_overlap_rank=7/9; bsr_source_count=2,europe,RUS,POL,,SOV,BLR POL,BLR POL
47,Thessaly,185,STATE_185,merge,0.200,split+merge; province_overlap=1; tsr_overlap_rank=5/6; bsr_source_count=2,europe,GRE,GRE,,ITA,GRE,GRE
653,Sverdlovsk,572,Chelyabinsk,manual,0.200,incompatible province overlap rejected for automatic overlay; province_overlap=2; tsr_tags=RUS; bsr_tags=SIB SOV,asia,RUS,SOV,,,RUS,SIB SOV
565,Bodaybo,575,Kirensk,manual,0.200,incompatible province overlap rejected for automatic overlay; province_overlap=2; tsr_tags=EVE RUS; bsr_tags=SIB SOV,asia,RUS,SOV,,,EVE RUS,SIB SOV
398,STATE_398,581,STATE_581,manual,0.200,incompatible province overlap rejected for automatic overlay; province_overlap=1; tsr_tags=RUS; bsr_tags=KOM SOV,europe,RUS,SOV,,,RUS,KOM SOV
579,Salekhard,581,STATE_581,manual,0.200,incompatible province overlap rejected for automatic overlay; province_overlap=1; tsr_tags=RUS YAM; bsr_tags=KOM SOV,europe,RUS,SOV,,,RUS YAM,KOM SOV
831,Khiva,585,STATE_585,merge,0.200,split+merge; province_overlap=1; tsr_overlap_rank=3/3; bsr_source_count=3,asia,RUS,SOV,,,KHI KKP RUS UZB,SOV UZB
98,STATE_98,1119,STATE_1119,merge,0.200,split+merge; province_overlap=1; tsr_overlap_rank=3/5; bsr_source_count=2,europe,RUS,POL,,GER,POL,POL
2,Latium,1193,STATE_1193,merge,0.200,split+merge; province_overlap=1; tsr_overlap_rank=3/4; bsr_source_count=2,europe,ITA,ITA,,,ITA PAP,ITA KTS
1073,STATE_1073,1193,STATE_1193,manual,0.200,incompatible province overlap rejected for automatic overlay; province_overlap=1; tsr_tags=INS; bsr_tags=ITA KTS,europe,INS,ITA,,,INS,ITA KTS
1058,STATE_1058,1207,STATE_1207,manual,0.200,incompatible province overlap rejected for automatic overlay; province_overlap=1; tsr_tags=ARM RUS; bsr_tags=SAF,africa,RUS,SAF,RUS,,ARM,SAF
338,STATE_338,1401,STATE_1401,merge,0.200,split+merge; province_overlap=1; tsr_overlap_rank=2/3; bsr_source_count=3,europe,ENG,ENG,,,ENG,ENG
878,Khatangsky,1420,STATE_1420,manual,0.200,incompatible province overlap rejected for automatic overlay; province_overlap=1; tsr_tags=RUS TAY; bsr_tags=SIB SOV,asia,RUS,SOV,,,RUS TAY,SIB SOV
228,Voroshilovgrad,1444,STATE_1444,merge,0.200,split+merge; province_overlap=1; tsr_overlap_rank=3/3; bsr_source_count=2,europe,RUS,SOV,,,RUS UKR,DON SOV UKR
831,Khiva,1467,STATE_1467,merge,0.200,split+merge; province_overlap=1; tsr_overlap_rank=2/3; bsr_source_count=2,asia,RUS,SOV,,,KHI KKP RUS UZB,KPS SOV UZB
405,Tashkent,1469,STATE_1469,manual,0.200,incompatible province overlap rejected for automatic overlay; province_overlap=1; tsr_tags=RUS UZB; bsr_tags=KAZ SOV,asia,RUS,SOV,,,RUS UZB,KAZ SOV
926,TURKU AND PORI,1631,Vaasa,merge,0.200,split+merge; province_overlap=1; tsr_overlap_rank=3/3; bsr_source_count=2,europe,RUS,FIN,RUS,,FIN,FIN
143,STATE_143,1638,STATE_1638,merge,0.200,split+merge; province_overlap=1; tsr_overlap_rank=2/2; bsr_source_count=2,europe,NOR,NOR,,GER,NOR SMI,NOR
140,Västra Götaland,1657,STATE_1657,merge,0.200,split+merge; province_overlap=2; tsr_overlap_rank=2/2; bsr_source_count=2,europe,SWE,SWE,,,SWE,SWE
794,STATE_794,1720,STATE_1720,merge,0.200,split+merge; province_overlap=1; tsr_overlap_rank=3/3; bsr_source_count=2,europe,SPR,SPR,,,SPR,SPR
38,Gävleborg,38,STATE_38,merge,0.192,split+merge; province_overlap=5; tsr_overlap_rank=3/3; bsr_source_count=2,europe,SWE,SWE,,,SWE,SWE
917,STATE_917,1114,STATE_1114,merge,0.188,split+merge; province_overlap=3; tsr_overlap_rank=2/2; bsr_source_count=2,europe,SWE,SWE,,,SMI SWE,SWE
566,Irktusk,564,Ulan Ude,manual,0.182,incompatible province overlap rejected for automatic overlay; province_overlap=2; tsr_tags=RUS; bsr_tags=BRY FER SIB SOV,asia,RUS,SOV,,,RUS,BRY FER SIB SOV
930,MIKKELI,1151,STATE_1151,merge,0.182,split+merge; province_overlap=2; tsr_overlap_rank=3/3; bsr_source_count=3,europe,RUS,FIN,RUS,,FIN,FIN
506,Antofagasta,9,STATE_9,manual,0.167,incompatible province overlap rejected for automatic overlay; province_overlap=1; tsr_tags=CHL; bsr_tags=CZE PBM,europe,CHL,CZE,,PBM,CHL,CZE PBM
87,STATE_87,10,STATE_10,merge,0.167,split+merge; province_overlap=1; tsr_overlap_rank=3/4; bsr_source_count=3,europe,RUS,POL,,GGO,POL,POL
32,STATE_32,20,STATE_20,merge,0.167,split+merge; province_overlap=1; tsr_overlap_rank=2/3; bsr_source_count=2,europe,FRA,FRA,,,FRA OCC,FRA OCC
100,STATE_100,100,STATE_100,split,0.167,split; province_overlap=1; tsr_overlap_rank=2/2; bsr_source_count=1,europe,ICE,ICE,,,ICE,ICE
495,STATE_495,101,STATE_101,manual,0.167,incompatible province overlap rejected for automatic overlay; province_overlap=1; tsr_tags=BRA; bsr_tags=DEN GRL,europe,BRA,DEN,,,BRA,GRL
2,Latium,117,STATE_117,merge,0.167,split+merge; province_overlap=1; tsr_overlap_rank=4/4; bsr_source_count=2,europe,ITA,ITA,,,ITA PAP,ITA KTS
815,STATE_815,189,STATE_189,merge,0.167,split+merge; province_overlap=1; tsr_overlap_rank=4/4; bsr_source_count=2,europe,RUS,LIT,,SOV,LIT,LIT
193,Chernihiv,225,STATE_225,merge,0.167,split+merge; province_overlap=2; tsr_overlap_rank=3/5; bsr_source_count=2,europe,RUS,SOV,,,RUS UKR,SOV UKR
203,STATE_203,259,STATE_259,merge,0.167,split+merge; province_overlap=2; tsr_overlap_rank=3/3; bsr_source_count=3,europe,RUS,SOV,,,RUS UKR,SOV UKR
829,Volga Germany,401,STATE_401,manual,0.167,incompatible province overlap rejected for automatic overlay; province_overlap=2; tsr_tags=RUS VGE; bsr_tags=SOV,europe,RUS,SOV,,,RUS VGE,SOV
877,Verkhoyansk,644,STATE_644,merge,0.167,split+merge; province_overlap=1; tsr_overlap_rank=2/2; bsr_source_count=2,asia,RUS,SOV,,,RUS YAK,SIB SOV YAK
938,STATE_938,927,STATE_927,manual,0.167,incompatible province overlap rejected for automatic overlay; province_overlap=1; tsr_tags=BRA; bsr_tags=MUS SOV,europe,BRA,SOV,,,BRA,MUS SOV
821,STATE_821,931,STATE_931,manual,0.167,incompatible province overlap rejected for automatic overlay; province_overlap=1; tsr_tags=CIN RUS; bsr_tags=DAG SOV,europe,RUS,SOV,,,CIN RUS,DAG SOV
821,STATE_821,1092,STATE_1092,manual,0.167,incompatible province overlap rejected for automatic overlay; province_overlap=1; tsr_tags=CIN RUS; bsr_tags=GEO SOV,europe,RUS,SOV,,,CIN RUS,GEO SOV
202,STATE_202,1126,STATE_1126,merge,0.167,split+merge; province_overlap=1; tsr_overlap_rank=5/5; bsr_source_count=2,europe,RUS,SOV,,,RUS UKR,SOV UKR
152,STATE_152,1149,STATE_1149,merge,0.167,split+merge; province_overlap=1; tsr_overlap_rank=3/4; bsr_source_count=2,europe,GER,AUS,GER,GER,AUS GER,AUS GER
495,STATE_495,1163,Karma,manual,0.167,incompatible province overlap rejected for automatic overlay; province_overlap=2; tsr_tags=BRA; bsr_tags=BLR SOV,europe,BRA,SOV,,,BRA,BLR SOV
149,VAASA,1627,Savo / Tavastland / Tavastia,merge,0.167,split+merge; province_overlap=3; tsr_overlap_rank=3/4; bsr_source_count=6,europe,RUS,FIN,RUS,,FIN,FIN
31,STATE_31,1654,STATE_1654,merge,0.167,split+merge; province_overlap=1; tsr_overlap_rank=6/7; bsr_source_count=2,europe,FRA,FRA,,,FRA OCC,FRA OCC
57,STATE_57,56,STATE_56,merge,0.143,split+merge; province_overlap=1; tsr_overlap_rank=3/3; bsr_source_count=2,europe,GER,GER,,,GER HAN PRE,GER HAN PRE
62,STATE_62,61,STATE_61,merge,0.143,split+merge; province_overlap=1; tsr_overlap_rank=3/4; bsr_source_count=2,europe,GER,GER,,,GER PRE,GER MEK
94,STATE_94,96,STATE_96,merge,0.143,split+merge; province_overlap=1; tsr_overlap_rank=9/9; bsr_source_count=2,europe,RUS,POL,,SOV,BLR POL,BLR POL
927,HÄME,149,Pohjanmaa,merge,0.143,split+merge; province_overlap=2; tsr_overlap_rank=2/4; bsr_source_count=3,europe,RUS,FIN,RUS,,FIN,FIN
813,STATE_813,191,STATE_191,merge,0.143,split+merge; province_overlap=1; tsr_overlap_rank=2/2; bsr_source_count=3,europe,RUS,EST,,SOV,EST,EST LIV
201,STATE_201,194,Mozyr,manual,0.143,incompatible province overlap rejected for automatic overlay; province_overlap=1; tsr_tags=RUS UKR; bsr_tags=BLR SOV,europe,RUS,SOV,,,RUS UKR,BLR SOV
202,STATE_202,194,Mozyr,manual,0.143,incompatible province overlap rejected for automatic overlay; province_overlap=1; tsr_tags=RUS UKR; bsr_tags=BLR SOV,europe,RUS,SOV,,,RUS UKR,BLR SOV
217,STATE_217,237,STATE_237,manual,0.133,incompatible province overlap rejected for automatic overlay; province_overlap=2; tsr_tags=RUS; bsr_tags=KLY SOV,europe,RUS,SOV,,,RUS,KLY SOV
217,STATE_217,238,STATE_238,manual,0.133,incompatible province overlap rejected for automatic overlay; province_overlap=2; tsr_tags=RUS; bsr_tags=DON SOV,europe,RUS,SOV,,,RUS,DON SOV
30,STATE_30,23,STATE_23,merge,0.125,split+merge; province_overlap=1; tsr_overlap_rank=4/4; bsr_source_count=2,europe,FRA,FRA,,GER,FRA,FRA
52,STATE_52,54,STATE_54,merge,0.125,split+merge; province_overlap=1; tsr_overlap_rank=4/4; bsr_source_count=2,europe,GER,GER,,,BAY GER,BAY GER
196,STATE_196,197,STATE_197,merge,0.125,split+merge; province_overlap=1; tsr_overlap_rank=2/2; bsr_source_count=2,europe,RUS,SOV,,,CRI RUS UKR,SOV UKR
244,Volkhov,208,STATE_208,manual,0.125,incompatible province overlap rejected for automatic overlay; province_overlap=1; tsr_tags=RUS; bsr_tags=SOV,europe,RUS,SOV,,,RUS,SOV
213,STATE_213,928,STATE_928,manual,0.125,incompatible province overlap rejected for automatic overlay; province_overlap=2; tsr_tags=RUS SMI; bsr_tags=KAR SOV,europe,RUS,SOV,,,RUS SMI,KAR SOV
928,KYME,1151,STATE_1151,merge,0.125,split+merge; province_overlap=1; tsr_overlap_rank=2/3; bsr_source_count=3,europe,RUS,FIN,RUS,,FIN,FIN
111,UUSIMA,1626,Varsinais Suomi / Finland Proper,merge,0.125,split+merge; province_overlap=1; tsr_overlap_rank=3/3; bsr_source_count=3,europe,RUS,FIN,RUS,,FIN,FIN
927,HÄME,1626,Varsinais Suomi / Finland Proper,merge,0.125,split+merge; province_overlap=1; tsr_overlap_rank=3/4; bsr_source_count=3,europe,RUS,FIN,RUS,,FIN,FIN
111,UUSIMA,1627,Savo / Tavastland / Tavastia,merge,0.125,split+merge; province_overlap=1; tsr_overlap_rank=2/3; bsr_source_count=6,europe,RUS,FIN,RUS,,FIN,FIN
928,KYME,1627,Savo / Tavastland / Tavastia,merge,0.125,split+merge; province_overlap=1; tsr_overlap_rank=3/3; bsr_source_count=6,europe,RUS,FIN,RUS,,FIN,FIN
249,STATE_249,256,STATE_256,manual,0.120,incompatible province overlap rejected for automatic overlay; province_overlap=3; tsr_tags=RUS TAT; bsr_tags=SOV,europe,RUS,SOV,,,RUS TAT,SOV
583,STATE_583,402,STATE_402,merge,0.120,split+merge; province_overlap=3; tsr_overlap_rank=3/3; bsr_source_count=2,asia,RUS,SOV,,,KAZ RUS,KAZ SOV
879,Kargopol,351,STATE_351,manual,0.118,incompatible province overlap rejected for automatic overlay; province_overlap=2; tsr_tags=RUS; bsr_tags=SOV,europe,RUS,SOV,,,RUS,SOV
790,STATE_790,171,STATE_171,merge,0.111,split+merge; province_overlap=1; tsr_overlap_rank=3/4; bsr_source_count=2,europe,SPR,SPR,,,SPR,GLC SPR
583,STATE_583,404,STATE_404,merge,0.111,split+merge; province_overlap=3; tsr_overlap_rank=2/3; bsr_source_count=3,asia,RUS,SOV,,,KAZ RUS,KAZ SOV
651,Ufa,582,STATE_582,manual,0.111,incompatible province overlap rejected for automatic overlay; province_overlap=1; tsr_tags=BSK RUS; bsr_tags=IDL SOV,europe,RUS,SOV,,,BSK RUS,IDL SOV
495,STATE_495,1161,STATE_1161,manual,0.111,incompatible province overlap rejected for automatic overlay; province_overlap=1; tsr_tags=BRA; bsr_tags=SOV,europe,BRA,SOV,,,BRA,SOV
150,KUOPIO,1629,Savo / Tavastland / Tavastia,merge,0.111,split+merge; province_overlap=1; tsr_overlap_rank=5/5; bsr_source_count=2,europe,RUS,FIN,RUS,,FIN,FIN
240,Belgorod,1653,STATE_1653,manual,0.111,incompatible province overlap rejected for automatic overlay; province_overlap=1; tsr_tags=RUS; bsr_tags=DON SOV,europe,RUS,SOV,,,RUS,DON SOV
265,STATE_265,1653,STATE_1653,manual,0.111,incompatible province overlap rejected for automatic overlay; province_overlap=1; tsr_tags=RUS; bsr_tags=DON SOV,europe,RUS,SOV,,,RUS,DON SOV
880,Kotlas,1255,STATE_1255,manual,0.105,incompatible province overlap rejected for automatic overlay; province_overlap=2; tsr_tags=RUS; bsr_tags=SOV,europe,RUS,SOV,,,RUS,SOV
259,Poltava,221,STATE_221,merge,0.100,split+merge; province_overlap=1; tsr_overlap_rank=2/2; bsr_source_count=2,europe,RUS,SOV,,,RUS UKR,SOV UKR
564,Ulan Ude,566,Irktusk,manual,0.100,incompatible province overlap rejected for automatic overlay; province_overlap=1; tsr_tags=BYA RUS; bsr_tags=SIB SOV,asia,RUS,SOV,,,BYA RUS,SIB SOV
565,Bodaybo,574,STATE_574,manual,0.100,incompatible province overlap rejected for automatic overlay; province_overlap=1; tsr_tags=EVE RUS; bsr_tags=SIB SOV YAK,asia,RUS,SOV,,,EVE RUS,SIB SOV YAK
653,Sverdlovsk,580,Tobolsk,manual,0.100,incompatible province overlap rejected for automatic overlay; province_overlap=2; tsr_tags=RUS; bsr_tags=SIB SOV,asia,RUS,SOV,,,RUS,SIB SOV
920,STATE_920,1637,STATE_1637,merge,0.100,split+merge; province_overlap=1; tsr_overlap_rank=4/4; bsr_source_count=4,europe,NOR,NOR,,GER,NOR,NOR
921,Telemark,1637,STATE_1637,merge,0.100,split+merge; province_overlap=1; tsr_overlap_rank=3/3; bsr_source_count=4,europe,NOR,NOR,,GER,NOR,NOR
25,STATE_25,31,STATE_31,merge,0.091,split+merge; province_overlap=1; tsr_overlap_rank=2/2; bsr_source_count=2,europe,FRA,FRA,,,FRA OCC,FRA OCC
404,Kyzyl Orda,586,STATE_586,merge,0.091,split+merge; province_overlap=1; tsr_overlap_rank=4/4; bsr_source_count=2,asia,RUS,SOV,,,KAZ RUS,KAZ SOV
881,Karagandy,590,Akmolinsk,merge,0.091,split+merge; province_overlap=2; tsr_overlap_rank=2/3; bsr_source_count=2,asia,RUS,SOV,,,KAZ RUS,KAZ SOV
150,KUOPIO,1627,Savo / Tavastland / Tavastia,merge,0.091,split+merge; province_overlap=2; tsr_overlap_rank=3/5; bsr_source_count=6,europe,RUS,FIN,RUS,,FIN,FIN
149,VAASA,1628,Savo / Tavastland / Tavastia,merge,0.091,split+merge; province_overlap=1; tsr_overlap_rank=4/4; bsr_source_count=3,europe,RUS,FIN,RUS,,FIN,FIN
150,KUOPIO,1628,Savo / Tavastland / Tavastia,merge,0.091,split+merge; province_overlap=1; tsr_overlap_rank=4/5; bsr_source_count=3,europe,RUS,FIN,RUS,,FIN,FIN
237,STATE_237,235,STATE_235,manual,0.087,incompatible province overlap rejected for automatic overlay; province_overlap=2; tsr_tags=KAL RUS; bsr_tags=KLY SOV,europe,RUS,SOV,,,KAL RUS,KLY SOV
265,STATE_265,245,STATE_245,manual,0.083,incompatible province overlap rejected for automatic overlay; province_overlap=1; tsr_tags=RUS; bsr_tags=DON SOV,europe,RUS,SOV,,,RUS,DON SOV
193,Chernihiv,259,STATE_259,merge,0.083,split+merge; province_overlap=1; tsr_overlap_rank=4/5; bsr_source_count=3,europe,RUS,SOV,,,RUS UKR,SOV UKR
881,Karagandy,1148,STATE_1148,merge,0.083,split+merge; province_overlap=1; tsr_overlap_rank=3/3; bsr_source_count=2,asia,RUS,SOV,,,KAZ RUS,KAZ SOV
823,Karakalpakstan,1469,STATE_1469,manual,0.083,incompatible province overlap rejected for automatic overlay; province_overlap=1; tsr_tags=KKP RUS UZB; bsr_tags=KAZ SOV,asia,RUS,SOV,,,KKP RUS UZB,KAZ SOV
351,Vologda,1255,STATE_1255,manual,0.080,incompatible province overlap rejected for automatic overlay; province_overlap=2; tsr_tags=RUS; bsr_tags=SOV,europe,RUS,SOV,,,RUS,SOV
251,STATE_251,250,STATE_250,manual,0.077,incompatible province overlap rejected for automatic overlay; province_overlap=1; tsr_tags=RUS; bsr_tags=IDL SOV,europe,RUS,SOV,,,RUS,IDL SOV
567,Bratsk,329,STATE_329,manual,0.077,incompatible province overlap rejected for automatic overlay; province_overlap=1; tsr_tags=RUS; bsr_tags=SIB SOV TAN,asia,RUS,TAN,,,RUS,SIB SOV TAN
213,STATE_213,929,STATE_929,manual,0.077,incompatible province overlap rejected for automatic overlay; province_overlap=1; tsr_tags=RUS SMI; bsr_tags=KAR SOV,europe,RUS,SOV,,,RUS SMI,KAR SOV
927,HÄME,150,Savo,merge,0.071,split+merge; province_overlap=1; tsr_overlap_rank=4/4; bsr_source_count=3,europe,RUS,FIN,RUS,,FIN,FIN
561,Amur,563,STATE_563,merge,0.071,split+merge; province_overlap=1; tsr_overlap_rank=2/2; bsr_source_count=2,asia,RUS,SOV,,,FER RUS,FER SIB SOV
31,STATE_31,25,STATE_25,merge,0.067,split+merge; province_overlap=1; tsr_overlap_rank=4/7; bsr_source_count=3,europe,FRA,FRA,,,FRA OCC,FRA OCC
224,STATE_224,219,STATE_219,manual,0.059,incompatible province overlap rejected for automatic overlay; province_overlap=1; tsr_tags=RUS; bsr_tags=MUS SOV,europe,RUS,SOV,,,RUS,MUS SOV
833,STATE_833,252,STATE_252,manual,0.059,incompatible province overlap rejected for automatic overlay; province_overlap=1; tsr_tags=MEL RUS; bsr_tags=SOV,europe,RUS,SOV,,,MEL RUS,SOV
879,Kargopol,1371,STATE_1371,manual,0.059,incompatible province overlap rejected for automatic overlay; province_overlap=1; tsr_tags=RUS; bsr_tags=SOV,europe,RUS,SOV,,,RUS,SOV
564,Ulan Ude,563,STATE_563,manual,0.056,incompatible province overlap rejected for automatic overlay; province_overlap=1; tsr_tags=BYA RUS; bsr_tags=FER SIB SOV,asia,RUS,SOV,,,BYA RUS,FER SIB SOV
215,STATE_215,216,STATE_216,merge,0.050,split+merge; province_overlap=1; tsr_overlap_rank=5/5; bsr_source_count=2,europe,RUS,SOV,,,KAR RUS,KAR SOV
237,STATE_237,238,STATE_238,manual,0.050,incompatible province overlap rejected for automatic overlay; province_overlap=1; tsr_tags=KAL RUS; bsr_tags=DON SOV,europe,RUS,SOV,,,KAL RUS,DON SOV
142,STATE_142,143,STATE_143,merge,0.045,split+merge; province_overlap=1; tsr_overlap_rank=3/3; bsr_source_count=3,europe,NOR,NOR,,GER,NOR,NOR
408,STATE_408,717,STATE_717,manual,0.043,incompatible province overlap rejected for automatic overlay; province_overlap=1; tsr_tags=FER RUS VLA; bsr_tags=CHI MAN PRC,asia,RUS,MAN,,,FER RUS VLA,CHI MAN PRC
252,STATE_252,256,STATE_256,manual,0.040,incompatible province overlap rejected for automatic overlay; province_overlap=1; tsr_tags=RUS; bsr_tags=SOV,europe,RUS,SOV,,,RUS,SOV
878,Khatangsky,878,STATE_878,merge,0.000,merge; province_overlap=0; bsr_source_count=2,europe,RUS,YUG,,,RUS TAY,KOS SER YUG
,,64,STATE_64,new_bsr_state,1.000,no TSR state mapped to this BSR state,europe,,GER,,,,GER PRE
,,163,STATE_163,new_bsr_state,1.000,no TSR state mapped to this BSR state,europe,,ITA,,,,CRO ITA YUG
,,804,STATE_804,new_bsr_state,1.000,no TSR state mapped to this BSR state,europe,,DEN,,GER,,DEN SHL
,,811,STATE_811,new_bsr_state,1.000,no TSR state mapped to this BSR state,europe,,DEN,,,,GRL
,,813,STATE_813,new_bsr_state,1.000,no TSR state mapped to this BSR state,europe,,BEL,,GER,,BEL WLL
,,827,STATE_827,new_bsr_state,1.000,no TSR state mapped to this BSR state,europe,,SMR,,,,SMR
,,831,STATE_831,new_bsr_state,1.000,no TSR state mapped to this BSR state,europe,,ROM,,,,ROM
,,861,STATE_861,new_bsr_state,1.000,no TSR state mapped to this BSR state,europe,,ENG,,,,ENG SCO
,,883,STATE_883,new_bsr_state,1.000,no TSR state mapped to this BSR state,europe,,EST,,SOV,,EST
,,884,STATE_884,new_bsr_state,1.000,no TSR state mapped to this BSR state,europe,,CZE,,GER,,CZE GER MRV SIL
,,890,STATE_890,new_bsr_state,1.000,no TSR state mapped to this BSR state,europe,,EST,,SOV,,EST LIV
,,891,STATE_891,new_bsr_state,1.000,no TSR state mapped to this BSR state,europe,,LAT,,SOV,,LAT LIV
,,927,STATE_927,new_bsr_state,1.000,no TSR state mapped to this BSR state,europe,,SOV,,,,MUS SOV
,,930,STATE_930,new_bsr_state,1.000,no TSR state mapped to this BSR state,europe,,SOV,,,,SOV
,,948,STATE_948,new_bsr_state,1.000,no TSR state mapped to this BSR state,europe,,ITA,,,,ITA VEC
,,1000,STATE_1000,new_bsr_state,1.000,no TSR state mapped to this BSR state,asia,,SOV,,,,IDL SOV
,,1003,STATE_1003,new_bsr_state,1.000,no TSR state mapped to this BSR state,europe,,SOV,,,,ARM AZR SOV
,,1004,STATE_1004,new_bsr_state,1.000,no TSR state mapped to this BSR state,europe,,SOV,,,,AZR SOV
,,1068,STATE_1068,new_bsr_state,1.000,no TSR state mapped to this BSR state,europe,,FIN,,,,FIN
,,1120,STATE_1120,new_bsr_state,1.000,no TSR state mapped to this BSR state,europe,,SOV,,,,IDL SOV
,,1121,STATE_1121,new_bsr_state,1.000,no TSR state mapped to this BSR state,europe,,SOV,,,,KLY SOV
,,1132,STATE_1132,new_bsr_state,1.000,no TSR state mapped to this BSR state,europe,,FRA,,,,FRA SRD
,,1141,STATE_1141,new_bsr_state,1.000,no TSR state mapped to this BSR state,europe,,BUL,,,,BUL THR
,,1161,STATE_1161,new_bsr_state,1.000,no TSR state mapped to this BSR state,europe,,SOV,,,,SOV
,,1162,STATE_1162,new_bsr_state,1.000,no TSR state mapped to this BSR state,europe,,SOV,,,,MUS SOV
,,1164,STATE_1164,new_bsr_state,1.000,no TSR state mapped to this BSR state,europe,,SOV,,,,MUS SOV
,,1165,STATE_1165,new_bsr_state,1.000,no TSR state mapped to this BSR state,europe,,SOV,,,,BLR SOV
,,1167,STATE_1167,new_bsr_state,1.000,no TSR state mapped to this BSR state,asia,,SOV,,,,SIB SOV
,,1168,STATE_1168,new_bsr_state,1.000,no TSR state mapped to this BSR state,asia,,SOV,,,,SIB SOV
,,1169,STATE_1169,new_bsr_state,1.000,no TSR state mapped to this BSR state,asia,,SOV,,,,SIB SOV
,,1212,STATE_1212,new_bsr_state,1.000,no TSR state mapped to this BSR state,europe,,GER,,,,GER PRE
,,1231,STATE_1231,new_bsr_state,1.000,no TSR state mapped to this BSR state,europe,,YUG,,ALB,,KOS SER YUG
,,1251,STATE_1251,new_bsr_state,1.000,no TSR state mapped to this BSR state,europe,,BEL,,GER,,BEL WLL
,,1252,STATE_1252,new_bsr_state,1.000,no TSR state mapped to this BSR state,europe,,SOV,,,,SOV
,,1255,STATE_1255,new_bsr_state,1.000,no TSR state mapped to this BSR state,europe,,SOV,,,,SOV
,,1259,STATE_1259,new_bsr_state,1.000,no TSR state mapped to this BSR state,europe,,NOR,,,,NOR
,,1262,STATE_1262,new_bsr_state,1.000,no TSR state mapped to this BSR state,europe,,SOV,,,,AZR SOV
,,1265,STATE_1265,new_bsr_state,1.000,no TSR state mapped to this BSR state,europe,,YUG,,BUL,,BUL SER YUG
,,1266,STATE_1266,new_bsr_state,1.000,no TSR state mapped to this BSR state,europe,,GRE,,BUL,,GRE THR
,,1271,STATE_1271,new_bsr_state,1.000,no TSR state mapped to this BSR state,europe,,SWI,,,,SWI
,,1284,STATE_1284,new_bsr_state,1.000,no TSR state mapped to this BSR state,europe,,POL,,SLO,,CZE GAL POL SLO
,,1320,STATE_1320,new_bsr_state,1.000,no TSR state mapped to this BSR state,europe,,SOV,,,,CIR KUB SOV
,,1322,STATE_1322,new_bsr_state,1.000,no TSR state mapped to this BSR state,europe,,AUS,,GER,,AUS GER
,,1326,STATE_1326,new_bsr_state,1.000,no TSR state mapped to this BSR state,europe,,SOV,,,,CIR KBR SOV
,,1346,STATE_1346,new_bsr_state,1.000,no TSR state mapped to this BSR state,europe,,LAT,,SOV,,COU LAT
,,1349,STATE_1349,new_bsr_state,1.000,no TSR state mapped to this BSR state,europe,,LAT,,SOV,,LAT LIV
,,1360,STATE_1360,new_bsr_state,1.000,no TSR state mapped to this BSR state,europe,,SOV,,,,KOM SOV
,,1365,STATE_1365,new_bsr_state,1.000,no TSR state mapped to this BSR state,europe,,SOV,,,,CIR KUB SOV
,,1371,STATE_1371,new_bsr_state,1.000,no TSR state mapped to this BSR state,europe,,SOV,,,,SOV
,,1372,STATE_1372,new_bsr_state,1.000,no TSR state mapped to this BSR state,europe,,CZE,,SLO,,CZE POL SLO
,,1377,STATE_1377,new_bsr_state,1.000,no TSR state mapped to this BSR state,europe,,AUS,,GER,,AUS GER
,,1382,STATE_1382,new_bsr_state,1.000,no TSR state mapped to this BSR state,europe,,SOV,,,,SOV
,,1388,STATE_1388,new_bsr_state,1.000,no TSR state mapped to this BSR state,europe,,FRA,,ITA,,FRA OCC SRD
,,1389,STATE_1389,new_bsr_state,1.000,no TSR state mapped to this BSR state,europe,,FRA,,ITA,,FRA OCC
,,1390,STATE_1390,new_bsr_state,1.000,no TSR state mapped to this BSR state,europe,,FRA,,ITA,,FRA SRD
,,1400,STATE_1400,new_bsr_state,1.000,no TSR state mapped to this BSR state,europe,,ENG,,,,ENG IRE NIR
,,1410,STATE_1410,new_bsr_state,1.000,no TSR state mapped to this BSR state,europe,,GER,,GER,,GER POL PRE
,,1411,STATE_1411,new_bsr_state,1.000,no TSR state mapped to this BSR state,europe,,GER,,,,GER PRE
,,1414,STATE_1414,new_bsr_state,1.000,no TSR state mapped to this BSR state,europe,,POL,,GER,,GAL POL
,,1416,STATE_1416,new_bsr_state,1.000,no TSR state mapped to this BSR state,europe,,POL,,SOV,,POL
,,1417,STATE_1417,new_bsr_state,1.000,no TSR state mapped to this BSR state,europe,,POL,,SOV,,POL
,,1420,STATE_1420,new_bsr_state,1.000,no TSR state mapped to this BSR state,asia,,SOV,,,,SIB SOV
,,1429,STATE_1429,new_bsr_state,1.000,no TSR state mapped to this BSR state,europe,,GRE,,GER,,GRE THR
,,1440,STATE_1440,new_bsr_state,1.000,no TSR state mapped to this BSR state,europe,,POL,,SOV,,POL
,,1451,STATE_1451,new_bsr_state,1.000,no TSR state mapped to this BSR state,europe,,ITA,,,,ITA VEC
,,1452,STATE_1452,new_bsr_state,1.000,no TSR state mapped to this BSR state,europe,,SOV,,,,MUS SOV
,,1483,STATE_1483,new_bsr_state,1.000,no TSR state mapped to this BSR state,europe,,NOR,,,,NOR
,,1504,STATE_1504,new_bsr_state,1.000,no TSR state mapped to this BSR state,europe,,ROM,,,,ROM
,,1505,STATE_1505,new_bsr_state,1.000,no TSR state mapped to this BSR state,europe,,ROM,,,,ROM
,,1511,STATE_1511,new_bsr_state,1.000,no TSR state mapped to this BSR state,europe,,ALB,,,,ALB
,,1512,STATE_1512,new_bsr_state,1.000,no TSR state mapped to this BSR state,europe,,GRE,,ITA,,GRE
,,1514,STATE_1514,new_bsr_state,1.000,no TSR state mapped to this BSR state,asia,,SOV,,,,SIB SOV
,,1516,STATE_1516,new_bsr_state,1.000,no TSR state mapped to this BSR state,europe,,DAN,,GER,,DAN GER POL
,,1546,STATE_1546,new_bsr_state,1.000,no TSR state mapped to this BSR state,europe,,YUG,,BUL,,BUL MAC YUG
,,1547,STATE_1547,new_bsr_state,1.000,no TSR state mapped to this BSR state,europe,,YUG,,BUL,,BUL SER YUG
,,1549,STATE_1549,new_bsr_state,1.000,no TSR state mapped to this BSR state,europe,,GRE,,BUL,,GRE THR
,,1551,STATE_1551,new_bsr_state,1.000,no TSR state mapped to this BSR state,europe,,YUG,,ALB,,MNT YUG
,,1556,STATE_1556,new_bsr_state,1.000,no TSR state mapped to this BSR state,europe,,POL,,GER,,POL
,,1583,STATE_1583,new_bsr_state,1.000,no TSR state mapped to this BSR state,europe,,CZE,,SLO,,CZE SLO
,,1598,STATE_1598,new_bsr_state,1.000,no TSR state mapped to this BSR state,europe,,SOV,,,,MUS SOV
,,1603,STATE_1603,new_bsr_state,1.000,no TSR state mapped to this BSR state,europe,,POL,,GGO,,POL
,,1612,STATE_1612,new_bsr_state,1.000,no TSR state mapped to this BSR state,europe,,CZE,,PBM,,CZE MRV PBM
,,1639,STATE_1639,new_bsr_state,1.000,no TSR state mapped to this BSR state,europe,,SOV,,,,SOV
,,1643,STATE_1643,new_bsr_state,1.000,no TSR state mapped to this BSR state,europe,,ROM,,,,HUN ROM TRA
,,1653,STATE_1653,new_bsr_state,1.000,no TSR state mapped to this BSR state,europe,,SOV,,,,DON SOV
,,1660,STATE_1660,new_bsr_state,1.000,no TSR state mapped to this BSR state,europe,,TUR,,,,THR TUR
,,1673,STATE_1673,new_bsr_state,1.000,no TSR state mapped to this BSR state,europe,,SOV,,,,MUS SOV
,,1674,STATE_1674,new_bsr_state,1.000,no TSR state mapped to this BSR state,europe,,SOV,,,,MUS SOV
,,1680,STATE_1680,new_bsr_state,1.000,no TSR state mapped to this BSR state,europe,,HUN,,,,HUN
,,1685,STATE_1685,new_bsr_state,1.000,no TSR state mapped to this BSR state,europe,,SOV,,,,SOV
,,1703,STATE_1703,new_bsr_state,1.000,no TSR state mapped to this BSR state,europe,,GER,,,,GER PRE
,,1711,STATE_1711,new_bsr_state,1.000,no TSR state mapped to this BSR state,europe,,POL,,GER,,POL
,,1735,impassable = yes #we do a substantial amount of trolling,new_bsr_state,1.000,no TSR state mapped to this BSR state,europe,,ROM,,,,ROM
,,1736,impassable = yes #we do a substantial amount of trolling,new_bsr_state,1.000,no TSR state mapped to this BSR state,europe,,ROM,,,,ROM
,,1765,STATE_1765,new_bsr_state,1.000,no TSR state mapped to this BSR state,europe,,GER,,,,GER PRE RHI
,,1766,STATE_1766,new_bsr_state,1.000,no TSR state mapped to this BSR state,europe,,GER,,,,GER PRE RHI
,,1770,STATE_1770,new_bsr_state,1.000,no TSR state mapped to this BSR state,europe,,BEL,,GER,,BEL WLL
,,1776,STATE_1776,new_bsr_state,1.000,no TSR state mapped to this BSR state,europe,,POL,,GER,,POL
,,1795,STATE_1795,new_bsr_state,1.000,no TSR state mapped to this BSR state,europe,,POL,,GER,,POL
,,1824,STATE_1824,new_bsr_state,1.000,no TSR state mapped to this BSR state,europe,,POL,,GER,,POL
,,1864,STATE_1864,new_bsr_state,1.000,no TSR state mapped to this BSR state,europe,,ITA,,,,ITA VEC
,,1883,STATE_1883,new_bsr_state,1.000,no TSR state mapped to this BSR state,europe,,GER,,,,GER PRE
,,1927,STATE_1927,new_bsr_state,1.000,no TSR state mapped to this BSR state,europe,,POL,,GER,,POL
,,1932,STATE_1932,new_bsr_state,1.000,no TSR state mapped to this BSR state,europe,,FRA,,GER,,BGN FRA
,,1933,STATE_1933,new_bsr_state,1.000,no TSR state mapped to this BSR state,europe,,FRA,,GER,,ALS FRA
,,1952,STATE_1952,new_bsr_state,1.000,no TSR state mapped to this BSR state,europe,,GER,,,,BDN GER
,,1953,STATE_1953,new_bsr_state,1.000,no TSR state mapped to this BSR state,europe,,GER,,,,GER WUR
,,1955,STATE_1955,new_bsr_state,1.000,no TSR state mapped to this BSR state,europe,,YUG,,,,MNT YUG
,,1956,STATE_1956,new_bsr_state,1.000,no TSR state mapped to this BSR state,europe,,YUG,,,,SER YUG
,,1957,STATE_1957,new_bsr_state,1.000,no TSR state mapped to this BSR state,europe,,YUG,,,,KOS SER YUG
,,1958,STATE_1958,new_bsr_state,1.000,no TSR state mapped to this BSR state,europe,,YUG,,,,KOS SER YUG
,,1963,STATE_1963,new_bsr_state,1.000,no TSR state mapped to this BSR state,europe,,GER,,,,BDN GER
,,1966,STATE_1966,new_bsr_state,1.000,no TSR state mapped to this BSR state,europe,,POL,,GER,,POL
,,1967,STATE_1967,new_bsr_state,1.000,no TSR state mapped to this BSR state,europe,,GER,,,,GER PRE SIL
,,1971,STATE_1971,new_bsr_state,1.000,no TSR state mapped to this BSR state,europe,,POL,,SOV,,BLR POL
,,1981,STATE_1981,new_bsr_state,1.000,no TSR state mapped to this BSR state,europe,,POL,,SOV,,POL
,,1982,STATE_1982,new_bsr_state,1.000,no TSR state mapped to this BSR state,europe,,POL,,SOV,,GAL POL UKR
,,1983,STATE_1983,new_bsr_state,1.000,no TSR state mapped to this BSR state,europe,,POL,,GGO,,GAL POL
,,1984,STATE_1984,new_bsr_state,1.000,no TSR state mapped to this BSR state,europe,,POL,,GER,,GAL POL
,,1991,STATE_1991,new_bsr_state,1.000,no TSR state mapped to this BSR state,europe,,BEL,,,,BEL FLA
,,2001,STATE_2001,new_bsr_state,1.000,no TSR state mapped to this BSR state,europe,,POL,,SOV,,LIT POL
,,2008,STATE_2008,new_bsr_state,1.000,no TSR state mapped to this BSR state,europe,,SOV,,,,AZR SOV
,,2015,STATE_2015,new_bsr_state,1.000,no TSR state mapped to this BSR state,europe,,GER,,,,GER PRE
,,2028,STATE_2028,new_bsr_state,1.000,no TSR state mapped to this BSR state,europe,,GER,,,,GER POL PRE SIL
,,2030,STATE_2030,new_bsr_state,1.000,no TSR state mapped to this BSR state,europe,,POL,,GER,,POL
351,Vologda,351,STATE_351,province_overlap,0.741,province_overlap=43,europe,RUS,SOV,,,RUS,SOV
