tsr_state_id,tsr_state_name,bsr_state_id,bsr_state_name,mapping_type,confidence,notes
2,Latium,906,STATE_906,manual,0.200,incompatible province overlap rejected for automatic overlay; province_overlap=1; tsr_tags=ITA PAP; bsr_tags=JAP KOR
2,Latium,990,STATE_990,split,1.000,split; province_overlap=3; tsr_overlap_rank=1/4; bsr_source_count=1
2,Latium,2,STATE_2,split,1.000,split; province_overlap=2; tsr_overlap_rank=2/4; bsr_source_count=1
2,Latium,1193,STATE_1193,merge,0.200,split+merge; province_overlap=1; tsr_overlap_rank=3/4; bsr_source_count=2
2,Latium,117,STATE_117,merge,0.167,split+merge; province_overlap=1; tsr_overlap_rank=4/4; bsr_source_count=2
3,STATE_3,151,STATE_151,merge,0.500,split+merge; province_overlap=2; tsr_overlap_rank=1/3; bsr_source_count=2
3,STATE_3,3,STATE_3,merge,0.400,split+merge; province_overlap=2; tsr_overlap_rank=2/3; bsr_source_count=3
3,STATE_3,892,STATE_892,merge,0.333,split+merge; province_overlap=1; tsr_overlap_rank=3/3; bsr_source_count=2
4,STATE_4,4,STATE_4,split,1.000,split; province_overlap=5; tsr_overlap_rank=1/3; bsr_source_count=1
4,STATE_4,1679,STATE_1679,split,1.000,split; province_overlap=3; tsr_overlap_rank=2/3; bsr_source_count=1
4,STATE_4,807,STATE_807,split,1.000,split; province_overlap=2; tsr_overlap_rank=3/3; bsr_source_count=1
5,STATE_5,5,STATE_5,split,1.000,split; province_overlap=6; tsr_overlap_rank=1/4; bsr_source_count=1
5,STATE_5,1409,STATE_1409,split,1.000,split; province_overlap=2; tsr_overlap_rank=2/4; bsr_source_count=1
5,STATE_5,1811,STATE_1811,split,0.667,split; province_overlap=2; tsr_overlap_rank=3/4; bsr_source_count=1
5,STATE_5,1408,STATE_1408,split,0.500,split; province_overlap=1; tsr_overlap_rank=4/4; bsr_source_count=1
6,Flanders,6,Flanders,merge,0.750,split+merge; province_overlap=3; tsr_overlap_rank=1/2; bsr_source_count=2
6,Flanders,1435,STATE_1435,split,1.000,split; province_overlap=1; tsr_overlap_rank=2/2; bsr_source_count=1
7,STATE_7,7,STATE_7,split,1.000,split; province_overlap=4; tsr_overlap_rank=1/2; bsr_source_count=1
7,STATE_7,1061,STATE_1061,merge,0.500,split+merge; province_overlap=1; tsr_overlap_rank=2/2; bsr_source_count=2
8,STATE_8,1200,STATE_1200,manual,0.500,incompatible province overlap rejected for automatic overlay; province_overlap=1; tsr_tags=GER LUX; bsr_tags=USA
8,STATE_8,8,STATE_8,merge,0.500,merge; province_overlap=1; bsr_source_count=2
9,STATE_9,9,STATE_9,split,0.929,split; province_overlap=13; tsr_overlap_rank=1/2; bsr_source_count=1
9,STATE_9,1710,STATE_1710,merge,0.500,split+merge; province_overlap=1; tsr_overlap_rank=2/2; bsr_source_count=2
10,STATE_10,92,STATE_92,merge,0.500,split+merge; province_overlap=3; tsr_overlap_rank=1/4; bsr_source_count=2
10,STATE_10,10,STATE_10,merge,0.500,split+merge; province_overlap=3; tsr_overlap_rank=2/4; bsr_source_count=3
10,STATE_10,90,STATE_90,merge,0.286,split+merge; province_overlap=2; tsr_overlap_rank=3/4; bsr_source_count=2
10,STATE_10,1773,STATE_1773,split,0.250,split; province_overlap=1; tsr_overlap_rank=4/4; bsr_source_count=1
11,STATE_11,1604,STATE_1604,merge,0.500,split+merge; province_overlap=2; tsr_overlap_rank=1/3; bsr_source_count=2
11,STATE_11,11,STATE_11,merge,0.400,split+merge; province_overlap=2; tsr_overlap_rank=2/3; bsr_source_count=2
11,STATE_11,1293,STATE_1293,merge,0.333,split+merge; province_overlap=1; tsr_overlap_rank=3/3; bsr_source_count=2
12,STATE_12,1454,STATE_1454,merge,1.000,merge; province_overlap=5; bsr_source_count=3
13,STATE_13,191,STATE_191,merge,0.667,split+merge; province_overlap=4; tsr_overlap_rank=1/2; bsr_source_count=3
13,STATE_13,13,STATE_13,merge,0.333,split+merge; province_overlap=2; tsr_overlap_rank=2/2; bsr_source_count=3
14,STATE_14,14,STATE_14,split,0.900,split; province_overlap=9; tsr_overlap_rank=1/2; bsr_source_count=1
14,STATE_14,1478,STATE_1478,split,1.000,split; province_overlap=1; tsr_overlap_rank=2/2; bsr_source_count=1
16,STATE_16,16,STATE_16,merge,0.667,split+merge; province_overlap=2; tsr_overlap_rank=1/2; bsr_source_count=2
16,STATE_16,2038,STATE_2038,merge,0.333,split+merge; province_overlap=1; tsr_overlap_rank=2/2; bsr_source_count=3
17,Lorraine,17,STATE_17,split,0.600,split; province_overlap=3; tsr_overlap_rank=1/6; bsr_source_count=1
17,Lorraine,1733,STATE_1733,split,1.000,split; province_overlap=1; tsr_overlap_rank=2/6; bsr_source_count=1
17,Lorraine,1581,STATE_1581,split,1.000,split; province_overlap=1; tsr_overlap_rank=3/6; bsr_source_count=1
17,Lorraine,2041,STATE_2041,split,1.000,split; province_overlap=1; tsr_overlap_rank=4/6; bsr_source_count=1
17,Lorraine,817,STATE_817,merge,0.333,split+merge; province_overlap=1; tsr_overlap_rank=5/6; bsr_source_count=2
17,Lorraine,1734,STATE_1734,merge,0.500,split+merge; province_overlap=1; tsr_overlap_rank=6/6; bsr_source_count=2
18,STATE_18,1754,STATE_1754,manual,0.333,incompatible province overlap rejected for automatic overlay; province_overlap=1; tsr_tags=FRA; bsr_tags=BEL GER WLL
18,STATE_18,817,STATE_817,merge,0.667,split+merge; province_overlap=2; tsr_overlap_rank=1/5; bsr_source_count=2
18,STATE_18,1184,STATE_1184,split,1.000,split; province_overlap=1; tsr_overlap_rank=2/5; bsr_source_count=1
18,STATE_18,1732,STATE_1732,split,0.500,split; province_overlap=1; tsr_overlap_rank=3/5; bsr_source_count=1
18,STATE_18,2038,STATE_2038,merge,0.333,split+merge; province_overlap=1; tsr_overlap_rank=4/5; bsr_source_count=3
18,STATE_18,815,STATE_815,split,1.000,split; province_overlap=1; tsr_overlap_rank=5/5; bsr_source_count=1
19,STATE_19,19,STATE_19,merge,1.000,merge; province_overlap=5; bsr_source_count=2
20,Rhone,20,STATE_20,merge,0.833,split+merge; province_overlap=5; tsr_overlap_rank=1/7; bsr_source_count=2
20,Rhone,1185,STATE_1185,split,1.000,split; province_overlap=2; tsr_overlap_rank=2/7; bsr_source_count=1
20,Rhone,1800,STATE_1800,split,1.000,split; province_overlap=2; tsr_overlap_rank=3/7; bsr_source_count=1
20,Rhone,1730,STATE_1730,split,1.000,split; province_overlap=1; tsr_overlap_rank=4/7; bsr_source_count=1
20,Rhone,1734,STATE_1734,merge,0.500,split+merge; province_overlap=1; tsr_overlap_rank=5/7; bsr_source_count=2
20,Rhone,1270,STATE_1270,split,1.000,split; province_overlap=1; tsr_overlap_rank=6/7; bsr_source_count=1
20,Rhone,1799,STATE_1799,merge,0.333,split+merge; province_overlap=1; tsr_overlap_rank=7/7; bsr_source_count=2
21,Bouches-du-Rhône (Formerly Provence before Var split off),1842,STATE_1842,split,1.000,split; province_overlap=2; tsr_overlap_rank=1/3; bsr_source_count=1
21,Bouches-du-Rhône (Formerly Provence before Var split off),21,STATE_21,split,1.000,split; province_overlap=2; tsr_overlap_rank=2/3; bsr_source_count=1
21,Bouches-du-Rhône (Formerly Provence before Var split off),1801,STATE_1801,merge,0.500,split+merge; province_overlap=1; tsr_overlap_rank=3/3; bsr_source_count=2
22,Languedoc,1654,STATE_1654,merge,0.833,split+merge; province_overlap=5; tsr_overlap_rank=1/4; bsr_source_count=2
22,Languedoc,22,Languedoc,split,0.750,split; province_overlap=3; tsr_overlap_rank=2/4; bsr_source_count=1
22,Languedoc,1760,STATE_1760,split,1.000,split; province_overlap=2; tsr_overlap_rank=3/4; bsr_source_count=1
22,Languedoc,1759,Languedoc,split,1.000,split; province_overlap=1; tsr_overlap_rank=4/4; bsr_source_count=1
23,STATE_23,23,STATE_23,merge,0.875,split+merge; province_overlap=7; tsr_overlap_rank=1/2; bsr_source_count=2
23,STATE_23,1186,STATE_1186,split,1.000,split; province_overlap=3; tsr_overlap_rank=2/2; bsr_source_count=1
24,STATE_24,24,STATE_24,merge,0.600,split+merge; province_overlap=3; tsr_overlap_rank=1/4; bsr_source_count=2
24,STATE_24,819,STATE_819,split,1.000,split; province_overlap=3; tsr_overlap_rank=2/4; bsr_source_count=1
24,STATE_24,33,STATE_33,merge,0.222,split+merge; province_overlap=2; tsr_overlap_rank=3/4; bsr_source_count=2
24,STATE_24,2018,STATE_2018,merge,0.333,split+merge; province_overlap=1; tsr_overlap_rank=4/4; bsr_source_count=2
25,STATE_25,25,STATE_25,merge,0.923,split+merge; province_overlap=12; tsr_overlap_rank=1/2; bsr_source_count=3
25,STATE_25,31,STATE_31,merge,0.091,split+merge; province_overlap=1; tsr_overlap_rank=2/2; bsr_source_count=2
26,Auveregne,26,STATE_26,split,1.000,split; province_overlap=10; tsr_overlap_rank=1/2; bsr_source_count=1
26,Auveregne,1798,STATE_1798,merge,0.333,split+merge; province_overlap=1; tsr_overlap_rank=2/2; bsr_source_count=3
27,Bourgogne,27,STATE_27,split,1.000,split; province_overlap=2; tsr_overlap_rank=1/8; bsr_source_count=1
27,Bourgogne,1799,STATE_1799,merge,0.667,split+merge; province_overlap=2; tsr_overlap_rank=2/8; bsr_source_count=2
27,Bourgogne,2043,STATE_2043,split,1.000,split; province_overlap=2; tsr_overlap_rank=3/8; bsr_source_count=1
27,Bourgogne,2018,STATE_2018,merge,0.667,split+merge; province_overlap=2; tsr_overlap_rank=4/8; bsr_source_count=2
27,Bourgogne,2042,STATE_2042,split,1.000,split; province_overlap=1; tsr_overlap_rank=5/8; bsr_source_count=1
27,Bourgogne,1798,STATE_1798,merge,0.333,split+merge; province_overlap=1; tsr_overlap_rank=6/8; bsr_source_count=3
27,Bourgogne,2044,STATE_2044,split,1.000,split; province_overlap=1; tsr_overlap_rank=7/8; bsr_source_count=1
27,Bourgogne,2040,STATE_2040,split,1.000,split; province_overlap=1; tsr_overlap_rank=8/8; bsr_source_count=1
28,Alsace-Lorraine,1436,STATE_1436,split,0.400,split; province_overlap=2; tsr_overlap_rank=1/7; bsr_source_count=1
28,Alsace-Lorraine,1876,STATE_1876,split,1.000,split; province_overlap=1; tsr_overlap_rank=2/7; bsr_source_count=1
28,Alsace-Lorraine,1183,STATE_1183,split,0.500,split; province_overlap=1; tsr_overlap_rank=3/7; bsr_source_count=1
28,Alsace-Lorraine,814,STATE_814,merge,0.333,split+merge; province_overlap=1; tsr_overlap_rank=4/7; bsr_source_count=2
28,Alsace-Lorraine,8,STATE_8,merge,0.333,split+merge; province_overlap=1; tsr_overlap_rank=5/7; bsr_source_count=2
28,Alsace-Lorraine,1934,STATE_1934,split,1.000,split; province_overlap=1; tsr_overlap_rank=6/7; bsr_source_count=1
28,Alsace-Lorraine,28,STATE_28,merge,0.250,split+merge; province_overlap=1; tsr_overlap_rank=7/7; bsr_source_count=2
29,STATE_29,29,STATE_29,split,1.000,split; province_overlap=3; tsr_overlap_rank=1/5; bsr_source_count=1
29,STATE_29,1839,STATE_1839,split,1.000,split; province_overlap=2; tsr_overlap_rank=2/5; bsr_source_count=1
29,STATE_29,1482,STATE_1482,split,1.000,split; province_overlap=1; tsr_overlap_rank=3/5; bsr_source_count=1
29,STATE_29,1430,STATE_1430,split,1.000,split; province_overlap=1; tsr_overlap_rank=4/5; bsr_source_count=1
29,STATE_29,1089,STATE_1089,split,1.000,split; province_overlap=1; tsr_overlap_rank=5/5; bsr_source_count=1
30,STATE_30,1268,STATE_1268,split,1.000,split; province_overlap=4; tsr_overlap_rank=1/4; bsr_source_count=1
30,STATE_30,1321,STATE_1321,split,1.000,split; province_overlap=3; tsr_overlap_rank=2/4; bsr_source_count=1
30,STATE_30,30,STATE_30,split,1.000,split; province_overlap=3; tsr_overlap_rank=3/4; bsr_source_count=1
30,STATE_30,23,STATE_23,merge,0.125,split+merge; province_overlap=1; tsr_overlap_rank=4/4; bsr_source_count=2
31,STATE_31,31,STATE_31,merge,0.909,split+merge; province_overlap=10; tsr_overlap_rank=1/7; bsr_source_count=2
31,STATE_31,1622,STATE_1622,split,1.000,split; province_overlap=2; tsr_overlap_rank=2/7; bsr_source_count=1
31,STATE_31,820,STATE_820,split,1.000,split; province_overlap=2; tsr_overlap_rank=3/7; bsr_source_count=1
31,STATE_31,25,STATE_25,merge,0.067,split+merge; province_overlap=1; tsr_overlap_rank=4/7; bsr_source_count=3
31,STATE_31,1761,STATE_1761,split,1.000,split; province_overlap=1; tsr_overlap_rank=5/7; bsr_source_count=1
31,STATE_31,1654,STATE_1654,merge,0.167,split+merge; province_overlap=1; tsr_overlap_rank=6/7; bsr_source_count=2
31,STATE_31,1798,STATE_1798,merge,0.333,split+merge; province_overlap=1; tsr_overlap_rank=7/7; bsr_source_count=3
32,STATE_32,32,STATE_32,split,1.000,split; province_overlap=4; tsr_overlap_rank=1/3; bsr_source_count=1
32,STATE_32,20,STATE_20,merge,0.167,split+merge; province_overlap=1; tsr_overlap_rank=2/3; bsr_source_count=2
32,STATE_32,1801,STATE_1801,merge,0.500,split+merge; province_overlap=1; tsr_overlap_rank=3/3; bsr_source_count=2
33,STATE_33,33,STATE_33,merge,0.778,split+merge; province_overlap=7; tsr_overlap_rank=1/2; bsr_source_count=2
33,STATE_33,25,STATE_25,merge,0.222,split+merge; province_overlap=2; tsr_overlap_rank=2/2; bsr_source_count=3
34,STATE_34,1754,STATE_1754,split,0.667,split; province_overlap=2; tsr_overlap_rank=1/2; bsr_source_count=1
34,STATE_34,34,STATE_34,split,1.000,split; province_overlap=2; tsr_overlap_rank=2/2; bsr_source_count=1
35,STATE_35,35,STATE_35,split,1.000,split; province_overlap=2; tsr_overlap_rank=1/5; bsr_source_count=1
35,STATE_35,1060,STATE_1060,split,1.000,split; province_overlap=2; tsr_overlap_rank=2/5; bsr_source_count=1
35,STATE_35,1058,STATE_1058,split,1.000,split; province_overlap=1; tsr_overlap_rank=3/5; bsr_source_count=1
35,STATE_35,1061,STATE_1061,merge,0.500,split+merge; province_overlap=1; tsr_overlap_rank=4/5; bsr_source_count=2
35,STATE_35,1976,STATE_1976,split,1.000,split; province_overlap=1; tsr_overlap_rank=5/5; bsr_source_count=1
36,STATE_36,1559,STATE_1559,split,1.000,split; province_overlap=2; tsr_overlap_rank=1/5; bsr_source_count=1
36,STATE_36,1059,STATE_1059,split,0.500,split; province_overlap=2; tsr_overlap_rank=2/5; bsr_source_count=1
36,STATE_36,1974,STATE_1974,split,1.000,split; province_overlap=2; tsr_overlap_rank=3/5; bsr_source_count=1
36,STATE_36,36,STATE_36,split,1.000,split; province_overlap=1; tsr_overlap_rank=4/5; bsr_source_count=1
36,STATE_36,1975,STATE_1975,split,1.000,split; province_overlap=1; tsr_overlap_rank=5/5; bsr_source_count=1
37,STATE_37,900,STATE_900,manual,1.000,incompatible province overlap rejected for automatic overlay; province_overlap=1; tsr_tags=DEN; bsr_tags=ENG NGA
38,Gävleborg,1114,STATE_1114,merge,0.812,split+merge; province_overlap=13; tsr_overlap_rank=1/3; bsr_source_count=2
38,Gävleborg,1008,STATE_1008,merge,0.471,split+merge; province_overlap=8; tsr_overlap_rank=2/3; bsr_source_count=2
38,Gävleborg,38,STATE_38,merge,0.192,split+merge; province_overlap=5; tsr_overlap_rank=3/3; bsr_source_count=2
39,(South Tyrol) Alto Adige,39,STATE_39,split,1.000,split; province_overlap=3; tsr_overlap_rank=1/3; bsr_source_count=1
39,(South Tyrol) Alto Adige,867,STATE_867,merge,0.333,split+merge; province_overlap=1; tsr_overlap_rank=2/3; bsr_source_count=2
39,(South Tyrol) Alto Adige,1872,STATE_1872,merge,0.250,split+merge; province_overlap=1; tsr_overlap_rank=3/3; bsr_source_count=2
41,STATE_41,1724,STATE_1724,split,1.000,split; province_overlap=7; tsr_overlap_rank=1/3; bsr_source_count=1
41,STATE_41,41,STATE_41,split,0.500,split; province_overlap=3; tsr_overlap_rank=2/3; bsr_source_count=1
41,STATE_41,1716,STATE_1716,split,1.000,split; province_overlap=3; tsr_overlap_rank=3/3; bsr_source_count=1
42,STATE_42,42,STATE_42,split,1.000,split; province_overlap=3; tsr_overlap_rank=1/5; bsr_source_count=1
42,STATE_42,789,STATE_789,split,1.000,split; province_overlap=2; tsr_overlap_rank=2/5; bsr_source_count=1
42,STATE_42,1519,STATE_1519,split,1.000,split; province_overlap=2; tsr_overlap_rank=3/5; bsr_source_count=1
42,STATE_42,1350,STATE_1350,split,1.000,split; province_overlap=1; tsr_overlap_rank=4/5; bsr_source_count=1
42,STATE_42,792,STATE_792,merge,0.333,split+merge; province_overlap=1; tsr_overlap_rank=5/5; bsr_source_count=2
43,Northern Hungary,1378,Northern Hungary,split,1.000,split; province_overlap=5; tsr_overlap_rank=1/2; bsr_source_count=1
43,Northern Hungary,43,Northern Hungary,split,1.000,split; province_overlap=4; tsr_overlap_rank=2/2; bsr_source_count=1
44,STATE_44,44,STATE_44,split,0.600,split; province_overlap=3; tsr_overlap_rank=1/3; bsr_source_count=1
44,STATE_44,1045,STATE_1045,merge,0.667,split+merge; province_overlap=2; tsr_overlap_rank=2/3; bsr_source_count=2
44,STATE_44,1510,STATE_1510,split,1.000,split; province_overlap=1; tsr_overlap_rank=3/3; bsr_source_count=1
45,STATE_45,45,STATE_45,split,1.000,split; province_overlap=2; tsr_overlap_rank=1/3; bsr_source_count=1
45,STATE_45,1987,STATE_1987,split,1.000,split; province_overlap=2; tsr_overlap_rank=2/3; bsr_source_count=1
45,STATE_45,868,STATE_868,split,1.000,split; province_overlap=1; tsr_overlap_rank=3/3; bsr_source_count=1
46,Muntenia,46,STATE_46,split,1.000,split; province_overlap=9; tsr_overlap_rank=1/3; bsr_source_count=1
46,Muntenia,833,STATE_833,merge,0.667,split+merge; province_overlap=4; tsr_overlap_rank=2/3; bsr_source_count=2
46,Muntenia,832,STATE_832,merge,0.250,split+merge; province_overlap=1; tsr_overlap_rank=3/3; bsr_source_count=2
47,Thessaly,1453,STATE_1453,split,1.000,split; province_overlap=3; tsr_overlap_rank=1/6; bsr_source_count=1
47,Thessaly,1513,STATE_1513,split,0.667,split; province_overlap=2; tsr_overlap_rank=2/6; bsr_source_count=1
47,Thessaly,47,STATE_47,split,1.000,split; province_overlap=1; tsr_overlap_rank=3/6; bsr_source_count=1
47,Thessaly,1601,STATE_1601,merge,0.500,split+merge; province_overlap=1; tsr_overlap_rank=4/6; bsr_source_count=2
47,Thessaly,185,STATE_185,merge,0.200,split+merge; province_overlap=1; tsr_overlap_rank=5/6; bsr_source_count=2
47,Thessaly,978,STATE_978,split,1.000,split; province_overlap=1; tsr_overlap_rank=6/6; bsr_source_count=1
48,STATE_48,48,STATE_48,split,1.000,split; province_overlap=5; tsr_overlap_rank=1/3; bsr_source_count=1
48,STATE_48,1103,STATE_1103,split,1.000,split; province_overlap=2; tsr_overlap_rank=2/3; bsr_source_count=1
48,STATE_48,1179,STATE_1179,split,1.000,split; province_overlap=1; tsr_overlap_rank=3/3; bsr_source_count=1
49,Ankara,49,STATE_49,split,1.000,split; province_overlap=5; tsr_overlap_rank=1/4; bsr_source_count=1
49,Ankara,953,STATE_953,split,1.000,split; province_overlap=4; tsr_overlap_rank=2/4; bsr_source_count=1
49,Ankara,956,STATE_956,merge,0.143,split+merge; province_overlap=1; tsr_overlap_rank=3/4; bsr_source_count=4
49,Ankara,1663,STATE_1663,merge,0.200,split+merge; province_overlap=1; tsr_overlap_rank=4/4; bsr_source_count=3
50,Württemberg,1764,STATE_1764,split,1.000,split; province_overlap=3; tsr_overlap_rank=1/6; bsr_source_count=1
50,Württemberg,50,STATE_50,split,1.000,split; province_overlap=3; tsr_overlap_rank=2/6; bsr_source_count=1
50,Württemberg,1447,STATE_1447,split,1.000,split; province_overlap=2; tsr_overlap_rank=3/6; bsr_source_count=1
50,Württemberg,1954,STATE_1954,split,0.500,split; province_overlap=1; tsr_overlap_rank=4/6; bsr_source_count=1
50,Württemberg,1415,STATE_1415,split,1.000,split; province_overlap=1; tsr_overlap_rank=5/6; bsr_source_count=1
50,Württemberg,799,STATE_799,merge,0.500,split+merge; province_overlap=1; tsr_overlap_rank=6/6; bsr_source_count=2
51,STATE_51,1335,STATE_1335,split,0.800,split; province_overlap=4; tsr_overlap_rank=1/5; bsr_source_count=1
51,STATE_51,788,STATE_788,split,1.000,split; province_overlap=2; tsr_overlap_rank=2/5; bsr_source_count=1
51,STATE_51,1062,STATE_1062,split,1.000,split; province_overlap=1; tsr_overlap_rank=3/5; bsr_source_count=1
51,STATE_51,1334,STATE_1334,split,1.000,split; province_overlap=1; tsr_overlap_rank=4/5; bsr_source_count=1
51,STATE_51,51,STATE_51,split,1.000,split; province_overlap=1; tsr_overlap_rank=5/5; bsr_source_count=1
52,STATE_52,52,STATE_52,split,1.000,split; province_overlap=9; tsr_overlap_rank=1/4; bsr_source_count=1
52,STATE_52,1472,STATE_1472,split,1.000,split; province_overlap=1; tsr_overlap_rank=2/4; bsr_source_count=1
52,STATE_52,798,STATE_798,split,1.000,split; province_overlap=1; tsr_overlap_rank=3/4; bsr_source_count=1
52,STATE_52,54,STATE_54,merge,0.125,split+merge; province_overlap=1; tsr_overlap_rank=4/4; bsr_source_count=2
53,STATE_53,53,STATE_53,split,1.000,split; province_overlap=7; tsr_overlap_rank=1/2; bsr_source_count=1
53,STATE_53,800,STATE_800,split,1.000,split; province_overlap=3; tsr_overlap_rank=2/2; bsr_source_count=1
54,STATE_54,54,STATE_54,merge,0.875,split+merge; province_overlap=7; tsr_overlap_rank=1/3; bsr_source_count=2
54,STATE_54,1866,STATE_1866,split,1.000,split; province_overlap=4; tsr_overlap_rank=2/3; bsr_source_count=1
54,STATE_54,1964,STATE_1964,split,1.000,split; province_overlap=1; tsr_overlap_rank=3/3; bsr_source_count=1
55,STATE_55,55,STATE_55,split,1.000,split; province_overlap=7; tsr_overlap_rank=1/6; bsr_source_count=1
55,STATE_55,1432,STATE_1432,split,1.000,split; province_overlap=2; tsr_overlap_rank=2/6; bsr_source_count=1
55,STATE_55,790,STATE_790,split,1.000,split; province_overlap=2; tsr_overlap_rank=3/6; bsr_source_count=1
55,STATE_55,792,STATE_792,merge,0.333,split+merge; province_overlap=1; tsr_overlap_rank=4/6; bsr_source_count=2
55,STATE_55,1767,STATE_1767,split,1.000,split; province_overlap=1; tsr_overlap_rank=5/6; bsr_source_count=1
55,STATE_55,791,STATE_791,merge,0.500,split+merge; province_overlap=1; tsr_overlap_rank=6/6; bsr_source_count=2
56,STATE_56,56,STATE_56,merge,0.857,split+merge; province_overlap=6; tsr_overlap_rank=1/3; bsr_source_count=2
56,STATE_56,979,STATE_979,merge,0.600,split+merge; province_overlap=3; tsr_overlap_rank=2/3; bsr_source_count=2
56,STATE_56,1878,STATE_1878,merge,0.500,split+merge; province_overlap=1; tsr_overlap_rank=3/3; bsr_source_count=2
57,STATE_57,57,STATE_57,split,1.000,split; province_overlap=7; tsr_overlap_rank=1/3; bsr_source_count=1
57,STATE_57,979,STATE_979,merge,0.400,split+merge; province_overlap=2; tsr_overlap_rank=2/3; bsr_source_count=2
57,STATE_57,56,STATE_56,merge,0.143,split+merge; province_overlap=1; tsr_overlap_rank=3/3; bsr_source_count=2
58,STATE_58,58,STATE_58,split,1.000,split; province_overlap=3; tsr_overlap_rank=1/3; bsr_source_count=1
58,STATE_58,1506,STATE_1506,split,1.000,split; province_overlap=2; tsr_overlap_rank=2/3; bsr_source_count=1
58,STATE_58,59,STATE_59,split,1.000,split; province_overlap=1; tsr_overlap_rank=3/3; bsr_source_count=1
59,STATE_59,1473,STATE_1473,split,1.000,split; province_overlap=11; tsr_overlap_rank=1/4; bsr_source_count=1
59,STATE_59,1805,STATE_1805,split,1.000,split; province_overlap=4; tsr_overlap_rank=2/4; bsr_source_count=1
59,STATE_59,793,STATE_793,merge,0.333,split+merge; province_overlap=2; tsr_overlap_rank=3/4; bsr_source_count=2
59,STATE_59,1878,STATE_1878,merge,0.500,split+merge; province_overlap=1; tsr_overlap_rank=4/4; bsr_source_count=2
60,STATE_60,60,STATE_60,split,1.000,split; province_overlap=6; tsr_overlap_rank=1/2; bsr_source_count=1
60,STATE_60,1823,STATE_1823,split,1.000,split; province_overlap=3; tsr_overlap_rank=2/2; bsr_source_count=1
61,STATE_61,61,STATE_61,merge,1.000,merge; province_overlap=6; bsr_source_count=2
62,STATE_62,1509,STATE_1509,split,1.000,split; province_overlap=2; tsr_overlap_rank=1/4; bsr_source_count=1
62,STATE_62,62,STATE_62,split,1.000,split; province_overlap=2; tsr_overlap_rank=2/4; bsr_source_count=1
62,STATE_62,61,STATE_61,merge,0.143,split+merge; province_overlap=1; tsr_overlap_rank=3/4; bsr_source_count=2
62,STATE_62,1804,STATE_1804,split,0.500,split; province_overlap=1; tsr_overlap_rank=4/4; bsr_source_count=1
63,STATE_63,63,STATE_63,split,1.000,split; province_overlap=2; tsr_overlap_rank=1/9; bsr_source_count=1
63,STATE_63,1333,STATE_1333,split,1.000,split; province_overlap=2; tsr_overlap_rank=2/9; bsr_source_count=1
63,STATE_63,1701,STATE_1701,split,1.000,split; province_overlap=2; tsr_overlap_rank=3/9; bsr_source_count=1
63,STATE_63,1508,STATE_1508,split,1.000,split; province_overlap=2; tsr_overlap_rank=4/9; bsr_source_count=1
63,STATE_63,1112,STATE_1112,split,1.000,split; province_overlap=2; tsr_overlap_rank=5/9; bsr_source_count=1
63,STATE_63,1655,STATE_1655,split,1.000,split; province_overlap=1; tsr_overlap_rank=6/9; bsr_source_count=1
63,STATE_63,797,STATE_797,split,1.000,split; province_overlap=1; tsr_overlap_rank=7/9; bsr_source_count=1
63,STATE_63,2014,STATE_2014,split,1.000,split; province_overlap=1; tsr_overlap_rank=8/9; bsr_source_count=1
63,STATE_63,1700,STATE_1700,split,1.000,split; province_overlap=1; tsr_overlap_rank=9/9; bsr_source_count=1
64,STATE_64,794,STATE_794,split,1.000,split; province_overlap=6; tsr_overlap_rank=1/6; bsr_source_count=1
64,STATE_64,793,STATE_793,merge,0.667,split+merge; province_overlap=4; tsr_overlap_rank=2/6; bsr_source_count=2
64,STATE_64,1329,STATE_1329,split,0.667,split; province_overlap=2; tsr_overlap_rank=3/6; bsr_source_count=1
64,STATE_64,1920,STATE_1920,split,1.000,split; province_overlap=2; tsr_overlap_rank=4/6; bsr_source_count=1
64,STATE_64,2033,STATE_2033,split,1.000,split; province_overlap=1; tsr_overlap_rank=5/6; bsr_source_count=1
64,STATE_64,1105,STATE_1105,split,1.000,split; province_overlap=1; tsr_overlap_rank=6/6; bsr_source_count=1
65,STATE_65,795,STATE_795,split,1.000,split; province_overlap=5; tsr_overlap_rank=1/6; bsr_source_count=1
65,STATE_65,65,STATE_65,split,1.000,split; province_overlap=2; tsr_overlap_rank=2/6; bsr_source_count=1
65,STATE_65,1611,STATE_1611,split,1.000,split; province_overlap=1; tsr_overlap_rank=3/6; bsr_source_count=1
65,STATE_65,1926,STATE_1926,split,1.000,split; province_overlap=1; tsr_overlap_rank=4/6; bsr_source_count=1
65,STATE_65,2036,STATE_2036,split,1.000,split; province_overlap=1; tsr_overlap_rank=5/6; bsr_source_count=1
65,STATE_65,1328,STATE_1328,split,1.000,split; province_overlap=1; tsr_overlap_rank=6/6; bsr_source_count=1
66,STATE_66,1705,STATE_1705,split,1.000,split; province_overlap=3; tsr_overlap_rank=1/7; bsr_source_count=1
66,STATE_66,66,STATE_66,split,0.667,split; province_overlap=2; tsr_overlap_rank=2/7; bsr_source_count=1
66,STATE_66,1617,STATE_1617,split,1.000,split; province_overlap=2; tsr_overlap_rank=3/7; bsr_source_count=1
66,STATE_66,801,STATE_801,split,1.000,split; province_overlap=2; tsr_overlap_rank=4/7; bsr_source_count=1
66,STATE_66,1706,STATE_1706,split,1.000,split; province_overlap=1; tsr_overlap_rank=5/7; bsr_source_count=1
66,STATE_66,802,STATE_802,split,1.000,split; province_overlap=1; tsr_overlap_rank=6/7; bsr_source_count=1
66,STATE_66,1905,STATE_1905,split,1.000,split; province_overlap=1; tsr_overlap_rank=7/7; bsr_source_count=1
67,STATE_67,1347,STATE_1347,split,1.000,split; province_overlap=1; tsr_overlap_rank=1/5; bsr_source_count=1
67,STATE_67,1275,STATE_1275,split,1.000,split; province_overlap=1; tsr_overlap_rank=2/5; bsr_source_count=1
67,STATE_67,1348,STATE_1348,split,1.000,split; province_overlap=1; tsr_overlap_rank=3/5; bsr_source_count=1
67,STATE_67,803,STATE_803,split,1.000,split; province_overlap=1; tsr_overlap_rank=4/5; bsr_source_count=1
67,STATE_67,67,STATE_67,split,1.000,split; province_overlap=1; tsr_overlap_rank=5/5; bsr_source_count=1
68,STATE_68,68,STATE_68,split,1.000,split; province_overlap=2; tsr_overlap_rank=1/6; bsr_source_count=1
68,STATE_68,2035,STATE_2035,split,1.000,split; province_overlap=1; tsr_overlap_rank=2/6; bsr_source_count=1
68,STATE_68,1702,STATE_1702,split,1.000,split; province_overlap=1; tsr_overlap_rank=3/6; bsr_source_count=1
68,STATE_68,2032,STATE_2032,split,1.000,split; province_overlap=1; tsr_overlap_rank=4/6; bsr_source_count=1
68,STATE_68,1332,STATE_1332,split,1.000,split; province_overlap=1; tsr_overlap_rank=5/6; bsr_source_count=1
68,STATE_68,2034,STATE_2034,split,1.000,split; province_overlap=1; tsr_overlap_rank=6/6; bsr_source_count=1
69,STATE_69,69,STATE_69,split,1.000,split; province_overlap=6; tsr_overlap_rank=1/2; bsr_source_count=1
69,STATE_69,887,STATE_887,split,1.000,split; province_overlap=3; tsr_overlap_rank=2/2; bsr_source_count=1
70,STATE_70,1729,STATE_1729,merge,0.714,split+merge; province_overlap=5; tsr_overlap_rank=1/3; bsr_source_count=2
70,STATE_70,889,STATE_889,split,0.500,split; province_overlap=1; tsr_overlap_rank=2/3; bsr_source_count=1
70,STATE_70,70,STATE_70,split,1.000,split; province_overlap=1; tsr_overlap_rank=3/3; bsr_source_count=1
71,STATE_71,1729,STATE_1729,merge,0.429,split+merge; province_overlap=3; tsr_overlap_rank=1/3; bsr_source_count=2
71,STATE_71,71,STATE_71,split,1.000,split; province_overlap=3; tsr_overlap_rank=2/3; bsr_source_count=1
71,STATE_71,1325,STATE_1325,split,1.000,split; province_overlap=1; tsr_overlap_rank=3/3; bsr_source_count=1
72,STATE_72,72,STATE_72,split,1.000,split; province_overlap=1; tsr_overlap_rank=1/2; bsr_source_count=1
72,STATE_72,1803,STATE_1803,split,1.000,split; province_overlap=1; tsr_overlap_rank=2/2; bsr_source_count=1
73,STATE_73,73,STATE_73,split,1.000,split; province_overlap=4; tsr_overlap_rank=1/2; bsr_source_count=1
73,STATE_73,1570,STATE_1570,split,1.000,split; province_overlap=1; tsr_overlap_rank=2/2; bsr_source_count=1
74,STATE_74,74,STATE_74,split,1.000,split; province_overlap=3; tsr_overlap_rank=1/2; bsr_source_count=1
74,STATE_74,1710,STATE_1710,merge,0.500,split+merge; province_overlap=1; tsr_overlap_rank=2/2; bsr_source_count=2
76,STATE_76,1201,STATE_1201,split,0.857,split; province_overlap=6; tsr_overlap_rank=1/2; bsr_source_count=1
76,STATE_76,76,STATE_76,split,0.750,split; province_overlap=6; tsr_overlap_rank=2/2; bsr_source_count=1
78,STATE_78,78,STATE_78,split,1.000,split; province_overlap=7; tsr_overlap_rank=1/3; bsr_source_count=1
78,STATE_78,1939,STATE_1939,split,1.000,split; province_overlap=2; tsr_overlap_rank=2/3; bsr_source_count=1
78,STATE_78,925,STATE_925,split,1.000,split; province_overlap=1; tsr_overlap_rank=3/3; bsr_source_count=1
79,STATE_79,79,STATE_79,split,1.000,split; province_overlap=12; tsr_overlap_rank=1/3; bsr_source_count=1
79,STATE_79,833,STATE_833,merge,0.333,split+merge; province_overlap=2; tsr_overlap_rank=2/3; bsr_source_count=2
79,STATE_79,830,STATE_830,split,1.000,split; province_overlap=2; tsr_overlap_rank=3/3; bsr_source_count=1
86,STATE_86,86,STATE_86,split,1.000,split; province_overlap=4; tsr_overlap_rank=1/6; bsr_source_count=1
86,STATE_86,1560,STATE_1560,split,1.000,split; province_overlap=1; tsr_overlap_rank=2/6; bsr_source_count=1
86,STATE_86,1973,STATE_1973,split,1.000,split; province_overlap=1; tsr_overlap_rank=3/6; bsr_source_count=1
86,STATE_86,2029,STATE_2029,split,0.500,split; province_overlap=1; tsr_overlap_rank=4/6; bsr_source_count=1
86,STATE_86,1426,STATE_1426,split,1.000,split; province_overlap=1; tsr_overlap_rank=5/6; bsr_source_count=1
86,STATE_86,2031,STATE_2031,split,1.000,split; province_overlap=1; tsr_overlap_rank=6/6; bsr_source_count=1
87,STATE_87,1119,STATE_1119,merge,0.800,split+merge; province_overlap=4; tsr_overlap_rank=1/4; bsr_source_count=2
87,STATE_87,87,STATE_87,split,0.500,split; province_overlap=1; tsr_overlap_rank=2/4; bsr_source_count=1
87,STATE_87,10,STATE_10,merge,0.167,split+merge; province_overlap=1; tsr_overlap_rank=3/4; bsr_source_count=3
87,STATE_87,1775,STATE_1775,merge,0.500,split+merge; province_overlap=1; tsr_overlap_rank=4/4; bsr_source_count=2
88,STATE_88,1558,STATE_1558,split,1.000,split; province_overlap=4; tsr_overlap_rank=1/9; bsr_source_count=1
88,STATE_88,1737,STATE_1737,split,1.000,split; province_overlap=2; tsr_overlap_rank=2/9; bsr_source_count=1
88,STATE_88,1599,STATE_1599,split,1.000,split; province_overlap=2; tsr_overlap_rank=3/9; bsr_source_count=1
88,STATE_88,88,STATE_88,split,0.250,split; province_overlap=1; tsr_overlap_rank=4/9; bsr_source_count=1
88,STATE_88,1181,STATE_1181,split,1.000,split; province_overlap=1; tsr_overlap_rank=5/9; bsr_source_count=1
88,STATE_88,996,STATE_996,split,0.500,split; province_overlap=1; tsr_overlap_rank=6/9; bsr_source_count=1
88,STATE_88,1374,STATE_1374,split,1.000,split; province_overlap=1; tsr_overlap_rank=7/9; bsr_source_count=1
88,STATE_88,1588,STATE_1588,split,1.000,split; province_overlap=1; tsr_overlap_rank=8/9; bsr_source_count=1
88,STATE_88,863,STATE_863,split,1.000,split; province_overlap=1; tsr_overlap_rank=9/9; bsr_source_count=1
89,STATE_89,89,STATE_89,split,1.000,split; province_overlap=4; tsr_overlap_rank=1/3; bsr_source_count=1
89,STATE_89,91,Lwow,merge,0.400,split+merge; province_overlap=2; tsr_overlap_rank=2/3; bsr_source_count=2
89,STATE_89,1769,STATE_1769,split,1.000,split; province_overlap=1; tsr_overlap_rank=3/3; bsr_source_count=1
90,Kielce,90,STATE_90,merge,0.714,split+merge; province_overlap=5; tsr_overlap_rank=1/2; bsr_source_count=2
90,Kielce,10,STATE_10,merge,0.333,split+merge; province_overlap=2; tsr_overlap_rank=2/2; bsr_source_count=3
91,Lwow,1180,STATE_1180,split,1.000,split; province_overlap=3; tsr_overlap_rank=1/5; bsr_source_count=1
91,Lwow,91,Lwow,merge,0.600,split+merge; province_overlap=3; tsr_overlap_rank=2/5; bsr_source_count=2
91,Lwow,1553,STATE_1553,split,1.000,split; province_overlap=2; tsr_overlap_rank=3/5; bsr_source_count=1
91,Lwow,1386,STATE_1386,split,1.000,split; province_overlap=1; tsr_overlap_rank=4/5; bsr_source_count=1
91,Lwow,1768,STATE_1768,split,0.500,split; province_overlap=1; tsr_overlap_rank=5/5; bsr_source_count=1
92,STATE_92,92,STATE_92,merge,0.500,split+merge; province_overlap=3; tsr_overlap_rank=1/4; bsr_source_count=2
92,STATE_92,1712,STATE_1712,split,1.000,split; province_overlap=3; tsr_overlap_rank=2/4; bsr_source_count=1
92,STATE_92,1406,STATE_1406,split,0.500,split; province_overlap=2; tsr_overlap_rank=3/4; bsr_source_count=1
92,STATE_92,1589,STATE_1589,split,1.000,split; province_overlap=1; tsr_overlap_rank=4/4; bsr_source_count=1
93,STATE_93,1555,STATE_1555,split,1.000,split; province_overlap=4; tsr_overlap_rank=1/5; bsr_source_count=1
93,STATE_93,93,STATE_93,split,0.667,split; province_overlap=2; tsr_overlap_rank=2/5; bsr_source_count=1
93,STATE_93,1434,STATE_1434,split,1.000,split; province_overlap=2; tsr_overlap_rank=3/5; bsr_source_count=1
93,STATE_93,1590,STATE_1590,split,1.000,split; province_overlap=1; tsr_overlap_rank=4/5; bsr_source_count=1
93,STATE_93,1385,STATE_1385,split,1.000,split; province_overlap=1; tsr_overlap_rank=5/5; bsr_source_count=1
94,STATE_94,94,STATE_94,split,1.000,split; province_overlap=3; tsr_overlap_rank=1/9; bsr_source_count=1
94,STATE_94,1433,STATE_1433,split,1.000,split; province_overlap=3; tsr_overlap_rank=2/9; bsr_source_count=1
94,STATE_94,1557,STATE_1557,split,1.000,split; province_overlap=3; tsr_overlap_rank=3/9; bsr_source_count=1
94,STATE_94,1384,STATE_1384,split,1.000,split; province_overlap=2; tsr_overlap_rank=4/9; bsr_source_count=1
94,STATE_94,1192,STATE_1192,split,1.000,split; province_overlap=1; tsr_overlap_rank=5/9; bsr_source_count=1
94,STATE_94,1485,STATE_1485,split,1.000,split; province_overlap=1; tsr_overlap_rank=6/9; bsr_source_count=1
94,STATE_94,95,STATE_95,merge,0.200,split+merge; province_overlap=1; tsr_overlap_rank=7/9; bsr_source_count=2
94,STATE_94,1602,STATE_1602,split,1.000,split; province_overlap=1; tsr_overlap_rank=8/9; bsr_source_count=1
94,STATE_94,96,STATE_96,merge,0.143,split+merge; province_overlap=1; tsr_overlap_rank=9/9; bsr_source_count=2
95,STATE_95,95,STATE_95,merge,0.800,split+merge; province_overlap=4; tsr_overlap_rank=1/6; bsr_source_count=2
95,STATE_95,1205,STATE_1205,split,0.667,split; province_overlap=2; tsr_overlap_rank=2/6; bsr_source_count=1
95,STATE_95,933,STATE_933,split,1.000,split; province_overlap=2; tsr_overlap_rank=3/6; bsr_source_count=1
95,STATE_95,1375,STATE_1375,split,1.000,split; province_overlap=1; tsr_overlap_rank=4/6; bsr_source_count=1
95,STATE_95,1656,STATE_1656,split,1.000,split; province_overlap=1; tsr_overlap_rank=5/6; bsr_source_count=1
95,STATE_95,1441,STATE_1441,split,1.000,split; province_overlap=1; tsr_overlap_rank=6/6; bsr_source_count=1
96,STATE_96,96,STATE_96,merge,0.714,split+merge; province_overlap=5; tsr_overlap_rank=1/2; bsr_source_count=2
96,STATE_96,1383,STATE_1383,split,0.500,split; province_overlap=2; tsr_overlap_rank=2/2; bsr_source_count=1
97,STATE_97,97,STATE_97,split,1.000,split; province_overlap=4; tsr_overlap_rank=1/6; bsr_source_count=1
97,STATE_97,1363,STATE_1363,split,1.000,split; province_overlap=1; tsr_overlap_rank=2/6; bsr_source_count=1
97,STATE_97,1373,STATE_1373,split,1.000,split; province_overlap=1; tsr_overlap_rank=3/6; bsr_source_count=1
97,STATE_97,1972,STATE_1972,split,0.500,split; province_overlap=1; tsr_overlap_rank=4/6; bsr_source_count=1
97,STATE_97,1969,STATE_1969,split,1.000,split; province_overlap=1; tsr_overlap_rank=5/6; bsr_source_count=1
97,STATE_97,997,STATE_997,split,1.000,split; province_overlap=1; tsr_overlap_rank=6/6; bsr_source_count=1
98,STATE_98,1178,STATE_1178,split,1.000,split; province_overlap=4; tsr_overlap_rank=1/5; bsr_source_count=1
98,STATE_98,98,STATE_98,split,0.667,split; province_overlap=2; tsr_overlap_rank=2/5; bsr_source_count=1
98,STATE_98,1119,STATE_1119,merge,0.200,split+merge; province_overlap=1; tsr_overlap_rank=3/5; bsr_source_count=2
98,STATE_98,1775,STATE_1775,merge,0.500,split+merge; province_overlap=1; tsr_overlap_rank=4/5; bsr_source_count=2
98,STATE_98,1587,STATE_1587,split,1.000,split; province_overlap=1; tsr_overlap_rank=5/5; bsr_source_count=1
99,STATE_99,1131,STATE_1131,manual,0.400,incompatible province overlap rejected for automatic overlay; province_overlap=2; tsr_tags=DEN; bsr_tags=AFG BAL
99,STATE_99,874,STATE_874,manual,1.000,incompatible province overlap rejected for automatic overlay; province_overlap=1; tsr_tags=DEN; bsr_tags=EGY
99,STATE_99,1412,STATE_1412,split,1.000,split; province_overlap=4; tsr_overlap_rank=1/3; bsr_source_count=1
99,STATE_99,1413,STATE_1413,split,1.000,split; province_overlap=2; tsr_overlap_rank=2/3; bsr_source_count=1
99,STATE_99,99,STATE_99,split,0.667,split; province_overlap=2; tsr_overlap_rank=3/3; bsr_source_count=1
100,STATE_100,884,STATE_884,manual,1.000,incompatible province overlap rejected for automatic overlay; province_overlap=1; tsr_tags=ICE; bsr_tags=CZE GER MRV SIL
100,STATE_100,889,STATE_889,manual,0.500,incompatible province overlap rejected for automatic overlay; province_overlap=1; tsr_tags=ICE; bsr_tags=CZE SLO
100,STATE_100,891,STATE_891,manual,1.000,incompatible province overlap rejected for automatic overlay; province_overlap=1; tsr_tags=ICE; bsr_tags=LAT LIV SOV
100,STATE_100,897,STATE_897,manual,0.500,incompatible province overlap rejected for automatic overlay; province_overlap=1; tsr_tags=ICE; bsr_tags=FRA GAB
100,STATE_100,1943,STATE_1943,split,0.500,split; province_overlap=2; tsr_overlap_rank=1/2; bsr_source_count=1
100,STATE_100,100,STATE_100,split,0.167,split; province_overlap=1; tsr_overlap_rank=2/2; bsr_source_count=1
101,STATE_101,101,STATE_101,split,0.800,split; province_overlap=4; tsr_overlap_rank=1/2; bsr_source_count=1
101,STATE_101,1594,STATE_1594,split,1.000,split; province_overlap=1; tsr_overlap_rank=2/2; bsr_source_count=1
102,STATE_102,934,STATE_934,split,1.000,split; province_overlap=2; tsr_overlap_rank=1/4; bsr_source_count=1
102,STATE_102,935,STATE_935,split,1.000,split; province_overlap=1; tsr_overlap_rank=2/4; bsr_source_count=1
102,STATE_102,1450,STATE_1450,split,1.000,split; province_overlap=1; tsr_overlap_rank=3/4; bsr_source_count=1
102,STATE_102,1458,STATE_1458,split,1.000,split; province_overlap=1; tsr_overlap_rank=4/4; bsr_source_count=1
103,Dalmatia,472,STATE_472,manual,0.091,incompatible province overlap rejected for automatic overlay; province_overlap=1; tsr_tags=CRO YUG; bsr_tags=CAN
103,Dalmatia,939,STATE_939,split,1.000,split; province_overlap=5; tsr_overlap_rank=1/4; bsr_source_count=1
103,Dalmatia,103,STATE_103,split,1.000,split; province_overlap=2; tsr_overlap_rank=2/4; bsr_source_count=1
103,Dalmatia,1104,STATE_1104,split,1.000,split; province_overlap=2; tsr_overlap_rank=3/4; bsr_source_count=1
103,Dalmatia,1387,STATE_1387,split,1.000,split; province_overlap=1; tsr_overlap_rank=4/4; bsr_source_count=1
104,STATE_104,1048,STATE_1048,split,1.000,split; province_overlap=4; tsr_overlap_rank=1/8; bsr_source_count=1
104,STATE_104,104,STATE_104,split,1.000,split; province_overlap=3; tsr_overlap_rank=2/8; bsr_source_count=1
104,STATE_104,1421,STATE_1421,split,1.000,split; province_overlap=3; tsr_overlap_rank=3/8; bsr_source_count=1
104,STATE_104,1047,STATE_1047,split,1.000,split; province_overlap=3; tsr_overlap_rank=4/8; bsr_source_count=1
104,STATE_104,2004,STATE_2004,split,1.000,split; province_overlap=1; tsr_overlap_rank=5/8; bsr_source_count=1
104,STATE_104,2003,STATE_2003,merge,0.500,split+merge; province_overlap=1; tsr_overlap_rank=6/8; bsr_source_count=2
104,STATE_104,1404,STATE_1404,split,1.000,split; province_overlap=1; tsr_overlap_rank=7/8; bsr_source_count=1
104,STATE_104,2011,STATE_2011,split,1.000,split; province_overlap=1; tsr_overlap_rank=8/8; bsr_source_count=1
105,STATE_105,1189,STATE_1189,split,1.000,split; province_overlap=2; tsr_overlap_rank=1/3; bsr_source_count=1
105,STATE_105,105,STATE_105,split,1.000,split; province_overlap=2; tsr_overlap_rank=2/3; bsr_source_count=1
105,STATE_105,940,STATE_940,split,1.000,split; province_overlap=1; tsr_overlap_rank=3/3; bsr_source_count=1
106,STATE_106,106,STATE_106,split,1.000,split; province_overlap=4; tsr_overlap_rank=1/3; bsr_source_count=1
106,STATE_106,1204,STATE_1204,split,0.500,split; province_overlap=1; tsr_overlap_rank=2/3; bsr_source_count=1
106,STATE_106,1230,STATE_1230,merge,0.500,split+merge; province_overlap=1; tsr_overlap_rank=3/3; bsr_source_count=2
107,STATE_107,107,STATE_107,merge,0.875,split+merge; province_overlap=7; tsr_overlap_rank=1/2; bsr_source_count=2
107,STATE_107,872,STATE_872,merge,0.333,split+merge; province_overlap=1; tsr_overlap_rank=2/2; bsr_source_count=2
108,STATE_108,107,STATE_107,merge,0.300,split+merge; province_overlap=3; tsr_overlap_rank=1/6; bsr_source_count=2
108,STATE_108,872,STATE_872,merge,0.667,split+merge; province_overlap=2; tsr_overlap_rank=2/6; bsr_source_count=2
108,STATE_108,1403,STATE_1403,split,1.000,split; province_overlap=2; tsr_overlap_rank=3/6; bsr_source_count=1
108,STATE_108,878,STATE_878,merge,0.500,split+merge; province_overlap=1; tsr_overlap_rank=4/6; bsr_source_count=2
108,STATE_108,1190,STATE_1190,split,1.000,split; province_overlap=1; tsr_overlap_rank=5/6; bsr_source_count=1
108,STATE_108,108,STATE_108,merge,0.333,split+merge; province_overlap=1; tsr_overlap_rank=6/6; bsr_source_count=2
109,Croatia,109,STATE_109,split,1.000,split; province_overlap=7; tsr_overlap_rank=1/4; bsr_source_count=1
109,Croatia,937,STATE_937,split,1.000,split; province_overlap=2; tsr_overlap_rank=2/4; bsr_source_count=1
109,Croatia,2012,STATE_2012,split,1.000,split; province_overlap=1; tsr_overlap_rank=3/4; bsr_source_count=1
109,Croatia,869,STATE_869,split,1.000,split; province_overlap=1; tsr_overlap_rank=4/4; bsr_source_count=1
111,UUSIMA,111,Uusimaa,split,1.000,split; province_overlap=6; tsr_overlap_rank=1/3; bsr_source_count=1
111,UUSIMA,1627,Savo / Tavastland / Tavastia,merge,0.125,split+merge; province_overlap=1; tsr_overlap_rank=2/3; bsr_source_count=6
111,UUSIMA,1626,Varsinais Suomi / Finland Proper,merge,0.125,split+merge; province_overlap=1; tsr_overlap_rank=3/3; bsr_source_count=3
113,Leinster,113,Leinster,split,1.000,split; province_overlap=7; tsr_overlap_rank=1/2; bsr_source_count=1
113,Leinster,1396,STATE_1396,split,1.000,split; province_overlap=1; tsr_overlap_rank=2/2; bsr_source_count=1
117,Campania,117,STATE_117,merge,0.833,split+merge; province_overlap=5; tsr_overlap_rank=1/2; bsr_source_count=2
117,Campania,991,STATE_991,split,1.000,split; province_overlap=4; tsr_overlap_rank=2/2; bsr_source_count=1
119,STATE_119,1397,STATE_1397,split,1.000,split; province_overlap=2; tsr_overlap_rank=1/4; bsr_source_count=1
119,STATE_119,119,STATE_119,split,1.000,split; province_overlap=2; tsr_overlap_rank=2/4; bsr_source_count=1
119,STATE_119,1398,STATE_1398,split,1.000,split; province_overlap=1; tsr_overlap_rank=3/4; bsr_source_count=1
119,STATE_119,1399,STATE_1399,split,1.000,split; province_overlap=1; tsr_overlap_rank=4/4; bsr_source_count=1
120,STATE_120,163,STATE_163,manual,1.000,incompatible province overlap rejected for automatic overlay; province_overlap=1; tsr_tags=ENG SCO; bsr_tags=CRO ITA YUG
120,STATE_120,895,STATE_895,manual,1.000,incompatible province overlap rejected for automatic overlay; province_overlap=1; tsr_tags=ENG SCO; bsr_tags=FRA RCG
123,STATE_123,1709,STATE_1709,merge,0.667,split+merge; province_overlap=2; tsr_overlap_rank=1/3; bsr_source_count=2
123,STATE_123,1405,Cornwall,split,1.000,split; province_overlap=2; tsr_overlap_rank=2/3; bsr_source_count=1
123,STATE_123,123,STATE_123,split,1.000,split; province_overlap=2; tsr_overlap_rank=3/3; bsr_source_count=1
126,STATE_126,126,STATE_126,split,1.000,split; province_overlap=3; tsr_overlap_rank=1/2; bsr_source_count=1
126,STATE_126,2024,STATE_2024,split,1.000,split; province_overlap=1; tsr_overlap_rank=2/2; bsr_source_count=1
127,Sussex,127,Sussex,split,1.000,split; province_overlap=5; tsr_overlap_rank=1/2; bsr_source_count=1
127,Sussex,1422,STATE_1422,split,1.000,split; province_overlap=1; tsr_overlap_rank=2/2; bsr_source_count=1
128,STATE_128,1401,STATE_1401,merge,0.600,split+merge; province_overlap=3; tsr_overlap_rank=1/3; bsr_source_count=3
128,STATE_128,128,STATE_128,split,1.000,split; province_overlap=3; tsr_overlap_rank=2/3; bsr_source_count=1
128,STATE_128,132,Lancashire,merge,0.250,split+merge; province_overlap=1; tsr_overlap_rank=3/3; bsr_source_count=2
129,STATE_129,129,STATE_129,split,1.000,split; province_overlap=4; tsr_overlap_rank=1/2; bsr_source_count=1
129,STATE_129,130,STATE_130,merge,0.429,split+merge; province_overlap=3; tsr_overlap_rank=2/2; bsr_source_count=2
130,STATE_130,130,STATE_130,merge,0.667,split+merge; province_overlap=6; tsr_overlap_rank=1/2; bsr_source_count=2
130,STATE_130,1708,STATE_1708,split,1.000,split; province_overlap=3; tsr_overlap_rank=2/2; bsr_source_count=1
132,Lancashire,132,Lancashire,merge,0.750,split+merge; province_overlap=3; tsr_overlap_rank=1/2; bsr_source_count=2
132,Lancashire,1401,STATE_1401,merge,0.250,split+merge; province_overlap=1; tsr_overlap_rank=2/2; bsr_source_count=3
134,STATE_134,134,STATE_134,split,1.000,split; province_overlap=8; tsr_overlap_rank=1/2; bsr_source_count=1
134,STATE_134,1395,STATE_1395,split,1.000,split; province_overlap=1; tsr_overlap_rank=2/2; bsr_source_count=1
137,STATE_137,1571,STATE_1571,split,1.000,split; province_overlap=5; tsr_overlap_rank=1/3; bsr_source_count=1
137,STATE_137,137,STATE_137,split,1.000,split; province_overlap=3; tsr_overlap_rank=2/3; bsr_source_count=1
137,STATE_137,1267,STATE_1267,split,1.000,split; province_overlap=1; tsr_overlap_rank=3/3; bsr_source_count=1
138,STATE_138,138,STATE_138,split,1.000,split; province_overlap=9; tsr_overlap_rank=1/2; bsr_source_count=1
138,STATE_138,1006,STATE_1006,split,1.000,split; province_overlap=2; tsr_overlap_rank=2/2; bsr_source_count=1
139,STATE_139,139,STATE_139,merge,1.000,merge; province_overlap=13; bsr_source_count=2
140,Västra Götaland,140,STATE_140,split,1.000,split; province_overlap=7; tsr_overlap_rank=1/2; bsr_source_count=1
140,Västra Götaland,1657,STATE_1657,merge,0.200,split+merge; province_overlap=2; tsr_overlap_rank=2/2; bsr_source_count=2
141,Svealand,141,STATE_141,split,1.000,split; province_overlap=12; tsr_overlap_rank=1/2; bsr_source_count=1
141,Svealand,1007,STATE_1007,merge,0.778,split+merge; province_overlap=7; tsr_overlap_rank=2/2; bsr_source_count=2
142,STATE_142,142,STATE_142,merge,0.895,split+merge; province_overlap=17; tsr_overlap_rank=1/3; bsr_source_count=2
142,STATE_142,1637,STATE_1637,merge,0.600,split+merge; province_overlap=6; tsr_overlap_rank=2/3; bsr_source_count=4
142,STATE_142,143,STATE_143,merge,0.045,split+merge; province_overlap=1; tsr_overlap_rank=3/3; bsr_source_count=3
143,STATE_143,143,STATE_143,merge,0.941,split+merge; province_overlap=16; tsr_overlap_rank=1/2; bsr_source_count=3
143,STATE_143,1638,STATE_1638,merge,0.200,split+merge; province_overlap=1; tsr_overlap_rank=2/2; bsr_source_count=2
144,Nordland,1014,STATE_1014,merge,0.875,split+merge; province_overlap=7; tsr_overlap_rank=1/2; bsr_source_count=2
144,Nordland,1013,STATE_1013,merge,0.250,split+merge; province_overlap=1; tsr_overlap_rank=2/2; bsr_source_count=2
146,KARJALA,146,STATE_146,split,1.000,split; province_overlap=9; tsr_overlap_rank=1/4; bsr_source_count=1
146,KARJALA,1368,STATE_1368,split,1.000,split; province_overlap=3; tsr_overlap_rank=2/4; bsr_source_count=1
146,KARJALA,1369,STATE_1369,split,1.000,split; province_overlap=2; tsr_overlap_rank=3/4; bsr_source_count=1
146,KARJALA,1381,STATE_1381,split,1.000,split; province_overlap=1; tsr_overlap_rank=4/4; bsr_source_count=1
148,LAPPI,148,STATE_148,split,1.000,split; province_overlap=15; tsr_overlap_rank=1/3; bsr_source_count=1
148,LAPPI,1630,Savo / Tavastland / Tavastia,merge,0.533,split+merge; province_overlap=8; tsr_overlap_rank=2/3; bsr_source_count=2
148,LAPPI,1361,STATE_1361,split,1.000,split; province_overlap=6; tsr_overlap_rank=3/3; bsr_source_count=1
149,VAASA,149,Pohjanmaa,merge,0.714,split+merge; province_overlap=10; tsr_overlap_rank=1/4; bsr_source_count=3
149,VAASA,1631,Vaasa,merge,0.800,split+merge; province_overlap=4; tsr_overlap_rank=2/4; bsr_source_count=2
149,VAASA,1627,Savo / Tavastland / Tavastia,merge,0.167,split+merge; province_overlap=3; tsr_overlap_rank=3/4; bsr_source_count=6
149,VAASA,1628,Savo / Tavastland / Tavastia,merge,0.091,split+merge; province_overlap=1; tsr_overlap_rank=4/4; bsr_source_count=3
150,KUOPIO,1151,STATE_1151,merge,0.812,split+merge; province_overlap=13; tsr_overlap_rank=1/5; bsr_source_count=3
150,KUOPIO,150,Savo,merge,0.688,split+merge; province_overlap=11; tsr_overlap_rank=2/5; bsr_source_count=3
150,KUOPIO,1627,Savo / Tavastland / Tavastia,merge,0.091,split+merge; province_overlap=2; tsr_overlap_rank=3/5; bsr_source_count=6
150,KUOPIO,1628,Savo / Tavastland / Tavastia,merge,0.091,split+merge; province_overlap=1; tsr_overlap_rank=4/5; bsr_source_count=3
150,KUOPIO,1629,Savo / Tavastland / Tavastia,merge,0.111,split+merge; province_overlap=1; tsr_overlap_rank=5/5; bsr_source_count=2
151,STATE_151,894,STATE_894,split,1.000,split; province_overlap=2; tsr_overlap_rank=1/3; bsr_source_count=1
151,STATE_151,151,STATE_151,merge,0.500,split+merge; province_overlap=2; tsr_overlap_rank=2/3; bsr_source_count=2
151,STATE_151,893,STATE_893,merge,0.333,split+merge; province_overlap=1; tsr_overlap_rank=3/3; bsr_source_count=2
152,STATE_152,152,STATE_152,split,1.000,split; province_overlap=2; tsr_overlap_rank=1/4; bsr_source_count=1
152,STATE_152,1865,STATE_1865,split,1.000,split; province_overlap=2; tsr_overlap_rank=2/4; bsr_source_count=1
152,STATE_152,1149,STATE_1149,merge,0.167,split+merge; province_overlap=1; tsr_overlap_rank=3/4; bsr_source_count=2
152,STATE_152,806,STATE_806,merge,0.333,split+merge; province_overlap=1; tsr_overlap_rank=4/4; bsr_source_count=2
153,STATE_153,153,STATE_153,merge,0.800,split+merge; province_overlap=4; tsr_overlap_rank=1/4; bsr_source_count=2
153,STATE_153,1107,STATE_1107,merge,0.500,split+merge; province_overlap=2; tsr_overlap_rank=2/4; bsr_source_count=2
153,STATE_153,806,STATE_806,merge,0.667,split+merge; province_overlap=2; tsr_overlap_rank=3/4; bsr_source_count=2
153,STATE_153,1457,STATE_1457,split,1.000,split; province_overlap=1; tsr_overlap_rank=4/4; bsr_source_count=1
154,STATE_154,154,STATE_154,split,1.000,split; province_overlap=7; tsr_overlap_rank=1/2; bsr_source_count=1
154,STATE_154,1379,STATE_1379,split,1.000,split; province_overlap=3; tsr_overlap_rank=2/2; bsr_source_count=1
155,North Transdanubia,155,STATE_155,split,1.000,split; province_overlap=7; tsr_overlap_rank=1/3; bsr_source_count=1
155,North Transdanubia,1431,STATE_1431,merge,0.500,split+merge; province_overlap=1; tsr_overlap_rank=2/3; bsr_source_count=2
155,North Transdanubia,808,STATE_808,merge,0.250,split+merge; province_overlap=1; tsr_overlap_rank=3/3; bsr_source_count=2
157,STATE_157,2017,STATE_2017,split,1.000,split; province_overlap=3; tsr_overlap_rank=1/5; bsr_source_count=1
157,STATE_157,1193,STATE_1193,merge,0.600,split+merge; province_overlap=3; tsr_overlap_rank=2/5; bsr_source_count=2
157,STATE_157,157,STATE_157,split,1.000,split; province_overlap=2; tsr_overlap_rank=3/5; bsr_source_count=1
157,STATE_157,1755,STATE_1755,split,0.667,split; province_overlap=2; tsr_overlap_rank=4/5; bsr_source_count=1
157,STATE_157,1757,STATE_1757,split,1.000,split; province_overlap=1; tsr_overlap_rank=5/5; bsr_source_count=1
158,STATE_158,988,STATE_988,split,0.833,split; province_overlap=5; tsr_overlap_rank=1/6; bsr_source_count=1
158,STATE_158,158,STATE_158,split,1.000,split; province_overlap=4; tsr_overlap_rank=2/6; bsr_source_count=1
158,STATE_158,989,STATE_989,split,1.000,split; province_overlap=3; tsr_overlap_rank=3/6; bsr_source_count=1
158,STATE_158,1391,STATE_1391,split,1.000,split; province_overlap=2; tsr_overlap_rank=4/6; bsr_source_count=1
158,STATE_158,1802,STATE_1802,split,1.000,split; province_overlap=2; tsr_overlap_rank=5/6; bsr_source_count=1
158,STATE_158,1351,STATE_1351,split,1.000,split; province_overlap=1; tsr_overlap_rank=6/6; bsr_source_count=1
159,STATE_159,159,STATE_159,split,1.000,split; province_overlap=5; tsr_overlap_rank=1/4; bsr_source_count=1
159,STATE_159,987,STATE_987,split,1.000,split; province_overlap=3; tsr_overlap_rank=2/4; bsr_source_count=1
159,STATE_159,2016,STATE_2016,split,1.000,split; province_overlap=1; tsr_overlap_rank=3/4; bsr_source_count=1
159,STATE_159,1203,STATE_1203,merge,0.250,split+merge; province_overlap=1; tsr_overlap_rank=4/4; bsr_source_count=3
160,STATE_160,160,STATE_160,split,1.000,split; province_overlap=4; tsr_overlap_rank=1/3; bsr_source_count=1
160,STATE_160,986,STATE_986,split,1.000,split; province_overlap=2; tsr_overlap_rank=2/3; bsr_source_count=1
160,STATE_160,1872,STATE_1872,merge,0.500,split+merge; province_overlap=2; tsr_overlap_rank=3/3; bsr_source_count=2
161,STATE_161,161,STATE_161,split,1.000,split; province_overlap=3; tsr_overlap_rank=1/4; bsr_source_count=1
161,STATE_161,1596,STATE_1596,split,1.000,split; province_overlap=2; tsr_overlap_rank=2/4; bsr_source_count=1
161,STATE_161,1203,STATE_1203,merge,0.500,split+merge; province_overlap=2; tsr_overlap_rank=3/4; bsr_source_count=3
161,STATE_161,1756,STATE_1756,split,0.667,split; province_overlap=2; tsr_overlap_rank=4/4; bsr_source_count=1
162,STATE_162,162,STATE_162,split,1.000,split; province_overlap=8; tsr_overlap_rank=1/3; bsr_source_count=1
162,STATE_162,1758,STATE_1758,split,1.000,split; province_overlap=2; tsr_overlap_rank=2/3; bsr_source_count=1
162,STATE_162,1203,STATE_1203,merge,0.250,split+merge; province_overlap=1; tsr_overlap_rank=3/3; bsr_source_count=3
166,STATE_166,166,STATE_166,split,1.000,split; province_overlap=7; tsr_overlap_rank=1/2; bsr_source_count=1
166,STATE_166,1720,STATE_1720,merge,0.800,split+merge; province_overlap=4; tsr_overlap_rank=2/2; bsr_source_count=2
168,STATE_168,1719,STATE_1719,split,1.000,split; province_overlap=6; tsr_overlap_rank=1/2; bsr_source_count=1
168,STATE_168,168,STATE_168,split,1.000,split; province_overlap=5; tsr_overlap_rank=2/2; bsr_source_count=1
170,STATE_170,170,STATE_170,split,0.917,split; province_overlap=11; tsr_overlap_rank=1/3; bsr_source_count=1
170,STATE_170,1715,STATE_1715,split,1.000,split; province_overlap=5; tsr_overlap_rank=2/3; bsr_source_count=1
170,STATE_170,1503,STATE_1503,split,1.000,split; province_overlap=1; tsr_overlap_rank=3/3; bsr_source_count=1
171,STATE_171,171,STATE_171,merge,1.000,merge; province_overlap=13; bsr_source_count=2
176,STATE_176,176,STATE_176,split,1.000,split; province_overlap=9; tsr_overlap_rank=1/2; bsr_source_count=1
176,STATE_176,1723,STATE_1723,split,1.000,split; province_overlap=4; tsr_overlap_rank=2/2; bsr_source_count=1
177,STATE_177,177,STATE_177,split,1.000,split; province_overlap=2; tsr_overlap_rank=1/2; bsr_source_count=1
177,STATE_177,1718,STATE_1718,split,1.000,split; province_overlap=1; tsr_overlap_rank=2/2; bsr_source_count=1
179,STATE_179,179,STATE_179,split,1.000,split; province_overlap=6; tsr_overlap_rank=1/3; bsr_source_count=1
179,STATE_179,1370,STATE_1370,split,1.000,split; province_overlap=2; tsr_overlap_rank=2/3; bsr_source_count=1
179,STATE_179,1502,STATE_1502,split,1.000,split; province_overlap=1; tsr_overlap_rank=3/3; bsr_source_count=1
180,STATE_180,1500,STATE_1500,split,1.000,split; province_overlap=5; tsr_overlap_rank=1/2; bsr_source_count=1
180,STATE_180,180,STATE_180,split,1.000,split; province_overlap=2; tsr_overlap_rank=2/2; bsr_source_count=1
182,STATE_182,182,STATE_182,split,1.000,split; province_overlap=3; tsr_overlap_rank=1/2; bsr_source_count=1
182,STATE_182,1157,STATE_1157,split,1.000,split; province_overlap=1; tsr_overlap_rank=2/2; bsr_source_count=1
183,STATE_183,952,STATE_952,split,1.000,split; province_overlap=1; tsr_overlap_rank=1/2; bsr_source_count=1
183,STATE_183,183,STATE_183,split,1.000,split; province_overlap=1; tsr_overlap_rank=2/2; bsr_source_count=1
184,STATE_184,1156,STATE_1156,split,1.000,split; province_overlap=1; tsr_overlap_rank=1/4; bsr_source_count=1
184,STATE_184,1063,STATE_1063,merge,0.333,split+merge; province_overlap=1; tsr_overlap_rank=2/4; bsr_source_count=2
184,STATE_184,184,STATE_184,merge,0.333,split+merge; province_overlap=1; tsr_overlap_rank=3/4; bsr_source_count=2
184,STATE_184,1595,STATE_1595,split,1.000,split; province_overlap=1; tsr_overlap_rank=4/4; bsr_source_count=1
185,STATE_185,185,STATE_185,merge,0.800,split+merge; province_overlap=4; tsr_overlap_rank=1/7; bsr_source_count=2
185,STATE_185,976,STATE_976,split,1.000,split; province_overlap=3; tsr_overlap_rank=2/7; bsr_source_count=1
185,STATE_185,1303,STATE_1303,split,1.000,split; province_overlap=1; tsr_overlap_rank=3/7; bsr_source_count=1
185,STATE_185,731,STATE_731,merge,0.333,split+merge; province_overlap=1; tsr_overlap_rank=4/7; bsr_source_count=2
185,STATE_185,1427,STATE_1427,split,1.000,split; province_overlap=1; tsr_overlap_rank=5/7; bsr_source_count=1
185,STATE_185,1601,STATE_1601,merge,0.500,split+merge; province_overlap=1; tsr_overlap_rank=6/7; bsr_source_count=2
185,STATE_185,977,STATE_977,split,1.000,split; province_overlap=1; tsr_overlap_rank=7/7; bsr_source_count=1
187,STATE_187,187,STATE_187,split,1.000,split; province_overlap=1; tsr_overlap_rank=1/3; bsr_source_count=1
187,STATE_187,184,STATE_184,merge,0.333,split+merge; province_overlap=1; tsr_overlap_rank=2/3; bsr_source_count=2
187,STATE_187,975,STATE_975,split,0.500,split; province_overlap=1; tsr_overlap_rank=3/3; bsr_source_count=1
189,STATE_189,189,STATE_189,merge,0.667,split+merge; province_overlap=4; tsr_overlap_rank=1/3; bsr_source_count=2
189,STATE_189,1438,STATE_1438,split,1.000,split; province_overlap=1; tsr_overlap_rank=2/3; bsr_source_count=1
189,STATE_189,2019,STATE_2019,split,1.000,split; province_overlap=1; tsr_overlap_rank=3/3; bsr_source_count=1
190,STATE_190,190,STATE_190,merge,1.000,merge; province_overlap=6; bsr_source_count=2
191,STATE_191,191,STATE_191,merge,1.000,merge; province_overlap=5; bsr_source_count=3
192,STATE_192,192,STATE_192,merge,1.000,merge; province_overlap=6; bsr_source_count=2
193,Chernihiv,193,STATE_193,split,1.000,split; province_overlap=5; tsr_overlap_rank=1/5; bsr_source_count=1
193,Chernihiv,1126,STATE_1126,merge,0.833,split+merge; province_overlap=5; tsr_overlap_rank=2/5; bsr_source_count=2
193,Chernihiv,225,STATE_225,merge,0.167,split+merge; province_overlap=2; tsr_overlap_rank=3/5; bsr_source_count=2
193,Chernihiv,259,STATE_259,merge,0.083,split+merge; province_overlap=1; tsr_overlap_rank=4/5; bsr_source_count=3
193,Chernihiv,1125,STATE_1125,split,1.000,split; province_overlap=1; tsr_overlap_rank=5/5; bsr_source_count=1
194,Mozyr,194,Mozyr,split,0.714,split; province_overlap=5; tsr_overlap_rank=1/3; bsr_source_count=1
194,Mozyr,1995,STATE_1995,split,1.000,split; province_overlap=3; tsr_overlap_rank=2/3; bsr_source_count=1
194,Mozyr,1471,Mozyr,split,1.000,split; province_overlap=2; tsr_overlap_rank=3/3; bsr_source_count=1
195,STATE_195,1639,STATE_1639,manual,0.400,incompatible province overlap rejected for automatic overlay; province_overlap=2; tsr_tags=RUS; bsr_tags=SOV
195,STATE_195,1685,STATE_1685,manual,1.000,incompatible province overlap rejected for automatic overlay; province_overlap=1; tsr_tags=RUS; bsr_tags=SOV
196,STATE_196,196,STATE_196,split,1.000,split; province_overlap=7; tsr_overlap_rank=1/2; bsr_source_count=1
196,STATE_196,197,STATE_197,merge,0.125,split+merge; province_overlap=1; tsr_overlap_rank=2/2; bsr_source_count=2
197,STATE_197,197,STATE_197,merge,1.000,merge; province_overlap=8; bsr_source_count=2
198,STATE_198,201,STATE_201,merge,0.333,split+merge; province_overlap=2; tsr_overlap_rank=1/4; bsr_source_count=2
198,STATE_198,198,STATE_198,split,1.000,split; province_overlap=2; tsr_overlap_rank=2/4; bsr_source_count=1
198,STATE_198,1624,STATE_1624,split,1.000,split; province_overlap=1; tsr_overlap_rank=3/4; bsr_source_count=1
198,STATE_198,1455,STATE_1455,merge,0.333,split+merge; province_overlap=1; tsr_overlap_rank=4/4; bsr_source_count=2
199,STATE_199,1455,STATE_1455,merge,0.667,split+merge; province_overlap=2; tsr_overlap_rank=1/4; bsr_source_count=2
199,STATE_199,1771,STATE_1771,split,1.000,split; province_overlap=2; tsr_overlap_rank=2/4; bsr_source_count=1
199,STATE_199,199,STATE_199,split,1.000,split; province_overlap=1; tsr_overlap_rank=3/4; bsr_source_count=1
199,STATE_199,1772,STATE_1772,split,1.000,split; province_overlap=1; tsr_overlap_rank=4/4; bsr_source_count=1
201,STATE_201,194,Mozyr,manual,0.143,incompatible province overlap rejected for automatic overlay; province_overlap=1; tsr_tags=RUS UKR; bsr_tags=BLR SOV
201,STATE_201,201,STATE_201,merge,0.750,split+merge; province_overlap=9; tsr_overlap_rank=1/2; bsr_source_count=2
201,STATE_201,1996,STATE_1996,split,1.000,split; province_overlap=2; tsr_overlap_rank=2/2; bsr_source_count=1
202,STATE_202,194,Mozyr,manual,0.143,incompatible province overlap rejected for automatic overlay; province_overlap=1; tsr_tags=RUS UKR; bsr_tags=BLR SOV
202,STATE_202,926,STATE_926,split,1.000,split; province_overlap=3; tsr_overlap_rank=1/5; bsr_source_count=1
202,STATE_202,1490,STATE_1490,merge,0.500,split+merge; province_overlap=2; tsr_overlap_rank=2/5; bsr_source_count=2
202,STATE_202,202,STATE_202,split,1.000,split; province_overlap=2; tsr_overlap_rank=3/5; bsr_source_count=1
202,STATE_202,1491,STATE_1491,split,1.000,split; province_overlap=2; tsr_overlap_rank=4/5; bsr_source_count=1
202,STATE_202,1126,STATE_1126,merge,0.167,split+merge; province_overlap=1; tsr_overlap_rank=5/5; bsr_source_count=2
203,STATE_203,203,STATE_203,split,1.000,split; province_overlap=10; tsr_overlap_rank=1/3; bsr_source_count=1
203,STATE_203,1490,STATE_1490,merge,0.500,split+merge; province_overlap=2; tsr_overlap_rank=2/3; bsr_source_count=2
203,STATE_203,259,STATE_259,merge,0.167,split+merge; province_overlap=2; tsr_overlap_rank=3/3; bsr_source_count=3
204,Bobruysk,204,STATE_204,merge,0.500,split+merge; province_overlap=4; tsr_overlap_rank=1/4; bsr_source_count=2
204,Bobruysk,206,STATE_206,merge,0.400,split+merge; province_overlap=2; tsr_overlap_rank=2/4; bsr_source_count=2
204,Bobruysk,1470,STATE_1470,merge,0.250,split+merge; province_overlap=1; tsr_overlap_rank=3/4; bsr_source_count=2
204,Bobruysk,1619,STATE_1619,merge,0.250,split+merge; province_overlap=1; tsr_overlap_rank=4/4; bsr_source_count=3
206,STATE_206,206,STATE_206,merge,0.600,split+merge; province_overlap=3; tsr_overlap_rank=1/4; bsr_source_count=2
206,STATE_206,1470,STATE_1470,merge,0.750,split+merge; province_overlap=3; tsr_overlap_rank=2/4; bsr_source_count=2
206,STATE_206,204,STATE_204,merge,0.250,split+merge; province_overlap=2; tsr_overlap_rank=3/4; bsr_source_count=2
206,STATE_206,1619,STATE_1619,merge,0.500,split+merge; province_overlap=2; tsr_overlap_rank=4/4; bsr_source_count=3
207,STATE_207,207,STATE_207,split,1.000,split; province_overlap=5; tsr_overlap_rank=1/6; bsr_source_count=1
207,STATE_207,1993,STATE_1993,split,1.000,split; province_overlap=2; tsr_overlap_rank=2/6; bsr_source_count=1
207,STATE_207,1170,STATE_1170,split,1.000,split; province_overlap=1; tsr_overlap_rank=3/6; bsr_source_count=1
207,STATE_207,1620,STATE_1620,split,1.000,split; province_overlap=1; tsr_overlap_rank=4/6; bsr_source_count=1
207,STATE_207,1619,STATE_1619,merge,0.250,split+merge; province_overlap=1; tsr_overlap_rank=5/6; bsr_source_count=3
207,STATE_207,1994,STATE_1994,split,1.000,split; province_overlap=1; tsr_overlap_rank=6/6; bsr_source_count=1
208,Luga,1639,STATE_1639,manual,0.600,incompatible province overlap rejected for automatic overlay; province_overlap=3; tsr_tags=RUS; bsr_tags=SOV
208,Luga,883,STATE_883,manual,1.000,incompatible province overlap rejected for automatic overlay; province_overlap=1; tsr_tags=RUS; bsr_tags=EST SOV
209,Pskov,890,STATE_890,manual,1.000,incompatible province overlap rejected for automatic overlay; province_overlap=1; tsr_tags=RUS; bsr_tags=EST LIV SOV
210,Nevel,209,STATE_209,manual,0.231,incompatible province overlap rejected for automatic overlay; province_overlap=3; tsr_tags=RUS; bsr_tags=SOV
210,Nevel,263,STATE_263,manual,0.250,incompatible province overlap rejected for automatic overlay; province_overlap=3; tsr_tags=RUS; bsr_tags=SOV
211,STATE_211,211,STATE_211,split,1.000,split; province_overlap=4; tsr_overlap_rank=1/2; bsr_source_count=1
211,STATE_211,943,STATE_943,merge,0.750,split+merge; province_overlap=3; tsr_overlap_rank=2/2; bsr_source_count=2
212,STATE_212,212,STATE_212,split,1.000,split; province_overlap=6; tsr_overlap_rank=1/4; bsr_source_count=1
212,STATE_212,1143,STATE_1143,split,1.000,split; province_overlap=2; tsr_overlap_rank=2/4; bsr_source_count=1
212,STATE_212,1142,STATE_1142,split,0.667,split; province_overlap=2; tsr_overlap_rank=3/4; bsr_source_count=1
212,STATE_212,1486,STATE_1486,split,1.000,split; province_overlap=1; tsr_overlap_rank=4/4; bsr_source_count=1
213,STATE_213,1382,STATE_1382,manual,0.889,incompatible province overlap rejected for automatic overlay; province_overlap=8; tsr_tags=RUS SMI; bsr_tags=SOV
213,STATE_213,928,STATE_928,manual,0.125,incompatible province overlap rejected for automatic overlay; province_overlap=2; tsr_tags=RUS SMI; bsr_tags=KAR SOV
213,STATE_213,1068,STATE_1068,manual,1.000,incompatible province overlap rejected for automatic overlay; province_overlap=1; tsr_tags=RUS SMI; bsr_tags=FIN
213,STATE_213,1067,STATE_1067,manual,1.000,incompatible province overlap rejected for automatic overlay; province_overlap=1; tsr_tags=RUS SMI; bsr_tags=FIN
213,STATE_213,929,STATE_929,manual,0.077,incompatible province overlap rejected for automatic overlay; province_overlap=1; tsr_tags=RUS SMI; bsr_tags=KAR SOV
214,STATE_214,1255,STATE_1255,manual,0.733,incompatible province overlap rejected for automatic overlay; province_overlap=11; tsr_tags=RUS; bsr_tags=SOV
214,STATE_214,214,STATE_214,manual,0.550,same numeric id/name but low province_overlap=4; close candidate tie
215,STATE_215,928,STATE_928,split,0.875,split; province_overlap=14; tsr_overlap_rank=1/5; bsr_source_count=1
215,STATE_215,929,STATE_929,split,0.923,split; province_overlap=12; tsr_overlap_rank=2/5; bsr_source_count=1
215,STATE_215,215,STATE_215,split,0.636,split; province_overlap=7; tsr_overlap_rank=3/5; bsr_source_count=1
215,STATE_215,1380,STATE_1380,split,1.000,split; province_overlap=2; tsr_overlap_rank=4/5; bsr_source_count=1
215,STATE_215,216,STATE_216,merge,0.050,split+merge; province_overlap=1; tsr_overlap_rank=5/5; bsr_source_count=2
216,STATE_216,216,STATE_216,merge,0.950,merge; province_overlap=19; bsr_source_count=2
217,STATE_217,930,STATE_930,manual,0.600,incompatible province overlap rejected for automatic overlay; province_overlap=6; tsr_tags=RUS; bsr_tags=SOV
217,STATE_217,238,STATE_238,manual,0.133,incompatible province overlap rejected for automatic overlay; province_overlap=2; tsr_tags=RUS; bsr_tags=DON SOV
217,STATE_217,237,STATE_237,manual,0.133,incompatible province overlap rejected for automatic overlay; province_overlap=2; tsr_tags=RUS; bsr_tags=KLY SOV
218,STATE_218,234,STATE_234,manual,0.250,incompatible province overlap rejected for automatic overlay; province_overlap=2; tsr_tags=RUS; bsr_tags=KUB SOV
221,STATE_221,221,STATE_221,merge,1.000,merge; province_overlap=11; bsr_source_count=2
224,STATE_224,927,STATE_927,manual,0.833,incompatible province overlap rejected for automatic overlay; province_overlap=5; tsr_tags=RUS; bsr_tags=MUS SOV
224,STATE_224,219,STATE_219,manual,0.059,incompatible province overlap rejected for automatic overlay; province_overlap=1; tsr_tags=RUS; bsr_tags=MUS SOV
224,STATE_224,1598,STATE_1598,manual,1.000,incompatible province overlap rejected for automatic overlay; province_overlap=1; tsr_tags=RUS; bsr_tags=MUS SOV
225,Sumy,225,STATE_225,merge,0.909,split+merge; province_overlap=10; tsr_overlap_rank=1/2; bsr_source_count=2
225,Sumy,1446,STATE_1446,split,1.000,split; province_overlap=1; tsr_overlap_rank=2/2; bsr_source_count=1
226,Dnipropertovsk,226,STATE_226,split,1.000,split; province_overlap=7; tsr_overlap_rank=1/2; bsr_source_count=1
226,Dnipropertovsk,1127,STATE_1127,split,1.000,split; province_overlap=5; tsr_overlap_rank=2/2; bsr_source_count=1
227,STATE_227,227,STATE_227,split,1.000,split; province_overlap=8; tsr_overlap_rank=1/2; bsr_source_count=1
227,STATE_227,1444,STATE_1444,merge,0.400,split+merge; province_overlap=2; tsr_overlap_rank=2/2; bsr_source_count=2
228,Voroshilovgrad,228,Voroshilovgrad,split,0.889,split; province_overlap=8; tsr_overlap_rank=1/3; bsr_source_count=1
228,Voroshilovgrad,1445,STATE_1445,split,1.000,split; province_overlap=1; tsr_overlap_rank=2/3; bsr_source_count=1
228,Voroshilovgrad,1444,STATE_1444,merge,0.200,split+merge; province_overlap=1; tsr_overlap_rank=3/3; bsr_source_count=2
229,STATE_229,229,STATE_229,split,1.000,split; province_overlap=7; tsr_overlap_rank=1/6; bsr_source_count=1
229,STATE_229,1222,STATE_1222,split,1.000,split; province_overlap=3; tsr_overlap_rank=2/6; bsr_source_count=1
229,STATE_229,1366,STATE_1366,split,1.000,split; province_overlap=2; tsr_overlap_rank=3/6; bsr_source_count=1
229,STATE_229,1263,STATE_1263,split,1.000,split; province_overlap=2; tsr_overlap_rank=4/6; bsr_source_count=1
229,STATE_229,1005,STATE_1005,split,1.000,split; province_overlap=2; tsr_overlap_rank=5/6; bsr_source_count=1
229,STATE_229,1487,STATE_1487,split,1.000,split; province_overlap=1; tsr_overlap_rank=6/6; bsr_source_count=1
230,STATE_230,1004,STATE_1004,manual,1.000,incompatible province overlap rejected for automatic overlay; province_overlap=1; tsr_tags=ARM RUS; bsr_tags=AZR SOV
230,STATE_230,230,STATE_230,split,1.000,split; province_overlap=3; tsr_overlap_rank=1/4; bsr_source_count=1
230,STATE_230,1437,STATE_1437,split,1.000,split; province_overlap=2; tsr_overlap_rank=2/4; bsr_source_count=1
230,STATE_230,1223,STATE_1223,split,1.000,split; province_overlap=2; tsr_overlap_rank=3/4; bsr_source_count=1
230,STATE_230,1367,STATE_1367,split,1.000,split; province_overlap=1; tsr_overlap_rank=4/4; bsr_source_count=1
231,STATE_231,1092,STATE_1092,split,0.667,split; province_overlap=4; tsr_overlap_rank=1/7; bsr_source_count=1
231,STATE_231,1225,STATE_1225,split,1.000,split; province_overlap=3; tsr_overlap_rank=2/7; bsr_source_count=1
231,STATE_231,231,STATE_231,split,1.000,split; province_overlap=3; tsr_overlap_rank=3/7; bsr_source_count=1
231,STATE_231,1226,STATE_1226,merge,0.500,split+merge; province_overlap=2; tsr_overlap_rank=4/7; bsr_source_count=2
231,STATE_231,1227,STATE_1227,split,1.000,split; province_overlap=1; tsr_overlap_rank=5/7; bsr_source_count=1
231,STATE_231,2007,STATE_2007,split,1.000,split; province_overlap=1; tsr_overlap_rank=6/7; bsr_source_count=1
231,STATE_231,1091,STATE_1091,split,0.500,split; province_overlap=1; tsr_overlap_rank=7/7; bsr_source_count=1
232,Dagestan,931,STATE_931,split,0.900,split; province_overlap=9; tsr_overlap_rank=1/5; bsr_source_count=1
232,Dagestan,2009,STATE_2009,split,0.667,split; province_overlap=2; tsr_overlap_rank=2/5; bsr_source_count=1
232,Dagestan,932,STATE_932,split,1.000,split; province_overlap=2; tsr_overlap_rank=3/5; bsr_source_count=1
232,Dagestan,232,STATE_232,split,0.400,split; province_overlap=2; tsr_overlap_rank=4/5; bsr_source_count=1
232,Dagestan,2010,STATE_2010,split,1.000,split; province_overlap=1; tsr_overlap_rank=5/5; bsr_source_count=1
233,STATE_233,1002,STATE_1002,manual,0.400,incompatible province overlap rejected for automatic overlay; province_overlap=2; tsr_tags=RUS; bsr_tags=ABH GEO SOV
233,STATE_233,1326,STATE_1326,manual,0.250,incompatible province overlap rejected for automatic overlay; province_overlap=1; tsr_tags=RUS; bsr_tags=CIR KBR SOV
234,STATE_234,1320,STATE_1320,manual,1.000,incompatible province overlap rejected for automatic overlay; province_overlap=13; tsr_tags=RUS; bsr_tags=CIR KUB SOV
236,STATE_236,1121,STATE_1121,manual,0.444,incompatible province overlap rejected for automatic overlay; province_overlap=4; tsr_tags=RUS; bsr_tags=KLY SOV
237,STATE_237,1121,STATE_1121,manual,0.556,incompatible province overlap rejected for automatic overlay; province_overlap=5; tsr_tags=KAL RUS; bsr_tags=KLY SOV
237,STATE_237,235,STATE_235,manual,0.087,incompatible province overlap rejected for automatic overlay; province_overlap=2; tsr_tags=KAL RUS; bsr_tags=KLY SOV
237,STATE_237,238,STATE_238,manual,0.050,incompatible province overlap rejected for automatic overlay; province_overlap=1; tsr_tags=KAL RUS; bsr_tags=DON SOV
239,STATE_239,401,STATE_401,manual,0.208,incompatible province overlap rejected for automatic overlay; province_overlap=5; tsr_tags=RUS; bsr_tags=SOV
240,Belgorod,1653,STATE_1653,manual,0.111,incompatible province overlap rejected for automatic overlay; province_overlap=1; tsr_tags=RUS; bsr_tags=DON SOV
241,Gomel,1452,STATE_1452,manual,0.500,incompatible province overlap rejected for automatic overlay; province_overlap=1; tsr_tags=BLR RUS; bsr_tags=MUS SOV
241,Gomel,1163,Karma,split,0.833,split; province_overlap=10; tsr_overlap_rank=1/3; bsr_source_count=1
241,Gomel,241,Gomel,split,1.000,split; province_overlap=1; tsr_overlap_rank=2/3; bsr_source_count=1
241,Gomel,1774,Gomel,split,1.000,split; province_overlap=1; tsr_overlap_rank=3/3; bsr_source_count=1
242,STATE_242,243,STATE_243,manual,0.500,incompatible province overlap rejected for automatic overlay; province_overlap=4; tsr_tags=RUS; bsr_tags=MUS SOV
242,STATE_242,1162,STATE_1162,manual,1.000,incompatible province overlap rejected for automatic overlay; province_overlap=2; tsr_tags=RUS; bsr_tags=MUS SOV
242,STATE_242,242,STATE_242,manual,0.750,province_overlap=10; close candidate tie
243,STATE_243,242,STATE_242,manual,0.444,incompatible province overlap rejected for automatic overlay; province_overlap=4; tsr_tags=RUS; bsr_tags=MUS SOV
243,STATE_243,1452,STATE_1452,manual,0.500,incompatible province overlap rejected for automatic overlay; province_overlap=1; tsr_tags=RUS; bsr_tags=MUS SOV
244,Volkhov,208,STATE_208,manual,0.125,incompatible province overlap rejected for automatic overlay; province_overlap=1; tsr_tags=RUS; bsr_tags=SOV
245,Millerovo,1653,STATE_1653,manual,0.556,incompatible province overlap rejected for automatic overlay; province_overlap=5; tsr_tags=RUS; bsr_tags=DON SOV
245,Millerovo,218,STATE_218,manual,0.333,incompatible province overlap rejected for automatic overlay; province_overlap=3; tsr_tags=RUS; bsr_tags=DON SOV
246,STATE_246,1164,STATE_1164,manual,1.000,incompatible province overlap rejected for automatic overlay; province_overlap=4; tsr_tags=RUS; bsr_tags=MUS SOV
249,STATE_249,256,STATE_256,manual,0.120,incompatible province overlap rejected for automatic overlay; province_overlap=3; tsr_tags=RUS TAT; bsr_tags=SOV
250,STATE_250,255,STATE_255,manual,0.400,incompatible province overlap rejected for automatic overlay; province_overlap=8; tsr_tags=RUS; bsr_tags=SOV
251,STATE_251,250,STATE_250,manual,0.077,incompatible province overlap rejected for automatic overlay; province_overlap=1; tsr_tags=RUS; bsr_tags=IDL SOV
252,STATE_252,256,STATE_256,manual,0.040,incompatible province overlap rejected for automatic overlay; province_overlap=1; tsr_tags=RUS; bsr_tags=SOV
256,STATE_256,252,STATE_252,manual,0.444,incompatible province overlap rejected for automatic overlay; province_overlap=4; tsr_tags=CHU RUS; bsr_tags=SOV
259,Poltava,259,STATE_259,merge,0.900,split+merge; province_overlap=9; tsr_overlap_rank=1/2; bsr_source_count=3
259,Poltava,221,STATE_221,merge,0.100,split+merge; province_overlap=1; tsr_overlap_rank=2/2; bsr_source_count=2
260,Voronezh,1653,STATE_1653,manual,0.222,incompatible province overlap rejected for automatic overlay; province_overlap=2; tsr_tags=RUS; bsr_tags=DON SOV
261,STATE_261,261,STATE_261,split,1.000,split; province_overlap=21; tsr_overlap_rank=1/2; bsr_source_count=1
261,STATE_261,1681,STATE_1681,split,1.000,split; province_overlap=3; tsr_overlap_rank=2/2; bsr_source_count=1
262,Pechora,214,STATE_214,manual,0.222,incompatible province overlap rejected for automatic overlay; province_overlap=2; tsr_tags=KOM RUS; bsr_tags=SOV
262,Pechora,262,STATE_262,manual,0.550,same numeric id/name but low province_overlap=0; close candidate tie
263,STATE_263,1161,STATE_1161,manual,0.889,incompatible province overlap rejected for automatic overlay; province_overlap=8; tsr_tags=RUS; bsr_tags=SOV
265,STATE_265,245,STATE_245,manual,0.083,incompatible province overlap rejected for automatic overlay; province_overlap=1; tsr_tags=RUS; bsr_tags=DON SOV
265,STATE_265,1653,STATE_1653,manual,0.111,incompatible province overlap rejected for automatic overlay; province_overlap=1; tsr_tags=RUS; bsr_tags=DON SOV
266,Tehran,1475,STATE_1475,split,1.000,split; province_overlap=4; tsr_overlap_rank=1/2; bsr_source_count=1
266,Tehran,266,Tehran,split,1.000,split; province_overlap=1; tsr_overlap_rank=2/2; bsr_source_count=1
267,Kabul,267,STATE_267,merge,0.600,split+merge; province_overlap=3; tsr_overlap_rank=1/3; bsr_source_count=2
267,Kabul,1818,STATE_1818,merge,0.200,split+merge; province_overlap=1; tsr_overlap_rank=2/3; bsr_source_count=3
267,Kabul,1130,STATE_1130,merge,0.200,split+merge; province_overlap=1; tsr_overlap_rank=3/3; bsr_source_count=3
271,STATE_271,1795,STATE_1795,manual,1.000,incompatible province overlap rejected for automatic overlay; province_overlap=1; tsr_tags=ETH ITA ORO; bsr_tags=GER POL
271,STATE_271,271,STATE_271,merge,0.750,merge; province_overlap=3; bsr_source_count=9
272,STATE_272,272,STATE_272,split,1.000,split; province_overlap=5; tsr_overlap_rank=1/2; bsr_source_count=1
272,STATE_272,2037,STATE_2037,split,1.000,split; province_overlap=1; tsr_overlap_rank=2/2; bsr_source_count=1
273,Libyan Desert,1071,STATE_1071,split,0.800,split; province_overlap=4; tsr_overlap_rank=1/7; bsr_source_count=1
273,Libyan Desert,1144,STATE_1144,split,0.800,split; province_overlap=4; tsr_overlap_rank=2/7; bsr_source_count=1
273,Libyan Desert,273,STATE_273,split,1.000,split; province_overlap=3; tsr_overlap_rank=3/7; bsr_source_count=1
273,Libyan Desert,1146,STATE_1146,split,1.000,split; province_overlap=2; tsr_overlap_rank=4/7; bsr_source_count=1
273,Libyan Desert,998,STATE_998,split,1.000,split; province_overlap=1; tsr_overlap_rank=5/7; bsr_source_count=1
273,Libyan Desert,1145,STATE_1145,split,1.000,split; province_overlap=1; tsr_overlap_rank=6/7; bsr_source_count=1
273,Libyan Desert,1072,STATE_1072,split,1.000,split; province_overlap=1; tsr_overlap_rank=7/7; bsr_source_count=1
274,STATE_274,274,STATE_274,split,1.000,split; province_overlap=5; tsr_overlap_rank=1/2; bsr_source_count=1
274,STATE_274,1049,STATE_1049,split,1.000,split; province_overlap=1; tsr_overlap_rank=2/2; bsr_source_count=1
275,Transvaal,275,STATE_275,split,1.000,split; province_overlap=4; tsr_overlap_rank=1/6; bsr_source_count=1
275,Transvaal,1221,STATE_1221,split,1.000,split; province_overlap=2; tsr_overlap_rank=2/6; bsr_source_count=1
275,Transvaal,1216,STATE_1216,split,1.000,split; province_overlap=2; tsr_overlap_rank=3/6; bsr_source_count=1
275,Transvaal,1208,STATE_1208,merge,0.250,split+merge; province_overlap=1; tsr_overlap_rank=4/6; bsr_source_count=2
275,Transvaal,1215,STATE_1215,split,1.000,split; province_overlap=1; tsr_overlap_rank=5/6; bsr_source_count=1
275,Transvaal,1220,STATE_1220,split,0.333,split; province_overlap=1; tsr_overlap_rank=6/6; bsr_source_count=1
276,Southern Ontario,276,STATE_276,split,1.000,split; province_overlap=22; tsr_overlap_rank=1/2; bsr_source_count=1
276,Southern Ontario,1597,STATE_1597,split,1.000,split; province_overlap=13; tsr_overlap_rank=2/2; bsr_source_count=1
277,STATE_277,277,STATE_277,split,1.000,split; province_overlap=3; tsr_overlap_rank=1/2; bsr_source_count=1
277,STATE_277,1845,STATE_1845,split,1.000,split; province_overlap=2; tsr_overlap_rank=2/2; bsr_source_count=1
278,Pampas,1809,Pampas,split,1.000,split; province_overlap=15; tsr_overlap_rank=1/3; bsr_source_count=1
278,Pampas,1838,STATE_1838,split,1.000,split; province_overlap=3; tsr_overlap_rank=2/3; bsr_source_count=1
278,Pampas,278,Pampas,split,1.000,split; province_overlap=2; tsr_overlap_rank=3/3; bsr_source_count=1
279,Santiago,279,Santiago,split,0.833,split; province_overlap=5; tsr_overlap_rank=1/2; bsr_source_count=1
279,Santiago,1576,STATE_1576,merge,0.333,split+merge; province_overlap=2; tsr_overlap_rank=2/2; bsr_source_count=2
280,STATE_280,280,STATE_280,merge,0.667,split+merge; province_overlap=4; tsr_overlap_rank=1/3; bsr_source_count=3
280,STATE_280,504,STATE_504,merge,0.750,split+merge; province_overlap=3; tsr_overlap_rank=2/3; bsr_source_count=2
280,STATE_280,914,STATE_914,split,1.000,split; province_overlap=1; tsr_overlap_rank=3/3; bsr_source_count=1
282,Kanto,964,STATE_964,split,1.000,split; province_overlap=6; tsr_overlap_rank=1/2; bsr_source_count=1
282,Kanto,282,STATE_282,split,1.000,split; province_overlap=5; tsr_overlap_rank=2/2; bsr_source_count=1
283,STATE_283,1308,STATE_1308,manual,0.833,incompatible province overlap rejected for automatic overlay; province_overlap=5; tsr_tags=XIC; bsr_tags=CHI NEA PRC
283,STATE_283,1520,STATE_1520,manual,0.750,incompatible province overlap rejected for automatic overlay; province_overlap=3; tsr_tags=XIC; bsr_tags=CHI NEA PRC
283,STATE_283,2022,STATE_2022,manual,0.250,incompatible province overlap rejected for automatic overlay; province_overlap=1; tsr_tags=XIC; bsr_tags=CHI PRC
283,STATE_283,1780,STATE_1780,manual,1.000,incompatible province overlap rejected for automatic overlay; province_overlap=1; tsr_tags=XIC; bsr_tags=CHI PRC XSM
284,North Island,284,North Island,merge,1.000,merge; province_overlap=8; bsr_source_count=2
285,STATE_285,285,STATE_285,split,1.000,split; province_overlap=37; tsr_overlap_rank=1/3; bsr_source_count=1
285,STATE_285,922,STATE_922,split,1.000,split; province_overlap=4; tsr_overlap_rank=2/3; bsr_source_count=1
285,STATE_285,1786,STATE_1786,split,1.000,split; province_overlap=1; tsr_overlap_rank=3/3; bsr_source_count=1
286,STATE_286,1084,STATE_1084,manual,0.167,incompatible province overlap rejected for automatic overlay; province_overlap=1; tsr_tags=CHM DAS VIN; bsr_tags=CAM FRA
288,STATE_288,288,STATE_288,merge,1.000,merge; province_overlap=11; bsr_source_count=6
289,STATE_289,289,STATE_289,merge,1.000,merge; province_overlap=10; bsr_source_count=3
290,STATE_290,1336,STATE_1336,manual,1.000,incompatible province overlap rejected for automatic overlay; province_overlap=1; tsr_tags=RIF; bsr_tags=MOR SPR TNG
290,STATE_290,1044,STATE_1044,manual,1.000,incompatible province overlap rejected for automatic overlay; province_overlap=1; tsr_tags=RIF; bsr_tags=MOR SPR
290,STATE_290,1043,STATE_1043,manual,1.000,incompatible province overlap rejected for automatic overlay; province_overlap=1; tsr_tags=RIF; bsr_tags=MOR SPR
290,STATE_290,290,STATE_290,manual,0.750,province_overlap=3; close candidate tie
291,STATE_291,291,STATE_291,merge,0.400,split+merge; province_overlap=2; tsr_overlap_rank=1/3; bsr_source_count=2
291,STATE_291,1247,STATE_1247,merge,0.667,split+merge; province_overlap=2; tsr_overlap_rank=2/3; bsr_source_count=2
291,STATE_291,946,STATE_946,merge,0.200,split+merge; province_overlap=1; tsr_overlap_rank=3/3; bsr_source_count=2
292,STATE_292,1158,STATE_1158,merge,0.750,split+merge; province_overlap=6; tsr_overlap_rank=1/2; bsr_source_count=3
292,STATE_292,292,STATE_292,merge,0.250,split+merge; province_overlap=2; tsr_overlap_rank=2/2; bsr_source_count=6
293,STATE_293,293,STATE_293,split,1.000,split; province_overlap=3; tsr_overlap_rank=1/2; bsr_source_count=1
293,STATE_293,949,STATE_949,split,1.000,split; province_overlap=2; tsr_overlap_rank=2/2; bsr_source_count=1
294,STATE_294,294,STATE_294,merge,1.000,merge; province_overlap=5; bsr_source_count=2
295,STATE_295,1176,STATE_1176,manual,1.000,incompatible province overlap rejected for automatic overlay; province_overlap=1; tsr_tags=BEL COG; bsr_tags=ITA LBA
295,STATE_295,1195,STATE_1195,manual,0.250,incompatible province overlap rejected for automatic overlay; province_overlap=1; tsr_tags=BEL COG; bsr_tags=USA
295,STATE_295,295,STATE_295,merge,0.667,split+merge; province_overlap=6; tsr_overlap_rank=1/2; bsr_source_count=2
295,STATE_295,538,STATE_538,merge,0.143,split+merge; province_overlap=1; tsr_overlap_rank=2/2; bsr_source_count=3
297,Equatorial Guinea,1548,STATE_1548,split,1.000,split; province_overlap=1; tsr_overlap_rank=1/2; bsr_source_count=1
297,Equatorial Guinea,297,Malabo,split,1.000,split; province_overlap=1; tsr_overlap_rank=2/2; bsr_source_count=1
299,STATE_299,64,STATE_64,manual,1.000,incompatible province overlap rejected for automatic overlay; province_overlap=1; tsr_tags=ENG; bsr_tags=GER PRE
299,STATE_299,299,STATE_299,manual,0.750,province_overlap=1; close candidate tie
300,STATE_300,300,STATE_300,merge,1.000,merge; province_overlap=4; bsr_source_count=3
301,STATE_301,301,STATE_301,split,1.000,split; province_overlap=4; tsr_overlap_rank=1/2; bsr_source_count=1
301,STATE_301,1909,STATE_1909,split,1.000,split; province_overlap=1; tsr_overlap_rank=2/2; bsr_source_count=1
302,STATE_302,302,STATE_302,split,1.000,split; province_overlap=10; tsr_overlap_rank=1/3; bsr_source_count=1
302,STATE_302,1480,STATE_1480,split,1.000,split; province_overlap=1; tsr_overlap_rank=2/3; bsr_source_count=1
302,STATE_302,1261,STATE_1261,merge,0.333,split+merge; province_overlap=1; tsr_overlap_rank=3/3; bsr_source_count=2
303,Lima,303,Lima,split,1.000,split; province_overlap=6; tsr_overlap_rank=1/2; bsr_source_count=1
303,Lima,1885,STATE_1885,split,1.000,split; province_overlap=1; tsr_overlap_rank=2/2; bsr_source_count=1
304,STATE_304,917,STATE_917,split,1.000,split; province_overlap=3; tsr_overlap_rank=1/2; bsr_source_count=1
304,STATE_304,304,STATE_304,split,1.000,split; province_overlap=2; tsr_overlap_rank=2/2; bsr_source_count=1
305,STATE_305,305,STATE_305,split,1.000,split; province_overlap=6; tsr_overlap_rank=1/2; bsr_source_count=1
305,STATE_305,864,STATE_864,split,1.000,split; province_overlap=2; tsr_overlap_rank=2/2; bsr_source_count=1
307,Miranda,307,Miranda,split,1.000,split; province_overlap=9; tsr_overlap_rank=1/2; bsr_source_count=1
307,Miranda,1835,STATE_1835,split,1.000,split; province_overlap=2; tsr_overlap_rank=2/2; bsr_source_count=1
312,STATE_312,312,STATE_312,split,1.000,split; province_overlap=2; tsr_overlap_rank=1/2; bsr_source_count=1
312,STATE_312,1887,STATE_1887,split,1.000,split; province_overlap=1; tsr_overlap_rank=2/2; bsr_source_count=1
313,STATE_313,1851,STATE_1851,split,1.000,split; province_overlap=1; tsr_overlap_rank=1/4; bsr_source_count=1
313,STATE_313,1886,STATE_1886,split,1.000,split; province_overlap=1; tsr_overlap_rank=2/4; bsr_source_count=1
313,STATE_313,313,STATE_313,split,1.000,split; province_overlap=1; tsr_overlap_rank=3/4; bsr_source_count=1
313,STATE_313,1867,STATE_1867,split,1.000,split; province_overlap=1; tsr_overlap_rank=4/4; bsr_source_count=1
314,STATE_314,1888,STATE_1888,split,1.000,split; province_overlap=1; tsr_overlap_rank=1/2; bsr_source_count=1
314,STATE_314,314,STATE_314,split,1.000,split; province_overlap=1; tsr_overlap_rank=2/2; bsr_source_count=1
317,STATE_317,1871,STATE_1871,split,1.000,split; province_overlap=3; tsr_overlap_rank=1/2; bsr_source_count=1
317,STATE_317,317,STATE_317,split,1.000,split; province_overlap=1; tsr_overlap_rank=2/2; bsr_source_count=1
322,STATE_322,1740,STATE_1740,merge,0.800,split+merge; province_overlap=4; tsr_overlap_rank=1/2; bsr_source_count=2
322,STATE_322,322,STATE_322,split,1.000,split; province_overlap=4; tsr_overlap_rank=2/2; bsr_source_count=1
325,STATE_325,1884,STATE_1884,split,1.000,split; province_overlap=12; tsr_overlap_rank=1/4; bsr_source_count=1
325,STATE_325,325,STATE_325,split,1.000,split; province_overlap=4; tsr_overlap_rank=2/4; bsr_source_count=1
325,STATE_325,1794,STATE_1794,merge,0.500,split+merge; province_overlap=1; tsr_overlap_rank=3/4; bsr_source_count=2
325,STATE_325,1750,STATE_1750,merge,0.500,split+merge; province_overlap=1; tsr_overlap_rank=4/4; bsr_source_count=2
327,Manila,327,Luzon,merge,0.667,split+merge; province_overlap=6; tsr_overlap_rank=1/3; bsr_source_count=2
327,Manila,624,STATE_624,merge,0.250,split+merge; province_overlap=2; tsr_overlap_rank=2/3; bsr_source_count=2
327,Manila,623,STATE_623,merge,0.200,split+merge; province_overlap=2; tsr_overlap_rank=3/3; bsr_source_count=3
328,Kirin,1022,STATE_1022,split,1.000,split; province_overlap=13; tsr_overlap_rank=1/4; bsr_source_count=1
328,Kirin,1024,STATE_1024,merge,0.562,split+merge; province_overlap=9; tsr_overlap_rank=2/4; bsr_source_count=2
328,Kirin,328,STATE_328,split,1.000,split; province_overlap=9; tsr_overlap_rank=3/4; bsr_source_count=1
328,Kirin,1026,STATE_1026,merge,0.727,split+merge; province_overlap=8; tsr_overlap_rank=4/4; bsr_source_count=2
330,STATE_330,1017,STATE_1017,merge,0.571,split+merge; province_overlap=8; tsr_overlap_rank=1/2; bsr_source_count=3
330,STATE_330,330,STATE_330,merge,0.750,split+merge; province_overlap=6; tsr_overlap_rank=2/2; bsr_source_count=2
332,STATE_332,332,STATE_332,split,1.000,split; province_overlap=4; tsr_overlap_rank=1/2; bsr_source_count=1
332,STATE_332,1659,STATE_1659,split,1.000,split; province_overlap=1; tsr_overlap_rank=2/2; bsr_source_count=1
333,STATE_333,333,STATE_333,merge,1.000,merge; province_overlap=9; bsr_source_count=3
334,STATE_334,1111,STATE_1111,manual,0.143,incompatible province overlap rejected for automatic overlay; province_overlap=1; tsr_tags=INS; bsr_tags=ETH ITA SOM
334,STATE_334,1928,STATE_1928,merge,0.600,split+merge; province_overlap=6; tsr_overlap_rank=1/2; bsr_source_count=2
334,STATE_334,1929,STATE_1929,merge,0.300,split+merge; province_overlap=3; tsr_overlap_rank=2/2; bsr_source_count=3
335,Java,2006,STATE_2006,manual,0.500,incompatible province overlap rejected for automatic overlay; province_overlap=1; tsr_tags=INS; bsr_tags=TUR
335,Java,335,STATE_335,merge,0.667,split+merge; province_overlap=6; tsr_overlap_rank=1/3; bsr_source_count=2
335,Java,1916,STATE_1916,split,1.000,split; province_overlap=2; tsr_overlap_rank=2/3; bsr_source_count=1
335,Java,1918,STATE_1918,merge,0.167,split+merge; province_overlap=1; tsr_overlap_rank=3/3; bsr_source_count=2
336,STATE_336,1773,STATE_1773,manual,0.333,incompatible province overlap rejected for automatic overlay; province_overlap=1; tsr_tags=DAS MAL; bsr_tags=GGO POL
336,STATE_336,336,STATE_336,merge,0.667,merge; province_overlap=2; bsr_source_count=6
338,STATE_338,338,STATE_338,split,1.000,split; province_overlap=4; tsr_overlap_rank=1/3; bsr_source_count=1
338,STATE_338,1401,STATE_1401,merge,0.200,split+merge; province_overlap=1; tsr_overlap_rank=2/3; bsr_source_count=3
338,STATE_338,1709,STATE_1709,merge,0.333,split+merge; province_overlap=1; tsr_overlap_rank=3/3; bsr_source_count=2
339,STATE_339,339,STATE_339,merge,0.750,split+merge; province_overlap=6; tsr_overlap_rank=1/3; bsr_source_count=2
339,STATE_339,1661,STATE_1661,split,1.000,split; province_overlap=3; tsr_overlap_rank=2/3; bsr_source_count=1
339,STATE_339,1675,STATE_1675,split,1.000,split; province_overlap=1; tsr_overlap_rank=3/3; bsr_source_count=1
340,STATE_340,1206,STATE_1206,manual,0.333,incompatible province overlap rejected for automatic overlay; province_overlap=1; tsr_tags=TUR; bsr_tags=SAF
340,STATE_340,681,STATE_681,manual,0.333,incompatible province overlap rejected for automatic overlay; province_overlap=1; tsr_tags=TUR; bsr_tags=SAF
340,STATE_340,339,STATE_339,merge,0.333,split+merge; province_overlap=2; tsr_overlap_rank=1/3; bsr_source_count=2
340,STATE_340,340,STATE_340,merge,0.250,split+merge; province_overlap=1; tsr_overlap_rank=2/3; bsr_source_count=2
340,STATE_340,1662,STATE_1662,merge,0.500,split+merge; province_overlap=1; tsr_overlap_rank=3/3; bsr_source_count=2
341,STATE_341,1207,STATE_1207,manual,0.200,incompatible province overlap rejected for automatic overlay; province_overlap=1; tsr_tags=GRE TUR; bsr_tags=SAF
341,STATE_341,1211,STATE_1211,manual,0.333,incompatible province overlap rejected for automatic overlay; province_overlap=1; tsr_tags=GRE TUR; bsr_tags=SAF
341,STATE_341,1140,STATE_1140,split,1.000,split; province_overlap=2; tsr_overlap_rank=1/2; bsr_source_count=1
341,STATE_341,2002,STATE_2002,split,1.000,split; province_overlap=1; tsr_overlap_rank=2/2; bsr_source_count=1
342,Antalya,342,STATE_342,split,1.000,split; province_overlap=4; tsr_overlap_rank=1/4; bsr_source_count=1
342,Antalya,1707,STATE_1707,split,1.000,split; province_overlap=2; tsr_overlap_rank=2/4; bsr_source_count=1
342,Antalya,951,STATE_951,merge,0.250,split+merge; province_overlap=1; tsr_overlap_rank=3/4; bsr_source_count=2
342,Antalya,343,STATE_343,merge,0.250,split+merge; province_overlap=1; tsr_overlap_rank=4/4; bsr_source_count=3
343,Afyon,954,STATE_954,split,1.000,split; province_overlap=7; tsr_overlap_rank=1/4; bsr_source_count=1
343,Afyon,1663,STATE_1663,merge,0.400,split+merge; province_overlap=2; tsr_overlap_rank=2/4; bsr_source_count=3
343,Afyon,343,STATE_343,merge,0.250,split+merge; province_overlap=1; tsr_overlap_rank=3/4; bsr_source_count=3
343,Afyon,1662,STATE_1662,merge,0.500,split+merge; province_overlap=1; tsr_overlap_rank=4/4; bsr_source_count=2
344,STATE_344,1214,STATE_1214,manual,0.500,incompatible province overlap rejected for automatic overlay; province_overlap=1; tsr_tags=TUR; bsr_tags=SAF
345,STATE_345,951,STATE_951,merge,0.750,split+merge; province_overlap=3; tsr_overlap_rank=1/3; bsr_source_count=2
345,STATE_345,344,STATE_344,merge,0.500,split+merge; province_overlap=3; tsr_overlap_rank=2/3; bsr_source_count=2
345,STATE_345,345,STATE_345,split,1.000,split; province_overlap=3; tsr_overlap_rank=3/3; bsr_source_count=1
346,STATE_346,346,STATE_346,split,1.000,split; province_overlap=7; tsr_overlap_rank=1/5; bsr_source_count=1
346,STATE_346,343,STATE_343,merge,0.500,split+merge; province_overlap=2; tsr_overlap_rank=2/5; bsr_source_count=3
346,STATE_346,1663,STATE_1663,merge,0.400,split+merge; province_overlap=2; tsr_overlap_rank=3/5; bsr_source_count=3
346,STATE_346,348,STATE_348,merge,0.500,split+merge; province_overlap=1; tsr_overlap_rank=4/5; bsr_source_count=2
346,STATE_346,956,STATE_956,merge,0.143,split+merge; province_overlap=1; tsr_overlap_rank=5/5; bsr_source_count=4
347,STATE_347,1206,STATE_1206,manual,0.333,incompatible province overlap rejected for automatic overlay; province_overlap=1; tsr_tags=TUR; bsr_tags=SAF
348,Kayseri,1704,STATE_1704,split,1.000,split; province_overlap=4; tsr_overlap_rank=1/4; bsr_source_count=1
348,Kayseri,344,STATE_344,merge,0.500,split+merge; province_overlap=3; tsr_overlap_rank=2/4; bsr_source_count=2
348,Kayseri,348,STATE_348,merge,0.500,split+merge; province_overlap=1; tsr_overlap_rank=3/4; bsr_source_count=2
348,Kayseri,957,STATE_957,merge,0.250,split+merge; province_overlap=1; tsr_overlap_rank=4/4; bsr_source_count=2
349,STATE_349,349,STATE_349,merge,0.857,split+merge; province_overlap=6; tsr_overlap_rank=1/2; bsr_source_count=2
349,STATE_349,958,STATE_958,merge,0.500,split+merge; province_overlap=2; tsr_overlap_rank=2/2; bsr_source_count=2
350,STATE_350,719,STATE_719,manual,0.333,incompatible province overlap rejected for automatic overlay; province_overlap=1; tsr_tags=KUR TUR; bsr_tags=SAF TRV
350,STATE_350,1210,STATE_1210,manual,0.250,incompatible province overlap rejected for automatic overlay; province_overlap=1; tsr_tags=KUR TUR; bsr_tags=SAF
350,STATE_350,1207,STATE_1207,manual,0.200,incompatible province overlap rejected for automatic overlay; province_overlap=1; tsr_tags=KUR TUR; bsr_tags=SAF
350,STATE_350,350,STATE_350,manual,0.550,same numeric id/name but low province_overlap=0; close candidate tie
351,Vologda,1371,STATE_1371,manual,0.960,incompatible province overlap rejected for automatic overlay; province_overlap=24; tsr_tags=RUS; bsr_tags=SOV
351,Vologda,1255,STATE_1255,manual,0.080,incompatible province overlap rejected for automatic overlay; province_overlap=2; tsr_tags=RUS; bsr_tags=SOV
351,Vologda,17,STATE_17,manual,0.200,incompatible province overlap rejected for automatic overlay; province_overlap=1; tsr_tags=RUS; bsr_tags=BGN FRA GER
351,Vologda,351,STATE_351,province_overlap,0.741,province_overlap=43
352,STATE_352,960,STATE_960,merge,0.667,split+merge; province_overlap=2; tsr_overlap_rank=1/2; bsr_source_count=2
352,STATE_352,352,STATE_352,merge,0.500,split+merge; province_overlap=1; tsr_overlap_rank=2/2; bsr_source_count=2
353,STATE_353,1208,STATE_1208,manual,0.250,incompatible province overlap rejected for automatic overlay; province_overlap=1; tsr_tags=KUR TUR; bsr_tags=SAF
353,STATE_353,959,STATE_959,merge,0.833,merge; province_overlap=5; bsr_source_count=3
354,STATE_354,1218,STATE_1218,manual,0.500,incompatible province overlap rejected for automatic overlay; province_overlap=1; tsr_tags=ARM TUR; bsr_tags=SAF TRV
354,STATE_354,1552,STATE_1552,split,1.000,split; province_overlap=5; tsr_overlap_rank=1/4; bsr_source_count=1
354,STATE_354,354,STATE_354,split,1.000,split; province_overlap=4; tsr_overlap_rank=2/4; bsr_source_count=1
354,STATE_354,959,STATE_959,merge,0.125,split+merge; province_overlap=1; tsr_overlap_rank=3/4; bsr_source_count=3
354,STATE_354,349,STATE_349,merge,0.143,split+merge; province_overlap=1; tsr_overlap_rank=4/4; bsr_source_count=2
355,STATE_355,955,STATE_955,split,1.000,split; province_overlap=4; tsr_overlap_rank=1/3; bsr_source_count=1
355,STATE_355,355,STATE_355,split,1.000,split; province_overlap=3; tsr_overlap_rank=2/3; bsr_source_count=1
355,STATE_355,958,STATE_958,merge,0.500,split+merge; province_overlap=2; tsr_overlap_rank=3/3; bsr_source_count=2
356,Kastamonu,356,STATE_356,split,1.000,split; province_overlap=7; tsr_overlap_rank=1/3; bsr_source_count=1
356,Kastamonu,956,STATE_956,merge,0.286,split+merge; province_overlap=2; tsr_overlap_rank=2/3; bsr_source_count=4
356,Kastamonu,1678,STATE_1678,split,1.000,split; province_overlap=2; tsr_overlap_rank=3/3; bsr_source_count=1
357,STATE_357,357,STATE_357,split,1.000,split; province_overlap=7; tsr_overlap_rank=1/8; bsr_source_count=1
357,STATE_357,836,STATE_836,split,1.000,split; province_overlap=6; tsr_overlap_rank=2/8; bsr_source_count=1
357,STATE_357,835,STATE_835,split,1.000,split; province_overlap=5; tsr_overlap_rank=3/8; bsr_source_count=1
357,STATE_357,837,STATE_837,split,1.000,split; province_overlap=4; tsr_overlap_rank=4/8; bsr_source_count=1
357,STATE_357,839,STATE_839,split,0.800,split; province_overlap=4; tsr_overlap_rank=5/8; bsr_source_count=1
357,STATE_357,838,STATE_838,split,1.000,split; province_overlap=3; tsr_overlap_rank=6/8; bsr_source_count=1
357,STATE_357,1648,STATE_1648,split,0.500,split; province_overlap=1; tsr_overlap_rank=7/8; bsr_source_count=1
357,STATE_357,840,STATE_840,split,1.000,split; province_overlap=1; tsr_overlap_rank=8/8; bsr_source_count=1
358,STATE_358,358,STATE_358,split,1.000,split; province_overlap=17; tsr_overlap_rank=1/3; bsr_source_count=1
358,STATE_358,1684,STATE_1684,split,1.000,split; province_overlap=14; tsr_overlap_rank=2/3; bsr_source_count=1
358,STATE_358,1175,STATE_1175,split,1.000,split; province_overlap=2; tsr_overlap_rank=3/3; bsr_source_count=1
359,STATE_359,359,STATE_359,split,1.000,split; province_overlap=3; tsr_overlap_rank=1/3; bsr_source_count=1
359,STATE_359,1999,STATE_1999,split,1.000,split; province_overlap=3; tsr_overlap_rank=2/3; bsr_source_count=1
359,STATE_359,1998,STATE_1998,split,1.000,split; province_overlap=2; tsr_overlap_rank=3/3; bsr_source_count=1
360,STATE_360,360,STATE_360,split,1.000,split; province_overlap=21; tsr_overlap_rank=1/3; bsr_source_count=1
360,STATE_360,1683,STATE_1683,split,0.917,split; province_overlap=11; tsr_overlap_rank=2/3; bsr_source_count=1
360,STATE_360,1682,STATE_1682,split,1.000,split; province_overlap=3; tsr_overlap_rank=3/3; bsr_source_count=1
361,STATE_361,844,STATE_844,split,1.000,split; province_overlap=6; tsr_overlap_rank=1/3; bsr_source_count=1
361,STATE_361,361,STATE_361,split,1.000,split; province_overlap=1; tsr_overlap_rank=2/3; bsr_source_count=1
361,STATE_361,841,STATE_841,split,1.000,split; province_overlap=1; tsr_overlap_rank=3/3; bsr_source_count=1
362,STATE_362,362,STATE_362,split,1.000,split; province_overlap=17; tsr_overlap_rank=1/2; bsr_source_count=1
362,STATE_362,1456,STATE_1456,split,1.000,split; province_overlap=1; tsr_overlap_rank=2/2; bsr_source_count=1
367,STATE_367,1497,STATE_1497,split,1.000,split; province_overlap=9; tsr_overlap_rank=1/3; bsr_source_count=1
367,STATE_367,367,STATE_367,split,1.000,split; province_overlap=5; tsr_overlap_rank=2/3; bsr_source_count=1
367,STATE_367,1494,STATE_1494,split,1.000,split; province_overlap=2; tsr_overlap_rank=3/3; bsr_source_count=1
370,STATE_370,370,STATE_370,split,1.000,split; province_overlap=9; tsr_overlap_rank=1/3; bsr_source_count=1
370,STATE_370,1496,STATE_1496,split,1.000,split; province_overlap=3; tsr_overlap_rank=2/3; bsr_source_count=1
370,STATE_370,1495,STATE_1495,split,1.000,split; province_overlap=2; tsr_overlap_rank=3/3; bsr_source_count=1
371,STATE_371,858,STATE_858,split,1.000,split; province_overlap=5; tsr_overlap_rank=1/5; bsr_source_count=1
371,STATE_371,371,STATE_371,split,1.000,split; province_overlap=4; tsr_overlap_rank=2/5; bsr_source_count=1
371,STATE_371,845,STATE_845,split,1.000,split; province_overlap=2; tsr_overlap_rank=3/5; bsr_source_count=1
371,STATE_371,1615,STATE_1615,split,0.400,split; province_overlap=2; tsr_overlap_rank=4/5; bsr_source_count=1
371,STATE_371,1618,STATE_1618,split,1.000,split; province_overlap=1; tsr_overlap_rank=5/5; bsr_source_count=1
374,STATE_374,374,STATE_374,split,1.000,split; province_overlap=15; tsr_overlap_rank=1/2; bsr_source_count=1
374,STATE_374,849,STATE_849,split,1.000,split; province_overlap=1; tsr_overlap_rank=2/2; bsr_source_count=1
375,STATE_375,852,STATE_852,split,1.000,split; province_overlap=13; tsr_overlap_rank=1/8; bsr_source_count=1
375,STATE_375,375,STATE_375,split,1.000,split; province_overlap=12; tsr_overlap_rank=2/8; bsr_source_count=1
375,STATE_375,1699,STATE_1699,split,1.000,split; province_overlap=7; tsr_overlap_rank=3/8; bsr_source_count=1
375,STATE_375,850,STATE_850,split,0.500,split; province_overlap=4; tsr_overlap_rank=4/8; bsr_source_count=1
375,STATE_375,851,STATE_851,split,1.000,split; province_overlap=4; tsr_overlap_rank=5/8; bsr_source_count=1
375,STATE_375,1616,STATE_1616,split,0.750,split; province_overlap=3; tsr_overlap_rank=6/8; bsr_source_count=1
375,STATE_375,1698,STATE_1698,split,1.000,split; province_overlap=3; tsr_overlap_rank=7/8; bsr_source_count=1
375,STATE_375,1697,STATE_1697,split,1.000,split; province_overlap=3; tsr_overlap_rank=8/8; bsr_source_count=1
376,STATE_376,376,STATE_376,split,0.800,split; province_overlap=4; tsr_overlap_rank=1/7; bsr_source_count=1
376,STATE_376,1200,STATE_1200,split,0.600,split; province_overlap=3; tsr_overlap_rank=2/7; bsr_source_count=1
376,STATE_376,1623,STATE_1623,split,1.000,split; province_overlap=3; tsr_overlap_rank=3/7; bsr_source_count=1
376,STATE_376,1064,STATE_1064,split,0.667,split; province_overlap=2; tsr_overlap_rank=4/7; bsr_source_count=1
376,STATE_376,1199,STATE_1199,split,1.000,split; province_overlap=1; tsr_overlap_rank=5/7; bsr_source_count=1
376,STATE_376,1567,STATE_1567,split,1.000,split; province_overlap=1; tsr_overlap_rank=6/7; bsr_source_count=1
376,STATE_376,1873,STATE_1873,split,1.000,split; province_overlap=1; tsr_overlap_rank=7/7; bsr_source_count=1
377,STATE_377,377,STATE_377,split,1.000,split; province_overlap=7; tsr_overlap_rank=1/4; bsr_source_count=1
377,STATE_377,1566,STATE_1566,split,1.000,split; province_overlap=3; tsr_overlap_rank=2/4; bsr_source_count=1
377,STATE_377,1874,STATE_1874,split,0.667,split; province_overlap=2; tsr_overlap_rank=3/4; bsr_source_count=1
377,STATE_377,1195,STATE_1195,split,0.500,split; province_overlap=2; tsr_overlap_rank=4/4; bsr_source_count=1
378,STATE_378,854,STATE_854,split,1.000,split; province_overlap=21; tsr_overlap_rank=1/13; bsr_source_count=1
378,STATE_378,378,STATE_378,split,1.000,split; province_overlap=5; tsr_overlap_rank=2/13; bsr_source_count=1
378,STATE_378,1694,STATE_1694,split,1.000,split; province_overlap=4; tsr_overlap_rank=3/13; bsr_source_count=1
378,STATE_378,1690,STATE_1690,split,1.000,split; province_overlap=4; tsr_overlap_rank=4/13; bsr_source_count=1
378,STATE_378,855,STATE_855,split,0.800,split; province_overlap=4; tsr_overlap_rank=5/13; bsr_source_count=1
378,STATE_378,1691,STATE_1691,split,1.000,split; province_overlap=4; tsr_overlap_rank=6/13; bsr_source_count=1
378,STATE_378,1695,STATE_1695,split,1.000,split; province_overlap=3; tsr_overlap_rank=7/13; bsr_source_count=1
378,STATE_378,1692,STATE_1692,split,1.000,split; province_overlap=3; tsr_overlap_rank=8/13; bsr_source_count=1
378,STATE_378,1693,STATE_1693,split,1.000,split; province_overlap=3; tsr_overlap_rank=9/13; bsr_source_count=1
378,STATE_378,1689,STATE_1689,split,1.000,split; province_overlap=2; tsr_overlap_rank=10/13; bsr_source_count=1
378,STATE_378,1696,STATE_1696,split,1.000,split; province_overlap=2; tsr_overlap_rank=11/13; bsr_source_count=1
378,STATE_378,1518,STATE_1518,split,1.000,split; province_overlap=1; tsr_overlap_rank=12/13; bsr_source_count=1
378,STATE_378,1517,STATE_1517,split,1.000,split; province_overlap=1; tsr_overlap_rank=13/13; bsr_source_count=1
379,STATE_379,379,STATE_379,split,1.000,split; province_overlap=9; tsr_overlap_rank=1/3; bsr_source_count=1
379,STATE_379,853,STATE_853,split,1.000,split; province_overlap=4; tsr_overlap_rank=2/3; bsr_source_count=1
379,STATE_379,1676,STATE_1676,split,0.500,split; province_overlap=1; tsr_overlap_rank=3/3; bsr_source_count=1
380,STATE_380,380,STATE_380,split,1.000,split; province_overlap=12; tsr_overlap_rank=1/2; bsr_source_count=1
380,STATE_380,1875,STATE_1875,split,1.000,split; province_overlap=1; tsr_overlap_rank=2/2; bsr_source_count=1
381,STATE_381,1862,STATE_1862,split,1.000,split; province_overlap=5; tsr_overlap_rank=1/6; bsr_source_count=1
381,STATE_381,381,STATE_381,split,0.667,split; province_overlap=4; tsr_overlap_rank=2/6; bsr_source_count=1
381,STATE_381,1652,STATE_1652,split,1.000,split; province_overlap=1; tsr_overlap_rank=3/6; bsr_source_count=1
381,STATE_381,1290,STATE_1290,split,1.000,split; province_overlap=1; tsr_overlap_rank=4/6; bsr_source_count=1
381,STATE_381,1150,STATE_1150,split,1.000,split; province_overlap=1; tsr_overlap_rank=5/6; bsr_source_count=1
381,STATE_381,846,STATE_846,split,0.500,split; province_overlap=1; tsr_overlap_rank=6/6; bsr_source_count=1
382,STATE_382,847,STATE_847,split,1.000,split; province_overlap=8; tsr_overlap_rank=1/4; bsr_source_count=1
382,STATE_382,382,STATE_382,split,1.000,split; province_overlap=5; tsr_overlap_rank=2/4; bsr_source_count=1
382,STATE_382,1632,STATE_1632,split,0.500,split; province_overlap=2; tsr_overlap_rank=3/4; bsr_source_count=1
382,STATE_382,1065,STATE_1065,split,0.667,split; province_overlap=2; tsr_overlap_rank=4/4; bsr_source_count=1
383,STATE_383,383,STATE_383,split,1.000,split; province_overlap=14; tsr_overlap_rank=1/2; bsr_source_count=1
383,STATE_383,848,STATE_848,split,1.000,split; province_overlap=1; tsr_overlap_rank=2/2; bsr_source_count=1
384,STATE_384,384,STATE_384,split,1.000,split; province_overlap=8; tsr_overlap_rank=1/2; bsr_source_count=1
384,STATE_384,1861,STATE_1861,split,1.000,split; province_overlap=5; tsr_overlap_rank=2/2; bsr_source_count=1
385,STATE_385,1649,STATE_1649,split,1.000,split; province_overlap=9; tsr_overlap_rank=1/3; bsr_source_count=1
385,STATE_385,385,STATE_385,split,1.000,split; province_overlap=8; tsr_overlap_rank=2/3; bsr_source_count=1
385,STATE_385,1640,STATE_1640,split,1.000,split; province_overlap=6; tsr_overlap_rank=3/3; bsr_source_count=1
387,STATE_387,387,STATE_387,split,1.000,split; province_overlap=10; tsr_overlap_rank=1/2; bsr_source_count=1
387,STATE_387,1641,STATE_1641,split,1.000,split; province_overlap=3; tsr_overlap_rank=2/2; bsr_source_count=1
388,STATE_388,388,STATE_388,split,0.941,split; province_overlap=16; tsr_overlap_rank=1/3; bsr_source_count=1
388,STATE_388,1859,STATE_1859,split,1.000,split; province_overlap=4; tsr_overlap_rank=2/3; bsr_source_count=1
388,STATE_388,859,STATE_859,split,1.000,split; province_overlap=3; tsr_overlap_rank=3/3; bsr_source_count=1
389,STATE_389,389,STATE_389,split,1.000,split; province_overlap=5; tsr_overlap_rank=1/3; bsr_source_count=1
389,STATE_389,1610,STATE_1610,split,0.800,split; province_overlap=4; tsr_overlap_rank=2/3; bsr_source_count=1
389,STATE_389,1863,STATE_1863,split,1.000,split; province_overlap=3; tsr_overlap_rank=3/3; bsr_source_count=1
390,STATE_390,1860,STATE_1860,split,1.000,split; province_overlap=6; tsr_overlap_rank=1/2; bsr_source_count=1
390,STATE_390,390,STATE_390,split,1.000,split; province_overlap=6; tsr_overlap_rank=2/2; bsr_source_count=1
391,STATE_391,391,STATE_391,split,1.000,split; province_overlap=11; tsr_overlap_rank=1/4; bsr_source_count=1
391,STATE_391,857,STATE_857,split,1.000,split; province_overlap=6; tsr_overlap_rank=2/4; bsr_source_count=1
391,STATE_391,1608,STATE_1608,split,0.667,split; province_overlap=2; tsr_overlap_rank=3/4; bsr_source_count=1
391,STATE_391,1889,STATE_1889,split,1.000,split; province_overlap=1; tsr_overlap_rank=4/4; bsr_source_count=1
393,STATE_393,393,STATE_393,split,1.000,split; province_overlap=19; tsr_overlap_rank=1/2; bsr_source_count=1
393,STATE_393,856,STATE_856,split,1.000,split; province_overlap=5; tsr_overlap_rank=2/2; bsr_source_count=1
397,STATE_397,214,STATE_214,manual,0.231,incompatible province overlap rejected for automatic overlay; province_overlap=3; tsr_tags=KOM RUS; bsr_tags=SOV
397,STATE_397,397,STATE_397,merge,0.864,merge; province_overlap=19; bsr_source_count=3
398,STATE_398,1360,STATE_1360,manual,0.429,incompatible province overlap rejected for automatic overlay; province_overlap=3; tsr_tags=RUS; bsr_tags=KOM SOV
398,STATE_398,581,STATE_581,manual,0.200,incompatible province overlap rejected for automatic overlay; province_overlap=1; tsr_tags=RUS; bsr_tags=KOM SOV
400,STATE_400,399,STATE_399,manual,0.600,incompatible province overlap rejected for automatic overlay; province_overlap=24; tsr_tags=RUS; bsr_tags=KOM SOV
400,STATE_400,785,STATE_785,manual,0.333,incompatible province overlap rejected for automatic overlay; province_overlap=1; tsr_tags=RUS; bsr_tags=FRA GER
402,STATE_402,1120,STATE_1120,manual,0.250,incompatible province overlap rejected for automatic overlay; province_overlap=1; tsr_tags=KAZ RUS; bsr_tags=IDL SOV
402,STATE_402,402,STATE_402,merge,0.880,split+merge; province_overlap=22; tsr_overlap_rank=1/3; bsr_source_count=2
402,STATE_402,999,STATE_999,split,1.000,split; province_overlap=7; tsr_overlap_rank=2/3; bsr_source_count=1
402,STATE_402,1469,STATE_1469,merge,0.250,split+merge; province_overlap=3; tsr_overlap_rank=3/3; bsr_source_count=2
404,Kyzyl Orda,404,STATE_404,merge,0.500,split+merge; province_overlap=9; tsr_overlap_rank=1/4; bsr_source_count=3
404,Kyzyl Orda,1469,STATE_1469,merge,0.417,split+merge; province_overlap=5; tsr_overlap_rank=2/4; bsr_source_count=2
404,Kyzyl Orda,1828,STATE_1828,split,1.000,split; province_overlap=3; tsr_overlap_rank=3/4; bsr_source_count=1
404,Kyzyl Orda,586,STATE_586,merge,0.091,split+merge; province_overlap=1; tsr_overlap_rank=4/4; bsr_source_count=2
405,Tashkent,1469,STATE_1469,manual,0.200,incompatible province overlap rejected for automatic overlay; province_overlap=1; tsr_tags=RUS UZB; bsr_tags=KAZ SOV
405,Tashkent,405,STATE_405,split,1.000,split; province_overlap=2; tsr_overlap_rank=1/3; bsr_source_count=1
405,Tashkent,1463,STATE_1463,merge,0.500,split+merge; province_overlap=1; tsr_overlap_rank=2/3; bsr_source_count=2
405,Tashkent,1489,STATE_1489,split,0.333,split; province_overlap=1; tsr_overlap_rank=3/3; bsr_source_count=1
406,Gurev,1122,STATE_1122,split,1.000,split; province_overlap=10; tsr_overlap_rank=1/2; bsr_source_count=1
406,Gurev,406,STATE_406,split,1.000,split; province_overlap=9; tsr_overlap_rank=2/2; bsr_source_count=1
407,STATE_407,407,STATE_407,split,1.000,split; province_overlap=25; tsr_overlap_rank=1/2; bsr_source_count=1
407,STATE_407,1123,STATE_1123,split,1.000,split; province_overlap=14; tsr_overlap_rank=2/2; bsr_source_count=1
408,STATE_408,717,STATE_717,manual,0.043,incompatible province overlap rejected for automatic overlay; province_overlap=1; tsr_tags=FER RUS VLA; bsr_tags=CHI MAN PRC
408,STATE_408,1407,STATE_1407,split,1.000,split; province_overlap=34; tsr_overlap_rank=1/2; bsr_source_count=1
408,STATE_408,408,STATE_408,split,1.000,split; province_overlap=1; tsr_overlap_rank=2/2; bsr_source_count=1
409,STATE_409,409,STATE_409,split,1.000,split; province_overlap=24; tsr_overlap_rank=1/2; bsr_source_count=1
409,STATE_409,970,STATE_970,split,1.000,split; province_overlap=2; tsr_overlap_rank=2/2; bsr_source_count=1
410,STATE_410,410,STATE_410,split,1.000,split; province_overlap=5; tsr_overlap_rank=1/2; bsr_source_count=1
410,STATE_410,412,STATE_412,merge,0.286,split+merge; province_overlap=2; tsr_overlap_rank=2/2; bsr_source_count=3
411,Isfahan,411,STATE_411,merge,0.833,split+merge; province_overlap=5; tsr_overlap_rank=1/2; bsr_source_count=2
411,Isfahan,1394,STATE_1394,merge,0.500,split+merge; province_overlap=1; tsr_overlap_rank=2/2; bsr_source_count=2
412,STATE_412,829,STATE_829,manual,0.333,incompatible province overlap rejected for automatic overlay; province_overlap=1; tsr_tags=PER; bsr_tags=MOL SOV UKR
412,STATE_412,412,STATE_412,merge,0.900,merge; province_overlap=9; bsr_source_count=3
413,STATE_413,413,STATE_413,split,1.000,split; province_overlap=2; tsr_overlap_rank=1/3; bsr_source_count=1
413,STATE_413,412,STATE_412,merge,0.250,split+merge; province_overlap=1; tsr_overlap_rank=2/3; bsr_source_count=3
413,STATE_413,1249,STATE_1249,split,0.500,split; province_overlap=1; tsr_overlap_rank=3/3; bsr_source_count=1
414,STATE_414,414,STATE_414,merge,1.000,merge; province_overlap=4; bsr_source_count=3
415,Herat,415,STATE_415,merge,0.667,split+merge; province_overlap=4; tsr_overlap_rank=1/2; bsr_source_count=2
415,Herat,1130,STATE_1130,merge,0.333,split+merge; province_overlap=2; tsr_overlap_rank=2/2; bsr_source_count=3
416,STATE_416,416,STATE_416,merge,0.800,split+merge; province_overlap=4; tsr_overlap_rank=1/2; bsr_source_count=2
416,STATE_416,1474,STATE_1474,merge,0.500,split+merge; province_overlap=2; tsr_overlap_rank=2/2; bsr_source_count=2
417,Hamadan,417,STATE_417,merge,0.667,split+merge; province_overlap=2; tsr_overlap_rank=1/3; bsr_source_count=2
417,Hamadan,1392,STATE_1392,merge,0.667,split+merge; province_overlap=2; tsr_overlap_rank=2/3; bsr_source_count=2
417,Hamadan,1394,STATE_1394,merge,0.500,split+merge; province_overlap=1; tsr_overlap_rank=3/3; bsr_source_count=2
418,STATE_418,418,STATE_418,split,1.000,split; province_overlap=6; tsr_overlap_rank=1/2; bsr_source_count=1
418,STATE_418,414,STATE_414,merge,0.143,split+merge; province_overlap=1; tsr_overlap_rank=2/2; bsr_source_count=3
419,STATE_419,1086,STATE_1086,split,0.750,split; province_overlap=3; tsr_overlap_rank=1/2; bsr_source_count=1
419,STATE_419,419,STATE_419,merge,0.200,split+merge; province_overlap=1; tsr_overlap_rank=2/2; bsr_source_count=2
420,STATE_420,420,STATE_420,split,0.800,split; province_overlap=4; tsr_overlap_rank=1/3; bsr_source_count=1
420,STATE_420,1393,STATE_1393,split,1.000,split; province_overlap=2; tsr_overlap_rank=2/3; bsr_source_count=1
420,STATE_420,1392,STATE_1392,merge,0.333,split+merge; province_overlap=1; tsr_overlap_rank=3/3; bsr_source_count=2
421,STATE_421,1248,STATE_1248,split,0.667,split; province_overlap=2; tsr_overlap_rank=1/2; bsr_source_count=1
421,STATE_421,417,STATE_417,merge,0.333,split+merge; province_overlap=1; tsr_overlap_rank=2/2; bsr_source_count=2
422,STATE_422,422,STATE_422,split,1.000,split; province_overlap=5; tsr_overlap_rank=1/2; bsr_source_count=1
422,STATE_422,1817,STATE_1817,split,1.000,split; province_overlap=3; tsr_overlap_rank=2/2; bsr_source_count=1
423,STATE_423,425,Mysore,manual,0.400,incompatible province overlap rejected for automatic overlay; province_overlap=2; tsr_tags=DRV; bsr_tags=RAJ
425,Mysore,1946,Mysore,split,0.875,split; province_overlap=7; tsr_overlap_rank=1/3; bsr_source_count=1
425,Mysore,425,Mysore,split,0.600,split; province_overlap=3; tsr_overlap_rank=2/3; bsr_source_count=1
425,Mysore,1949,Mysore,split,0.500,split; province_overlap=2; tsr_overlap_rank=3/3; bsr_source_count=1
426,Orissa,1947,Madras,manual,1.000,incompatible province overlap rejected for automatic overlay; province_overlap=3; tsr_tags=IND; bsr_tags=RAJ
427,STATE_427,424,Madras,manual,0.176,incompatible province overlap rejected for automatic overlay; province_overlap=3; tsr_tags=HYD; bsr_tags=RAJ
427,STATE_427,429,STATE_429,manual,0.118,incompatible province overlap rejected for automatic overlay; province_overlap=2; tsr_tags=HYD; bsr_tags=RAJ
429,Bombay,428,STATE_428,manual,0.188,incompatible province overlap rejected for automatic overlay; province_overlap=3; tsr_tags=IND MRA; bsr_tags=RAJ
429,Bombay,427,STATE_427,manual,0.062,incompatible province overlap rejected for automatic overlay; province_overlap=1; tsr_tags=IND MRA; bsr_tags=HYD RAJ
430,STATE_430,1726,STATE_1726,split,1.000,split; province_overlap=11; tsr_overlap_rank=1/2; bsr_source_count=1
430,STATE_430,430,STATE_430,merge,0.889,split+merge; province_overlap=8; tsr_overlap_rank=2/2; bsr_source_count=2
431,STATE_431,1272,STATE_1272,manual,1.000,incompatible province overlap rejected for automatic overlay; province_overlap=4; tsr_tags=BAN IND; bsr_tags=RAJ
431,STATE_431,1869,STATE_1869,manual,1.000,incompatible province overlap rejected for automatic overlay; province_overlap=1; tsr_tags=BAN IND; bsr_tags=RAJ
432,STATE_432,1812,STATE_1812,manual,1.000,incompatible province overlap rejected for automatic overlay; province_overlap=1; tsr_tags=BAN; bsr_tags=RAJ
432,STATE_432,432,STATE_432,split,0.833,split; province_overlap=10; tsr_overlap_rank=1/2; bsr_source_count=1
432,STATE_432,430,STATE_430,merge,0.111,split+merge; province_overlap=1; tsr_overlap_rank=2/2; bsr_source_count=2
435,STATE_435,438,STATE_438,manual,0.118,incompatible province overlap rejected for automatic overlay; province_overlap=2; tsr_tags=IND; bsr_tags=RAJ
436,"Central provinces, was Jabalpur",427,STATE_427,manual,0.176,incompatible province overlap rejected for automatic overlay; province_overlap=3; tsr_tags=IND; bsr_tags=HYD RAJ
438,STATE_438,1342,STATE_1342,manual,0.800,incompatible province overlap rejected for automatic overlay; province_overlap=4; tsr_tags=IND; bsr_tags=RAJ
439,STATE_439,438,STATE_438,manual,0.500,incompatible province overlap rejected for automatic overlay; province_overlap=2; tsr_tags=IND; bsr_tags=RAJ
440,STATE_440,1343,STATE_1343,manual,0.667,incompatible province overlap rejected for automatic overlay; province_overlap=2; tsr_tags=KHL PAK; bsr_tags=PUN RAJ
441,STATE_441,984,STATE_984,manual,1.000,incompatible province overlap rejected for automatic overlay; province_overlap=1; tsr_tags=KAS KHL; bsr_tags=KSH RAJ TIB
442,STATE_442,442,STATE_442,merge,1.000,merge; province_overlap=3; bsr_source_count=3
443,Sind,443,STATE_443,split,1.000,split; province_overlap=7; tsr_overlap_rank=1/2; bsr_source_count=1
443,Sind,1124,STATE_1124,merge,0.750,split+merge; province_overlap=3; tsr_overlap_rank=2/2; bsr_source_count=2
444,STATE_444,444,STATE_444,split,1.000,split; province_overlap=4; tsr_overlap_rank=1/2; bsr_source_count=1
444,STATE_444,1881,STATE_1881,split,1.000,split; province_overlap=1; tsr_overlap_rank=2/2; bsr_source_count=1
445,STATE_445,445,STATE_445,merge,1.000,merge; province_overlap=4; bsr_source_count=2
446,Suez,1237,STATE_1237,split,1.000,split; province_overlap=2; tsr_overlap_rank=1/2; bsr_source_count=1
446,Suez,995,STATE_995,split,1.000,split; province_overlap=2; tsr_overlap_rank=2/2; bsr_source_count=1
447,STATE_447,447,STATE_447,split,0.800,split; province_overlap=4; tsr_overlap_rank=1/2; bsr_source_count=1
447,STATE_447,1274,STATE_1274,merge,0.750,split+merge; province_overlap=3; tsr_overlap_rank=2/2; bsr_source_count=2
449,El Agheila,449,STATE_449,split,1.000,split; province_overlap=5; tsr_overlap_rank=1/2; bsr_source_count=1
449,El Agheila,450,STATE_450,merge,0.333,split+merge; province_overlap=2; tsr_overlap_rank=2/2; bsr_source_count=2
450,STATE_450,450,STATE_450,merge,1.000,merge; province_overlap=4; bsr_source_count=2
452,STATE_452,452,STATE_452,split,1.000,split; province_overlap=8; tsr_overlap_rank=1/2; bsr_source_count=1
452,STATE_452,552,STATE_552,merge,0.111,split+merge; province_overlap=1; tsr_overlap_rank=2/2; bsr_source_count=2
453,STATE_453,1288,STATE_1288,split,0.833,split; province_overlap=5; tsr_overlap_rank=1/2; bsr_source_count=1
453,STATE_453,453,STATE_453,split,1.000,split; province_overlap=2; tsr_overlap_rank=2/2; bsr_source_count=1
454,Palestine,1233,STATE_1233,split,0.800,split; province_overlap=4; tsr_overlap_rank=1/5; bsr_source_count=1
454,Palestine,454,STATE_454,split,0.667,split; province_overlap=2; tsr_overlap_rank=2/5; bsr_source_count=1
454,Palestine,1586,STATE_1586,split,1.000,split; province_overlap=1; tsr_overlap_rank=3/5; bsr_source_count=1
454,Palestine,1232,STATE_1232,split,1.000,split; province_overlap=1; tsr_overlap_rank=4/5; bsr_source_count=1
454,Palestine,1236,STATE_1236,split,1.000,split; province_overlap=1; tsr_overlap_rank=5/5; bsr_source_count=1
455,STATE_455,1238,STATE_1238,manual,0.500,incompatible province overlap rejected for automatic overlay; province_overlap=1; tsr_tags=SYR; bsr_tags=ENG JOR
456,Aswan,456,STATE_456,split,0.556,split; province_overlap=5; tsr_overlap_rank=1/4; bsr_source_count=1
456,Aswan,1279,STATE_1279,split,0.500,split; province_overlap=4; tsr_overlap_rank=2/4; bsr_source_count=1
456,Aswan,1277,STATE_1277,split,0.500,split; province_overlap=3; tsr_overlap_rank=3/4; bsr_source_count=1
456,Aswan,1278,STATE_1278,split,0.500,split; province_overlap=3; tsr_overlap_rank=4/4; bsr_source_count=1
457,Arabian Desert,1569,Arabian Desert,split,1.000,split; province_overlap=5; tsr_overlap_rank=1/2; bsr_source_count=1
457,Arabian Desert,457,Arabian Desert,split,1.000,split; province_overlap=4; tsr_overlap_rank=2/2; bsr_source_count=1
458,STATE_458,458,STATE_458,split,1.000,split; province_overlap=9; tsr_overlap_rank=1/2; bsr_source_count=1
458,STATE_458,1935,STATE_1935,split,1.000,split; province_overlap=3; tsr_overlap_rank=2/2; bsr_source_count=1
459,Algiers,1577,STATE_1577,merge,0.700,split+merge; province_overlap=7; tsr_overlap_rank=1/2; bsr_source_count=2
459,Algiers,459,STATE_459,merge,0.333,split+merge; province_overlap=3; tsr_overlap_rank=2/2; bsr_source_count=2
460,Constantine,460,STATE_460,merge,1.000,merge; province_overlap=11; bsr_source_count=2
463,STATE_463,463,STATE_463,split,1.000,split; province_overlap=9; tsr_overlap_rank=1/4; bsr_source_count=1
463,STATE_463,1621,STATE_1621,split,1.000,split; province_overlap=3; tsr_overlap_rank=2/4; bsr_source_count=1
463,STATE_463,1562,STATE_1562,split,1.000,split; province_overlap=2; tsr_overlap_rank=3/4; bsr_source_count=1
463,STATE_463,1564,STATE_1564,split,1.000,split; province_overlap=1; tsr_overlap_rank=4/4; bsr_source_count=1
466,STATE_466,1984,STATE_1984,manual,1.000,incompatible province overlap rejected for automatic overlay; province_overlap=1; tsr_tags=CAN QUE; bsr_tags=GAL GER POL
466,STATE_466,1658,STATE_1658,split,0.833,split; province_overlap=5; tsr_overlap_rank=1/3; bsr_source_count=1
466,STATE_466,683,STATE_683,merge,0.188,split+merge; province_overlap=3; tsr_overlap_rank=2/3; bsr_source_count=2
466,STATE_466,1687,STATE_1687,merge,0.250,split+merge; province_overlap=2; tsr_overlap_rank=3/3; bsr_source_count=3
467,STATE_467,467,STATE_467,merge,0.917,merge; province_overlap=11; bsr_source_count=2
468,Saint Lawrence,842,STATE_842,split,1.000,split; province_overlap=11; tsr_overlap_rank=1/2; bsr_source_count=1
468,Saint Lawrence,468,STATE_468,split,1.000,split; province_overlap=4; tsr_overlap_rank=2/2; bsr_source_count=1
469,STATE_469,469,STATE_469,merge,1.000,merge; province_overlap=14; bsr_source_count=2
470,STATE_470,470,STATE_470,merge,1.000,merge; province_overlap=17; bsr_source_count=2
471,STATE_471,473,STATE_473,merge,0.556,split+merge; province_overlap=5; tsr_overlap_rank=1/2; bsr_source_count=2
471,STATE_471,1419,STATE_1419,merge,0.500,split+merge; province_overlap=3; tsr_overlap_rank=2/2; bsr_source_count=2
472,STATE_472,472,STATE_472,split,0.417,split; province_overlap=5; tsr_overlap_rank=1/4; bsr_source_count=1
472,STATE_472,1668,STATE_1668,split,0.333,split; province_overlap=1; tsr_overlap_rank=2/4; bsr_source_count=1
472,STATE_472,470,STATE_470,merge,0.071,split+merge; province_overlap=1; tsr_overlap_rank=3/4; bsr_source_count=2
472,STATE_472,1667,STATE_1667,split,1.000,split; province_overlap=1; tsr_overlap_rank=4/4; bsr_source_count=1
473,STATE_473,473,STATE_473,merge,0.773,split+merge; province_overlap=17; tsr_overlap_rank=1/3; bsr_source_count=2
473,STATE_473,1418,STATE_1418,split,1.000,split; province_overlap=3; tsr_overlap_rank=2/3; bsr_source_count=1
473,STATE_473,1419,STATE_1419,merge,0.333,split+merge; province_overlap=2; tsr_overlap_rank=3/3; bsr_source_count=2
475,STATE_475,475,STATE_475,split,1.000,split; province_overlap=2; tsr_overlap_rank=1/2; bsr_source_count=1
475,STATE_475,1849,STATE_1849,split,1.000,split; province_overlap=1; tsr_overlap_rank=2/2; bsr_source_count=1
476,STATE_476,1844,STATE_1844,split,1.000,split; province_overlap=3; tsr_overlap_rank=1/2; bsr_source_count=1
476,STATE_476,476,STATE_476,split,1.000,split; province_overlap=2; tsr_overlap_rank=2/2; bsr_source_count=1
478,Jalisco,478,Jalisco,split,1.000,split; province_overlap=5; tsr_overlap_rank=1/2; bsr_source_count=1
478,Jalisco,479,STATE_479,merge,0.200,split+merge; province_overlap=1; tsr_overlap_rank=2/2; bsr_source_count=4
479,STATE_479,1843,STATE_1843,split,1.000,split; province_overlap=5; tsr_overlap_rank=1/2; bsr_source_count=1
479,STATE_479,479,STATE_479,merge,0.400,split+merge; province_overlap=2; tsr_overlap_rank=2/2; bsr_source_count=4
480,STATE_480,480,STATE_480,split,1.000,split; province_overlap=8; tsr_overlap_rank=1/2; bsr_source_count=1
480,STATE_480,479,STATE_479,merge,0.200,split+merge; province_overlap=1; tsr_overlap_rank=2/2; bsr_source_count=4
481,Durango,481,Durango,split,1.000,split; province_overlap=5; tsr_overlap_rank=1/3; bsr_source_count=1
481,Durango,1848,STATE_1848,split,1.000,split; province_overlap=3; tsr_overlap_rank=2/3; bsr_source_count=1
481,Durango,479,STATE_479,merge,0.200,split+merge; province_overlap=1; tsr_overlap_rank=3/3; bsr_source_count=4
485,STATE_485,485,STATE_485,split,1.000,split; province_overlap=4; tsr_overlap_rank=1/2; bsr_source_count=1
485,STATE_485,1846,STATE_1846,split,1.000,split; province_overlap=1; tsr_overlap_rank=2/2; bsr_source_count=1
486,STATE_486,486,STATE_486,split,0.857,split; province_overlap=6; tsr_overlap_rank=1/2; bsr_source_count=1
486,STATE_486,1442,STATE_1442,split,1.000,split; province_overlap=1; tsr_overlap_rank=2/2; bsr_source_count=1
487,STATE_487,487,STATE_487,split,1.000,split; province_overlap=8; tsr_overlap_rank=1/3; bsr_source_count=1
487,STATE_487,1261,STATE_1261,merge,0.667,split+merge; province_overlap=2; tsr_overlap_rank=2/3; bsr_source_count=2
487,STATE_487,1605,STATE_1605,split,1.000,split; province_overlap=1; tsr_overlap_rank=3/3; bsr_source_count=1
488,STATE_488,1174,STATE_1174,manual,1.000,incompatible province overlap rejected for automatic overlay; province_overlap=1; tsr_tags=VEN; bsr_tags=CHA FRA
488,STATE_488,488,STATE_488,split,1.000,split; province_overlap=5; tsr_overlap_rank=1/3; bsr_source_count=1
488,STATE_488,1837,STATE_1837,split,1.000,split; province_overlap=1; tsr_overlap_rank=2/3; bsr_source_count=1
488,STATE_488,1836,STATE_1836,split,1.000,split; province_overlap=1; tsr_overlap_rank=3/3; bsr_source_count=1
489,Zulia,489,Zulia,split,1.000,split; province_overlap=5; tsr_overlap_rank=1/2; bsr_source_count=1
489,Zulia,1834,STATE_1834,split,1.000,split; province_overlap=2; tsr_overlap_rank=2/2; bsr_source_count=1
490,STATE_490,787,STATE_787,manual,0.250,incompatible province overlap rejected for automatic overlay; province_overlap=1; tsr_tags=ECU PRU; bsr_tags=KSH PAK RAJ
490,STATE_490,759,STATE_759,manual,0.250,incompatible province overlap rejected for automatic overlay; province_overlap=1; tsr_tags=ECU PRU; bsr_tags=CHI PRC SIK TUG
491,STATE_491,1069,STATE_1069,manual,1.000,incompatible province overlap rejected for automatic overlay; province_overlap=1; tsr_tags=PRU; bsr_tags=ITA LBA
491,STATE_491,494,STATE_494,merge,0.600,split+merge; province_overlap=3; tsr_overlap_rank=1/2; bsr_source_count=2
491,STATE_491,491,STATE_491,split,1.000,split; province_overlap=1; tsr_overlap_rank=2/2; bsr_source_count=1
492,STATE_492,974,STATE_974,manual,0.500,incompatible province overlap rejected for automatic overlay; province_overlap=1; tsr_tags=PRU; bsr_tags=ENG
492,STATE_492,1056,STATE_1056,manual,1.000,incompatible province overlap rejected for automatic overlay; province_overlap=1; tsr_tags=PRU; bsr_tags=NMB SAF
492,STATE_492,492,STATE_492,merge,0.833,merge; province_overlap=5; bsr_source_count=2
494,STATE_494,1063,STATE_1063,manual,0.333,incompatible province overlap rejected for automatic overlay; province_overlap=1; tsr_tags=PRU; bsr_tags=BUL GRE
494,STATE_494,1962,STATE_1962,split,1.000,split; province_overlap=4; tsr_overlap_rank=1/2; bsr_source_count=1
494,STATE_494,494,STATE_494,merge,0.400,split+merge; province_overlap=2; tsr_overlap_rank=2/2; bsr_source_count=2
495,STATE_495,263,STATE_263,manual,0.250,incompatible province overlap rejected for automatic overlay; province_overlap=3; tsr_tags=BRA; bsr_tags=SOV
495,STATE_495,821,STATE_821,manual,0.667,incompatible province overlap rejected for automatic overlay; province_overlap=2; tsr_tags=BRA; bsr_tags=FRA OCC SRD
495,STATE_495,1132,STATE_1132,manual,0.500,incompatible province overlap rejected for automatic overlay; province_overlap=2; tsr_tags=BRA; bsr_tags=FRA SRD
495,STATE_495,1155,STATE_1155,manual,0.667,incompatible province overlap rejected for automatic overlay; province_overlap=2; tsr_tags=BRA; bsr_tags=HEJ SAU
495,STATE_495,679,STATE_679,manual,0.400,incompatible province overlap rejected for automatic overlay; province_overlap=2; tsr_tags=BRA; bsr_tags=HEJ SAU
495,STATE_495,1163,Karma,manual,0.167,incompatible province overlap rejected for automatic overlay; province_overlap=2; tsr_tags=BRA; bsr_tags=BLR SOV
495,STATE_495,1173,STATE_1173,manual,0.400,incompatible province overlap rejected for automatic overlay; province_overlap=2; tsr_tags=BRA; bsr_tags=FRA MRT
495,STATE_495,1549,STATE_1549,manual,1.000,incompatible province overlap rejected for automatic overlay; province_overlap=1; tsr_tags=BRA; bsr_tags=BUL GRE THR
495,STATE_495,1141,STATE_1141,manual,1.000,incompatible province overlap rejected for automatic overlay; province_overlap=1; tsr_tags=BRA; bsr_tags=BUL THR
495,STATE_495,1429,STATE_1429,manual,0.500,incompatible province overlap rejected for automatic overlay; province_overlap=1; tsr_tags=BRA; bsr_tags=GER GRE THR
495,STATE_495,1142,STATE_1142,manual,0.333,incompatible province overlap rejected for automatic overlay; province_overlap=1; tsr_tags=BRA; bsr_tags=BUL THR
495,STATE_495,1116,STATE_1116,manual,0.333,incompatible province overlap rejected for automatic overlay; province_overlap=1; tsr_tags=BRA; bsr_tags=THR TUR
495,STATE_495,1938,STATE_1938,manual,0.200,incompatible province overlap rejected for automatic overlay; province_overlap=1; tsr_tags=BRA; bsr_tags=FRA JAP TON VIN
495,STATE_495,1071,STATE_1071,manual,0.200,incompatible province overlap rejected for automatic overlay; province_overlap=1; tsr_tags=BRA; bsr_tags=ITA LBA
495,STATE_495,1144,STATE_1144,manual,0.200,incompatible province overlap rejected for automatic overlay; province_overlap=1; tsr_tags=BRA; bsr_tags=ITA LBA
495,STATE_495,1980,STATE_1980,manual,1.000,incompatible province overlap rejected for automatic overlay; province_overlap=1; tsr_tags=BRA; bsr_tags=ERI ITA
495,STATE_495,101,STATE_101,manual,0.167,incompatible province overlap rejected for automatic overlay; province_overlap=1; tsr_tags=BRA; bsr_tags=DEN GRL
495,STATE_495,547,STATE_547,manual,0.100,incompatible province overlap rejected for automatic overlay; province_overlap=1; tsr_tags=BRA; bsr_tags=ENG KEN
495,STATE_495,18,STATE_18,manual,0.250,incompatible province overlap rejected for automatic overlay; province_overlap=1; tsr_tags=BRA; bsr_tags=BGN FRA GER
495,STATE_495,1498,STATE_1498,manual,0.333,incompatible province overlap rejected for automatic overlay; province_overlap=1; tsr_tags=BRA; bsr_tags=HEJ SAU
495,STATE_495,1271,STATE_1271,manual,1.000,incompatible province overlap rejected for automatic overlay; province_overlap=1; tsr_tags=BRA; bsr_tags=SWI
495,STATE_495,1847,STATE_1847,manual,0.143,incompatible province overlap rejected for automatic overlay; province_overlap=1; tsr_tags=BRA; bsr_tags=HEJ SAU
495,STATE_495,1568,STATE_1568,manual,0.250,incompatible province overlap rejected for automatic overlay; province_overlap=1; tsr_tags=BRA; bsr_tags=HEJ SAU
495,STATE_495,1154,STATE_1154,manual,0.333,incompatible province overlap rejected for automatic overlay; province_overlap=1; tsr_tags=BRA; bsr_tags=ENG IRQ JBS
495,STATE_495,1153,STATE_1153,manual,1.000,incompatible province overlap rejected for automatic overlay; province_overlap=1; tsr_tags=BRA; bsr_tags=FRA JBS SYR
495,STATE_495,1139,STATE_1139,manual,0.500,incompatible province overlap rejected for automatic overlay; province_overlap=1; tsr_tags=BRA; bsr_tags=GER GRE
495,STATE_495,975,STATE_975,manual,0.500,incompatible province overlap rejected for automatic overlay; province_overlap=1; tsr_tags=BRA; bsr_tags=GER GRE
495,STATE_495,1161,STATE_1161,manual,0.111,incompatible province overlap rejected for automatic overlay; province_overlap=1; tsr_tags=BRA; bsr_tags=SOV
495,STATE_495,1165,STATE_1165,manual,1.000,incompatible province overlap rejected for automatic overlay; province_overlap=1; tsr_tags=BRA; bsr_tags=BLR SOV
495,STATE_495,98,STATE_98,manual,0.333,incompatible province overlap rejected for automatic overlay; province_overlap=1; tsr_tags=BRA; bsr_tags=GER POL
495,STATE_495,804,STATE_804,manual,0.250,incompatible province overlap rejected for automatic overlay; province_overlap=1; tsr_tags=BRA; bsr_tags=DEN GER SHL
495,STATE_495,1612,STATE_1612,manual,1.000,incompatible province overlap rejected for automatic overlay; province_overlap=1; tsr_tags=BRA; bsr_tags=CZE MRV PBM
495,STATE_495,1172,STATE_1172,manual,0.200,incompatible province overlap rejected for automatic overlay; province_overlap=1; tsr_tags=BRA; bsr_tags=ALG FRA
495,STATE_495,495,STATE_495,merge,0.143,split+merge; province_overlap=1; tsr_overlap_rank=1/3; bsr_source_count=5
495,STATE_495,1902,STATE_1902,merge,0.250,split+merge; province_overlap=1; tsr_overlap_rank=2/3; bsr_source_count=4
495,STATE_495,1532,STATE_1532,merge,0.250,split+merge; province_overlap=1; tsr_overlap_rank=3/3; bsr_source_count=2
496,Minas Gerais,496,Minas Gerais,split,1.000,split; province_overlap=22; tsr_overlap_rank=1/2; bsr_source_count=1
496,Minas Gerais,500,STATE_500,merge,0.200,split+merge; province_overlap=1; tsr_overlap_rank=2/2; bsr_source_count=2
498,STATE_498,896,STATE_896,manual,0.500,incompatible province overlap rejected for automatic overlay; province_overlap=1; tsr_tags=BRA; bsr_tags=FRA RCG
499,STATE_499,499,STATE_499,split,1.000,split; province_overlap=15; tsr_overlap_rank=1/2; bsr_source_count=1
499,STATE_499,1897,STATE_1897,split,1.000,split; province_overlap=1; tsr_overlap_rank=2/2; bsr_source_count=1
500,STATE_500,500,STATE_500,merge,1.000,merge; province_overlap=4; bsr_source_count=2
502,STATE_502,502,STATE_502,split,0.727,split; province_overlap=8; tsr_overlap_rank=1/3; bsr_source_count=1
502,STATE_502,1688,STATE_1688,split,1.000,split; province_overlap=3; tsr_overlap_rank=2/3; bsr_source_count=1
502,STATE_502,1900,STATE_1900,split,1.000,split; province_overlap=2; tsr_overlap_rank=3/3; bsr_source_count=1
503,STATE_503,1578,STATE_1578,merge,0.750,split+merge; province_overlap=3; tsr_overlap_rank=1/2; bsr_source_count=2
503,STATE_503,1481,STATE_1481,split,1.000,split; province_overlap=1; tsr_overlap_rank=2/2; bsr_source_count=1
504,STATE_504,1402,STATE_1402,split,1.000,split; province_overlap=2; tsr_overlap_rank=1/2; bsr_source_count=1
504,STATE_504,504,STATE_504,merge,0.333,split+merge; province_overlap=1; tsr_overlap_rank=2/2; bsr_source_count=2
505,STATE_505,505,STATE_505,split,1.000,split; province_overlap=5; tsr_overlap_rank=1/2; bsr_source_count=1
505,STATE_505,280,STATE_280,merge,0.167,split+merge; province_overlap=1; tsr_overlap_rank=2/2; bsr_source_count=3
506,Antofagasta,9,STATE_9,manual,0.167,incompatible province overlap rejected for automatic overlay; province_overlap=1; tsr_tags=CHL; bsr_tags=CZE PBM
506,Antofagasta,432,STATE_432,manual,0.167,incompatible province overlap rejected for automatic overlay; province_overlap=1; tsr_tags=CHL; bsr_tags=RAJ
506,Antofagasta,290,STATE_290,manual,0.250,incompatible province overlap rejected for automatic overlay; province_overlap=1; tsr_tags=CHL; bsr_tags=MOR SPR
506,Antofagasta,916,STATE_916,merge,0.500,split+merge; province_overlap=2; tsr_overlap_rank=1/2; bsr_source_count=2
506,Antofagasta,1579,STATE_1579,merge,0.333,split+merge; province_overlap=1; tsr_overlap_rank=2/2; bsr_source_count=2
507,Magallanes,1829,Magallanes,split,1.000,split; province_overlap=3; tsr_overlap_rank=1/2; bsr_source_count=1
507,Magallanes,507,Magallanes,merge,0.200,split+merge; province_overlap=1; tsr_overlap_rank=2/2; bsr_source_count=2
508,Tucuman,825,STATE_825,manual,1.000,incompatible province overlap rejected for automatic overlay; province_overlap=1; tsr_tags=ARG; bsr_tags=MCO
508,Tucuman,827,STATE_827,manual,1.000,incompatible province overlap rejected for automatic overlay; province_overlap=1; tsr_tags=ARG; bsr_tags=SMR
508,Tucuman,508,Tucuman,merge,0.500,merge; province_overlap=2; bsr_source_count=2
509,Chaco Australis,509,Chaco Australis,merge,1.000,merge; province_overlap=8; bsr_source_count=2
510,STATE_510,1796,STATE_1796,split,1.000,split; province_overlap=3; tsr_overlap_rank=1/4; bsr_source_count=1
510,STATE_510,510,STATE_510,split,1.000,split; province_overlap=3; tsr_overlap_rank=2/4; bsr_source_count=1
510,STATE_510,1300,STATE_1300,merge,0.333,split+merge; province_overlap=1; tsr_overlap_rank=3/4; bsr_source_count=2
510,STATE_510,1797,STATE_1797,split,1.000,split; province_overlap=1; tsr_overlap_rank=4/4; bsr_source_count=1
511,Mendoza,511,Mendoza,merge,1.000,merge; province_overlap=5; bsr_source_count=3
512,STATE_512,1907,STATE_1907,merge,0.571,split+merge; province_overlap=4; tsr_overlap_rank=1/3; bsr_source_count=2
512,STATE_512,1906,STATE_1906,split,1.000,split; province_overlap=3; tsr_overlap_rank=2/3; bsr_source_count=1
512,STATE_512,511,Mendoza,merge,0.222,split+merge; province_overlap=2; tsr_overlap_rank=3/3; bsr_source_count=3
513,Tlmecen,459,STATE_459,merge,0.667,split+merge; province_overlap=6; tsr_overlap_rank=1/5; bsr_source_count=2
513,Tlmecen,513,STATE_513,merge,0.625,split+merge; province_overlap=5; tsr_overlap_rank=2/5; bsr_source_count=2
513,Tlmecen,1575,STATE_1575,merge,0.625,split+merge; province_overlap=5; tsr_overlap_rank=3/5; bsr_source_count=2
513,Tlmecen,1577,STATE_1577,merge,0.300,split+merge; province_overlap=3; tsr_overlap_rank=4/5; bsr_source_count=2
513,Tlmecen,460,STATE_460,merge,0.214,split+merge; province_overlap=3; tsr_overlap_rank=5/5; bsr_source_count=2
514,Algerian Desert,1128,STATE_1128,manual,0.286,incompatible province overlap rejected for automatic overlay; province_overlap=2; tsr_tags=ALG; bsr_tags=MZB POR
514,Algerian Desert,295,STATE_295,manual,0.077,incompatible province overlap rejected for automatic overlay; province_overlap=1; tsr_tags=ALG; bsr_tags=BEL COG
514,Algerian Desert,1550,STATE_1550,manual,1.000,incompatible province overlap rejected for automatic overlay; province_overlap=1; tsr_tags=ALG; bsr_tags=FRA TAH
514,Algerian Desert,1106,STATE_1106,manual,0.500,incompatible province overlap rejected for automatic overlay; province_overlap=1; tsr_tags=ALG; bsr_tags=MOR SPR
514,Algerian Desert,495,STATE_495,manual,0.143,incompatible province overlap rejected for automatic overlay; province_overlap=1; tsr_tags=ALG; bsr_tags=BRA
514,Algerian Desert,1118,STATE_1118,manual,1.000,incompatible province overlap rejected for automatic overlay; province_overlap=1; tsr_tags=ALG; bsr_tags=ENG ISR PAL
514,Algerian Desert,1539,STATE_1539,manual,0.200,incompatible province overlap rejected for automatic overlay; province_overlap=1; tsr_tags=ALG; bsr_tags=BEL COG KTG
514,Algerian Desert,1575,STATE_1575,merge,0.375,split+merge; province_overlap=3; tsr_overlap_rank=1/4; bsr_source_count=2
514,Algerian Desert,514,STATE_514,split,1.000,split; province_overlap=3; tsr_overlap_rank=2/4; bsr_source_count=1
514,Algerian Desert,513,STATE_513,merge,0.250,split+merge; province_overlap=2; tsr_overlap_rank=3/4; bsr_source_count=2
514,Algerian Desert,1345,STATE_1345,split,0.333,split; province_overlap=1; tsr_overlap_rank=4/4; bsr_source_count=1
515,STATE_515,1941,STATE_1941,manual,1.000,incompatible province overlap rejected for automatic overlay; province_overlap=1; tsr_tags=AOC NGR; bsr_tags=SAF TRV
515,STATE_515,515,STATE_515,split,1.000,split; province_overlap=4; tsr_overlap_rank=1/2; bsr_source_count=1
515,STATE_515,1524,STATE_1524,split,1.000,split; province_overlap=4; tsr_overlap_rank=2/2; bsr_source_count=1
516,Taymyria / Dudinka,1169,STATE_1169,manual,0.250,incompatible province overlap rejected for automatic overlay; province_overlap=3; tsr_tags=RUS TAY; bsr_tags=SIB SOV
516,Taymyria / Dudinka,1420,STATE_1420,manual,0.600,incompatible province overlap rejected for automatic overlay; province_overlap=3; tsr_tags=RUS TAY; bsr_tags=SIB SOV
516,Taymyria / Dudinka,516,STATE_516,manual,0.550,same numeric id/name but low province_overlap=6
521,STATE_521,521,STATE_521,merge,1.000,merge; province_overlap=31; bsr_source_count=3
523,STATE_523,523,STATE_523,merge,1.000,merge; province_overlap=21; bsr_source_count=2
525,STATE_525,525,STATE_525,split,1.000,split; province_overlap=3; tsr_overlap_rank=1/2; bsr_source_count=1
525,STATE_525,903,STATE_903,merge,0.250,split+merge; province_overlap=1; tsr_overlap_rank=2/2; bsr_source_count=2
526,STATE_526,526,STATE_526,split,1.000,split; province_overlap=2; tsr_overlap_rank=1/2; bsr_source_count=1
526,STATE_526,971,STATE_971,split,1.000,split; province_overlap=2; tsr_overlap_rank=2/2; bsr_source_count=1
527,STATE_527,1315,STATE_1315,manual,0.250,incompatible province overlap rejected for automatic overlay; province_overlap=1; tsr_tags=KOR; bsr_tags=CHI GXC PRC
527,STATE_527,599,STATE_599,manual,0.071,incompatible province overlap rejected for automatic overlay; province_overlap=1; tsr_tags=KOR; bsr_tags=CHI GXC PRC
527,STATE_527,527,STATE_527,merge,0.667,split+merge; province_overlap=12; tsr_overlap_rank=1/3; bsr_source_count=2
527,STATE_527,908,STATE_908,split,1.000,split; province_overlap=4; tsr_overlap_rank=2/3; bsr_source_count=1
527,STATE_527,907,STATE_907,merge,0.333,split+merge; province_overlap=1; tsr_overlap_rank=3/3; bsr_source_count=2
528,North Kyushu,528,STATE_528,split,1.000,split; province_overlap=7; tsr_overlap_rank=1/3; bsr_source_count=1
528,North Kyushu,967,STATE_967,merge,0.400,split+merge; province_overlap=2; tsr_overlap_rank=2/3; bsr_source_count=2
528,North Kyushu,962,STATE_962,split,1.000,split; province_overlap=1; tsr_overlap_rank=3/3; bsr_source_count=1
529,"San'yo, formerly Chugoku",529,Chugoku,merge,1.000,merge; province_overlap=7; bsr_source_count=2
530,Shikoku,530,STATE_530,split,1.000,split; province_overlap=4; tsr_overlap_rank=1/2; bsr_source_count=1
530,Shikoku,969,STATE_969,split,1.000,split; province_overlap=3; tsr_overlap_rank=2/2; bsr_source_count=1
531,Kansai,531,STATE_531,split,1.000,split; province_overlap=9; tsr_overlap_rank=1/2; bsr_source_count=1
531,Kansai,965,STATE_965,split,1.000,split; province_overlap=2; tsr_overlap_rank=2/2; bsr_source_count=1
533,North Tohoku,533,STATE_533,merge,1.000,merge; province_overlap=11; bsr_source_count=2
534,"was Hokuriku, is actually Kōshin'etsu",534,Hokuriku,split,1.000,split; province_overlap=6; tsr_overlap_rank=1/2; bsr_source_count=1
534,"was Hokuriku, is actually Kōshin'etsu",535,Koshinetsu,merge,0.200,split+merge; province_overlap=1; tsr_overlap_rank=2/2; bsr_source_count=2
535,"was Koshinetsu, is actually Hokuriku",535,Koshinetsu,merge,1.000,merge; province_overlap=4; bsr_source_count=2
538,STATE_538,538,STATE_538,merge,0.714,split+merge; province_overlap=5; tsr_overlap_rank=1/2; bsr_source_count=3
538,STATE_538,1137,STATE_1137,split,1.000,split; province_overlap=4; tsr_overlap_rank=2/2; bsr_source_count=1
540,STATE_540,1195,STATE_1195,manual,0.250,incompatible province overlap rejected for automatic overlay; province_overlap=1; tsr_tags=ANG POR; bsr_tags=USA
540,STATE_540,1064,STATE_1064,manual,0.333,incompatible province overlap rejected for automatic overlay; province_overlap=1; tsr_tags=ANG POR; bsr_tags=USA
540,STATE_540,540,STATE_540,merge,0.571,split+merge; province_overlap=4; tsr_overlap_rank=1/2; bsr_source_count=3
540,STATE_540,1358,STATE_1358,split,0.333,split; province_overlap=1; tsr_overlap_rank=2/2; bsr_source_count=1
541,STATE_541,541,STATE_541,merge,0.667,split+merge; province_overlap=2; tsr_overlap_rank=1/2; bsr_source_count=2
541,STATE_541,1543,STATE_1543,merge,0.500,split+merge; province_overlap=1; tsr_overlap_rank=2/2; bsr_source_count=2
542,STATE_542,542,STATE_542,split,1.000,split; province_overlap=2; tsr_overlap_rank=1/4; bsr_source_count=1
542,STATE_542,1534,STATE_1534,split,0.500,split; province_overlap=1; tsr_overlap_rank=2/4; bsr_source_count=1
542,STATE_542,1537,STATE_1537,split,1.000,split; province_overlap=1; tsr_overlap_rank=3/4; bsr_source_count=1
542,STATE_542,1536,STATE_1536,split,1.000,split; province_overlap=1; tsr_overlap_rank=4/4; bsr_source_count=1
544,STATE_544,1542,STATE_1542,merge,0.750,split+merge; province_overlap=3; tsr_overlap_rank=1/2; bsr_source_count=2
544,STATE_544,544,STATE_544,split,1.000,split; province_overlap=1; tsr_overlap_rank=2/2; bsr_source_count=1
545,STATE_545,545,STATE_545,split,1.000,split; province_overlap=3; tsr_overlap_rank=1/2; bsr_source_count=1
545,STATE_545,1531,STATE_1531,split,1.000,split; province_overlap=3; tsr_overlap_rank=2/2; bsr_source_count=1
546,STATE_546,546,STATE_546,split,1.000,split; province_overlap=11; tsr_overlap_rank=1/3; bsr_source_count=1
546,STATE_546,1525,STATE_1525,split,1.000,split; province_overlap=5; tsr_overlap_rank=2/3; bsr_source_count=1
546,STATE_546,1526,STATE_1526,split,1.000,split; province_overlap=2; tsr_overlap_rank=3/3; bsr_source_count=1
547,STATE_547,547,STATE_547,merge,0.600,split+merge; province_overlap=3; tsr_overlap_rank=1/2; bsr_source_count=3
547,STATE_547,1285,STATE_1285,split,0.333,split; province_overlap=1; tsr_overlap_rank=2/2; bsr_source_count=1
548,STATE_548,548,STATE_548,split,1.000,split; province_overlap=5; tsr_overlap_rank=1/2; bsr_source_count=1
548,STATE_548,1197,STATE_1197,split,1.000,split; province_overlap=1; tsr_overlap_rank=2/2; bsr_source_count=1
549,"Kurdufan / was ""Sudan""",549,STATE_549,split,1.000,split; province_overlap=5; tsr_overlap_rank=1/3; bsr_source_count=1
549,"Kurdufan / was ""Sudan""",1187,STATE_1187,merge,0.222,split+merge; province_overlap=2; tsr_overlap_rank=2/3; bsr_source_count=5
549,"Kurdufan / was ""Sudan""",1923,STATE_1923,merge,0.500,split+merge; province_overlap=2; tsr_overlap_rank=3/3; bsr_source_count=2
550,STATE_550,1668,STATE_1668,manual,0.667,incompatible province overlap rejected for automatic overlay; province_overlap=2; tsr_tags=ERI; bsr_tags=CAN
551,STATE_551,551,STATE_551,merge,1.000,merge; province_overlap=13; bsr_source_count=3
552,STATE_552,1565,STATE_1565,manual,1.000,incompatible province overlap rejected for automatic overlay; province_overlap=1; tsr_tags=EGY; bsr_tags=CAN
552,STATE_552,1251,STATE_1251,manual,1.000,incompatible province overlap rejected for automatic overlay; province_overlap=1; tsr_tags=EGY; bsr_tags=BEL GER WLL
552,STATE_552,552,STATE_552,merge,0.800,merge; province_overlap=8; bsr_source_count=2
553,STATE_553,553,STATE_553,split,1.000,split; province_overlap=2; tsr_overlap_rank=1/2; bsr_source_count=1
553,STATE_553,1239,STATE_1239,split,1.000,split; province_overlap=1; tsr_overlap_rank=2/2; bsr_source_count=1
554,STATE_554,554,STATE_554,split,1.000,split; province_overlap=2; tsr_overlap_rank=1/3; bsr_source_count=1
554,STATE_554,1241,STATE_1241,split,0.500,split; province_overlap=2; tsr_overlap_rank=2/3; bsr_source_count=1
554,STATE_554,1240,STATE_1240,split,1.000,split; province_overlap=1; tsr_overlap_rank=3/3; bsr_source_count=1
558,STATE_558,1110,STATE_1110,split,1.000,split; province_overlap=4; tsr_overlap_rank=1/2; bsr_source_count=1
558,STATE_558,558,STATE_558,merge,0.200,split+merge; province_overlap=1; tsr_overlap_rank=2/2; bsr_source_count=4
559,STATE_559,559,STATE_559,split,1.000,split; province_overlap=8; tsr_overlap_rank=1/2; bsr_source_count=1
559,STATE_559,1088,STATE_1088,split,1.000,split; province_overlap=4; tsr_overlap_rank=2/2; bsr_source_count=1
560,Nikolayevsk,560,STATE_560,split,1.000,split; province_overlap=11; tsr_overlap_rank=1/2; bsr_source_count=1
560,Nikolayevsk,1090,STATE_1090,split,1.000,split; province_overlap=5; tsr_overlap_rank=2/2; bsr_source_count=1
561,Amur,574,STATE_574,manual,0.357,incompatible province overlap rejected for automatic overlay; province_overlap=5; tsr_tags=FER RUS; bsr_tags=SIB SOV YAK
561,Amur,561,STATE_561,split,1.000,split; province_overlap=8; tsr_overlap_rank=1/2; bsr_source_count=1
561,Amur,563,STATE_563,merge,0.071,split+merge; province_overlap=1; tsr_overlap_rank=2/2; bsr_source_count=2
562,Okhotsk,562,Okhotsk,merge,1.000,merge; province_overlap=11; bsr_source_count=2
563,Chita,563,STATE_563,merge,1.000,merge; province_overlap=21; bsr_source_count=2
564,Ulan Ude,565,Bodaybo,manual,0.556,incompatible province overlap rejected for automatic overlay; province_overlap=5; tsr_tags=BYA RUS; bsr_tags=BRY FER SIB SOV
564,Ulan Ude,563,STATE_563,manual,0.056,incompatible province overlap rejected for automatic overlay; province_overlap=1; tsr_tags=BYA RUS; bsr_tags=FER SIB SOV
564,Ulan Ude,566,Irktusk,manual,0.100,incompatible province overlap rejected for automatic overlay; province_overlap=1; tsr_tags=BYA RUS; bsr_tags=SIB SOV
565,Bodaybo,563,STATE_563,manual,0.300,incompatible province overlap rejected for automatic overlay; province_overlap=3; tsr_tags=EVE RUS; bsr_tags=FER SIB SOV
565,Bodaybo,575,Kirensk,manual,0.200,incompatible province overlap rejected for automatic overlay; province_overlap=2; tsr_tags=EVE RUS; bsr_tags=SIB SOV
565,Bodaybo,574,STATE_574,manual,0.100,incompatible province overlap rejected for automatic overlay; province_overlap=1; tsr_tags=EVE RUS; bsr_tags=SIB SOV YAK
566,Irktusk,564,Ulan Ude,manual,0.182,incompatible province overlap rejected for automatic overlay; province_overlap=2; tsr_tags=RUS; bsr_tags=BRY FER SIB SOV
567,Bratsk,329,STATE_329,manual,0.077,incompatible province overlap rejected for automatic overlay; province_overlap=1; tsr_tags=RUS; bsr_tags=SIB SOV TAN
568,Krasnoyarsk,1167,STATE_1167,manual,1.000,incompatible province overlap rejected for automatic overlay; province_overlap=10; tsr_tags=RUS; bsr_tags=SIB SOV
572,Chelyabinsk,653,Sverdlovsk,manual,0.778,incompatible province overlap rejected for automatic overlay; province_overlap=7; tsr_tags=RUS; bsr_tags=SIB SOV
573,Zlatoust,1360,STATE_1360,manual,0.571,incompatible province overlap rejected for automatic overlay; province_overlap=4; tsr_tags=RUS; bsr_tags=KOM SOV
576,Yeniseisk,1168,STATE_1168,manual,1.000,incompatible province overlap rejected for automatic overlay; province_overlap=9; tsr_tags=EVE RUS; bsr_tags=SIB SOV
579,Salekhard,581,STATE_581,manual,0.200,incompatible province overlap rejected for automatic overlay; province_overlap=1; tsr_tags=RUS YAM; bsr_tags=KOM SOV
581,STATE_581,581,STATE_581,split,0.600,split; province_overlap=3; tsr_overlap_rank=1/2; bsr_source_count=1
581,STATE_581,397,STATE_397,merge,0.400,split+merge; province_overlap=2; tsr_overlap_rank=2/2; bsr_source_count=3
582,STATE_582,1000,STATE_1000,manual,0.692,incompatible province overlap rejected for automatic overlay; province_overlap=9; tsr_tags=RUS; bsr_tags=IDL SOV
583,STATE_583,1000,STATE_1000,manual,0.308,incompatible province overlap rejected for automatic overlay; province_overlap=4; tsr_tags=KAZ RUS; bsr_tags=IDL SOV
583,STATE_583,583,STATE_583,split,1.000,split; province_overlap=17; tsr_overlap_rank=1/3; bsr_source_count=1
583,STATE_583,404,STATE_404,merge,0.111,split+merge; province_overlap=3; tsr_overlap_rank=2/3; bsr_source_count=3
583,STATE_583,402,STATE_402,merge,0.120,split+merge; province_overlap=3; tsr_overlap_rank=3/3; bsr_source_count=2
584,STATE_584,1462,STATE_1462,merge,0.917,split+merge; province_overlap=11; tsr_overlap_rank=1/6; bsr_source_count=2
584,STATE_584,1460,STATE_1460,split,1.000,split; province_overlap=4; tsr_overlap_rank=2/6; bsr_source_count=1
584,STATE_584,584,STATE_584,split,1.000,split; province_overlap=4; tsr_overlap_rank=3/6; bsr_source_count=1
584,STATE_584,1466,STATE_1466,split,1.000,split; province_overlap=3; tsr_overlap_rank=4/6; bsr_source_count=1
584,STATE_584,1459,STATE_1459,split,1.000,split; province_overlap=2; tsr_overlap_rank=5/6; bsr_source_count=1
584,STATE_584,1461,STATE_1461,split,1.000,split; province_overlap=2; tsr_overlap_rank=6/6; bsr_source_count=1
585,Navoiy,1469,STATE_1469,manual,0.333,incompatible province overlap rejected for automatic overlay; province_overlap=2; tsr_tags=RUS UZB; bsr_tags=KAZ SOV
585,Navoiy,585,STATE_585,merge,0.667,merge; province_overlap=4; bsr_source_count=3
586,STATE_586,586,STATE_586,merge,1.000,merge; province_overlap=10; bsr_source_count=2
588,Semipalatinsk,588,STATE_588,merge,0.550,split+merge; province_overlap=11; tsr_overlap_rank=1/4; bsr_source_count=2
588,Semipalatinsk,1250,STATE_1250,split,1.000,split; province_overlap=5; tsr_overlap_rank=2/4; bsr_source_count=1
588,Semipalatinsk,589,STATE_589,merge,0.250,split+merge; province_overlap=2; tsr_overlap_rank=3/4; bsr_source_count=2
588,Semipalatinsk,1477,STATE_1477,split,1.000,split; province_overlap=1; tsr_overlap_rank=4/4; bsr_source_count=1
589,STATE_589,1148,STATE_1148,merge,0.917,split+merge; province_overlap=11; tsr_overlap_rank=1/2; bsr_source_count=2
589,STATE_589,589,STATE_589,merge,0.750,split+merge; province_overlap=6; tsr_overlap_rank=2/2; bsr_source_count=2
590,Akmolinsk,590,Akmolinsk,merge,1.000,merge; province_overlap=28; bsr_source_count=2
592,STATE_592,592,STATE_592,merge,0.889,split+merge; province_overlap=8; tsr_overlap_rank=1/3; bsr_source_count=2
592,STATE_592,1202,STATE_1202,merge,0.250,split+merge; province_overlap=2; tsr_overlap_rank=2/3; bsr_source_count=2
592,STATE_592,1344,STATE_1344,split,1.000,split; province_overlap=1; tsr_overlap_rank=3/3; bsr_source_count=1
593,STATE_593,593,STATE_593,split,1.000,split; province_overlap=13; tsr_overlap_rank=1/2; bsr_source_count=1
593,STATE_593,1202,STATE_1202,merge,0.750,split+merge; province_overlap=6; tsr_overlap_rank=2/2; bsr_source_count=2
594,STATE_594,599,STATE_599,split,0.929,split; province_overlap=13; tsr_overlap_rank=1/2; bsr_source_count=1
594,STATE_594,1315,STATE_1315,split,0.750,split; province_overlap=3; tsr_overlap_rank=2/2; bsr_source_count=1
596,STATE_596,1219,STATE_1219,manual,0.250,incompatible province overlap rejected for automatic overlay; province_overlap=1; tsr_tags=KMT; bsr_tags=CHI PRC
597,STATE_597,1253,STATE_1253,manual,1.000,incompatible province overlap rejected for automatic overlay; province_overlap=6; tsr_tags=BYG; bsr_tags=CHI PRC
597,STATE_597,597,STATE_597,manual,0.750,province_overlap=7; close candidate tie
598,STATE_598,1331,STATE_1331,manual,0.571,incompatible province overlap rejected for automatic overlay; province_overlap=8; tsr_tags=BYG; bsr_tags=CHI PRC
598,STATE_598,597,STATE_597,manual,0.053,incompatible province overlap rejected for automatic overlay; province_overlap=1; tsr_tags=BYG; bsr_tags=CHI PGR PRC
599,STATE_599,602,STATE_602,manual,0.077,incompatible province overlap rejected for automatic overlay; province_overlap=1; tsr_tags=GXC; bsr_tags=CHI PRC
599,STATE_599,1316,STATE_1316,split,1.000,split; province_overlap=9; tsr_overlap_rank=1/2; bsr_source_count=1
599,STATE_599,1317,STATE_1317,split,0.750,split; province_overlap=3; tsr_overlap_rank=2/2; bsr_source_count=1
600,STATE_600,1031,STATE_1031,manual,0.250,incompatible province overlap rejected for automatic overlay; province_overlap=1; tsr_tags=KMT; bsr_tags=CHI PRC
601,STATE_601,601,STATE_601,split,1.000,split; province_overlap=3; tsr_overlap_rank=1/3; bsr_source_count=1
601,STATE_601,757,STATE_757,merge,0.375,split+merge; province_overlap=3; tsr_overlap_rank=2/3; bsr_source_count=2
601,STATE_601,2013,STATE_2013,split,1.000,split; province_overlap=2; tsr_overlap_rank=3/3; bsr_source_count=1
602,STATE_602,1031,STATE_1031,manual,0.500,incompatible province overlap rejected for automatic overlay; province_overlap=2; tsr_tags=KMT; bsr_tags=CHI PRC
602,STATE_602,600,STATE_600,manual,0.087,incompatible province overlap rejected for automatic overlay; province_overlap=2; tsr_tags=KMT; bsr_tags=CHI PRC
603,STATE_603,748,STATE_748,manual,0.750,incompatible province overlap rejected for automatic overlay; province_overlap=3; tsr_tags=GUI; bsr_tags=CHI PRC
604,STATE_604,604,STATE_604,split,1.000,split; province_overlap=3; tsr_overlap_rank=1/3; bsr_source_count=1
604,STATE_604,1743,STATE_1743,split,1.000,split; province_overlap=2; tsr_overlap_rank=2/3; bsr_source_count=1
604,STATE_604,755,STATE_755,merge,0.167,split+merge; province_overlap=1; tsr_overlap_rank=3/3; bsr_source_count=2
605,STATE_605,1311,STATE_1311,manual,1.000,incompatible province overlap rejected for automatic overlay; province_overlap=6; tsr_tags=KMT SIC; bsr_tags=CHI PRC SZH
605,STATE_605,1763,STATE_1763,manual,0.429,incompatible province overlap rejected for automatic overlay; province_overlap=3; tsr_tags=KMT SIC; bsr_tags=CHI PRC
605,STATE_605,1793,STATE_1793,manual,0.500,incompatible province overlap rejected for automatic overlay; province_overlap=2; tsr_tags=KMT SIC; bsr_tags=CHI PRC SZH
605,STATE_605,1792,STATE_1792,manual,0.200,incompatible province overlap rejected for automatic overlay; province_overlap=1; tsr_tags=KMT SIC; bsr_tags=CHI PRC SZH
606,STATE_606,1331,STATE_1331,manual,0.214,incompatible province overlap rejected for automatic overlay; province_overlap=3; tsr_tags=BYG; bsr_tags=CHI PRC
606,STATE_606,1030,STATE_1030,manual,0.250,incompatible province overlap rejected for automatic overlay; province_overlap=2; tsr_tags=BYG; bsr_tags=CHI PRC
607,STATE_607,1029,STATE_1029,manual,1.000,incompatible province overlap rejected for automatic overlay; province_overlap=3; tsr_tags=BYG; bsr_tags=CHI JAP PRC
607,STATE_607,1331,STATE_1331,manual,0.143,incompatible province overlap rejected for automatic overlay; province_overlap=2; tsr_tags=BYG; bsr_tags=CHI PRC
607,STATE_607,1027,STATE_1027,manual,0.125,incompatible province overlap rejected for automatic overlay; province_overlap=1; tsr_tags=BYG; bsr_tags=CHI PRC
607,STATE_607,614,Hebei,manual,0.056,incompatible province overlap rejected for automatic overlay; province_overlap=1; tsr_tags=BYG; bsr_tags=CHI PRC
608,STATE_608,609,STATE_609,manual,0.333,incompatible province overlap rejected for automatic overlay; province_overlap=3; tsr_tags=BYG; bsr_tags=CHI JAP PGR PRC
609,East Hebei,2023,STATE_2023,manual,0.143,incompatible province overlap rejected for automatic overlay; province_overlap=1; tsr_tags=BYG HBC; bsr_tags=CHI MAN PRC
610,Jehol,609,STATE_609,manual,0.100,incompatible province overlap rejected for automatic overlay; province_overlap=1; tsr_tags=BYG MAN; bsr_tags=CHI JAP PGR PRC
610,Jehol,1978,STATE_1978,merge,0.524,split+merge; province_overlap=11; tsr_overlap_rank=1/3; bsr_source_count=2
610,Jehol,610,STATE_610,merge,0.889,split+merge; province_overlap=8; tsr_overlap_rank=2/3; bsr_source_count=2
610,Jehol,2023,STATE_2023,split,0.700,split; province_overlap=7; tsr_overlap_rank=3/3; bsr_source_count=1
611,South Chahar,1756,STATE_1756,manual,0.333,incompatible province overlap rejected for automatic overlay; province_overlap=1; tsr_tags=HBC MEN MON; bsr_tags=ITA PRM
611,South Chahar,1978,STATE_1978,manual,0.100,incompatible province overlap rejected for automatic overlay; province_overlap=1; tsr_tags=HBC MEN MON; bsr_tags=CHI MAN PRC
611,South Chahar,2023,STATE_2023,manual,0.100,incompatible province overlap rejected for automatic overlay; province_overlap=1; tsr_tags=HBC MEN MON; bsr_tags=CHI MAN PRC
611,South Chahar,612,STATE_612,merge,0.400,split+merge; province_overlap=4; tsr_overlap_rank=1/2; bsr_source_count=2
611,South Chahar,611,STATE_611,merge,0.600,split+merge; province_overlap=3; tsr_overlap_rank=2/2; bsr_source_count=2
612,STATE_612,1978,STATE_1978,manual,0.143,incompatible province overlap rejected for automatic overlay; province_overlap=2; tsr_tags=HBC MEN MON; bsr_tags=CHI MAN PRC
612,STATE_612,612,STATE_612,merge,0.786,split+merge; province_overlap=11; tsr_overlap_rank=1/2; bsr_source_count=2
612,STATE_612,1921,STATE_1921,split,1.000,split; province_overlap=1; tsr_overlap_rank=2/2; bsr_source_count=1
613,Shanghai,1219,STATE_1219,manual,0.500,incompatible province overlap rejected for automatic overlay; province_overlap=2; tsr_tags=JAP KMT; bsr_tags=CHI PRC
614,Hebei,597,STATE_597,manual,0.071,incompatible province overlap rejected for automatic overlay; province_overlap=1; tsr_tags=BYG; bsr_tags=CHI PGR PRC
615,STATE_615,615,STATE_615,merge,1.000,merge; province_overlap=22; bsr_source_count=2
616,STATE_616,2022,STATE_2022,manual,0.250,incompatible province overlap rejected for automatic overlay; province_overlap=1; tsr_tags=XSM; bsr_tags=CHI PRC
616,STATE_616,616,STATE_616,merge,0.750,split+merge; province_overlap=6; tsr_overlap_rank=1/2; bsr_source_count=2
616,STATE_616,1753,STATE_1753,split,0.500,split; province_overlap=1; tsr_overlap_rank=2/2; bsr_source_count=1
617,STATE_617,617,STATE_617,merge,0.917,split+merge; province_overlap=11; tsr_overlap_rank=1/2; bsr_source_count=5
617,STATE_617,1739,STATE_1739,merge,0.500,split+merge; province_overlap=1; tsr_overlap_rank=2/2; bsr_source_count=2
618,Dzungaria,1318,STATE_1318,split,1.000,split; province_overlap=5; tsr_overlap_rank=1/5; bsr_source_count=1
618,Dzungaria,617,STATE_617,merge,0.286,split+merge; province_overlap=4; tsr_overlap_rank=2/5; bsr_source_count=5
618,Dzungaria,618,STATE_618,split,1.000,split; province_overlap=3; tsr_overlap_rank=3/5; bsr_source_count=1
618,Dzungaria,1738,STATE_1738,split,1.000,split; province_overlap=1; tsr_overlap_rank=4/5; bsr_source_count=1
618,Dzungaria,1739,STATE_1739,merge,0.500,split+merge; province_overlap=1; tsr_overlap_rank=5/5; bsr_source_count=2
619,Yarkand,619,STATE_619,split,1.000,split; province_overlap=4; tsr_overlap_rank=1/2; bsr_source_count=1
619,Yarkand,617,STATE_617,merge,0.333,split+merge; province_overlap=2; tsr_overlap_rank=2/2; bsr_source_count=5
620,STATE_620,1030,STATE_1030,manual,0.625,incompatible province overlap rejected for automatic overlay; province_overlap=5; tsr_tags=BYG; bsr_tags=CHI PRC
621,STATE_621,621,STATE_621,split,1.000,split; province_overlap=8; tsr_overlap_rank=1/2; bsr_source_count=1
621,STATE_621,615,STATE_615,merge,0.111,split+merge; province_overlap=1; tsr_overlap_rank=2/2; bsr_source_count=2
622,STATE_622,2022,STATE_2022,manual,0.333,incompatible province overlap rejected for automatic overlay; province_overlap=1; tsr_tags=XIC; bsr_tags=CHI PRC
623,Luzon,623,STATE_623,merge,1.000,merge; province_overlap=11; bsr_source_count=3
624,Central Islands,624,STATE_624,merge,1.000,merge; province_overlap=6; bsr_source_count=2
627,STATE_627,627,STATE_627,merge,1.000,merge; province_overlap=9; bsr_source_count=3
640,STATE_640,640,STATE_640,merge,0.500,split+merge; province_overlap=3; tsr_overlap_rank=1/3; bsr_source_count=3
640,STATE_640,1330,STATE_1330,merge,0.333,split+merge; province_overlap=2; tsr_overlap_rank=2/3; bsr_source_count=2
640,STATE_640,288,STATE_288,merge,0.167,split+merge; province_overlap=1; tsr_overlap_rank=3/3; bsr_source_count=6
641,STATE_641,1356,STATE_1356,split,0.500,split; province_overlap=1; tsr_overlap_rank=1/2; bsr_source_count=1
641,STATE_641,641,STATE_641,split,0.500,split; province_overlap=1; tsr_overlap_rank=2/2; bsr_source_count=1
644,Kolyma,644,STATE_644,merge,1.000,merge; province_overlap=6; bsr_source_count=2
651,Ufa,573,Zlatoust,manual,0.250,incompatible province overlap rejected for automatic overlay; province_overlap=2; tsr_tags=BSK RUS; bsr_tags=IDL SOV
651,Ufa,582,STATE_582,manual,0.111,incompatible province overlap rejected for automatic overlay; province_overlap=1; tsr_tags=BSK RUS; bsr_tags=IDL SOV
652,STATE_652,1120,STATE_1120,manual,0.750,incompatible province overlap rejected for automatic overlay; province_overlap=3; tsr_tags=RUS; bsr_tags=IDL SOV
653,Sverdlovsk,1514,STATE_1514,manual,1.000,incompatible province overlap rejected for automatic overlay; province_overlap=14; tsr_tags=RUS; bsr_tags=SIB SOV
653,Sverdlovsk,580,Tobolsk,manual,0.100,incompatible province overlap rejected for automatic overlay; province_overlap=2; tsr_tags=RUS; bsr_tags=SIB SOV
653,Sverdlovsk,572,Chelyabinsk,manual,0.200,incompatible province overlap rejected for automatic overlay; province_overlap=2; tsr_tags=RUS; bsr_tags=SIB SOV
653,Sverdlovsk,653,Sverdlovsk,manual,0.550,same numeric id/name but low province_overlap=2
656,STATE_656,1177,STATE_1177,manual,1.000,incompatible province overlap rejected for automatic overlay; province_overlap=1; tsr_tags=IRQ KUW; bsr_tags=ITA LBA
656,STATE_656,17,STATE_17,manual,0.333,incompatible province overlap rejected for automatic overlay; province_overlap=1; tsr_tags=IRQ KUW; bsr_tags=BGN FRA GER
656,STATE_656,656,STATE_656,manual,0.750,province_overlap=1; close candidate tie
659,STATE_659,659,STATE_659,merge,0.750,split+merge; province_overlap=3; tsr_overlap_rank=1/3; bsr_source_count=2
659,STATE_659,1298,STATE_1298,split,1.000,split; province_overlap=1; tsr_overlap_rank=2/3; bsr_source_count=1
659,STATE_659,1825,STATE_1825,split,1.000,split; province_overlap=1; tsr_overlap_rank=3/3; bsr_source_count=1
660,STATE_660,660,STATE_660,split,1.000,split; province_overlap=7; tsr_overlap_rank=1/2; bsr_source_count=1
660,STATE_660,899,STATE_899,split,1.000,split; province_overlap=1; tsr_overlap_rank=2/2; bsr_source_count=1
661,STATE_661,661,STATE_661,split,1.000,split; province_overlap=9; tsr_overlap_rank=1/2; bsr_source_count=1
661,STATE_661,662,STATE_662,merge,0.333,split+merge; province_overlap=1; tsr_overlap_rank=2/2; bsr_source_count=2
662,STATE_662,1327,STATE_1327,split,1.000,split; province_overlap=3; tsr_overlap_rank=1/2; bsr_source_count=1
662,STATE_662,662,STATE_662,merge,0.667,split+merge; province_overlap=2; tsr_overlap_rank=2/2; bsr_source_count=2
663,STATE_663,663,STATE_663,split,1.000,split; province_overlap=12; tsr_overlap_rank=1/2; bsr_source_count=1
663,STATE_663,1070,STATE_1070,split,1.000,split; province_overlap=1; tsr_overlap_rank=2/2; bsr_source_count=1
664,STATE_664,664,STATE_664,split,1.000,split; province_overlap=4; tsr_overlap_rank=1/2; bsr_source_count=1
664,STATE_664,1376,STATE_1376,split,1.000,split; province_overlap=2; tsr_overlap_rank=2/2; bsr_source_count=1
665,STATE_665,665,STATE_665,split,1.000,split; province_overlap=6; tsr_overlap_rank=1/3; bsr_source_count=1
665,STATE_665,1937,STATE_1937,split,1.000,split; province_overlap=2; tsr_overlap_rank=2/3; bsr_source_count=1
665,STATE_665,1936,STATE_1936,split,1.000,split; province_overlap=2; tsr_overlap_rank=3/3; bsr_source_count=1
666,STATE_666,666,STATE_666,split,1.000,split; province_overlap=23; tsr_overlap_rank=1/2; bsr_source_count=1
666,STATE_666,1362,STATE_1362,split,1.000,split; province_overlap=8; tsr_overlap_rank=2/2; bsr_source_count=1
667,STATE_667,1233,STATE_1233,manual,0.200,incompatible province overlap rejected for automatic overlay; province_overlap=1; tsr_tags=INS; bsr_tags=ENG ISR PAL
667,STATE_667,1584,STATE_1584,manual,1.000,incompatible province overlap rejected for automatic overlay; province_overlap=1; tsr_tags=INS; bsr_tags=ENG ISR PAL
667,STATE_667,1585,STATE_1585,manual,1.000,incompatible province overlap rejected for automatic overlay; province_overlap=1; tsr_tags=INS; bsr_tags=ENG ISR PAL
667,STATE_667,1235,STATE_1235,manual,1.000,incompatible province overlap rejected for automatic overlay; province_overlap=1; tsr_tags=INS; bsr_tags=ENG ISR PAL
667,STATE_667,1001,STATE_1001,manual,0.500,incompatible province overlap rejected for automatic overlay; province_overlap=1; tsr_tags=INS; bsr_tags=TUR
667,STATE_667,44,STATE_44,manual,0.200,incompatible province overlap rejected for automatic overlay; province_overlap=1; tsr_tags=INS; bsr_tags=ALB
667,STATE_667,1231,STATE_1231,manual,1.000,incompatible province overlap rejected for automatic overlay; province_overlap=1; tsr_tags=INS; bsr_tags=ALB KOS SER YUG
667,STATE_667,667,STATE_667,merge,0.417,merge; province_overlap=5; bsr_source_count=3
668,STATE_668,668,STATE_668,split,1.000,split; province_overlap=7; tsr_overlap_rank=1/2; bsr_source_count=1
668,STATE_668,1930,STATE_1930,split,1.000,split; province_overlap=3; tsr_overlap_rank=2/2; bsr_source_count=1
669,STATE_669,1034,STATE_1034,manual,0.500,incompatible province overlap rejected for automatic overlay; province_overlap=1; tsr_tags=INS WPG; bsr_tags=BRA
669,STATE_669,1950,STATE_1950,split,1.000,split; province_overlap=15; tsr_overlap_rank=1/3; bsr_source_count=1
669,STATE_669,1951,STATE_1951,split,1.000,split; province_overlap=2; tsr_overlap_rank=2/3; bsr_source_count=1
669,STATE_669,669,STATE_669,merge,0.143,split+merge; province_overlap=1; tsr_overlap_rank=3/3; bsr_source_count=2
670,STATE_670,670,STATE_670,split,1.000,split; province_overlap=13; tsr_overlap_rank=1/3; bsr_source_count=1
670,STATE_670,1074,STATE_1074,split,1.000,split; province_overlap=6; tsr_overlap_rank=2/3; bsr_source_count=1
670,STATE_670,1075,STATE_1075,merge,0.600,split+merge; province_overlap=3; tsr_overlap_rank=3/3; bsr_source_count=2
671,STATE_671,1078,STATE_1078,split,1.000,split; province_overlap=10; tsr_overlap_rank=1/3; bsr_source_count=1
671,STATE_671,671,STATE_671,split,1.000,split; province_overlap=4; tsr_overlap_rank=2/3; bsr_source_count=1
671,STATE_671,1938,STATE_1938,split,0.800,split; province_overlap=4; tsr_overlap_rank=3/3; bsr_source_count=1
672,STATE_672,1915,STATE_1915,merge,0.692,split+merge; province_overlap=9; tsr_overlap_rank=1/3; bsr_source_count=3
672,STATE_672,1914,STATE_1914,split,1.000,split; province_overlap=6; tsr_overlap_rank=2/3; bsr_source_count=1
672,STATE_672,1911,STATE_1911,merge,0.667,split+merge; province_overlap=4; tsr_overlap_rank=3/3; bsr_source_count=2
674,STATE_674,924,STATE_924,split,1.000,split; province_overlap=7; tsr_overlap_rank=1/2; bsr_source_count=1
674,STATE_674,921,STATE_921,merge,0.600,split+merge; province_overlap=3; tsr_overlap_rank=2/2; bsr_source_count=2
675,STATE_675,1732,STATE_1732,manual,0.500,incompatible province overlap rejected for automatic overlay; province_overlap=1; tsr_tags=SAU; bsr_tags=BGN FRA GER
676,STATE_676,1264,STATE_1264,split,0.800,split; province_overlap=4; tsr_overlap_rank=1/5; bsr_source_count=1
676,STATE_676,1244,STATE_1244,merge,0.400,split+merge; province_overlap=2; tsr_overlap_rank=2/5; bsr_source_count=2
676,STATE_676,1246,STATE_1246,split,0.667,split; province_overlap=2; tsr_overlap_rank=3/5; bsr_source_count=1
676,STATE_676,1245,STATE_1245,split,0.500,split; province_overlap=1; tsr_overlap_rank=4/5; bsr_source_count=1
676,STATE_676,676,STATE_676,split,0.500,split; province_overlap=1; tsr_overlap_rank=5/5; bsr_source_count=1
677,STATE_677,677,STATE_677,split,1.000,split; province_overlap=3; tsr_overlap_rank=1/3; bsr_source_count=1
677,STATE_677,1256,STATE_1256,split,1.000,split; province_overlap=2; tsr_overlap_rank=2/3; bsr_source_count=1
677,STATE_677,1242,STATE_1242,split,1.000,split; province_overlap=2; tsr_overlap_rank=3/3; bsr_source_count=1
678,STATE_678,1117,STATE_1117,manual,1.000,incompatible province overlap rejected for automatic overlay; province_overlap=1; tsr_tags=SAU; bsr_tags=ENG ISR PAL
678,STATE_678,1826,STATE_1826,split,1.000,split; province_overlap=1; tsr_overlap_rank=1/3; bsr_source_count=1
678,STATE_678,1479,STATE_1479,split,1.000,split; province_overlap=1; tsr_overlap_rank=2/3; bsr_source_count=1
678,STATE_678,678,STATE_678,merge,0.500,split+merge; province_overlap=1; tsr_overlap_rank=3/3; bsr_source_count=2
679,STATE_679,292,STATE_292,merge,0.429,split+merge; province_overlap=3; tsr_overlap_rank=1/4; bsr_source_count=6
679,STATE_679,1158,STATE_1158,merge,0.286,split+merge; province_overlap=2; tsr_overlap_rank=2/4; bsr_source_count=3
679,STATE_679,679,STATE_679,merge,0.200,split+merge; province_overlap=1; tsr_overlap_rank=3/4; bsr_source_count=2
679,STATE_679,1847,STATE_1847,merge,0.143,split+merge; province_overlap=1; tsr_overlap_rank=4/4; bsr_source_count=2
680,STATE_680,680,STATE_680,merge,1.000,merge; province_overlap=4; bsr_source_count=2
681,Cape,1210,STATE_1210,split,0.500,split; province_overlap=2; tsr_overlap_rank=1/8; bsr_source_count=1
681,Cape,1207,STATE_1207,split,0.400,split; province_overlap=2; tsr_overlap_rank=2/8; bsr_source_count=1
681,Cape,681,STATE_681,split,0.667,split; province_overlap=2; tsr_overlap_rank=3/8; bsr_source_count=1
681,Cape,1211,STATE_1211,merge,0.333,split+merge; province_overlap=1; tsr_overlap_rank=4/8; bsr_source_count=2
681,Cape,1208,STATE_1208,merge,0.250,split+merge; province_overlap=1; tsr_overlap_rank=5/8; bsr_source_count=2
681,Cape,1209,STATE_1209,split,1.000,split; province_overlap=1; tsr_overlap_rank=6/8; bsr_source_count=1
681,Cape,1206,STATE_1206,split,0.333,split; province_overlap=1; tsr_overlap_rank=7/8; bsr_source_count=1
681,Cape,1213,STATE_1213,merge,0.250,split+merge; province_overlap=1; tsr_overlap_rank=8/8; bsr_source_count=2
682,STATE_682,1686,STATE_1686,split,1.000,split; province_overlap=12; tsr_overlap_rank=1/4; bsr_source_count=1
682,STATE_682,682,STATE_682,split,1.000,split; province_overlap=9; tsr_overlap_rank=2/4; bsr_source_count=1
682,STATE_682,1672,STATE_1672,merge,0.250,split+merge; province_overlap=1; tsr_overlap_rank=3/4; bsr_source_count=2
682,STATE_682,1607,STATE_1607,split,1.000,split; province_overlap=1; tsr_overlap_rank=4/4; bsr_source_count=1
683,STATE_683,683,STATE_683,merge,0.333,merge; province_overlap=2; bsr_source_count=2
686,STATE_686,686,STATE_686,split,1.000,split; province_overlap=1; tsr_overlap_rank=1/2; bsr_source_count=1
686,STATE_686,972,STATE_972,split,1.000,split; province_overlap=1; tsr_overlap_rank=2/2; bsr_source_count=1
687,STATE_687,1853,STATE_1853,split,1.000,split; province_overlap=1; tsr_overlap_rank=1/3; bsr_source_count=1
687,STATE_687,1644,STATE_1644,split,1.000,split; province_overlap=1; tsr_overlap_rank=2/3; bsr_source_count=1
687,STATE_687,687,STATE_687,split,0.500,split; province_overlap=1; tsr_overlap_rank=3/3; bsr_source_count=1
688,STATE_688,688,STATE_688,split,1.000,split; province_overlap=3; tsr_overlap_rank=1/2; bsr_source_count=1
688,STATE_688,1323,STATE_1323,split,1.000,split; province_overlap=2; tsr_overlap_rank=2/2; bsr_source_count=1
699,STATE_699,699,STATE_699,split,1.000,split; province_overlap=5; tsr_overlap_rank=1/2; bsr_source_count=1
699,STATE_699,1106,STATE_1106,split,0.500,split; province_overlap=1; tsr_overlap_rank=2/2; bsr_source_count=1
714,STATE_714,714,STATE_714,merge,0.917,split+merge; province_overlap=22; tsr_overlap_rank=1/3; bsr_source_count=2
714,STATE_714,715,STATE_715,merge,0.333,split+merge; province_overlap=3; tsr_overlap_rank=2/3; bsr_source_count=2
714,STATE_714,761,STATE_761,merge,0.214,split+merge; province_overlap=3; tsr_overlap_rank=3/3; bsr_source_count=2
715,STATE_715,1978,STATE_1978,merge,0.333,split+merge; province_overlap=7; tsr_overlap_rank=1/6; bsr_source_count=2
715,STATE_715,715,STATE_715,merge,0.667,split+merge; province_overlap=6; tsr_overlap_rank=2/6; bsr_source_count=2
715,STATE_715,1026,STATE_1026,merge,0.273,split+merge; province_overlap=3; tsr_overlap_rank=3/6; bsr_source_count=2
715,STATE_715,714,STATE_714,merge,0.095,split+merge; province_overlap=2; tsr_overlap_rank=4/6; bsr_source_count=2
715,STATE_715,1025,STATE_1025,merge,0.333,split+merge; province_overlap=2; tsr_overlap_rank=5/6; bsr_source_count=2
715,STATE_715,1977,STATE_1977,split,1.000,split; province_overlap=1; tsr_overlap_rank=6/6; bsr_source_count=1
716,STATE_716,716,STATE_716,split,1.000,split; province_overlap=14; tsr_overlap_rank=1/4; bsr_source_count=1
716,STATE_716,1023,STATE_1023,split,1.000,split; province_overlap=6; tsr_overlap_rank=2/4; bsr_source_count=1
716,STATE_716,1025,STATE_1025,merge,0.667,split+merge; province_overlap=4; tsr_overlap_rank=3/4; bsr_source_count=2
716,STATE_716,610,STATE_610,merge,0.111,split+merge; province_overlap=1; tsr_overlap_rank=4/4; bsr_source_count=2
717,STATE_717,909,STATE_909,manual,0.067,incompatible province overlap rejected for automatic overlay; province_overlap=1; tsr_tags=MAN; bsr_tags=JAP KOR
717,STATE_717,717,STATE_717,split,0.957,split; province_overlap=22; tsr_overlap_rank=1/2; bsr_source_count=1
717,STATE_717,1024,STATE_1024,merge,0.438,split+merge; province_overlap=7; tsr_overlap_rank=2/2; bsr_source_count=2
718,STATE_718,1540,STATE_1540,split,1.000,split; province_overlap=6; tsr_overlap_rank=1/2; bsr_source_count=1
718,STATE_718,718,STATE_718,merge,0.250,split+merge; province_overlap=2; tsr_overlap_rank=2/2; bsr_source_count=2
719,Natal,1037,STATE_1037,manual,1.000,incompatible province overlap rejected for automatic overlay; province_overlap=1; tsr_tags=SAF; bsr_tags=ENG SWA
719,Natal,1038,STATE_1038,manual,1.000,incompatible province overlap rejected for automatic overlay; province_overlap=1; tsr_tags=SAF; bsr_tags=ENG LES
719,Natal,1213,STATE_1213,merge,0.750,split+merge; province_overlap=3; tsr_overlap_rank=1/4; bsr_source_count=2
719,Natal,719,STATE_719,split,0.667,split; province_overlap=2; tsr_overlap_rank=2/4; bsr_source_count=1
719,Natal,1211,STATE_1211,merge,0.333,split+merge; province_overlap=1; tsr_overlap_rank=3/4; bsr_source_count=2
719,Natal,1218,STATE_1218,split,0.500,split; province_overlap=1; tsr_overlap_rank=4/4; bsr_source_count=1
723,STATE_723,723,STATE_723,merge,1.000,merge; province_overlap=6; bsr_source_count=3
724,STATE_724,724,STATE_724,split,1.000,split; province_overlap=15; tsr_overlap_rank=1/2; bsr_source_count=1
724,STATE_724,1099,STATE_1099,split,1.000,split; province_overlap=5; tsr_overlap_rank=2/2; bsr_source_count=1
726,STATE_726,814,STATE_814,manual,0.500,incompatible province overlap rejected for automatic overlay; province_overlap=1; tsr_tags=DAS SAM; bsr_tags=BGN FRA GER
731,STATE_731,1159,STATE_1159,split,1.000,split; province_overlap=2; tsr_overlap_rank=1/6; bsr_source_count=1
731,STATE_731,1428,STATE_1428,split,1.000,split; province_overlap=2; tsr_overlap_rank=2/6; bsr_source_count=1
731,STATE_731,731,STATE_731,merge,0.667,split+merge; province_overlap=2; tsr_overlap_rank=3/6; bsr_source_count=2
731,STATE_731,1160,STATE_1160,split,1.000,split; province_overlap=1; tsr_overlap_rank=4/6; bsr_source_count=1
731,STATE_731,1063,STATE_1063,merge,0.333,split+merge; province_overlap=1; tsr_overlap_rank=5/6; bsr_source_count=2
731,STATE_731,1139,STATE_1139,split,0.500,split; province_overlap=1; tsr_overlap_rank=6/6; bsr_source_count=1
732,STATE_732,1489,STATE_1489,manual,0.667,incompatible province overlap rejected for automatic overlay; province_overlap=2; tsr_tags=KYR RUS; bsr_tags=KOK SOV UZB
732,STATE_732,732,STATE_732,split,1.000,split; province_overlap=11; tsr_overlap_rank=1/2; bsr_source_count=1
732,STATE_732,1171,STATE_1171,split,1.000,split; province_overlap=5; tsr_overlap_rank=2/2; bsr_source_count=1
735,STATE_735,823,STATE_823,merge,1.000,merge; province_overlap=4; bsr_source_count=2
736,Name was Istria before the Pola (Istria) split and merge with Fiume,866,STATE_866,split,1.000,split; province_overlap=2; tsr_overlap_rank=1/2; bsr_source_count=1
736,Name was Istria before the Pola (Istria) split and merge with Fiume,993,STATE_993,split,1.000,split; province_overlap=1; tsr_overlap_rank=2/2; bsr_source_count=1
738,STATE_738,804,STATE_804,manual,0.500,incompatible province overlap rejected for automatic overlay; province_overlap=1; tsr_tags=INS; bsr_tags=DEN GER SHL
741,STATE_741,286,STATE_286,manual,0.125,incompatible province overlap rejected for automatic overlay; province_overlap=1; tsr_tags=CAM DAS; bsr_tags=COC FRA VIN
741,STATE_741,741,STATE_741,split,1.000,split; province_overlap=11; tsr_overlap_rank=1/4; bsr_source_count=1
741,STATE_741,1084,STATE_1084,split,0.833,split; province_overlap=5; tsr_overlap_rank=2/4; bsr_source_count=1
741,STATE_741,1083,STATE_1083,split,1.000,split; province_overlap=2; tsr_overlap_rank=3/4; bsr_source_count=1
741,STATE_741,1085,STATE_1085,merge,0.250,split+merge; province_overlap=2; tsr_overlap_rank=4/4; bsr_source_count=2
742,STATE_742,742,STATE_742,split,1.000,split; province_overlap=7; tsr_overlap_rank=1/3; bsr_source_count=1
742,STATE_742,1468,STATE_1468,split,1.000,split; province_overlap=4; tsr_overlap_rank=2/3; bsr_source_count=1
742,STATE_742,1273,STATE_1273,split,1.000,split; province_overlap=1; tsr_overlap_rank=3/3; bsr_source_count=1
744,STATE_744,1309,STATE_1309,manual,1.000,incompatible province overlap rejected for automatic overlay; province_overlap=3; tsr_tags=XIC; bsr_tags=CHI NEA PRC
747,STATE_747,747,STATE_747,split,1.000,split; province_overlap=4; tsr_overlap_rank=1/6; bsr_source_count=1
747,STATE_747,1749,STATE_1749,split,1.000,split; province_overlap=2; tsr_overlap_rank=2/6; bsr_source_count=1
747,STATE_747,1794,STATE_1794,merge,0.500,split+merge; province_overlap=1; tsr_overlap_rank=3/6; bsr_source_count=2
747,STATE_747,1747,STATE_1747,split,1.000,split; province_overlap=1; tsr_overlap_rank=4/6; bsr_source_count=1
747,STATE_747,1750,STATE_1750,merge,0.500,split+merge; province_overlap=1; tsr_overlap_rank=5/6; bsr_source_count=2
747,STATE_747,1313,STATE_1313,split,1.000,split; province_overlap=1; tsr_overlap_rank=6/6; bsr_source_count=1
748,STATE_748,1312,STATE_1312,manual,0.667,incompatible province overlap rejected for automatic overlay; province_overlap=2; tsr_tags=GUI; bsr_tags=CHI PRC
748,STATE_748,603,STATE_603,manual,0.250,incompatible province overlap rejected for automatic overlay; province_overlap=1; tsr_tags=GUI; bsr_tags=CHI PRC
748,STATE_748,748,STATE_748,manual,0.550,same numeric id/name but low province_overlap=1; close candidate tie
749,STATE_749,1021,STATE_1021,manual,0.286,incompatible province overlap rejected for automatic overlay; province_overlap=2; tsr_tags=JAP KMT; bsr_tags=CHI PRC RGR
749,STATE_749,606,STATE_606,manual,0.100,incompatible province overlap rejected for automatic overlay; province_overlap=1; tsr_tags=JAP KMT; bsr_tags=CHI PRC
750,STATE_750,1763,STATE_1763,manual,0.571,incompatible province overlap rejected for automatic overlay; province_overlap=4; tsr_tags=KMT; bsr_tags=CHI PRC
751,STATE_751,753,STATE_753,manual,0.250,incompatible province overlap rejected for automatic overlay; province_overlap=1; tsr_tags=KMT SIC; bsr_tags=CHI PRC SZH
751,STATE_751,1746,STATE_1746,manual,0.500,incompatible province overlap rejected for automatic overlay; province_overlap=1; tsr_tags=KMT SIC; bsr_tags=CHI HSI PRC
752,STATE_752,1790,STATE_1790,manual,0.667,incompatible province overlap rejected for automatic overlay; province_overlap=2; tsr_tags=KMT SIC; bsr_tags=CHI HSI PRC
752,STATE_752,1744,STATE_1744,manual,1.000,incompatible province overlap rejected for automatic overlay; province_overlap=1; tsr_tags=KMT SIC; bsr_tags=CHI HSI PRC
752,STATE_752,1746,STATE_1746,manual,0.500,incompatible province overlap rejected for automatic overlay; province_overlap=1; tsr_tags=KMT SIC; bsr_tags=CHI HSI PRC
752,STATE_752,1788,STATE_1788,manual,1.000,incompatible province overlap rejected for automatic overlay; province_overlap=1; tsr_tags=KMT SIC; bsr_tags=CHI HSI PRC
752,STATE_752,1789,STATE_1789,manual,1.000,incompatible province overlap rejected for automatic overlay; province_overlap=1; tsr_tags=KMT SIC; bsr_tags=CHI HSI PRC
752,STATE_752,1744,STATE_1744,manual,1.000,province_overlap=1; close candidate tie
753,STATE_753,1310,STATE_1310,manual,1.000,incompatible province overlap rejected for automatic overlay; province_overlap=2; tsr_tags=KMT SIC XSM; bsr_tags=CHI PRC SZH
753,STATE_753,1745,STATE_1745,manual,1.000,incompatible province overlap rejected for automatic overlay; province_overlap=1; tsr_tags=KMT SIC XSM; bsr_tags=CHI PRC SZH
753,STATE_753,1787,STATE_1787,manual,1.000,incompatible province overlap rejected for automatic overlay; province_overlap=1; tsr_tags=KMT SIC XSM; bsr_tags=CHI HSI PRC
753,STATE_753,1308,STATE_1308,manual,0.167,incompatible province overlap rejected for automatic overlay; province_overlap=1; tsr_tags=KMT SIC XSM; bsr_tags=CHI NEA PRC
753,STATE_753,1791,STATE_1791,manual,1.000,incompatible province overlap rejected for automatic overlay; province_overlap=1; tsr_tags=KMT SIC XSM; bsr_tags=CHI PRC SZH
753,STATE_753,1792,STATE_1792,manual,0.200,incompatible province overlap rejected for automatic overlay; province_overlap=1; tsr_tags=KMT SIC XSM; bsr_tags=CHI PRC SZH
753,STATE_753,1310,STATE_1310,manual,1.000,province_overlap=2; close candidate tie
754,STATE_754,1383,STATE_1383,manual,0.250,incompatible province overlap rejected for automatic overlay; province_overlap=1; tsr_tags=XSM; bsr_tags=POL SOV
754,STATE_754,754,STATE_754,split,0.800,split; province_overlap=4; tsr_overlap_rank=1/4; bsr_source_count=1
754,STATE_754,1779,STATE_1779,split,1.000,split; province_overlap=2; tsr_overlap_rank=2/4; bsr_source_count=1
754,STATE_754,1778,STATE_1778,split,0.500,split; province_overlap=2; tsr_overlap_rank=3/4; bsr_source_count=1
754,STATE_754,1781,STATE_1781,split,1.000,split; province_overlap=1; tsr_overlap_rank=4/4; bsr_source_count=1
755,STATE_755,1383,STATE_1383,manual,0.250,incompatible province overlap rejected for automatic overlay; province_overlap=1; tsr_tags=XSM; bsr_tags=POL SOV
755,STATE_755,755,STATE_755,merge,0.714,split+merge; province_overlap=5; tsr_overlap_rank=1/3; bsr_source_count=2
755,STATE_755,1777,STATE_1777,split,1.000,split; province_overlap=2; tsr_overlap_rank=2/3; bsr_source_count=1
755,STATE_755,1305,STATE_1305,split,1.000,split; province_overlap=2; tsr_overlap_rank=3/3; bsr_source_count=1
756,STATE_756,1785,STATE_1785,split,1.000,split; province_overlap=5; tsr_overlap_rank=1/2; bsr_source_count=1
756,STATE_756,1784,STATE_1784,merge,0.500,split+merge; province_overlap=1; tsr_overlap_rank=2/2; bsr_source_count=2
757,STATE_757,757,STATE_757,merge,1.000,merge; province_overlap=7; bsr_source_count=2
758,STATE_758,758,STATE_758,split,1.000,split; province_overlap=4; tsr_overlap_rank=1/3; bsr_source_count=1
758,STATE_758,1741,STATE_1741,split,1.000,split; province_overlap=1; tsr_overlap_rank=2/3; bsr_source_count=1
758,STATE_758,1740,STATE_1740,merge,0.200,split+merge; province_overlap=1; tsr_overlap_rank=3/3; bsr_source_count=2
759,STATE_759,617,STATE_617,merge,0.500,split+merge; province_overlap=2; tsr_overlap_rank=1/2; bsr_source_count=5
759,STATE_759,1306,STATE_1306,merge,0.667,split+merge; province_overlap=2; tsr_overlap_rank=2/2; bsr_source_count=2
760,STATE_760,760,STATE_760,split,1.000,split; province_overlap=4; tsr_overlap_rank=1/2; bsr_source_count=1
760,STATE_760,617,STATE_617,merge,0.500,split+merge; province_overlap=4; tsr_overlap_rank=2/2; bsr_source_count=5
761,STATE_761,1019,STATE_1019,manual,0.091,incompatible province overlap rejected for automatic overlay; province_overlap=1; tsr_tags=MAN; bsr_tags=MON
761,STATE_761,761,STATE_761,merge,0.917,merge; province_overlap=11; bsr_source_count=2
763,STATE_763,1600,STATE_1600,split,0.750,split; province_overlap=3; tsr_overlap_rank=1/3; bsr_source_count=1
763,STATE_763,763,STATE_763,split,1.000,split; province_overlap=2; tsr_overlap_rank=2/3; bsr_source_count=1
763,STATE_763,1443,STATE_1443,split,0.500,split; province_overlap=1; tsr_overlap_rank=3/3; bsr_source_count=1
764,STATE_764,764,STATE_764,split,1.000,split; province_overlap=3; tsr_overlap_rank=1/2; bsr_source_count=1
764,STATE_764,1988,STATE_1988,split,1.000,split; province_overlap=1; tsr_overlap_rank=2/2; bsr_source_count=1
766,STATE_766,1940,STATE_1940,split,1.000,split; province_overlap=2; tsr_overlap_rank=1/2; bsr_source_count=1
766,STATE_766,766,STATE_766,split,1.000,split; province_overlap=2; tsr_overlap_rank=2/2; bsr_source_count=1
768,Rwanda,552,STATE_552,manual,0.500,incompatible province overlap rejected for automatic overlay; province_overlap=1; tsr_tags=BEL RWA; bsr_tags=EGY
769,Burundi,1277,STATE_1277,manual,0.500,incompatible province overlap rejected for automatic overlay; province_overlap=1; tsr_tags=BEL BRD; bsr_tags=EGY
770,STATE_770,770,STATE_770,split,1.000,split; province_overlap=2; tsr_overlap_rank=1/2; bsr_source_count=1
770,STATE_770,1961,STATE_1961,split,1.000,split; province_overlap=1; tsr_overlap_rank=2/2; bsr_source_count=1
771,Zambia,1527,STATE_1527,split,1.000,split; province_overlap=2; tsr_overlap_rank=1/4; bsr_source_count=1
771,Zambia,771,Zambia,split,1.000,split; province_overlap=2; tsr_overlap_rank=2/4; bsr_source_count=1
771,Zambia,1530,Zambia,split,1.000,split; province_overlap=1; tsr_overlap_rank=3/4; bsr_source_count=1
771,Zambia,1944,STATE_1944,split,1.000,split; province_overlap=1; tsr_overlap_rank=4/4; bsr_source_count=1
772,Middle Congo (Brazzaville),772,STATE_772,split,1.000,split; province_overlap=4; tsr_overlap_rank=1/2; bsr_source_count=1
772,Middle Congo (Brazzaville),896,STATE_896,split,0.500,split; province_overlap=1; tsr_overlap_rank=2/2; bsr_source_count=1
773,Cameroon,773,Cameroon,split,1.000,split; province_overlap=3; tsr_overlap_rank=1/3; bsr_source_count=1
773,Cameroon,1493,STATE_1493,split,1.000,split; province_overlap=3; tsr_overlap_rank=2/3; bsr_source_count=1
773,Cameroon,1813,STATE_1813,split,1.000,split; province_overlap=1; tsr_overlap_rank=3/3; bsr_source_count=1
774,STATE_774,774,STATE_774,split,1.000,split; province_overlap=10; tsr_overlap_rank=1/2; bsr_source_count=1
774,STATE_774,898,STATE_898,split,1.000,split; province_overlap=1; tsr_overlap_rank=2/2; bsr_source_count=1
775,BET - Borkou-Ennedi-Tibesti region,2000,STATE_2000,manual,1.000,incompatible province overlap rejected for automatic overlay; province_overlap=1; tsr_tags=CHA DWA; bsr_tags=KSH RAJ
778,Upper Volta,778,Upper Volta,split,1.000,split; province_overlap=3; tsr_overlap_rank=1/3; bsr_source_count=1
778,Upper Volta,1925,STATE_1925,split,1.000,split; province_overlap=2; tsr_overlap_rank=2/3; bsr_source_count=1
778,Upper Volta,1924,STATE_1924,split,1.000,split; province_overlap=1; tsr_overlap_rank=3/3; bsr_source_count=1
780,Guinea,780,Guinea,split,1.000,split; province_overlap=3; tsr_overlap_rank=1/2; bsr_source_count=1
780,Guinea,1816,Guinea,split,1.000,split; province_overlap=3; tsr_overlap_rank=2/2; bsr_source_count=1
784,STATE_784,784,STATE_784,split,1.000,split; province_overlap=2; tsr_overlap_rank=1/3; bsr_source_count=1
784,STATE_784,1997,STATE_1997,split,1.000,split; province_overlap=1; tsr_overlap_rank=2/3; bsr_source_count=1
784,STATE_784,1563,STATE_1563,split,1.000,split; province_overlap=1; tsr_overlap_rank=3/3; bsr_source_count=1
785,STATE_785,1877,STATE_1877,split,1.000,split; province_overlap=3; tsr_overlap_rank=1/3; bsr_source_count=1
785,STATE_785,785,STATE_785,split,0.667,split; province_overlap=2; tsr_overlap_rank=2/3; bsr_source_count=1
785,STATE_785,1582,STATE_1582,split,0.667,split; province_overlap=2; tsr_overlap_rank=3/3; bsr_source_count=1
786,Mauritanian Desert,1908,STATE_1908,manual,1.000,incompatible province overlap rejected for automatic overlay; province_overlap=1; tsr_tags=AOC MRT; bsr_tags=PAR
786,Mauritanian Desert,786,STATE_786,split,1.000,split; province_overlap=3; tsr_overlap_rank=1/3; bsr_source_count=1
786,Mauritanian Desert,1173,STATE_1173,split,0.400,split; province_overlap=2; tsr_overlap_rank=2/3; bsr_source_count=1
786,Mauritanian Desert,1319,STATE_1319,split,1.000,split; province_overlap=1; tsr_overlap_rank=3/3; bsr_source_count=1
787,Northern Kashmir,441,STATE_441,manual,0.250,incompatible province overlap rejected for automatic overlay; province_overlap=1; tsr_tags=KAS KHL PAK; bsr_tags=KSH RAJ
790,STATE_790,1052,STATE_1052,split,1.000,split; province_overlap=4; tsr_overlap_rank=1/4; bsr_source_count=1
790,STATE_790,1722,STATE_1722,split,1.000,split; province_overlap=3; tsr_overlap_rank=2/4; bsr_source_count=1
790,STATE_790,171,STATE_171,merge,0.111,split+merge; province_overlap=1; tsr_overlap_rank=3/4; bsr_source_count=2
790,STATE_790,1725,STATE_1725,split,1.000,split; province_overlap=1; tsr_overlap_rank=4/4; bsr_source_count=1
793,STATE_793,1055,STATE_1055,split,1.000,split; province_overlap=10; tsr_overlap_rank=1/2; bsr_source_count=1
793,STATE_793,1717,STATE_1717,split,1.000,split; province_overlap=4; tsr_overlap_rank=2/2; bsr_source_count=1
794,STATE_794,1721,STATE_1721,split,1.000,split; province_overlap=7; tsr_overlap_rank=1/3; bsr_source_count=1
794,STATE_794,1133,STATE_1133,split,1.000,split; province_overlap=6; tsr_overlap_rank=2/3; bsr_source_count=1
794,STATE_794,1720,STATE_1720,merge,0.200,split+merge; province_overlap=1; tsr_overlap_rank=3/3; bsr_source_count=2
795,STATE_795,1134,STATE_1134,split,1.000,split; province_overlap=7; tsr_overlap_rank=1/2; bsr_source_count=1
795,STATE_795,1501,STATE_1501,split,1.000,split; province_overlap=1; tsr_overlap_rank=2/2; bsr_source_count=1
798,STATE_798,956,STATE_956,merge,0.500,split+merge; province_overlap=3; tsr_overlap_rank=1/2; bsr_source_count=4
798,STATE_798,957,STATE_957,merge,0.750,split+merge; province_overlap=3; tsr_overlap_rank=2/2; bsr_source_count=2
800,Van,1217,STATE_1217,manual,0.500,incompatible province overlap rejected for automatic overlay; province_overlap=1; tsr_tags=ARM KUR TUR; bsr_tags=SAF TRV
800,Van,353,STATE_353,split,1.000,split; province_overlap=6; tsr_overlap_rank=1/4; bsr_source_count=1
800,Van,959,STATE_959,merge,0.250,split+merge; province_overlap=2; tsr_overlap_rank=2/4; bsr_source_count=3
800,Van,352,STATE_352,merge,0.500,split+merge; province_overlap=1; tsr_overlap_rank=3/4; bsr_source_count=2
800,Van,960,STATE_960,merge,0.333,split+merge; province_overlap=1; tsr_overlap_rank=4/4; bsr_source_count=2
801,STATE_801,942,STATE_942,split,1.000,split; province_overlap=5; tsr_overlap_rank=1/2; bsr_source_count=1
801,STATE_801,943,STATE_943,merge,0.250,split+merge; province_overlap=1; tsr_overlap_rank=2/2; bsr_source_count=2
802,STATE_802,108,STATE_108,merge,0.667,split+merge; province_overlap=2; tsr_overlap_rank=1/3; bsr_source_count=2
802,STATE_802,878,STATE_878,merge,0.500,split+merge; province_overlap=1; tsr_overlap_rank=2/3; bsr_source_count=2
802,STATE_802,941,STATE_941,split,1.000,split; province_overlap=1; tsr_overlap_rank=3/3; bsr_source_count=1
803,STATE_803,870,STATE_870,split,1.000,split; province_overlap=2; tsr_overlap_rank=1/2; bsr_source_count=1
803,STATE_803,1302,STATE_1302,split,1.000,split; province_overlap=1; tsr_overlap_rank=2/2; bsr_source_count=1
804,STATE_804,1046,STATE_1046,split,1.000,split; province_overlap=3; tsr_overlap_rank=1/2; bsr_source_count=1
804,STATE_804,2003,STATE_2003,merge,0.500,split+merge; province_overlap=1; tsr_overlap_rank=2/2; bsr_source_count=2
805,STATE_805,829,STATE_829,manual,0.667,incompatible province overlap rejected for automatic overlay; province_overlap=2; tsr_tags=ALB ITA; bsr_tags=MOL SOV UKR
805,STATE_805,805,STATE_805,manual,0.550,same numeric id/name but low province_overlap=0; close candidate tie
806,STATE_806,1353,STATE_1353,split,1.000,split; province_overlap=1; tsr_overlap_rank=1/3; bsr_source_count=1
806,STATE_806,19,STATE_19,merge,0.333,split+merge; province_overlap=1; tsr_overlap_rank=2/3; bsr_source_count=2
806,STATE_806,1352,STATE_1352,split,0.500,split; province_overlap=1; tsr_overlap_rank=3/3; bsr_source_count=1
807,STATE_807,865,STATE_865,split,0.500,split; province_overlap=1; tsr_overlap_rank=1/8; bsr_source_count=1
807,STATE_807,1868,STATE_1868,split,1.000,split; province_overlap=1; tsr_overlap_rank=2/8; bsr_source_count=1
807,STATE_807,1942,STATE_1942,split,0.500,split; province_overlap=1; tsr_overlap_rank=3/8; bsr_source_count=1
807,STATE_807,1425,STATE_1425,split,0.333,split; province_overlap=1; tsr_overlap_rank=4/8; bsr_source_count=1
807,STATE_807,1561,STATE_1561,split,1.000,split; province_overlap=1; tsr_overlap_rank=5/8; bsr_source_count=1
807,STATE_807,1424,STATE_1424,split,1.000,split; province_overlap=1; tsr_overlap_rank=6/8; bsr_source_count=1
807,STATE_807,1728,STATE_1728,split,1.000,split; province_overlap=1; tsr_overlap_rank=7/8; bsr_source_count=1
807,STATE_807,1364,STATE_1364,split,1.000,split; province_overlap=1; tsr_overlap_rank=8/8; bsr_source_count=1
808,STATE_808,1454,STATE_1454,merge,0.667,split+merge; province_overlap=2; tsr_overlap_rank=1/2; bsr_source_count=3
808,STATE_808,12,STATE_12,split,1.000,split; province_overlap=1; tsr_overlap_rank=2/2; bsr_source_count=1
809,STATE_809,190,STATE_190,merge,0.500,split+merge; province_overlap=3; tsr_overlap_rank=1/2; bsr_source_count=2
809,STATE_809,881,STATE_881,split,1.000,split; province_overlap=3; tsr_overlap_rank=2/2; bsr_source_count=1
810,STATE_810,880,STATE_880,split,1.000,split; province_overlap=6; tsr_overlap_rank=1/2; bsr_source_count=1
810,STATE_810,1454,STATE_1454,merge,0.333,split+merge; province_overlap=3; tsr_overlap_rank=2/2; bsr_source_count=3
812,STATE_812,13,STATE_13,merge,1.000,merge; province_overlap=4; bsr_source_count=3
813,STATE_813,13,STATE_13,merge,0.714,split+merge; province_overlap=5; tsr_overlap_rank=1/2; bsr_source_count=3
813,STATE_813,191,STATE_191,merge,0.143,split+merge; province_overlap=1; tsr_overlap_rank=2/2; bsr_source_count=3
814,STATE_814,879,STATE_879,split,1.000,split; province_overlap=3; tsr_overlap_rank=1/2; bsr_source_count=1
814,STATE_814,1992,STATE_1992,split,1.000,split; province_overlap=1; tsr_overlap_rank=2/2; bsr_source_count=1
815,STATE_815,11,STATE_11,merge,0.600,split+merge; province_overlap=3; tsr_overlap_rank=1/4; bsr_source_count=2
815,STATE_815,1604,STATE_1604,merge,0.500,split+merge; province_overlap=2; tsr_overlap_rank=2/4; bsr_source_count=2
815,STATE_815,1293,STATE_1293,merge,0.667,split+merge; province_overlap=2; tsr_overlap_rank=3/4; bsr_source_count=2
815,STATE_815,189,STATE_189,merge,0.167,split+merge; province_overlap=1; tsr_overlap_rank=4/4; bsr_source_count=2
817,STATE_817,1017,STATE_1017,merge,0.545,split+merge; province_overlap=12; tsr_overlap_rank=1/5; bsr_source_count=3
817,STATE_817,1020,STATE_1020,split,1.000,split; province_overlap=6; tsr_overlap_rank=2/5; bsr_source_count=1
817,STATE_817,1015,STATE_1015,merge,0.312,split+merge; province_overlap=5; tsr_overlap_rank=3/5; bsr_source_count=2
817,STATE_817,1019,STATE_1019,merge,0.364,split+merge; province_overlap=4; tsr_overlap_rank=4/5; bsr_source_count=2
817,STATE_817,330,STATE_330,merge,0.250,split+merge; province_overlap=2; tsr_overlap_rank=5/5; bsr_source_count=2
818,STATE_818,1015,STATE_1015,merge,0.917,split+merge; province_overlap=11; tsr_overlap_rank=1/2; bsr_source_count=2
818,STATE_818,1448,STATE_1448,split,0.500,split; province_overlap=1; tsr_overlap_rank=2/2; bsr_source_count=1
819,STATE_819,1019,STATE_1019,merge,0.545,split+merge; province_overlap=6; tsr_overlap_rank=1/3; bsr_source_count=2
819,STATE_819,1018,STATE_1018,split,1.000,split; province_overlap=6; tsr_overlap_rank=2/3; bsr_source_count=1
819,STATE_819,1573,STATE_1573,split,1.000,split; province_overlap=1; tsr_overlap_rank=3/3; bsr_source_count=1
820,STATE_820,1016,STATE_1016,split,1.000,split; province_overlap=6; tsr_overlap_rank=1/2; bsr_source_count=1
820,STATE_820,1017,STATE_1017,merge,0.250,split+merge; province_overlap=2; tsr_overlap_rank=2/2; bsr_source_count=3
821,STATE_821,232,STATE_232,manual,0.600,incompatible province overlap rejected for automatic overlay; province_overlap=3; tsr_tags=CIN RUS; bsr_tags=CHE SOV
821,STATE_821,931,STATE_931,manual,0.167,incompatible province overlap rejected for automatic overlay; province_overlap=1; tsr_tags=CIN RUS; bsr_tags=DAG SOV
821,STATE_821,2009,STATE_2009,manual,0.333,incompatible province overlap rejected for automatic overlay; province_overlap=1; tsr_tags=CIN RUS; bsr_tags=DAG SOV
821,STATE_821,1092,STATE_1092,manual,0.167,incompatible province overlap rejected for automatic overlay; province_overlap=1; tsr_tags=CIN RUS; bsr_tags=GEO SOV
821,STATE_821,821,STATE_821,manual,0.550,same numeric id/name but low province_overlap=0; close candidate tie
822,Chukotka,644,STATE_644,manual,1.000,incompatible province overlap rejected for automatic overlay; province_overlap=4; tsr_tags=CKK FER RUS; bsr_tags=SIB SOV YAK
822,Chukotka,822,STATE_822,manual,0.550,same numeric id/name but low province_overlap=0
823,Karakalpakstan,1469,STATE_1469,manual,0.083,incompatible province overlap rejected for automatic overlay; province_overlap=1; tsr_tags=KKP RUS UZB; bsr_tags=KAZ SOV
823,Karakalpakstan,585,STATE_585,merge,0.500,split+merge; province_overlap=5; tsr_overlap_rank=1/2; bsr_source_count=3
823,Karakalpakstan,1467,STATE_1467,merge,0.833,split+merge; province_overlap=5; tsr_overlap_rank=2/2; bsr_source_count=2
824,Yamalia,1169,STATE_1169,manual,1.000,incompatible province overlap rejected for automatic overlay; province_overlap=10; tsr_tags=RUS YAM; bsr_tags=SIB SOV
824,Yamalia,824,STATE_824,manual,0.550,same numeric id/name but low province_overlap=0
825,Nenets,262,STATE_262,manual,1.000,incompatible province overlap rejected for automatic overlay; province_overlap=9; tsr_tags=NEN RUS; bsr_tags=SOV
825,Nenets,1252,STATE_1252,manual,1.000,incompatible province overlap rejected for automatic overlay; province_overlap=1; tsr_tags=NEN RUS; bsr_tags=SOV
825,Nenets,825,STATE_825,manual,0.550,same numeric id/name but low province_overlap=0
826,STATE_826,1002,STATE_1002,split,0.750,split; province_overlap=3; tsr_overlap_rank=1/2; bsr_source_count=1
826,STATE_826,1226,STATE_1226,merge,0.250,split+merge; province_overlap=1; tsr_overlap_rank=2/2; bsr_source_count=2
827,STATE_827,1091,STATE_1091,manual,0.500,incompatible province overlap rejected for automatic overlay; province_overlap=1; tsr_tags=KBK RUS; bsr_tags=GEO SOT SOV
827,STATE_827,1226,STATE_1226,manual,0.250,incompatible province overlap rejected for automatic overlay; province_overlap=1; tsr_tags=KBK RUS; bsr_tags=GEO SOV
827,STATE_827,1326,STATE_1326,manual,0.250,incompatible province overlap rejected for automatic overlay; province_overlap=1; tsr_tags=KBK RUS; bsr_tags=CIR KBR SOV
827,STATE_827,1968,STATE_1968,manual,1.000,incompatible province overlap rejected for automatic overlay; province_overlap=1; tsr_tags=KBK RUS; bsr_tags=CIR KBR SOV
828,STATE_828,1326,STATE_1326,manual,0.667,incompatible province overlap rejected for automatic overlay; province_overlap=2; tsr_tags=NOA RUS; bsr_tags=CIR KBR SOV
828,STATE_828,1092,STATE_1092,manual,0.333,incompatible province overlap rejected for automatic overlay; province_overlap=1; tsr_tags=NOA RUS; bsr_tags=GEO SOV
828,STATE_828,828,STATE_828,manual,0.550,same numeric id/name but low province_overlap=0; close candidate tie
829,Volga Germany,930,STATE_930,manual,0.400,incompatible province overlap rejected for automatic overlay; province_overlap=4; tsr_tags=RUS VGE; bsr_tags=SOV
829,Volga Germany,265,STATE_265,manual,0.250,incompatible province overlap rejected for automatic overlay; province_overlap=3; tsr_tags=RUS VGE; bsr_tags=DON SOV
829,Volga Germany,239,STATE_239,manual,0.250,incompatible province overlap rejected for automatic overlay; province_overlap=3; tsr_tags=RUS VGE; bsr_tags=SOV
829,Volga Germany,401,STATE_401,manual,0.167,incompatible province overlap rejected for automatic overlay; province_overlap=2; tsr_tags=RUS VGE; bsr_tags=SOV
829,Volga Germany,829,STATE_829,manual,0.550,same numeric id/name but low province_overlap=0
830,Bukhara,1464,STATE_1464,split,1.000,split; province_overlap=9; tsr_overlap_rank=1/2; bsr_source_count=1
830,Bukhara,1463,STATE_1463,merge,0.500,split+merge; province_overlap=1; tsr_overlap_rank=2/2; bsr_source_count=2
831,Khiva,1465,STATE_1465,manual,0.250,incompatible province overlap rejected for automatic overlay; province_overlap=1; tsr_tags=KHI KKP RUS UZB; bsr_tags=SOV TMS
831,Khiva,1138,STATE_1138,split,1.000,split; province_overlap=2; tsr_overlap_rank=1/3; bsr_source_count=1
831,Khiva,1467,STATE_1467,merge,0.200,split+merge; province_overlap=1; tsr_overlap_rank=2/3; bsr_source_count=2
831,Khiva,585,STATE_585,merge,0.200,split+merge; province_overlap=1; tsr_overlap_rank=3/3; bsr_source_count=3
832,STATE_832,1465,STATE_1465,split,0.750,split; province_overlap=3; tsr_overlap_rank=1/2; bsr_source_count=1
832,STATE_832,1462,STATE_1462,merge,0.250,split+merge; province_overlap=1; tsr_overlap_rank=2/2; bsr_source_count=2
833,STATE_833,256,STATE_256,manual,0.941,incompatible province overlap rejected for automatic overlay; province_overlap=16; tsr_tags=MEL RUS; bsr_tags=SOV
833,STATE_833,252,STATE_252,manual,0.059,incompatible province overlap rejected for automatic overlay; province_overlap=1; tsr_tags=MEL RUS; bsr_tags=SOV
834,STATE_834,192,STATE_192,merge,0.750,split+merge; province_overlap=3; tsr_overlap_rank=1/2; bsr_source_count=2
834,STATE_834,1100,STATE_1100,split,1.000,split; province_overlap=1; tsr_overlap_rank=2/2; bsr_source_count=1
835,STATE_835,1419,STATE_1419,manual,0.167,incompatible province overlap rejected for automatic overlay; province_overlap=1; tsr_tags=ETH HAR ITA SOM; bsr_tags=CAN
835,STATE_835,1111,STATE_1111,merge,0.500,split+merge; province_overlap=3; tsr_overlap_rank=1/2; bsr_source_count=2
835,STATE_835,271,STATE_271,merge,0.167,split+merge; province_overlap=1; tsr_overlap_rank=2/2; bsr_source_count=9
836,STATE_836,1111,STATE_1111,merge,0.333,split+merge; province_overlap=1; tsr_overlap_rank=1/2; bsr_source_count=2
836,STATE_836,271,STATE_271,merge,0.333,split+merge; province_overlap=1; tsr_overlap_rank=2/2; bsr_source_count=9
837,STATE_837,861,STATE_861,manual,1.000,incompatible province overlap rejected for automatic overlay; province_overlap=1; tsr_tags=ETH ITA ORO SID; bsr_tags=ENG SCO
837,STATE_837,834,STATE_834,manual,1.000,incompatible province overlap rejected for automatic overlay; province_overlap=1; tsr_tags=ETH ITA ORO SID; bsr_tags=CAN QUE
837,STATE_837,834,STATE_834,manual,1.000,province_overlap=1; close candidate tie
838,STATE_838,1683,STATE_1683,manual,0.333,incompatible province overlap rejected for automatic overlay; province_overlap=1; tsr_tags=ETH GBA ITA; bsr_tags=USA
838,STATE_838,838,STATE_838,manual,0.550,same numeric id/name but low province_overlap=0
839,STATE_839,381,STATE_381,manual,0.333,incompatible province overlap rejected for automatic overlay; province_overlap=1; tsr_tags=BEG ETH ITA ORO; bsr_tags=USA
839,STATE_839,839,STATE_839,manual,0.550,same numeric id/name but low province_overlap=0; close candidate tie
840,STATE_840,381,STATE_381,manual,0.500,incompatible province overlap rejected for automatic overlay; province_overlap=1; tsr_tags=BEG ETH ITA; bsr_tags=USA
840,STATE_840,840,STATE_840,manual,0.550,same numeric id/name but low province_overlap=0; close candidate tie
841,STATE_841,839,STATE_839,manual,0.250,incompatible province overlap rejected for automatic overlay; province_overlap=1; tsr_tags=ETH ITA QEM; bsr_tags=NEE USA
841,STATE_841,1979,STATE_1979,merge,0.333,split+merge; province_overlap=1; tsr_overlap_rank=1/2; bsr_source_count=3
841,STATE_841,271,STATE_271,merge,0.250,split+merge; province_overlap=1; tsr_overlap_rank=2/2; bsr_source_count=9
842,STATE_842,813,STATE_813,manual,0.333,incompatible province overlap rejected for automatic overlay; province_overlap=1; tsr_tags=ETH ITA TIG; bsr_tags=BEL GER WLL
842,STATE_842,1632,STATE_1632,manual,0.333,incompatible province overlap rejected for automatic overlay; province_overlap=1; tsr_tags=ETH ITA TIG; bsr_tags=USA
843,STATE_843,1979,STATE_1979,merge,0.500,split+merge; province_overlap=1; tsr_overlap_rank=1/2; bsr_source_count=3
843,STATE_843,271,STATE_271,merge,0.500,split+merge; province_overlap=1; tsr_overlap_rank=2/2; bsr_source_count=9
845,STATE_845,892,STATE_892,merge,0.667,split+merge; province_overlap=2; tsr_overlap_rank=1/3; bsr_source_count=2
845,STATE_845,3,STATE_3,merge,0.200,split+merge; province_overlap=1; tsr_overlap_rank=2/3; bsr_source_count=3
845,STATE_845,1515,STATE_1515,split,1.000,split; province_overlap=1; tsr_overlap_rank=3/3; bsr_source_count=1
846,STATE_846,893,STATE_893,merge,1.000,merge; province_overlap=2; bsr_source_count=2
847,STATE_847,3,STATE_3,merge,0.500,split+merge; province_overlap=2; tsr_overlap_rank=1/3; bsr_source_count=3
847,STATE_847,1439,STATE_1439,split,1.000,split; province_overlap=1; tsr_overlap_rank=2/3; bsr_source_count=1
847,STATE_847,1304,STATE_1304,split,1.000,split; province_overlap=1; tsr_overlap_rank=3/3; bsr_source_count=1
848,STATE_848,1354,STATE_1354,split,1.000,split; province_overlap=1; tsr_overlap_rank=1/2; bsr_source_count=1
848,STATE_848,153,STATE_153,merge,0.500,split+merge; province_overlap=1; tsr_overlap_rank=2/2; bsr_source_count=2
849,STATE_849,992,STATE_992,split,1.000,split; province_overlap=5; tsr_overlap_rank=1/2; bsr_source_count=1
849,STATE_849,816,STATE_816,split,1.000,split; province_overlap=3; tsr_overlap_rank=2/2; bsr_source_count=1
850,Trentino,867,STATE_867,merge,1.000,merge; province_overlap=2; bsr_source_count=2
851,Var (Split-off from former Provence now Bouches-du-Rhône),822,STATE_822,split,1.000,split; province_overlap=3; tsr_overlap_rank=1/2; bsr_source_count=1
851,Var (Split-off from former Provence now Bouches-du-Rhône),823,STATE_823,merge,0.250,split+merge; province_overlap=1; tsr_overlap_rank=2/2; bsr_source_count=2
852,Dalmatia,1066,STATE_1066,split,1.000,split; province_overlap=1; tsr_overlap_rank=1/2; bsr_source_count=1
852,Dalmatia,736,STATE_736,split,1.000,split; province_overlap=1; tsr_overlap_rank=2/2; bsr_source_count=1
854,STATE_854,292,STATE_292,merge,1.000,merge; province_overlap=5; bsr_source_count=6
855,STATE_855,292,STATE_292,merge,0.375,split+merge; province_overlap=3; tsr_overlap_rank=1/3; bsr_source_count=6
855,STATE_855,1568,STATE_1568,split,0.750,split; province_overlap=3; tsr_overlap_rank=2/3; bsr_source_count=1
855,STATE_855,1847,STATE_1847,merge,0.286,split+merge; province_overlap=2; tsr_overlap_rank=3/3; bsr_source_count=2
856,STATE_856,1158,STATE_1158,merge,0.333,split+merge; province_overlap=2; tsr_overlap_rank=1/4; bsr_source_count=3
856,STATE_856,679,STATE_679,merge,0.400,split+merge; province_overlap=2; tsr_overlap_rank=2/4; bsr_source_count=2
856,STATE_856,1498,STATE_1498,split,0.333,split; province_overlap=1; tsr_overlap_rank=3/4; bsr_source_count=1
856,STATE_856,1155,STATE_1155,split,0.333,split; province_overlap=1; tsr_overlap_rank=4/4; bsr_source_count=1
857,STATE_857,292,STATE_292,merge,1.000,merge; province_overlap=5; bsr_source_count=6
858,STATE_858,876,STATE_876,manual,1.000,incompatible province overlap rejected for automatic overlay; province_overlap=1; tsr_tags=SAU; bsr_tags=OMA
858,STATE_858,875,STATE_875,manual,1.000,incompatible province overlap rejected for automatic overlay; province_overlap=1; tsr_tags=SAU; bsr_tags=BHR ENG
858,STATE_858,678,STATE_678,merge,0.500,split+merge; province_overlap=1; tsr_overlap_rank=1/2; bsr_source_count=2
858,STATE_858,1499,STATE_1499,split,0.500,split; province_overlap=1; tsr_overlap_rank=2/2; bsr_source_count=1
859,STATE_859,944,STATE_944,split,1.000,split; province_overlap=2; tsr_overlap_rank=1/3; bsr_source_count=1
859,STATE_859,292,STATE_292,merge,0.250,split+merge; province_overlap=1; tsr_overlap_rank=2/3; bsr_source_count=6
859,STATE_859,1488,STATE_1488,split,0.500,split; province_overlap=1; tsr_overlap_rank=3/3; bsr_source_count=1
860,STATE_860,1109,STATE_1109,manual,0.500,incompatible province overlap rejected for automatic overlay; province_overlap=1; tsr_tags=CAN QUE; bsr_tags=JAP KOR
860,STATE_860,466,STATE_466,merge,0.857,merge; province_overlap=6; bsr_source_count=4
861,STATE_861,466,STATE_466,merge,0.333,split+merge; province_overlap=1; tsr_overlap_rank=1/2; bsr_source_count=4
861,STATE_861,1687,STATE_1687,merge,0.333,split+merge; province_overlap=1; tsr_overlap_rank=2/2; bsr_source_count=3
862,STATE_862,466,STATE_466,merge,0.583,split+merge; province_overlap=7; tsr_overlap_rank=1/2; bsr_source_count=4
862,STATE_862,1687,STATE_1687,merge,0.625,split+merge; province_overlap=5; tsr_overlap_rank=2/2; bsr_source_count=3
863,STATE_863,466,STATE_466,merge,0.833,merge; province_overlap=5; bsr_source_count=4
865,STATE_865,469,STATE_469,merge,0.333,split+merge; province_overlap=3; tsr_overlap_rank=1/2; bsr_source_count=2
865,STATE_865,1669,STATE_1669,split,1.000,split; province_overlap=2; tsr_overlap_rank=2/2; bsr_source_count=1
866,STATE_866,1204,STATE_1204,manual,0.500,incompatible province overlap rejected for automatic overlay; province_overlap=1; tsr_tags=CAN; bsr_tags=BUL MAC YUG
866,STATE_866,1672,STATE_1672,merge,0.750,split+merge; province_overlap=3; tsr_overlap_rank=1/2; bsr_source_count=2
866,STATE_866,1671,STATE_1671,split,1.000,split; province_overlap=1; tsr_overlap_rank=2/2; bsr_source_count=1
867,STATE_867,1670,STATE_1670,split,1.000,split; province_overlap=4; tsr_overlap_rank=1/2; bsr_source_count=1
867,STATE_867,467,STATE_467,merge,0.375,split+merge; province_overlap=3; tsr_overlap_rank=2/2; bsr_source_count=2
868,STATE_868,1098,STATE_1098,split,1.000,split; province_overlap=12; tsr_overlap_rank=1/2; bsr_source_count=1
868,STATE_868,1096,STATE_1096,split,1.000,split; province_overlap=6; tsr_overlap_rank=2/2; bsr_source_count=1
872,STATE_872,521,STATE_521,merge,1.000,merge; province_overlap=19; bsr_source_count=3
873,STATE_873,923,STATE_923,merge,0.800,split+merge; province_overlap=4; tsr_overlap_rank=1/2; bsr_source_count=2
873,STATE_873,521,STATE_521,merge,0.200,split+merge; province_overlap=1; tsr_overlap_rank=2/2; bsr_source_count=3
874,Magadan,562,Okhotsk,merge,1.000,merge; province_overlap=3; bsr_source_count=2
875,Chukchi Peninsula,644,STATE_644,manual,0.500,incompatible province overlap rejected for automatic overlay; province_overlap=1; tsr_tags=CKK FER RUS; bsr_tags=SIB SOV YAK
875,Chukchi Peninsula,875,STATE_875,manual,0.550,same numeric id/name but low province_overlap=0
876,Udachny,516,STATE_516,manual,0.400,incompatible province overlap rejected for automatic overlay; province_overlap=2; tsr_tags=RUS YAK; bsr_tags=SIB SOV
876,Udachny,876,STATE_876,manual,0.550,same numeric id/name but low province_overlap=0
877,Verkhoyansk,1840,STATE_1840,merge,0.833,split+merge; province_overlap=5; tsr_overlap_rank=1/2; bsr_source_count=2
877,Verkhoyansk,644,STATE_644,merge,0.167,split+merge; province_overlap=1; tsr_overlap_rank=2/2; bsr_source_count=2
878,Khatangsky,516,STATE_516,manual,0.833,incompatible province overlap rejected for automatic overlay; province_overlap=5; tsr_tags=RUS TAY; bsr_tags=SIB SOV
878,Khatangsky,1420,STATE_1420,manual,0.200,incompatible province overlap rejected for automatic overlay; province_overlap=1; tsr_tags=RUS TAY; bsr_tags=SIB SOV
878,Khatangsky,878,STATE_878,merge,0.000,merge; province_overlap=0; bsr_source_count=2
879,Kargopol,1255,STATE_1255,manual,0.588,incompatible province overlap rejected for automatic overlay; province_overlap=10; tsr_tags=RUS; bsr_tags=SOV
879,Kargopol,215,STATE_215,manual,0.364,incompatible province overlap rejected for automatic overlay; province_overlap=4; tsr_tags=RUS; bsr_tags=KAR SOV
879,Kargopol,351,STATE_351,manual,0.118,incompatible province overlap rejected for automatic overlay; province_overlap=2; tsr_tags=RUS; bsr_tags=SOV
879,Kargopol,1371,STATE_1371,manual,0.059,incompatible province overlap rejected for automatic overlay; province_overlap=1; tsr_tags=RUS; bsr_tags=SOV
879,Kargopol,879,STATE_879,manual,0.550,same numeric id/name but low province_overlap=0
880,Kotlas,351,STATE_351,manual,0.684,incompatible province overlap rejected for automatic overlay; province_overlap=13; tsr_tags=RUS; bsr_tags=SOV
880,Kotlas,214,STATE_214,manual,0.308,incompatible province overlap rejected for automatic overlay; province_overlap=4; tsr_tags=RUS; bsr_tags=SOV
880,Kotlas,1255,STATE_1255,manual,0.105,incompatible province overlap rejected for automatic overlay; province_overlap=2; tsr_tags=RUS; bsr_tags=SOV
880,Kotlas,880,STATE_880,manual,0.550,same numeric id/name but low province_overlap=0
881,Karagandy,404,STATE_404,merge,0.864,split+merge; province_overlap=19; tsr_overlap_rank=1/3; bsr_source_count=3
881,Karagandy,590,Akmolinsk,merge,0.091,split+merge; province_overlap=2; tsr_overlap_rank=2/3; bsr_source_count=2
881,Karagandy,1148,STATE_1148,merge,0.083,split+merge; province_overlap=1; tsr_overlap_rank=3/3; bsr_source_count=2
882,Pavlodar,588,STATE_588,merge,1.000,merge; province_overlap=9; bsr_source_count=2
883,STATE_883,551,STATE_551,merge,1.000,merge; province_overlap=5; bsr_source_count=3
884,Upper Nile,1187,STATE_1187,merge,1.000,merge; province_overlap=4; bsr_source_count=5
885,Bahr al Ghazal,1187,STATE_1187,merge,1.000,merge; province_overlap=4; bsr_source_count=5
886,STATE_886,551,STATE_551,merge,0.833,split+merge; province_overlap=5; tsr_overlap_rank=1/2; bsr_source_count=3
886,STATE_886,1187,STATE_1187,merge,0.167,split+merge; province_overlap=1; tsr_overlap_rank=2/2; bsr_source_count=5
887,STATE_887,1923,STATE_1923,merge,0.667,split+merge; province_overlap=2; tsr_overlap_rank=1/2; bsr_source_count=2
887,STATE_887,1187,STATE_1187,merge,0.333,split+merge; province_overlap=1; tsr_overlap_rank=2/2; bsr_source_count=5
888,STATE_888,295,STATE_295,merge,0.750,split+merge; province_overlap=6; tsr_overlap_rank=1/3; bsr_source_count=2
888,STATE_888,1136,STATE_1136,merge,0.250,split+merge; province_overlap=1; tsr_overlap_rank=2/3; bsr_source_count=2
888,STATE_888,538,STATE_538,merge,0.143,split+merge; province_overlap=1; tsr_overlap_rank=3/3; bsr_source_count=3
889,STATE_889,1539,STATE_1539,split,0.600,split; province_overlap=3; tsr_overlap_rank=1/3; bsr_source_count=1
889,STATE_889,1136,STATE_1136,merge,0.750,split+merge; province_overlap=3; tsr_overlap_rank=2/3; bsr_source_count=2
889,STATE_889,1135,STATE_1135,split,1.000,split; province_overlap=1; tsr_overlap_rank=3/3; bsr_source_count=1
890,STATE_890,718,STATE_718,merge,1.000,merge; province_overlap=7; bsr_source_count=2
891,STATE_891,1196,STATE_1196,manual,1.000,incompatible province overlap rejected for automatic overlay; province_overlap=1; tsr_tags=ANG POR; bsr_tags=ENG SSU SUD
891,STATE_891,1959,STATE_1959,split,1.000,split; province_overlap=2; tsr_overlap_rank=1/3; bsr_source_count=1
891,STATE_891,540,STATE_540,merge,0.200,split+merge; province_overlap=1; tsr_overlap_rank=2/3; bsr_source_count=3
891,STATE_891,1357,STATE_1357,split,0.500,split; province_overlap=1; tsr_overlap_rank=3/3; bsr_source_count=1
892,STATE_892,540,STATE_540,merge,1.000,merge; province_overlap=6; bsr_source_count=3
893,STATE_893,541,STATE_541,merge,1.000,merge; province_overlap=5; bsr_source_count=2
894,STATE_894,1544,STATE_1544,merge,1.000,merge; province_overlap=3; bsr_source_count=2
895,STATE_895,1544,STATE_1544,merge,0.333,split+merge; province_overlap=1; tsr_overlap_rank=1/3; bsr_source_count=2
895,STATE_895,1057,STATE_1057,split,1.000,split; province_overlap=1; tsr_overlap_rank=2/3; bsr_source_count=1
895,STATE_895,1543,STATE_1543,merge,0.500,split+merge; province_overlap=1; tsr_overlap_rank=3/3; bsr_source_count=2
896,STATE_896,1542,STATE_1542,merge,0.750,split+merge; province_overlap=3; tsr_overlap_rank=1/2; bsr_source_count=2
896,STATE_896,1541,STATE_1541,split,1.000,split; province_overlap=1; tsr_overlap_rank=2/2; bsr_source_count=1
897,STATE_897,1128,STATE_1128,split,0.714,split; province_overlap=5; tsr_overlap_rank=1/2; bsr_source_count=1
897,STATE_897,1359,STATE_1359,split,1.000,split; province_overlap=3; tsr_overlap_rank=2/2; bsr_source_count=1
900,STATE_900,1492,STATE_1492,split,1.000,split; province_overlap=3; tsr_overlap_rank=1/3; bsr_source_count=1
900,STATE_900,901,STATE_901,split,0.500,split; province_overlap=1; tsr_overlap_rank=2/3; bsr_source_count=1
900,STATE_900,558,STATE_558,merge,0.200,split+merge; province_overlap=1; tsr_overlap_rank=3/3; bsr_source_count=4
901,STATE_901,558,STATE_558,merge,1.000,merge; province_overlap=4; bsr_source_count=4
902,STATE_902,558,STATE_558,merge,1.000,merge; province_overlap=7; bsr_source_count=4
903,STATE_903,1287,STATE_1287,split,0.750,split; province_overlap=3; tsr_overlap_rank=1/2; bsr_source_count=1
903,STATE_903,1286,STATE_1286,split,1.000,split; province_overlap=1; tsr_overlap_rank=2/2; bsr_source_count=1
904,STATE_904,547,STATE_547,merge,1.000,merge; province_overlap=3; bsr_source_count=3
905,STATE_905,547,STATE_547,merge,1.000,merge; province_overlap=3; bsr_source_count=3
907,STATE_907,1276,STATE_1276,split,0.750,split; province_overlap=6; tsr_overlap_rank=1/3; bsr_source_count=1
907,STATE_907,446,STATE_446,split,0.571,split; province_overlap=4; tsr_overlap_rank=2/3; bsr_source_count=1
907,STATE_907,1274,STATE_1274,merge,0.250,split+merge; province_overlap=1; tsr_overlap_rank=3/3; bsr_source_count=2
908,STATE_908,846,STATE_846,manual,0.500,incompatible province overlap rejected for automatic overlay; province_overlap=1; tsr_tags=AFA ETH; bsr_tags=USA
908,STATE_908,792,STATE_792,manual,0.333,incompatible province overlap rejected for automatic overlay; province_overlap=1; tsr_tags=AFA ETH; bsr_tags=GER PRE RHI
908,STATE_908,908,STATE_908,manual,0.550,same numeric id/name but low province_overlap=0; close candidate tie
909,STATE_909,1903,STATE_1903,split,1.000,split; province_overlap=2; tsr_overlap_rank=1/2; bsr_source_count=1
909,STATE_909,796,STATE_796,split,0.333,split; province_overlap=1; tsr_overlap_rank=2/2; bsr_source_count=1
911,STATE_911,873,STATE_873,manual,1.000,incompatible province overlap rejected for automatic overlay; province_overlap=1; tsr_tags=DEN; bsr_tags=ENG SUD
911,STATE_911,1166,STATE_1166,manual,1.000,province_overlap=2; close candidate tie
912,STATE_912,551,STATE_551,manual,0.333,incompatible province overlap rejected for automatic overlay; province_overlap=1; tsr_tags=DEN GER; bsr_tags=ENG SUD
912,STATE_912,912,STATE_912,manual,0.550,same numeric id/name but low province_overlap=0; close candidate tie
913,STATE_913,910,STATE_910,manual,1.000,incompatible province overlap rejected for automatic overlay; province_overlap=1; tsr_tags=SWE; bsr_tags=JAP KOR
913,STATE_913,902,STATE_902,manual,1.000,incompatible province overlap rejected for automatic overlay; province_overlap=1; tsr_tags=SWE; bsr_tags=CHI PRC
913,STATE_913,902,STATE_902,manual,1.000,province_overlap=1; close candidate tie
914,STATE_914,897,STATE_897,manual,1.000,incompatible province overlap rejected for automatic overlay; province_overlap=1; tsr_tags=NOR; bsr_tags=FRA GAB
916,STATE_916,1008,STATE_1008,merge,0.529,split+merge; province_overlap=9; tsr_overlap_rank=1/3; bsr_source_count=2
916,STATE_916,1009,STATE_1009,merge,0.333,split+merge; province_overlap=6; tsr_overlap_rank=2/3; bsr_source_count=2
916,STATE_916,1007,STATE_1007,merge,0.222,split+merge; province_overlap=2; tsr_overlap_rank=3/3; bsr_source_count=2
917,STATE_917,1009,STATE_1009,merge,0.789,split+merge; province_overlap=15; tsr_overlap_rank=1/2; bsr_source_count=2
917,STATE_917,1114,STATE_1114,merge,0.188,split+merge; province_overlap=3; tsr_overlap_rank=2/2; bsr_source_count=2
918,Västerbotten,38,STATE_38,merge,1.000,merge; province_overlap=34; bsr_source_count=2
919,STATE_919,1657,STATE_1657,merge,1.000,merge; province_overlap=10; bsr_source_count=2
920,STATE_920,1011,STATE_1011,split,1.000,split; province_overlap=11; tsr_overlap_rank=1/4; bsr_source_count=1
920,STATE_920,1012,STATE_1012,merge,0.667,split+merge; province_overlap=6; tsr_overlap_rank=2/4; bsr_source_count=2
920,STATE_920,1638,STATE_1638,merge,0.800,split+merge; province_overlap=4; tsr_overlap_rank=3/4; bsr_source_count=2
920,STATE_920,1637,STATE_1637,merge,0.100,split+merge; province_overlap=1; tsr_overlap_rank=4/4; bsr_source_count=4
921,Telemark,1010,STATE_1010,merge,0.600,split+merge; province_overlap=6; tsr_overlap_rank=1/3; bsr_source_count=2
921,Telemark,1012,STATE_1012,merge,0.333,split+merge; province_overlap=3; tsr_overlap_rank=2/3; bsr_source_count=2
921,Telemark,1637,STATE_1637,merge,0.100,split+merge; province_overlap=1; tsr_overlap_rank=3/3; bsr_source_count=4
922,STATE_922,1010,STATE_1010,merge,0.556,split+merge; province_overlap=5; tsr_overlap_rank=1/3; bsr_source_count=2
922,STATE_922,142,STATE_142,merge,0.222,split+merge; province_overlap=2; tsr_overlap_rank=2/3; bsr_source_count=2
922,STATE_922,1637,STATE_1637,merge,0.222,split+merge; province_overlap=2; tsr_overlap_rank=3/3; bsr_source_count=4
923,STATE_923,143,STATE_143,merge,0.625,split+merge; province_overlap=5; tsr_overlap_rank=1/2; bsr_source_count=3
923,STATE_923,1013,STATE_1013,merge,0.750,split+merge; province_overlap=3; tsr_overlap_rank=2/2; bsr_source_count=2
924,STATE_924,1014,STATE_1014,merge,0.778,split+merge; province_overlap=7; tsr_overlap_rank=1/2; bsr_source_count=2
924,STATE_924,144,STATE_144,merge,0.222,split+merge; province_overlap=2; tsr_overlap_rank=2/2; bsr_source_count=2
925,STATE_925,144,STATE_144,merge,0.882,split+merge; province_overlap=15; tsr_overlap_rank=1/2; bsr_source_count=2
925,STATE_925,1762,STATE_1762,split,1.000,split; province_overlap=5; tsr_overlap_rank=2/2; bsr_source_count=1
926,TURKU AND PORI,1626,Varsinais Suomi / Finland Proper,merge,0.750,split+merge; province_overlap=6; tsr_overlap_rank=1/3; bsr_source_count=3
926,TURKU AND PORI,149,Pohjanmaa,merge,0.222,split+merge; province_overlap=2; tsr_overlap_rank=2/3; bsr_source_count=3
926,TURKU AND PORI,1631,Vaasa,merge,0.200,split+merge; province_overlap=1; tsr_overlap_rank=3/3; bsr_source_count=2
927,HÄME,1627,Savo / Tavastland / Tavastia,merge,0.714,split+merge; province_overlap=10; tsr_overlap_rank=1/4; bsr_source_count=6
927,HÄME,149,Pohjanmaa,merge,0.143,split+merge; province_overlap=2; tsr_overlap_rank=2/4; bsr_source_count=3
927,HÄME,1626,Varsinais Suomi / Finland Proper,merge,0.125,split+merge; province_overlap=1; tsr_overlap_rank=3/4; bsr_source_count=3
927,HÄME,150,Savo,merge,0.071,split+merge; province_overlap=1; tsr_overlap_rank=4/4; bsr_source_count=3
928,KYME,1572,STATE_1572,split,1.000,split; province_overlap=6; tsr_overlap_rank=1/3; bsr_source_count=1
928,KYME,1151,STATE_1151,merge,0.125,split+merge; province_overlap=1; tsr_overlap_rank=2/3; bsr_source_count=3
928,KYME,1627,Savo / Tavastland / Tavastia,merge,0.125,split+merge; province_overlap=1; tsr_overlap_rank=3/3; bsr_source_count=6
929,OULU,1628,Savo / Tavastland / Tavastia,merge,0.818,split+merge; province_overlap=9; tsr_overlap_rank=1/3; bsr_source_count=3
929,OULU,1629,Savo / Tavastland / Tavastia,merge,0.889,split+merge; province_overlap=8; tsr_overlap_rank=2/3; bsr_source_count=2
929,OULU,1630,Savo / Tavastland / Tavastia,merge,0.467,split+merge; province_overlap=7; tsr_overlap_rank=3/3; bsr_source_count=2
930,MIKKELI,1627,Savo / Tavastland / Tavastia,merge,0.455,split+merge; province_overlap=5; tsr_overlap_rank=1/3; bsr_source_count=6
930,MIKKELI,150,Savo,merge,0.364,split+merge; province_overlap=4; tsr_overlap_rank=2/3; bsr_source_count=3
930,MIKKELI,1151,STATE_1151,merge,0.182,split+merge; province_overlap=2; tsr_overlap_rank=3/3; bsr_source_count=3
931,STATE_931,2025,STATE_2025,split,1.000,split; province_overlap=2; tsr_overlap_rank=1/2; bsr_source_count=1
931,STATE_931,2026,STATE_2026,split,1.000,split; province_overlap=2; tsr_overlap_rank=2/2; bsr_source_count=1
934,STATE_934,1228,STATE_1228,split,1.000,split; province_overlap=2; tsr_overlap_rank=1/2; bsr_source_count=1
934,STATE_934,1229,STATE_1229,split,1.000,split; province_overlap=1; tsr_overlap_rank=2/2; bsr_source_count=1
935,STATE_935,1893,STATE_1893,merge,1.000,merge; province_overlap=4; bsr_source_count=2
936,STATE_936,1894,STATE_1894,split,1.000,split; province_overlap=6; tsr_overlap_rank=1/4; bsr_source_count=1
936,STATE_936,1895,STATE_1895,split,1.000,split; province_overlap=4; tsr_overlap_rank=2/4; bsr_source_count=1
936,STATE_936,1896,STATE_1896,split,1.000,split; province_overlap=3; tsr_overlap_rank=3/4; bsr_source_count=1
936,STATE_936,1893,STATE_1893,merge,0.200,split+merge; province_overlap=1; tsr_overlap_rank=4/4; bsr_source_count=2
938,STATE_938,901,STATE_901,manual,0.500,incompatible province overlap rejected for automatic overlay; province_overlap=1; tsr_tags=BRA; bsr_tags=ENG NGA
938,STATE_938,927,STATE_927,manual,0.167,incompatible province overlap rejected for automatic overlay; province_overlap=1; tsr_tags=BRA; bsr_tags=MUS SOV
938,STATE_938,497,STATE_497,split,1.000,split; province_overlap=4; tsr_overlap_rank=1/3; bsr_source_count=1
938,STATE_938,1901,STATE_1901,merge,0.500,split+merge; province_overlap=1; tsr_overlap_rank=2/3; bsr_source_count=2
938,STATE_938,1902,STATE_1902,merge,0.250,split+merge; province_overlap=1; tsr_overlap_rank=3/3; bsr_source_count=4
940,STATE_940,946,STATE_946,manual,0.333,incompatible province overlap rejected for automatic overlay; province_overlap=1; tsr_tags=BRA; bsr_tags=ENG IRQ
940,STATE_940,938,STATE_938,manual,1.000,incompatible province overlap rejected for automatic overlay; province_overlap=1; tsr_tags=BRA; bsr_tags=BOS CRO HRZ YUG
940,STATE_940,1488,STATE_1488,manual,0.500,incompatible province overlap rejected for automatic overlay; province_overlap=1; tsr_tags=BRA; bsr_tags=SAU
941,STATE_941,946,STATE_946,manual,0.250,incompatible province overlap rejected for automatic overlay; province_overlap=1; tsr_tags=BRA; bsr_tags=ENG IRQ
941,STATE_941,1154,STATE_1154,manual,0.333,incompatible province overlap rejected for automatic overlay; province_overlap=1; tsr_tags=BRA; bsr_tags=ENG IRQ JBS
942,STATE_942,973,STATE_973,manual,1.000,incompatible province overlap rejected for automatic overlay; province_overlap=1; tsr_tags=BRA; bsr_tags=ENG
942,STATE_942,1154,STATE_1154,manual,0.333,incompatible province overlap rejected for automatic overlay; province_overlap=1; tsr_tags=BRA; bsr_tags=ENG IRQ JBS
942,STATE_942,1890,STATE_1890,manual,1.000,province_overlap=1; close candidate tie
944,STATE_944,503,STATE_503,split,1.000,split; province_overlap=5; tsr_overlap_rank=1/2; bsr_source_count=1
944,STATE_944,1578,STATE_1578,merge,0.400,split+merge; province_overlap=2; tsr_overlap_rank=2/2; bsr_source_count=2
945,STATE_945,300,STATE_300,merge,1.000,merge; province_overlap=4; bsr_source_count=3
946,STATE_946,300,STATE_300,merge,1.000,merge; province_overlap=5; bsr_source_count=3
947,STATE_947,994,STATE_994,manual,1.000,incompatible province overlap rejected for automatic overlay; province_overlap=1; tsr_tags=PRU; bsr_tags=HUN
948,STATE_948,1109,STATE_1109,manual,1.000,incompatible province overlap rejected for automatic overlay; province_overlap=1; tsr_tags=CHL RAP; bsr_tags=JAP KOR
949,Aysen,1108,STATE_1108,manual,0.500,incompatible province overlap rejected for automatic overlay; province_overlap=1; tsr_tags=CHL; bsr_tags=JAP KOR
949,Aysen,507,Magallanes,merge,0.833,merge; province_overlap=5; bsr_source_count=2
950,STATE_950,1111,STATE_1111,manual,0.200,incompatible province overlap rejected for automatic overlay; province_overlap=1; tsr_tags=CHL; bsr_tags=ETH ITA SOM
950,STATE_950,1576,STATE_1576,merge,0.800,merge; province_overlap=4; bsr_source_count=2
951,STATE_951,860,STATE_860,manual,1.000,incompatible province overlap rejected for automatic overlay; province_overlap=1; tsr_tags=CHL; bsr_tags=CUB USA
951,STATE_951,916,STATE_916,merge,0.500,split+merge; province_overlap=2; tsr_overlap_rank=1/2; bsr_source_count=2
951,STATE_951,915,STATE_915,split,1.000,split; province_overlap=1; tsr_overlap_rank=2/2; bsr_source_count=1
952,STATE_952,1579,STATE_1579,merge,0.667,split+merge; province_overlap=2; tsr_overlap_rank=1/2; bsr_source_count=2
952,STATE_952,506,STATE_506,split,1.000,split; province_overlap=2; tsr_overlap_rank=2/2; bsr_source_count=1
953,STATE_953,1703,STATE_1703,manual,1.000,incompatible province overlap rejected for automatic overlay; province_overlap=1; tsr_tags=ARG WLA; bsr_tags=GER PRE
953,STATE_953,1111,STATE_1111,manual,0.333,incompatible province overlap rejected for automatic overlay; province_overlap=1; tsr_tags=ARG WLA; bsr_tags=ETH ITA SOM
953,STATE_953,1324,STATE_1324,manual,1.000,province_overlap=1; close candidate tie
954,STATE_954,904,STATE_904,manual,0.200,incompatible province overlap rejected for automatic overlay; province_overlap=1; tsr_tags=ARG WLA; bsr_tags=JAP KOR
954,STATE_954,512,STATE_512,merge,0.800,merge; province_overlap=4; bsr_source_count=2
955,STATE_955,1108,STATE_1108,manual,0.500,incompatible province overlap rejected for automatic overlay; province_overlap=1; tsr_tags=ARG WLA; bsr_tags=JAP KOR
955,STATE_955,903,STATE_903,manual,0.200,incompatible province overlap rejected for automatic overlay; province_overlap=1; tsr_tags=ARG WLA; bsr_tags=JAP KOR
955,STATE_955,828,STATE_828,manual,1.000,incompatible province overlap rejected for automatic overlay; province_overlap=1; tsr_tags=ARG WLA; bsr_tags=VCT
955,STATE_955,512,STATE_512,merge,0.429,split+merge; province_overlap=3; tsr_overlap_rank=1/2; bsr_source_count=2
955,STATE_955,1907,STATE_1907,merge,0.143,split+merge; province_overlap=1; tsr_overlap_rank=2/2; bsr_source_count=2
956,STATE_956,1806,STATE_1806,merge,0.833,split+merge; province_overlap=5; tsr_overlap_rank=1/3; bsr_source_count=2
956,STATE_956,509,Chaco Australis,merge,0.143,split+merge; province_overlap=1; tsr_overlap_rank=2/3; bsr_source_count=2
956,STATE_956,1300,STATE_1300,merge,0.333,split+merge; province_overlap=1; tsr_overlap_rank=3/3; bsr_source_count=2
957,STATE_957,1260,STATE_1260,split,1.000,split; province_overlap=2; tsr_overlap_rank=1/2; bsr_source_count=1
957,STATE_957,1574,STATE_1574,merge,0.500,split+merge; province_overlap=1; tsr_overlap_rank=2/2; bsr_source_count=2
958,STATE_958,511,Mendoza,merge,0.889,split+merge; province_overlap=8; tsr_overlap_rank=1/2; bsr_source_count=3
958,STATE_958,1806,STATE_1806,merge,0.167,split+merge; province_overlap=1; tsr_overlap_rank=2/2; bsr_source_count=2
959,STATE_959,824,STATE_824,manual,0.500,incompatible province overlap rejected for automatic overlay; province_overlap=1; tsr_tags=ARG; bsr_tags=ADR
959,STATE_959,831,STATE_831,manual,1.000,incompatible province overlap rejected for automatic overlay; province_overlap=1; tsr_tags=ARG; bsr_tags=ROM
959,STATE_959,1574,STATE_1574,merge,0.500,split+merge; province_overlap=1; tsr_overlap_rank=1/2; bsr_source_count=2
959,STATE_959,1580,STATE_1580,split,1.000,split; province_overlap=1; tsr_overlap_rank=2/2; bsr_source_count=1
960,STATE_960,508,Tucuman,merge,1.000,merge; province_overlap=4; bsr_source_count=2
961,STATE_961,495,STATE_495,merge,1.000,merge; province_overlap=1; bsr_source_count=5
962,STATE_962,1147,STATE_1147,manual,1.000,incompatible province overlap rejected for automatic overlay; province_overlap=1; tsr_tags=BRA; bsr_tags=CHE SOV
963,STATE_963,913,STATE_913,split,1.000,split; province_overlap=1; tsr_overlap_rank=1/2; bsr_source_count=1
963,STATE_963,495,STATE_495,merge,0.500,split+merge; province_overlap=1; tsr_overlap_rank=2/2; bsr_source_count=5
964,STATE_964,495,STATE_495,merge,0.500,split+merge; province_overlap=2; tsr_overlap_rank=1/3; bsr_source_count=5
964,STATE_964,912,STATE_912,split,1.000,split; province_overlap=1; tsr_overlap_rank=2/3; bsr_source_count=1
964,STATE_964,1532,STATE_1532,merge,0.250,split+merge; province_overlap=1; tsr_overlap_rank=3/3; bsr_source_count=2
965,STATE_965,495,STATE_495,merge,0.500,split+merge; province_overlap=1; tsr_overlap_rank=1/2; bsr_source_count=5
965,STATE_965,280,STATE_280,merge,0.500,split+merge; province_overlap=1; tsr_overlap_rank=2/2; bsr_source_count=3
966,STATE_966,1902,STATE_1902,merge,1.000,merge; province_overlap=1; bsr_source_count=4
967,STATE_967,974,STATE_974,manual,1.000,incompatible province overlap rejected for automatic overlay; province_overlap=1; tsr_tags=BRA; bsr_tags=ENG
968,STATE_968,1847,STATE_1847,manual,0.333,incompatible province overlap rejected for automatic overlay; province_overlap=1; tsr_tags=BRA; bsr_tags=HEJ SAU
968,STATE_968,968,STATE_968,manual,0.550,same numeric id/name but low province_overlap=0
969,STATE_969,1173,STATE_1173,manual,0.333,incompatible province overlap rejected for automatic overlay; province_overlap=1; tsr_tags=BRA; bsr_tags=FRA MRT
969,STATE_969,1498,STATE_1498,manual,0.333,incompatible province overlap rejected for automatic overlay; province_overlap=1; tsr_tags=BRA; bsr_tags=HEJ SAU
969,STATE_969,969,STATE_969,manual,0.550,same numeric id/name but low province_overlap=0; close candidate tie
970,STATE_970,871,STATE_871,split,0.667,split; province_overlap=2; tsr_overlap_rank=1/2; bsr_source_count=1
970,STATE_970,1230,STATE_1230,merge,0.500,split+merge; province_overlap=1; tsr_overlap_rank=2/2; bsr_source_count=2
971,Northern Dobruja,832,STATE_832,merge,0.750,split+merge; province_overlap=3; tsr_overlap_rank=1/2; bsr_source_count=2
971,Northern Dobruja,1423,STATE_1423,split,1.000,split; province_overlap=1; tsr_overlap_rank=2/2; bsr_source_count=1
972,STATE_972,888,STATE_888,split,1.000,split; province_overlap=3; tsr_overlap_rank=1/2; bsr_source_count=1
972,STATE_972,886,STATE_886,split,1.000,split; province_overlap=2; tsr_overlap_rank=2/2; bsr_source_count=1
973,STATE_973,809,STATE_809,split,1.000,split; province_overlap=2; tsr_overlap_rank=1/2; bsr_source_count=1
973,STATE_973,1986,STATE_1986,split,1.000,split; province_overlap=1; tsr_overlap_rank=2/2; bsr_source_count=1
974,South Transdanubia,808,STATE_808,merge,0.750,split+merge; province_overlap=3; tsr_overlap_rank=1/2; bsr_source_count=2
974,South Transdanubia,1985,STATE_1985,split,1.000,split; province_overlap=3; tsr_overlap_rank=2/2; bsr_source_count=1
975,STATE_975,810,STATE_810,split,0.667,split; province_overlap=2; tsr_overlap_rank=1/2; bsr_source_count=1
975,STATE_975,1431,STATE_1431,merge,0.500,split+merge; province_overlap=1; tsr_overlap_rank=2/2; bsr_source_count=2
976,STATE_976,1149,STATE_1149,merge,0.857,split+merge; province_overlap=6; tsr_overlap_rank=1/3; bsr_source_count=2
976,STATE_976,1107,STATE_1107,merge,0.500,split+merge; province_overlap=2; tsr_overlap_rank=2/3; bsr_source_count=2
976,STATE_976,1554,STATE_1554,split,1.000,split; province_overlap=1; tsr_overlap_rank=3/3; bsr_source_count=1
977,Antwerpen,1808,STATE_1808,split,1.000,split; province_overlap=2; tsr_overlap_rank=1/3; bsr_source_count=1
977,Antwerpen,1807,STATE_1807,split,1.000,split; province_overlap=1; tsr_overlap_rank=2/3; bsr_source_count=1
977,Antwerpen,6,Flanders,merge,0.250,split+merge; province_overlap=1; tsr_overlap_rank=3/3; bsr_source_count=2
978,Baden,28,STATE_28,merge,0.750,split+merge; province_overlap=3; tsr_overlap_rank=1/4; bsr_source_count=2
978,Baden,1965,STATE_1965,split,1.000,split; province_overlap=2; tsr_overlap_rank=2/4; bsr_source_count=1
978,Baden,791,STATE_791,merge,0.500,split+merge; province_overlap=1; tsr_overlap_rank=3/4; bsr_source_count=2
978,Baden,799,STATE_799,merge,0.500,split+merge; province_overlap=1; tsr_overlap_rank=4/4; bsr_source_count=2
979,STATE_979,918,STATE_918,merge,1.000,merge; province_overlap=12; bsr_source_count=2
980,STATE_980,1182,STATE_1182,split,1.000,split; province_overlap=2; tsr_overlap_rank=1/3; bsr_source_count=1
980,STATE_980,1990,STATE_1990,split,1.000,split; province_overlap=1; tsr_overlap_rank=2/3; bsr_source_count=1
980,STATE_980,1989,STATE_1989,split,1.000,split; province_overlap=1; tsr_overlap_rank=3/3; bsr_source_count=1
981,Barotseland,1528,STATE_1528,split,1.000,split; province_overlap=3; tsr_overlap_rank=1/2; bsr_source_count=1
981,Barotseland,1529,STATE_1529,split,1.000,split; province_overlap=1; tsr_overlap_rank=2/2; bsr_source_count=1
982,STATE_982,423,Madurai,manual,1.000,incompatible province overlap rejected for automatic overlay; province_overlap=5; tsr_tags=DRV RAS; bsr_tags=RAJ
982,STATE_982,982,STATE_982,manual,0.550,same numeric id/name but low province_overlap=0
983,manpower = 1697161,429,STATE_429,manual,0.444,incompatible province overlap rejected for automatic overlay; province_overlap=4; tsr_tags=KOL MRA; bsr_tags=RAJ
983,manpower = 1697161,1948,Mysore,manual,1.000,incompatible province overlap rejected for automatic overlay; province_overlap=2; tsr_tags=KOL MRA; bsr_tags=RAJ
983,manpower = 1697161,1949,Mysore,manual,0.500,incompatible province overlap rejected for automatic overlay; province_overlap=2; tsr_tags=KOL MRA; bsr_tags=RAJ
983,manpower = 1697161,427,STATE_427,manual,0.111,incompatible province overlap rejected for automatic overlay; province_overlap=1; tsr_tags=KOL MRA; bsr_tags=HYD RAJ
983,manpower = 1697161,983,STATE_983,manual,0.550,same numeric id/name but low province_overlap=0
984,manpower = 30650,436,Jabalpur,manual,0.625,incompatible province overlap rejected for automatic overlay; province_overlap=5; tsr_tags=IND; bsr_tags=RAJ
984,manpower = 30650,426,Orissa,manual,0.375,incompatible province overlap rejected for automatic overlay; province_overlap=3; tsr_tags=IND; bsr_tags=RAJ
984,manpower = 30650,984,STATE_984,manual,0.550,same numeric id/name but low province_overlap=0
985,manpower = 109808,983,STATE_983,manual,1.000,incompatible province overlap rejected for automatic overlay; province_overlap=1; tsr_tags=IND SKK TIB; bsr_tags=RAJ SKM
985,manpower = 109808,985,STATE_985,manual,0.550,same numeric id/name but low province_overlap=0
986,manpower = 16959758,985,STATE_985,manual,1.000,incompatible province overlap rejected for automatic overlay; province_overlap=4; tsr_tags=IND KHL; bsr_tags=RAJ
986,manpower = 16959758,439,STATE_439,manual,0.500,incompatible province overlap rejected for automatic overlay; province_overlap=2; tsr_tags=IND KHL; bsr_tags=RAJ
986,manpower = 16959758,1343,STATE_1343,manual,0.333,incompatible province overlap rejected for automatic overlay; province_overlap=1; tsr_tags=IND KHL; bsr_tags=PUN RAJ
986,manpower = 16959758,1342,STATE_1342,manual,0.200,incompatible province overlap rejected for automatic overlay; province_overlap=1; tsr_tags=IND KHL; bsr_tags=RAJ
986,manpower = 16959758,986,STATE_986,manual,0.550,same numeric id/name but low province_overlap=0
987,manpower = 217974,442,STATE_442,merge,1.000,merge; province_overlap=4; bsr_source_count=3
988,STATE_988,1879,STATE_1879,split,1.000,split; province_overlap=2; tsr_overlap_rank=1/3; bsr_source_count=1
988,STATE_988,445,STATE_445,merge,0.250,split+merge; province_overlap=1; tsr_overlap_rank=2/3; bsr_source_count=2
988,STATE_988,442,STATE_442,merge,0.250,split+merge; province_overlap=1; tsr_overlap_rank=3/3; bsr_source_count=3
989,STATE_989,433,STATE_433,manual,0.667,incompatible province overlap rejected for automatic overlay; province_overlap=4; tsr_tags=IND RJP; bsr_tags=RAJ
989,STATE_989,440,STATE_440,manual,0.333,incompatible province overlap rejected for automatic overlay; province_overlap=2; tsr_tags=IND RJP; bsr_tags=PAK PUN RAJ
989,STATE_989,989,STATE_989,manual,0.550,same numeric id/name but low province_overlap=0; close candidate tie
990,STATE_990,432,STATE_432,manual,1.000,incompatible province overlap rejected for automatic overlay; province_overlap=3; tsr_tags=BAN MPU; bsr_tags=RAJ
991,STATE_991,437,Indore,manual,1.000,incompatible province overlap rejected for automatic overlay; province_overlap=3; tsr_tags=CIP IND; bsr_tags=RAJ
991,STATE_991,991,STATE_991,manual,0.550,same numeric id/name but low province_overlap=0
992,STATE_992,1200,STATE_1200,manual,0.500,incompatible province overlap rejected for automatic overlay; province_overlap=1; tsr_tags=FSA YEM; bsr_tags=USA
992,STATE_992,992,STATE_992,manual,0.550,same numeric id/name but low province_overlap=0; close candidate tie
993,STATE_993,1041,STATE_1041,merge,1.000,merge; province_overlap=4; bsr_source_count=2
994,STATE_994,1042,STATE_1042,split,1.000,split; province_overlap=11; tsr_overlap_rank=1/2; bsr_source_count=1
994,STATE_994,288,STATE_288,merge,0.312,split+merge; province_overlap=5; tsr_overlap_rank=2/2; bsr_source_count=6
995,STATE_995,288,STATE_288,merge,1.000,merge; province_overlap=6; bsr_source_count=6
996,STATE_996,288,STATE_288,merge,1.000,merge; province_overlap=7; bsr_source_count=6
997,STATE_997,288,STATE_288,merge,1.000,merge; province_overlap=10; bsr_source_count=6
998,STATE_998,1748,STATE_1748,manual,1.000,incompatible province overlap rejected for automatic overlay; province_overlap=2; tsr_tags=BRM; bsr_tags=CHI PRC YUN
998,STATE_998,640,STATE_640,merge,0.714,split+merge; province_overlap=10; tsr_overlap_rank=1/2; bsr_source_count=3
998,STATE_998,1545,STATE_1545,split,1.000,split; province_overlap=2; tsr_overlap_rank=2/2; bsr_source_count=1
999,STATE_999,1330,STATE_1330,merge,0.800,split+merge; province_overlap=8; tsr_overlap_rank=1/3; bsr_source_count=2
999,STATE_999,1041,STATE_1041,merge,0.333,split+merge; province_overlap=2; tsr_overlap_rank=2/3; bsr_source_count=2
999,STATE_999,640,STATE_640,merge,0.091,split+merge; province_overlap=1; tsr_overlap_rank=3/3; bsr_source_count=3
1000,STATE_1000,419,STATE_419,merge,1.000,merge; province_overlap=5; bsr_source_count=2
1002,STATE_1002,411,STATE_411,merge,1.000,merge; province_overlap=3; bsr_source_count=2
1003,STATE_1003,414,STATE_414,merge,1.000,merge; province_overlap=5; bsr_source_count=3
1004,STATE_1004,1474,STATE_1474,merge,0.667,split+merge; province_overlap=2; tsr_overlap_rank=1/2; bsr_source_count=2
1004,STATE_1004,416,STATE_416,merge,0.333,split+merge; province_overlap=1; tsr_overlap_rank=2/2; bsr_source_count=2
1005,STATE_1005,1818,STATE_1818,merge,0.600,split+merge; province_overlap=3; tsr_overlap_rank=1/3; bsr_source_count=3
1005,STATE_1005,1821,STATE_1821,merge,0.500,split+merge; province_overlap=1; tsr_overlap_rank=2/3; bsr_source_count=2
1005,STATE_1005,1129,STATE_1129,split,1.000,split; province_overlap=1; tsr_overlap_rank=3/3; bsr_source_count=1
1006,STATE_1006,1822,STATE_1822,merge,0.500,split+merge; province_overlap=1; tsr_overlap_rank=1/2; bsr_source_count=2
1006,STATE_1006,1821,STATE_1821,merge,0.500,split+merge; province_overlap=1; tsr_overlap_rank=2/2; bsr_source_count=2
1007,STATE_1007,1130,STATE_1130,merge,0.600,split+merge; province_overlap=3; tsr_overlap_rank=1/2; bsr_source_count=3
1007,STATE_1007,1818,STATE_1818,merge,0.400,split+merge; province_overlap=2; tsr_overlap_rank=2/2; bsr_source_count=3
1008,STATE_1008,267,STATE_267,merge,0.400,split+merge; province_overlap=2; tsr_overlap_rank=1/3; bsr_source_count=2
1008,STATE_1008,1131,STATE_1131,merge,0.400,split+merge; province_overlap=2; tsr_overlap_rank=2/3; bsr_source_count=2
1008,STATE_1008,1822,STATE_1822,merge,0.500,split+merge; province_overlap=1; tsr_overlap_rank=3/3; bsr_source_count=2
1009,STATE_1009,415,STATE_415,merge,0.800,split+merge; province_overlap=4; tsr_overlap_rank=1/2; bsr_source_count=2
1009,STATE_1009,1131,STATE_1131,merge,0.200,split+merge; province_overlap=1; tsr_overlap_rank=2/2; bsr_source_count=2
1010,STATE_1010,1208,STATE_1208,manual,0.250,incompatible province overlap rejected for automatic overlay; province_overlap=1; tsr_tags=IRQ; bsr_tags=SAF
1010,STATE_1010,945,STATE_945,split,1.000,split; province_overlap=2; tsr_overlap_rank=1/2; bsr_source_count=1
1010,STATE_1010,1244,STATE_1244,merge,0.400,split+merge; province_overlap=2; tsr_overlap_rank=2/2; bsr_source_count=2
1011,STATE_1011,1217,STATE_1217,manual,0.500,incompatible province overlap rejected for automatic overlay; province_overlap=1; tsr_tags=IRQ; bsr_tags=SAF TRV
1011,STATE_1011,291,STATE_291,merge,0.600,split+merge; province_overlap=3; tsr_overlap_rank=1/3; bsr_source_count=2
1011,STATE_1011,946,STATE_946,merge,0.400,split+merge; province_overlap=2; tsr_overlap_rank=2/3; bsr_source_count=2
1011,STATE_1011,1247,STATE_1247,merge,0.333,split+merge; province_overlap=1; tsr_overlap_rank=3/3; bsr_source_count=2
1012,STATE_1012,1880,STATE_1880,split,1.000,split; province_overlap=2; tsr_overlap_rank=1/2; bsr_source_count=1
1012,STATE_1012,1124,STATE_1124,merge,0.333,split+merge; province_overlap=1; tsr_overlap_rank=2/2; bsr_source_count=2
1013,STATE_1013,1191,STATE_1191,manual,1.000,incompatible province overlap rejected for automatic overlay; province_overlap=1; tsr_tags=OMA; bsr_tags=LIT POL SOV
1014,STATE_1014,826,STATE_826,manual,1.000,incompatible province overlap rejected for automatic overlay; province_overlap=1; tsr_tags=BHR; bsr_tags=LIE
1015,STATE_1015,1299,STATE_1299,merge,1.000,merge; province_overlap=2; bsr_source_count=2
1016,STATE_1016,1299,STATE_1299,merge,0.500,split+merge; province_overlap=1; tsr_overlap_rank=1/2; bsr_source_count=2
1016,STATE_1016,294,STATE_294,merge,0.500,split+merge; province_overlap=1; tsr_overlap_rank=2/2; bsr_source_count=2
1017,STATE_1017,1080,STATE_1080,split,1.000,split; province_overlap=8; tsr_overlap_rank=1/2; bsr_source_count=1
1017,STATE_1017,1079,STATE_1079,split,1.000,split; province_overlap=7; tsr_overlap_rank=2/2; bsr_source_count=1
1018,South Kyushu,968,STATE_968,split,1.000,split; province_overlap=4; tsr_overlap_rank=1/3; bsr_source_count=1
1018,South Kyushu,967,STATE_967,merge,0.600,split+merge; province_overlap=3; tsr_overlap_rank=2/3; bsr_source_count=2
1018,South Kyushu,966,STATE_966,split,1.000,split; province_overlap=1; tsr_overlap_rank=3/3; bsr_source_count=1
1019,South Tohoku,963,STATE_963,split,1.000,split; province_overlap=4; tsr_overlap_rank=1/2; bsr_source_count=1
1019,South Tohoku,533,STATE_533,merge,0.333,split+merge; province_overlap=2; tsr_overlap_rank=2/2; bsr_source_count=2
1020,San'in,529,Chugoku,merge,1.000,merge; province_overlap=5; bsr_source_count=2
1022,STATE_1022,1928,STATE_1928,merge,0.500,split+merge; province_overlap=5; tsr_overlap_rank=1/3; bsr_source_count=2
1022,STATE_1022,1929,STATE_1929,merge,0.300,split+merge; province_overlap=3; tsr_overlap_rank=2/3; bsr_source_count=3
1022,STATE_1022,334,STATE_334,merge,0.200,split+merge; province_overlap=2; tsr_overlap_rank=3/3; bsr_source_count=2
1023,STATE_1023,333,STATE_333,merge,0.500,split+merge; province_overlap=1; tsr_overlap_rank=1/2; bsr_source_count=3
1023,STATE_1023,982,STATE_982,split,1.000,split; province_overlap=1; tsr_overlap_rank=2/2; bsr_source_count=1
1025,STATE_1025,1928,STATE_1928,manual,0.167,incompatible province overlap rejected for automatic overlay; province_overlap=1; tsr_tags=PHI; bsr_tags=INS SBS
1025,STATE_1025,627,STATE_627,merge,0.833,merge; province_overlap=5; bsr_source_count=3
1026,STATE_1026,627,STATE_627,merge,1.000,merge; province_overlap=11; bsr_source_count=3
1027,Bataan,623,STATE_623,merge,0.571,split+merge; province_overlap=4; tsr_overlap_rank=1/2; bsr_source_count=3
1027,Bataan,327,Luzon,merge,0.429,split+merge; province_overlap=3; tsr_overlap_rank=2/2; bsr_source_count=2
1028,STATE_1028,909,STATE_909,split,0.933,split; province_overlap=14; tsr_overlap_rank=1/2; bsr_source_count=1
1028,STATE_1028,527,STATE_527,merge,0.333,split+merge; province_overlap=6; tsr_overlap_rank=2/2; bsr_source_count=2
1029,STATE_1029,906,STATE_906,split,0.800,split; province_overlap=4; tsr_overlap_rank=1/3; bsr_source_count=1
1029,STATE_1029,907,STATE_907,merge,0.667,split+merge; province_overlap=2; tsr_overlap_rank=2/3; bsr_source_count=2
1029,STATE_1029,905,STATE_905,merge,0.250,split+merge; province_overlap=2; tsr_overlap_rank=3/3; bsr_source_count=3
1030,STATE_1030,905,STATE_905,merge,1.000,merge; province_overlap=8; bsr_source_count=3
1031,STATE_1031,904,STATE_904,split,0.833,split; province_overlap=5; tsr_overlap_rank=1/4; bsr_source_count=1
1031,STATE_1031,903,STATE_903,merge,0.600,split+merge; province_overlap=3; tsr_overlap_rank=2/4; bsr_source_count=2
1031,STATE_1031,905,STATE_905,merge,0.100,split+merge; province_overlap=1; tsr_overlap_rank=3/4; bsr_source_count=3
1031,STATE_1031,911,STATE_911,split,1.000,split; province_overlap=1; tsr_overlap_rank=4/4; bsr_source_count=1
1032,STATE_1032,1307,STATE_1307,manual,1.000,incompatible province overlap rejected for automatic overlay; province_overlap=5; tsr_tags=XIC; bsr_tags=CHI NEA PRC
1032,STATE_1032,622,STATE_622,manual,0.250,incompatible province overlap rejected for automatic overlay; province_overlap=1; tsr_tags=XIC; bsr_tags=CHI PRC
1033,STATE_1033,594,STATE_594,split,1.000,split; province_overlap=5; tsr_overlap_rank=1/3; bsr_source_count=1
1033,STATE_1033,2027,STATE_2027,split,1.000,split; province_overlap=2; tsr_overlap_rank=2/3; bsr_source_count=1
1033,STATE_1033,592,STATE_592,merge,0.125,split+merge; province_overlap=1; tsr_overlap_rank=3/3; bsr_source_count=2
1034,STATE_1034,1021,STATE_1021,manual,0.429,incompatible province overlap rejected for automatic overlay; province_overlap=3; tsr_tags=JAP KMT; bsr_tags=CHI PRC RGR
1034,STATE_1034,598,STATE_598,manual,0.250,incompatible province overlap rejected for automatic overlay; province_overlap=2; tsr_tags=JAP KMT; bsr_tags=CHI PRC
1034,STATE_1034,1028,STATE_1028,manual,1.000,incompatible province overlap rejected for automatic overlay; province_overlap=1; tsr_tags=JAP KMT; bsr_tags=CHI PRC RGR
1034,STATE_1034,1219,STATE_1219,manual,0.250,incompatible province overlap rejected for automatic overlay; province_overlap=1; tsr_tags=JAP KMT; bsr_tags=CHI PRC
1035,STATE_1035,1021,STATE_1021,manual,0.500,incompatible province overlap rejected for automatic overlay; province_overlap=2; tsr_tags=JAP KMT; bsr_tags=CHI PRC RGR
1035,STATE_1035,606,STATE_606,manual,0.250,incompatible province overlap rejected for automatic overlay; province_overlap=1; tsr_tags=JAP KMT; bsr_tags=CHI PRC
1035,STATE_1035,598,STATE_598,manual,0.250,incompatible province overlap rejected for automatic overlay; province_overlap=1; tsr_tags=JAP KMT; bsr_tags=CHI PRC
1035,STATE_1035,1035,STATE_1035,manual,0.550,same numeric id/name but low province_overlap=0; close candidate tie
1036,STATE_1036,1031,STATE_1031,manual,0.333,incompatible province overlap rejected for automatic overlay; province_overlap=1; tsr_tags=KMT; bsr_tags=CHI PRC
1036,STATE_1036,620,STATE_620,manual,0.333,incompatible province overlap rejected for automatic overlay; province_overlap=1; tsr_tags=KMT; bsr_tags=CHI PRC
1036,STATE_1036,1030,STATE_1030,manual,0.333,incompatible province overlap rejected for automatic overlay; province_overlap=1; tsr_tags=KMT; bsr_tags=CHI PRC
1036,STATE_1036,1036,STATE_1036,manual,0.550,same numeric id/name but low province_overlap=0
1037,STATE_1037,605,STATE_605,manual,0.750,incompatible province overlap rejected for automatic overlay; province_overlap=3; tsr_tags=KMT SIC; bsr_tags=CHI PRC SZH
1037,STATE_1037,753,STATE_753,manual,0.250,incompatible province overlap rejected for automatic overlay; province_overlap=1; tsr_tags=KMT SIC; bsr_tags=CHI PRC SZH
1037,STATE_1037,1312,STATE_1312,manual,0.333,incompatible province overlap rejected for automatic overlay; province_overlap=1; tsr_tags=KMT SIC; bsr_tags=CHI PRC
1037,STATE_1037,1037,STATE_1037,manual,0.550,same numeric id/name but low province_overlap=0; close candidate tie
1038,STATE_1038,597,STATE_597,manual,0.625,incompatible province overlap rejected for automatic overlay; province_overlap=15; tsr_tags=BYG; bsr_tags=CHI PGR PRC
1038,STATE_1038,1027,STATE_1027,manual,0.875,incompatible province overlap rejected for automatic overlay; province_overlap=7; tsr_tags=BYG; bsr_tags=CHI PRC
1038,STATE_1038,614,Hebei,manual,0.222,incompatible province overlap rejected for automatic overlay; province_overlap=4; tsr_tags=BYG; bsr_tags=CHI PRC
1038,STATE_1038,1331,STATE_1331,manual,0.071,incompatible province overlap rejected for automatic overlay; province_overlap=1; tsr_tags=BYG; bsr_tags=CHI PRC
1039,South Chahar,1752,STATE_1752,manual,1.000,incompatible province overlap rejected for automatic overlay; province_overlap=1; tsr_tags=BYG MEN; bsr_tags=CHI JAP PRC
1039,South Chahar,2023,STATE_2023,manual,0.250,incompatible province overlap rejected for automatic overlay; province_overlap=1; tsr_tags=BYG MEN; bsr_tags=CHI MAN PRC
1039,South Chahar,1039,STATE_1039,manual,0.550,same numeric id/name but low province_overlap=0
1040,STATE_1040,616,STATE_616,merge,1.000,merge; province_overlap=6; bsr_source_count=2
1041,STATE_1041,1792,STATE_1792,manual,0.600,incompatible province overlap rejected for automatic overlay; province_overlap=3; tsr_tags=KMT SIC; bsr_tags=CHI PRC SZH
1041,STATE_1041,753,STATE_753,manual,0.500,incompatible province overlap rejected for automatic overlay; province_overlap=2; tsr_tags=KMT SIC; bsr_tags=CHI PRC SZH
1041,STATE_1041,1793,STATE_1793,manual,0.500,incompatible province overlap rejected for automatic overlay; province_overlap=2; tsr_tags=KMT SIC; bsr_tags=CHI PRC SZH
1041,STATE_1041,751,STATE_751,manual,0.333,incompatible province overlap rejected for automatic overlay; province_overlap=1; tsr_tags=KMT SIC; bsr_tags=CHI PRC SZH
1041,STATE_1041,1041,STATE_1041,merge,0.000,merge; province_overlap=0; bsr_source_count=2
1042,STATE_1042,759,STATE_759,split,0.833,split; province_overlap=5; tsr_overlap_rank=1/2; bsr_source_count=1
1042,STATE_1042,1306,STATE_1306,merge,0.333,split+merge; province_overlap=1; tsr_overlap_rank=2/2; bsr_source_count=2
1044,STATE_1044,1520,STATE_1520,manual,0.250,incompatible province overlap rejected for automatic overlay; province_overlap=1; tsr_tags=XSM; bsr_tags=CHI NEA PRC
1044,STATE_1044,756,STATE_756,split,1.000,split; province_overlap=3; tsr_overlap_rank=1/2; bsr_source_count=1
1044,STATE_1044,1784,STATE_1784,merge,0.500,split+merge; province_overlap=1; tsr_overlap_rank=2/2; bsr_source_count=2
1045,STATE_1045,283,STATE_283,manual,1.000,incompatible province overlap rejected for automatic overlay; province_overlap=2; tsr_tags=XIC; bsr_tags=CHI NSI PRC XSM
1045,STATE_1045,1753,STATE_1753,manual,0.500,incompatible province overlap rejected for automatic overlay; province_overlap=1; tsr_tags=XIC; bsr_tags=CHI NSI PRC XSM
1045,STATE_1045,2022,STATE_2022,manual,0.250,incompatible province overlap rejected for automatic overlay; province_overlap=1; tsr_tags=XIC; bsr_tags=CHI PRC
1046,STATE_1046,1751,STATE_1751,manual,1.000,incompatible province overlap rejected for automatic overlay; province_overlap=2; tsr_tags=XIC; bsr_tags=CHI PRC
1046,STATE_1046,622,STATE_622,manual,0.333,incompatible province overlap rejected for automatic overlay; province_overlap=1; tsr_tags=XIC; bsr_tags=CHI PRC
1048,Moselgebiet,1731,STATE_1731,split,1.000,split; province_overlap=1; tsr_overlap_rank=1/2; bsr_source_count=1
1048,Moselgebiet,814,STATE_814,merge,0.500,split+merge; province_overlap=1; tsr_overlap_rank=2/2; bsr_source_count=2
1050,STATE_1050,1295,STATE_1295,manual,1.000,incompatible province overlap rejected for automatic overlay; province_overlap=2; tsr_tags=SAU; bsr_tags=ENG JBS JOR
1051,STATE_1051,947,STATE_947,manual,1.000,incompatible province overlap rejected for automatic overlay; province_overlap=2; tsr_tags=SAU; bsr_tags=ENG JBS JOR
1052,STATE_1052,675,STATE_675,manual,0.667,incompatible province overlap rejected for automatic overlay; province_overlap=2; tsr_tags=SAU; bsr_tags=ENG IRQ JBS
1052,STATE_1052,1220,STATE_1220,manual,0.333,incompatible province overlap rejected for automatic overlay; province_overlap=1; tsr_tags=SAU; bsr_tags=SAF TRV
1052,STATE_1052,1052,STATE_1052,manual,0.550,same numeric id/name but low province_overlap=0; close candidate tie
1053,STATE_1053,1243,STATE_1243,manual,1.000,incompatible province overlap rejected for automatic overlay; province_overlap=3; tsr_tags=IRQ; bsr_tags=FRA SYR
1053,STATE_1053,1257,STATE_1257,manual,0.750,incompatible province overlap rejected for automatic overlay; province_overlap=3; tsr_tags=IRQ; bsr_tags=FRA SYR
1053,STATE_1053,1040,STATE_1040,manual,1.000,incompatible province overlap rejected for automatic overlay; province_overlap=1; tsr_tags=IRQ; bsr_tags=FRA KUR SYR
1053,STATE_1053,1243,STATE_1243,manual,1.000,province_overlap=3; close candidate tie
1054,STATE_1054,1507,STATE_1507,split,1.000,split; province_overlap=4; tsr_overlap_rank=1/2; bsr_source_count=1
1054,STATE_1054,1625,STATE_1625,split,0.500,split; province_overlap=1; tsr_overlap_rank=2/2; bsr_source_count=1
1055,STATE_1055,340,STATE_340,merge,0.750,split+merge; province_overlap=3; tsr_overlap_rank=1/3; bsr_source_count=2
1055,STATE_1055,950,STATE_950,split,1.000,split; province_overlap=2; tsr_overlap_rank=2/3; bsr_source_count=1
1055,STATE_1055,1291,STATE_1291,split,1.000,split; province_overlap=2; tsr_overlap_rank=3/3; bsr_source_count=1
1056,STATE_1056,1116,STATE_1116,split,0.667,split; province_overlap=2; tsr_overlap_rank=1/2; bsr_source_count=1
1056,STATE_1056,1292,STATE_1292,split,1.000,split; province_overlap=1; tsr_overlap_rank=2/2; bsr_source_count=1
1058,STATE_1058,2005,STATE_2005,manual,1.000,incompatible province overlap rejected for automatic overlay; province_overlap=1; tsr_tags=ARM RUS; bsr_tags=TUR
1058,STATE_1058,1001,STATE_1001,manual,0.500,incompatible province overlap rejected for automatic overlay; province_overlap=1; tsr_tags=ARM RUS; bsr_tags=TUR
1058,STATE_1058,1207,STATE_1207,manual,0.200,incompatible province overlap rejected for automatic overlay; province_overlap=1; tsr_tags=ARM RUS; bsr_tags=SAF
1058,STATE_1058,1210,STATE_1210,manual,0.250,incompatible province overlap rejected for automatic overlay; province_overlap=1; tsr_tags=ARM RUS; bsr_tags=SAF
1058,STATE_1058,1214,STATE_1214,manual,0.500,incompatible province overlap rejected for automatic overlay; province_overlap=1; tsr_tags=ARM RUS; bsr_tags=SAF
1058,STATE_1058,1224,STATE_1224,manual,1.000,incompatible province overlap rejected for automatic overlay; province_overlap=1; tsr_tags=ARM RUS; bsr_tags=TUR
1058,STATE_1058,1224,STATE_1224,manual,1.000,province_overlap=1; close candidate tie
1059,STATE_1059,961,STATE_961,manual,1.000,incompatible province overlap rejected for automatic overlay; province_overlap=3; tsr_tags=SYR; bsr_tags=TUR
1061,STATE_1061,680,STATE_680,merge,1.000,merge; province_overlap=2; bsr_source_count=2
1062,STATE_1062,18,STATE_18,split,0.750,split; province_overlap=3; tsr_overlap_rank=1/3; bsr_source_count=1
1062,STATE_1062,2038,STATE_2038,merge,0.333,split+merge; province_overlap=1; tsr_overlap_rank=2/3; bsr_source_count=3
1062,STATE_1062,2039,STATE_2039,split,1.000,split; province_overlap=1; tsr_overlap_rank=3/3; bsr_source_count=1
1063,STATE_1063,16,STATE_16,merge,0.500,split+merge; province_overlap=1; tsr_overlap_rank=1/2; bsr_source_count=2
1063,STATE_1063,1194,STATE_1194,split,1.000,split; province_overlap=1; tsr_overlap_rank=2/2; bsr_source_count=1
1064,STATE_1064,24,STATE_24,merge,0.500,split+merge; province_overlap=2; tsr_overlap_rank=1/2; bsr_source_count=2
1064,STATE_1064,1198,STATE_1198,split,1.000,split; province_overlap=2; tsr_overlap_rank=2/2; bsr_source_count=1
1066,STATE_1066,735,STATE_735,manual,1.000,incompatible province overlap rejected for automatic overlay; province_overlap=3; tsr_tags=ITA; bsr_tags=FRA SRD
1066,STATE_1066,1132,STATE_1132,manual,0.500,incompatible province overlap rejected for automatic overlay; province_overlap=2; tsr_tags=ITA; bsr_tags=FRA SRD
1067,STATE_1067,821,STATE_821,manual,0.500,incompatible province overlap rejected for automatic overlay; province_overlap=1; tsr_tags=ITA; bsr_tags=FRA OCC SRD
1067,STATE_1067,813,STATE_813,manual,0.500,incompatible province overlap rejected for automatic overlay; province_overlap=1; tsr_tags=ITA; bsr_tags=BEL GER WLL
1067,STATE_1067,1067,STATE_1067,manual,0.550,same numeric id/name but low province_overlap=0; close candidate tie
1068,STATE_1068,1220,STATE_1220,manual,1.000,incompatible province overlap rejected for automatic overlay; province_overlap=1; tsr_tags=BAY; bsr_tags=SAF TRV
1069,STATE_1069,1915,STATE_1915,merge,1.000,merge; province_overlap=3; bsr_source_count=3
1070,STATE_1070,1238,STATE_1238,manual,0.500,incompatible province overlap rejected for automatic overlay; province_overlap=1; tsr_tags=INS; bsr_tags=ENG JOR
1070,STATE_1070,1241,STATE_1241,manual,0.250,incompatible province overlap rejected for automatic overlay; province_overlap=1; tsr_tags=INS; bsr_tags=FRA SYR
1070,STATE_1070,672,STATE_672,split,1.000,split; province_overlap=8; tsr_overlap_rank=1/4; bsr_source_count=1
1070,STATE_1070,1911,STATE_1911,merge,0.333,split+merge; province_overlap=2; tsr_overlap_rank=2/4; bsr_source_count=2
1070,STATE_1070,1913,STATE_1913,merge,0.154,split+merge; province_overlap=2; tsr_overlap_rank=3/4; bsr_source_count=3
1070,STATE_1070,1912,STATE_1912,merge,0.333,split+merge; province_overlap=2; tsr_overlap_rank=4/4; bsr_source_count=2
1071,STATE_1071,813,STATE_813,manual,0.333,incompatible province overlap rejected for automatic overlay; province_overlap=1; tsr_tags=INS SSI; bsr_tags=BEL GER WLL
1071,STATE_1071,1913,STATE_1913,merge,0.769,split+merge; province_overlap=10; tsr_overlap_rank=1/4; bsr_source_count=3
1071,STATE_1071,1912,STATE_1912,merge,0.667,split+merge; province_overlap=4; tsr_overlap_rank=2/4; bsr_source_count=2
1071,STATE_1071,1915,STATE_1915,merge,0.077,split+merge; province_overlap=1; tsr_overlap_rank=3/4; bsr_source_count=3
1071,STATE_1071,1093,STATE_1093,split,1.000,split; province_overlap=1; tsr_overlap_rank=4/4; bsr_source_count=1
1072,STATE_1072,1241,STATE_1241,manual,0.250,incompatible province overlap rejected for automatic overlay; province_overlap=1; tsr_tags=ATJ INS; bsr_tags=FRA SYR
1072,STATE_1072,1245,STATE_1245,manual,0.500,incompatible province overlap rejected for automatic overlay; province_overlap=1; tsr_tags=ATJ INS; bsr_tags=ENG IRQ KUR
1072,STATE_1072,88,STATE_88,manual,0.250,incompatible province overlap rejected for automatic overlay; province_overlap=1; tsr_tags=ATJ INS; bsr_tags=GAL GGO POL
1072,STATE_1072,1390,STATE_1390,manual,0.500,incompatible province overlap rejected for automatic overlay; province_overlap=1; tsr_tags=ATJ INS; bsr_tags=FRA ITA SRD
1072,STATE_1072,1910,STATE_1910,split,1.000,split; province_overlap=3; tsr_overlap_rank=1/2; bsr_source_count=1
1072,STATE_1072,1913,STATE_1913,merge,0.125,split+merge; province_overlap=1; tsr_overlap_rank=2/2; bsr_source_count=3
1073,STATE_1073,1059,STATE_1059,manual,0.500,incompatible province overlap rejected for automatic overlay; province_overlap=2; tsr_tags=INS; bsr_tags=GEL GER HOL
1073,STATE_1073,2006,STATE_2006,manual,0.500,incompatible province overlap rejected for automatic overlay; province_overlap=1; tsr_tags=INS; bsr_tags=TUR
1073,STATE_1073,1755,STATE_1755,manual,0.333,incompatible province overlap rejected for automatic overlay; province_overlap=1; tsr_tags=INS; bsr_tags=ITA
1073,STATE_1073,1193,STATE_1193,manual,0.200,incompatible province overlap rejected for automatic overlay; province_overlap=1; tsr_tags=INS; bsr_tags=ITA KTS
1073,STATE_1073,1773,STATE_1773,manual,0.250,incompatible province overlap rejected for automatic overlay; province_overlap=1; tsr_tags=INS; bsr_tags=GGO POL
1073,STATE_1073,1919,STATE_1919,split,1.000,split; province_overlap=8; tsr_overlap_rank=1/2; bsr_source_count=1
1073,STATE_1073,1918,STATE_1918,merge,0.833,split+merge; province_overlap=5; tsr_overlap_rank=2/2; bsr_source_count=2
1074,STATE_1074,1666,STATE_1666,manual,1.000,incompatible province overlap rejected for automatic overlay; province_overlap=1; tsr_tags=BLI INS; bsr_tags=TUR
1074,STATE_1074,44,STATE_44,manual,0.333,incompatible province overlap rejected for automatic overlay; province_overlap=1; tsr_tags=BLI INS; bsr_tags=ALB
1075,STATE_1075,454,STATE_454,manual,0.333,incompatible province overlap rejected for automatic overlay; province_overlap=1; tsr_tags=INS; bsr_tags=ENG ISR PAL
1075,STATE_1075,1234,STATE_1234,manual,1.000,incompatible province overlap rejected for automatic overlay; province_overlap=1; tsr_tags=INS; bsr_tags=ENG ISR PAL
1077,STATE_1077,334,STATE_334,merge,0.875,split+merge; province_overlap=14; tsr_overlap_rank=1/2; bsr_source_count=2
1077,STATE_1077,1929,STATE_1929,merge,0.600,split+merge; province_overlap=9; tsr_overlap_rank=2/2; bsr_source_count=3
1079,STATE_1079,1606,STATE_1606,manual,1.000,incompatible province overlap rejected for automatic overlay; province_overlap=1; tsr_tags=INS PNG WPG; bsr_tags=BRA
1079,STATE_1079,669,STATE_669,merge,0.857,split+merge; province_overlap=6; tsr_overlap_rank=1/2; bsr_source_count=2
1079,STATE_1079,1314,STATE_1314,split,1.000,split; province_overlap=2; tsr_overlap_rank=2/2; bsr_source_count=1
1080,Batavia/Jakarta,335,STATE_335,merge,0.667,split+merge; province_overlap=2; tsr_overlap_rank=1/2; bsr_source_count=2
1080,Batavia/Jakarta,1917,STATE_1917,split,1.000,split; province_overlap=1; tsr_overlap_rank=2/2; bsr_source_count=1
1081,STATE_1081,76,STATE_76,manual,0.333,incompatible province overlap rejected for automatic overlay; province_overlap=1; tsr_tags=BRN DAS MAL SAR; bsr_tags=HUN ROM TRA
1081,STATE_1081,1201,STATE_1201,manual,0.333,incompatible province overlap rejected for automatic overlay; province_overlap=1; tsr_tags=BRN DAS MAL SAR; bsr_tags=HUN ROM TRA
1081,STATE_1081,1081,STATE_1081,manual,0.550,same numeric id/name but low province_overlap=0
1082,STATE_1082,76,STATE_76,manual,0.250,incompatible province overlap rejected for automatic overlay; province_overlap=1; tsr_tags=DAS MAL; bsr_tags=HUN ROM TRA
1082,STATE_1082,1082,STATE_1082,manual,0.550,same numeric id/name but low province_overlap=0; close candidate tie
1083,STATE_1083,981,STATE_981,split,1.000,split; province_overlap=2; tsr_overlap_rank=1/2; bsr_source_count=1
1083,STATE_1083,336,STATE_336,merge,0.333,split+merge; province_overlap=1; tsr_overlap_rank=2/2; bsr_source_count=6
1084,STATE_1084,1094,STATE_1094,split,1.000,split; province_overlap=4; tsr_overlap_rank=1/2; bsr_source_count=1
1084,STATE_1084,336,STATE_336,merge,0.167,split+merge; province_overlap=1; tsr_overlap_rank=2/2; bsr_source_count=6
1085,STATE_1085,336,STATE_336,merge,1.000,merge; province_overlap=5; bsr_source_count=6
1086,STATE_1086,336,STATE_336,merge,1.000,merge; province_overlap=5; bsr_source_count=6
1087,STATE_1087,1773,STATE_1773,manual,1.000,incompatible province overlap rejected for automatic overlay; province_overlap=1; tsr_tags=DAS MAL; bsr_tags=GGO POL
1088,STATE_1088,286,STATE_286,split,0.875,split; province_overlap=7; tsr_overlap_rank=1/2; bsr_source_count=1
1088,STATE_1088,1081,STATE_1081,split,1.000,split; province_overlap=6; tsr_overlap_rank=2/2; bsr_source_count=1
1089,STATE_1089,1085,STATE_1085,merge,1.000,merge; province_overlap=6; bsr_source_count=2
1090,STATE_1090,1076,STATE_1076,split,1.000,split; province_overlap=5; tsr_overlap_rank=1/3; bsr_source_count=1
1090,STATE_1090,1075,STATE_1075,merge,0.400,split+merge; province_overlap=2; tsr_overlap_rank=2/3; bsr_source_count=2
1090,STATE_1090,1077,STATE_1077,split,1.000,split; province_overlap=1; tsr_overlap_rank=3/3; bsr_source_count=1
1095,STATE_1095,1032,STATE_1032,manual,1.000,incompatible province overlap rejected for automatic overlay; province_overlap=1; tsr_tags=AST PNG; bsr_tags=ENG GYA
1095,STATE_1095,1034,STATE_1034,manual,0.500,incompatible province overlap rejected for automatic overlay; province_overlap=1; tsr_tags=AST PNG; bsr_tags=BRA
1095,STATE_1095,1033,STATE_1033,manual,1.000,incompatible province overlap rejected for automatic overlay; province_overlap=1; tsr_tags=AST PNG; bsr_tags=BRA
1095,STATE_1095,1296,STATE_1296,split,1.000,split; province_overlap=3; tsr_overlap_rank=1/4; bsr_source_count=1
1095,STATE_1095,885,STATE_885,split,1.000,split; province_overlap=2; tsr_overlap_rank=2/4; bsr_source_count=1
1095,STATE_1095,523,STATE_523,merge,0.182,split+merge; province_overlap=2; tsr_overlap_rank=3/4; bsr_source_count=2
1095,STATE_1095,918,STATE_918,merge,0.091,split+merge; province_overlap=1; tsr_overlap_rank=4/4; bsr_source_count=2
1097,STATE_1097,923,STATE_923,merge,0.571,split+merge; province_overlap=4; tsr_overlap_rank=1/2; bsr_source_count=2
1097,STATE_1097,921,STATE_921,merge,0.400,split+merge; province_overlap=2; tsr_overlap_rank=2/2; bsr_source_count=2
1098,STATE_1098,289,STATE_289,merge,1.000,merge; province_overlap=3; bsr_source_count=3
1099,STATE_1099,289,STATE_289,merge,1.000,merge; province_overlap=7; bsr_source_count=3
1101,Auckland,284,North Island,merge,1.000,merge; province_overlap=16; bsr_source_count=2
1102,Marlborough,723,STATE_723,merge,1.000,merge; province_overlap=5; bsr_source_count=3
1103,Otago,723,STATE_723,merge,1.000,merge; province_overlap=5; bsr_source_count=3
,,64,STATE_64,new_bsr_state,1.000,no TSR state mapped to this BSR state
,,163,STATE_163,new_bsr_state,1.000,no TSR state mapped to this BSR state
,,605,STATE_605,new_bsr_state,1.000,no TSR state mapped to this BSR state
,,752,STATE_752,new_bsr_state,1.000,no TSR state mapped to this BSR state
,,753,STATE_753,new_bsr_state,1.000,no TSR state mapped to this BSR state
,,804,STATE_804,new_bsr_state,1.000,no TSR state mapped to this BSR state
,,811,STATE_811,new_bsr_state,1.000,no TSR state mapped to this BSR state
,,813,STATE_813,new_bsr_state,1.000,no TSR state mapped to this BSR state
,,827,STATE_827,new_bsr_state,1.000,no TSR state mapped to this BSR state
,,831,STATE_831,new_bsr_state,1.000,no TSR state mapped to this BSR state
,,860,STATE_860,new_bsr_state,1.000,no TSR state mapped to this BSR state
,,861,STATE_861,new_bsr_state,1.000,no TSR state mapped to this BSR state
,,873,STATE_873,new_bsr_state,1.000,no TSR state mapped to this BSR state
,,874,STATE_874,new_bsr_state,1.000,no TSR state mapped to this BSR state
,,883,STATE_883,new_bsr_state,1.000,no TSR state mapped to this BSR state
,,884,STATE_884,new_bsr_state,1.000,no TSR state mapped to this BSR state
,,890,STATE_890,new_bsr_state,1.000,no TSR state mapped to this BSR state
,,891,STATE_891,new_bsr_state,1.000,no TSR state mapped to this BSR state
,,895,STATE_895,new_bsr_state,1.000,no TSR state mapped to this BSR state
,,900,STATE_900,new_bsr_state,1.000,no TSR state mapped to this BSR state
,,910,STATE_910,new_bsr_state,1.000,no TSR state mapped to this BSR state
,,927,STATE_927,new_bsr_state,1.000,no TSR state mapped to this BSR state
,,930,STATE_930,new_bsr_state,1.000,no TSR state mapped to this BSR state
,,948,STATE_948,new_bsr_state,1.000,no TSR state mapped to this BSR state
,,973,STATE_973,new_bsr_state,1.000,no TSR state mapped to this BSR state
,,1000,STATE_1000,new_bsr_state,1.000,no TSR state mapped to this BSR state
,,1001,STATE_1001,new_bsr_state,1.000,no TSR state mapped to this BSR state
,,1003,STATE_1003,new_bsr_state,1.000,no TSR state mapped to this BSR state
,,1004,STATE_1004,new_bsr_state,1.000,no TSR state mapped to this BSR state
,,1021,STATE_1021,new_bsr_state,1.000,no TSR state mapped to this BSR state
,,1029,STATE_1029,new_bsr_state,1.000,no TSR state mapped to this BSR state
,,1030,STATE_1030,new_bsr_state,1.000,no TSR state mapped to this BSR state
,,1031,STATE_1031,new_bsr_state,1.000,no TSR state mapped to this BSR state
,,1032,STATE_1032,new_bsr_state,1.000,no TSR state mapped to this BSR state
,,1033,STATE_1033,new_bsr_state,1.000,no TSR state mapped to this BSR state
,,1034,STATE_1034,new_bsr_state,1.000,no TSR state mapped to this BSR state
,,1038,STATE_1038,new_bsr_state,1.000,no TSR state mapped to this BSR state
,,1040,STATE_1040,new_bsr_state,1.000,no TSR state mapped to this BSR state
,,1043,STATE_1043,new_bsr_state,1.000,no TSR state mapped to this BSR state
,,1044,STATE_1044,new_bsr_state,1.000,no TSR state mapped to this BSR state
,,1056,STATE_1056,new_bsr_state,1.000,no TSR state mapped to this BSR state
,,1068,STATE_1068,new_bsr_state,1.000,no TSR state mapped to this BSR state
,,1069,STATE_1069,new_bsr_state,1.000,no TSR state mapped to this BSR state
,,1108,STATE_1108,new_bsr_state,1.000,no TSR state mapped to this BSR state
,,1117,STATE_1117,new_bsr_state,1.000,no TSR state mapped to this BSR state
,,1118,STATE_1118,new_bsr_state,1.000,no TSR state mapped to this BSR state
,,1120,STATE_1120,new_bsr_state,1.000,no TSR state mapped to this BSR state
,,1121,STATE_1121,new_bsr_state,1.000,no TSR state mapped to this BSR state
,,1132,STATE_1132,new_bsr_state,1.000,no TSR state mapped to this BSR state
,,1141,STATE_1141,new_bsr_state,1.000,no TSR state mapped to this BSR state
,,1152,STATE_1152,new_bsr_state,1.000,no TSR state mapped to this BSR state
,,1153,STATE_1153,new_bsr_state,1.000,no TSR state mapped to this BSR state
,,1154,STATE_1154,new_bsr_state,1.000,no TSR state mapped to this BSR state
,,1161,STATE_1161,new_bsr_state,1.000,no TSR state mapped to this BSR state
,,1162,STATE_1162,new_bsr_state,1.000,no TSR state mapped to this BSR state
,,1164,STATE_1164,new_bsr_state,1.000,no TSR state mapped to this BSR state
,,1165,STATE_1165,new_bsr_state,1.000,no TSR state mapped to this BSR state
,,1167,STATE_1167,new_bsr_state,1.000,no TSR state mapped to this BSR state
,,1168,STATE_1168,new_bsr_state,1.000,no TSR state mapped to this BSR state
,,1169,STATE_1169,new_bsr_state,1.000,no TSR state mapped to this BSR state
,,1172,STATE_1172,new_bsr_state,1.000,no TSR state mapped to this BSR state
,,1174,STATE_1174,new_bsr_state,1.000,no TSR state mapped to this BSR state
,,1176,STATE_1176,new_bsr_state,1.000,no TSR state mapped to this BSR state
,,1177,STATE_1177,new_bsr_state,1.000,no TSR state mapped to this BSR state
,,1196,STATE_1196,new_bsr_state,1.000,no TSR state mapped to this BSR state
,,1212,STATE_1212,new_bsr_state,1.000,no TSR state mapped to this BSR state
,,1214,STATE_1214,new_bsr_state,1.000,no TSR state mapped to this BSR state
,,1217,STATE_1217,new_bsr_state,1.000,no TSR state mapped to this BSR state
,,1219,STATE_1219,new_bsr_state,1.000,no TSR state mapped to this BSR state
,,1231,STATE_1231,new_bsr_state,1.000,no TSR state mapped to this BSR state
,,1235,STATE_1235,new_bsr_state,1.000,no TSR state mapped to this BSR state
,,1238,STATE_1238,new_bsr_state,1.000,no TSR state mapped to this BSR state
,,1251,STATE_1251,new_bsr_state,1.000,no TSR state mapped to this BSR state
,,1252,STATE_1252,new_bsr_state,1.000,no TSR state mapped to this BSR state
,,1253,STATE_1253,new_bsr_state,1.000,no TSR state mapped to this BSR state
,,1255,STATE_1255,new_bsr_state,1.000,no TSR state mapped to this BSR state
,,1257,STATE_1257,new_bsr_state,1.000,no TSR state mapped to this BSR state
,,1258,STATE_1258,new_bsr_state,1.000,no TSR state mapped to this BSR state
,,1259,STATE_1259,new_bsr_state,1.000,no TSR state mapped to this BSR state
,,1262,STATE_1262,new_bsr_state,1.000,no TSR state mapped to this BSR state
,,1265,STATE_1265,new_bsr_state,1.000,no TSR state mapped to this BSR state
,,1266,STATE_1266,new_bsr_state,1.000,no TSR state mapped to this BSR state
,,1271,STATE_1271,new_bsr_state,1.000,no TSR state mapped to this BSR state
,,1272,STATE_1272,new_bsr_state,1.000,no TSR state mapped to this BSR state
,,1280,STATE_1280,new_bsr_state,1.000,no TSR state mapped to this BSR state
,,1281,STATE_1281,new_bsr_state,1.000,no TSR state mapped to this BSR state
,,1282,STATE_1282,new_bsr_state,1.000,no TSR state mapped to this BSR state
,,1283,STATE_1283,new_bsr_state,1.000,no TSR state mapped to this BSR state
,,1284,STATE_1284,new_bsr_state,1.000,no TSR state mapped to this BSR state
,,1289,STATE_1289,new_bsr_state,1.000,no TSR state mapped to this BSR state
,,1294,STATE_1294,new_bsr_state,1.000,no TSR state mapped to this BSR state
,,1297,STATE_1297,new_bsr_state,1.000,no TSR state mapped to this BSR state
,,1308,STATE_1308,new_bsr_state,1.000,no TSR state mapped to this BSR state
,,1309,STATE_1309,new_bsr_state,1.000,no TSR state mapped to this BSR state
,,1312,STATE_1312,new_bsr_state,1.000,no TSR state mapped to this BSR state
,,1320,STATE_1320,new_bsr_state,1.000,no TSR state mapped to this BSR state
,,1322,STATE_1322,new_bsr_state,1.000,no TSR state mapped to this BSR state
,,1326,STATE_1326,new_bsr_state,1.000,no TSR state mapped to this BSR state
,,1331,STATE_1331,new_bsr_state,1.000,no TSR state mapped to this BSR state
,,1336,STATE_1336,new_bsr_state,1.000,no TSR state mapped to this BSR state
,,1337,STATE_1337,new_bsr_state,1.000,no TSR state mapped to this BSR state
,,1338,STATE_1338,new_bsr_state,1.000,no TSR state mapped to this BSR state
,,1339,STATE_1339,new_bsr_state,1.000,no TSR state mapped to this BSR state
,,1340,STATE_1340,new_bsr_state,1.000,no TSR state mapped to this BSR state
,,1341,STATE_1341,new_bsr_state,1.000,no TSR state mapped to this BSR state
,,1342,STATE_1342,new_bsr_state,1.000,no TSR state mapped to this BSR state
,,1343,STATE_1343,new_bsr_state,1.000,no TSR state mapped to this BSR state
,,1346,STATE_1346,new_bsr_state,1.000,no TSR state mapped to this BSR state
,,1349,STATE_1349,new_bsr_state,1.000,no TSR state mapped to this BSR state
,,1355,STATE_1355,new_bsr_state,1.000,no TSR state mapped to this BSR state
,,1360,STATE_1360,new_bsr_state,1.000,no TSR state mapped to this BSR state
,,1365,STATE_1365,new_bsr_state,1.000,no TSR state mapped to this BSR state
,,1371,STATE_1371,new_bsr_state,1.000,no TSR state mapped to this BSR state
,,1372,STATE_1372,new_bsr_state,1.000,no TSR state mapped to this BSR state
,,1377,STATE_1377,new_bsr_state,1.000,no TSR state mapped to this BSR state
,,1382,STATE_1382,new_bsr_state,1.000,no TSR state mapped to this BSR state
,,1388,STATE_1388,new_bsr_state,1.000,no TSR state mapped to this BSR state
,,1389,STATE_1389,new_bsr_state,1.000,no TSR state mapped to this BSR state
,,1390,STATE_1390,new_bsr_state,1.000,no TSR state mapped to this BSR state
,,1400,STATE_1400,new_bsr_state,1.000,no TSR state mapped to this BSR state
,,1410,STATE_1410,new_bsr_state,1.000,no TSR state mapped to this BSR state
,,1411,STATE_1411,new_bsr_state,1.000,no TSR state mapped to this BSR state
,,1414,STATE_1414,new_bsr_state,1.000,no TSR state mapped to this BSR state
,,1416,STATE_1416,new_bsr_state,1.000,no TSR state mapped to this BSR state
,,1417,STATE_1417,new_bsr_state,1.000,no TSR state mapped to this BSR state
,,1420,STATE_1420,new_bsr_state,1.000,no TSR state mapped to this BSR state
,,1429,STATE_1429,new_bsr_state,1.000,no TSR state mapped to this BSR state
,,1440,STATE_1440,new_bsr_state,1.000,no TSR state mapped to this BSR state
,,1449,STATE_1449,new_bsr_state,1.000,no TSR state mapped to this BSR state
,,1451,STATE_1451,new_bsr_state,1.000,no TSR state mapped to this BSR state
,,1452,STATE_1452,new_bsr_state,1.000,no TSR state mapped to this BSR state
,,1476,STATE_1476,new_bsr_state,1.000,no TSR state mapped to this BSR state
,,1483,STATE_1483,new_bsr_state,1.000,no TSR state mapped to this BSR state
,,1504,STATE_1504,new_bsr_state,1.000,no TSR state mapped to this BSR state
,,1505,STATE_1505,new_bsr_state,1.000,no TSR state mapped to this BSR state
,,1511,STATE_1511,new_bsr_state,1.000,no TSR state mapped to this BSR state
,,1512,STATE_1512,new_bsr_state,1.000,no TSR state mapped to this BSR state
,,1514,STATE_1514,new_bsr_state,1.000,no TSR state mapped to this BSR state
,,1516,STATE_1516,new_bsr_state,1.000,no TSR state mapped to this BSR state
,,1520,STATE_1520,new_bsr_state,1.000,no TSR state mapped to this BSR state
,,1521,STATE_1521,new_bsr_state,1.000,no TSR state mapped to this BSR state
,,1522,STATE_1522,new_bsr_state,1.000,no TSR state mapped to this BSR state
,,1533,STATE_1533,new_bsr_state,1.000,no TSR state mapped to this BSR state
,,1535,STATE_1535,new_bsr_state,1.000,no TSR state mapped to this BSR state
,,1538,STATE_1538,new_bsr_state,1.000,no TSR state mapped to this BSR state
,,1546,STATE_1546,new_bsr_state,1.000,no TSR state mapped to this BSR state
,,1547,STATE_1547,new_bsr_state,1.000,no TSR state mapped to this BSR state
,,1549,STATE_1549,new_bsr_state,1.000,no TSR state mapped to this BSR state
,,1550,STATE_1550,new_bsr_state,1.000,no TSR state mapped to this BSR state
,,1551,STATE_1551,new_bsr_state,1.000,no TSR state mapped to this BSR state
,,1556,STATE_1556,new_bsr_state,1.000,no TSR state mapped to this BSR state
,,1565,STATE_1565,new_bsr_state,1.000,no TSR state mapped to this BSR state
,,1583,STATE_1583,new_bsr_state,1.000,no TSR state mapped to this BSR state
,,1584,STATE_1584,new_bsr_state,1.000,no TSR state mapped to this BSR state
,,1585,STATE_1585,new_bsr_state,1.000,no TSR state mapped to this BSR state
,,1591,STATE_1591,new_bsr_state,1.000,no TSR state mapped to this BSR state
,,1592,STATE_1592,new_bsr_state,1.000,no TSR state mapped to this BSR state
,,1593,STATE_1593,new_bsr_state,1.000,no TSR state mapped to this BSR state
,,1598,STATE_1598,new_bsr_state,1.000,no TSR state mapped to this BSR state
,,1603,STATE_1603,new_bsr_state,1.000,no TSR state mapped to this BSR state
,,1606,STATE_1606,new_bsr_state,1.000,no TSR state mapped to this BSR state
,,1609,STATE_1609,new_bsr_state,1.000,no TSR state mapped to this BSR state
,,1612,STATE_1612,new_bsr_state,1.000,no TSR state mapped to this BSR state
,,1613,STATE_1613,new_bsr_state,1.000,no TSR state mapped to this BSR state
,,1614,STATE_1614,new_bsr_state,1.000,no TSR state mapped to this BSR state
,,1633,STATE_1633,new_bsr_state,1.000,no TSR state mapped to this BSR state
,,1634,STATE_1634,new_bsr_state,1.000,no TSR state mapped to this BSR state
,,1635,STATE_1635,new_bsr_state,1.000,no TSR state mapped to this BSR state
,,1636,STATE_1636,new_bsr_state,1.000,no TSR state mapped to this BSR state
,,1639,STATE_1639,new_bsr_state,1.000,no TSR state mapped to this BSR state
,,1642,STATE_1642,new_bsr_state,1.000,no TSR state mapped to this BSR state
,,1643,STATE_1643,new_bsr_state,1.000,no TSR state mapped to this BSR state
,,1645,STATE_1645,new_bsr_state,1.000,no TSR state mapped to this BSR state
,,1646,STATE_1646,new_bsr_state,1.000,no TSR state mapped to this BSR state
,,1647,STATE_1647,new_bsr_state,1.000,no TSR state mapped to this BSR state
,,1650,STATE_1650,new_bsr_state,1.000,no TSR state mapped to this BSR state
,,1651,STATE_1651,new_bsr_state,1.000,no TSR state mapped to this BSR state
,,1653,STATE_1653,new_bsr_state,1.000,no TSR state mapped to this BSR state
,,1660,STATE_1660,new_bsr_state,1.000,no TSR state mapped to this BSR state
,,1665,STATE_1665,new_bsr_state,1.000,no TSR state mapped to this BSR state
,,1673,STATE_1673,new_bsr_state,1.000,no TSR state mapped to this BSR state
,,1674,STATE_1674,new_bsr_state,1.000,no TSR state mapped to this BSR state
,,1677,STATE_1677,new_bsr_state,1.000,no TSR state mapped to this BSR state
,,1680,STATE_1680,new_bsr_state,1.000,no TSR state mapped to this BSR state
,,1685,STATE_1685,new_bsr_state,1.000,no TSR state mapped to this BSR state
,,1703,STATE_1703,new_bsr_state,1.000,no TSR state mapped to this BSR state
,,1711,STATE_1711,new_bsr_state,1.000,no TSR state mapped to this BSR state
,,1713,STATE_1713,new_bsr_state,1.000,no TSR state mapped to this BSR state
,,1714,STATE_1714,new_bsr_state,1.000,no TSR state mapped to this BSR state
,,1727,STATE_1727,new_bsr_state,1.000,no TSR state mapped to this BSR state
,,1735,impassable = yes #we do a substantial amount of trolling,new_bsr_state,1.000,no TSR state mapped to this BSR state
,,1736,impassable = yes #we do a substantial amount of trolling,new_bsr_state,1.000,no TSR state mapped to this BSR state
,,1742,STATE_1742,new_bsr_state,1.000,no TSR state mapped to this BSR state
,,1745,STATE_1745,new_bsr_state,1.000,no TSR state mapped to this BSR state
,,1746,STATE_1746,new_bsr_state,1.000,no TSR state mapped to this BSR state
,,1748,STATE_1748,new_bsr_state,1.000,no TSR state mapped to this BSR state
,,1752,STATE_1752,new_bsr_state,1.000,no TSR state mapped to this BSR state
,,1763,STATE_1763,new_bsr_state,1.000,no TSR state mapped to this BSR state
,,1765,STATE_1765,new_bsr_state,1.000,no TSR state mapped to this BSR state
,,1766,STATE_1766,new_bsr_state,1.000,no TSR state mapped to this BSR state
,,1770,STATE_1770,new_bsr_state,1.000,no TSR state mapped to this BSR state
,,1776,STATE_1776,new_bsr_state,1.000,no TSR state mapped to this BSR state
,,1782,STATE_1782,new_bsr_state,1.000,no TSR state mapped to this BSR state
,,1783,STATE_1783,new_bsr_state,1.000,no TSR state mapped to this BSR state
,,1787,STATE_1787,new_bsr_state,1.000,no TSR state mapped to this BSR state
,,1788,STATE_1788,new_bsr_state,1.000,no TSR state mapped to this BSR state
,,1789,STATE_1789,new_bsr_state,1.000,no TSR state mapped to this BSR state
,,1790,STATE_1790,new_bsr_state,1.000,no TSR state mapped to this BSR state
,,1791,STATE_1791,new_bsr_state,1.000,no TSR state mapped to this BSR state
,,1792,STATE_1792,new_bsr_state,1.000,no TSR state mapped to this BSR state
,,1793,STATE_1793,new_bsr_state,1.000,no TSR state mapped to this BSR state
,,1795,STATE_1795,new_bsr_state,1.000,no TSR state mapped to this BSR state
,,1810,STATE_1810,new_bsr_state,1.000,no TSR state mapped to this BSR state
,,1812,STATE_1812,new_bsr_state,1.000,no TSR state mapped to this BSR state
,,1819,STATE_1819,new_bsr_state,1.000,no TSR state mapped to this BSR state
,,1820,STATE_1820,new_bsr_state,1.000,no TSR state mapped to this BSR state
,,1824,STATE_1824,new_bsr_state,1.000,no TSR state mapped to this BSR state
,,1827,STATE_1827,new_bsr_state,1.000,no TSR state mapped to this BSR state
,,1830,STATE_1830,new_bsr_state,1.000,no TSR state mapped to this BSR state
,,1831,STATE_1831,new_bsr_state,1.000,no TSR state mapped to this BSR state
,,1832,STATE_1832,new_bsr_state,1.000,no TSR state mapped to this BSR state
,,1833,STATE_1833,new_bsr_state,1.000,no TSR state mapped to this BSR state
,,1841,STATE_1841,new_bsr_state,1.000,no TSR state mapped to this BSR state
,,1850,STATE_1850,new_bsr_state,1.000,no TSR state mapped to this BSR state
,,1852,STATE_1852,new_bsr_state,1.000,no TSR state mapped to this BSR state
,,1854,STATE_1854,new_bsr_state,1.000,no TSR state mapped to this BSR state
,,1855,STATE_1855,new_bsr_state,1.000,no TSR state mapped to this BSR state
,,1856,STATE_1856,new_bsr_state,1.000,no TSR state mapped to this BSR state
,,1857,STATE_1857,new_bsr_state,1.000,no TSR state mapped to this BSR state
,,1858,STATE_1858,new_bsr_state,1.000,no TSR state mapped to this BSR state
,,1864,STATE_1864,new_bsr_state,1.000,no TSR state mapped to this BSR state
,,1869,STATE_1869,new_bsr_state,1.000,no TSR state mapped to this BSR state
,,1870,STATE_1870,new_bsr_state,1.000,no TSR state mapped to this BSR state
,,1882,STATE_1882,new_bsr_state,1.000,no TSR state mapped to this BSR state
,,1883,STATE_1883,new_bsr_state,1.000,no TSR state mapped to this BSR state
,,1904,STATE_1904,new_bsr_state,1.000,no TSR state mapped to this BSR state
,,1908,STATE_1908,new_bsr_state,1.000,no TSR state mapped to this BSR state
,,1922,STATE_1922,new_bsr_state,1.000,no TSR state mapped to this BSR state
,,1927,STATE_1927,new_bsr_state,1.000,no TSR state mapped to this BSR state
,,1932,STATE_1932,new_bsr_state,1.000,no TSR state mapped to this BSR state
,,1933,STATE_1933,new_bsr_state,1.000,no TSR state mapped to this BSR state
,,1941,STATE_1941,new_bsr_state,1.000,no TSR state mapped to this BSR state
,,1945,STATE_1945,new_bsr_state,1.000,no TSR state mapped to this BSR state
,,1947,Madras,new_bsr_state,1.000,no TSR state mapped to this BSR state
,,1948,Mysore,new_bsr_state,1.000,no TSR state mapped to this BSR state
,,1952,STATE_1952,new_bsr_state,1.000,no TSR state mapped to this BSR state
,,1953,STATE_1953,new_bsr_state,1.000,no TSR state mapped to this BSR state
,,1955,STATE_1955,new_bsr_state,1.000,no TSR state mapped to this BSR state
,,1956,STATE_1956,new_bsr_state,1.000,no TSR state mapped to this BSR state
,,1957,STATE_1957,new_bsr_state,1.000,no TSR state mapped to this BSR state
,,1958,STATE_1958,new_bsr_state,1.000,no TSR state mapped to this BSR state
,,1960,STATE_1960,new_bsr_state,1.000,no TSR state mapped to this BSR state
,,1963,STATE_1963,new_bsr_state,1.000,no TSR state mapped to this BSR state
,,1966,STATE_1966,new_bsr_state,1.000,no TSR state mapped to this BSR state
,,1967,STATE_1967,new_bsr_state,1.000,no TSR state mapped to this BSR state
,,1971,STATE_1971,new_bsr_state,1.000,no TSR state mapped to this BSR state
,,1980,STATE_1980,new_bsr_state,1.000,no TSR state mapped to this BSR state
,,1981,STATE_1981,new_bsr_state,1.000,no TSR state mapped to this BSR state
,,1982,STATE_1982,new_bsr_state,1.000,no TSR state mapped to this BSR state
,,1983,STATE_1983,new_bsr_state,1.000,no TSR state mapped to this BSR state
,,1984,STATE_1984,new_bsr_state,1.000,no TSR state mapped to this BSR state
,,1991,STATE_1991,new_bsr_state,1.000,no TSR state mapped to this BSR state
,,2000,STATE_2000,new_bsr_state,1.000,no TSR state mapped to this BSR state
,,2001,STATE_2001,new_bsr_state,1.000,no TSR state mapped to this BSR state
,,2005,STATE_2005,new_bsr_state,1.000,no TSR state mapped to this BSR state
,,2006,STATE_2006,new_bsr_state,1.000,no TSR state mapped to this BSR state
,,2008,STATE_2008,new_bsr_state,1.000,no TSR state mapped to this BSR state
,,2015,STATE_2015,new_bsr_state,1.000,no TSR state mapped to this BSR state
,,2020,STATE_2020,new_bsr_state,1.000,no TSR state mapped to this BSR state
,,2021,STATE_2021,new_bsr_state,1.000,no TSR state mapped to this BSR state
,,2022,STATE_2022,new_bsr_state,1.000,no TSR state mapped to this BSR state
,,2028,STATE_2028,new_bsr_state,1.000,no TSR state mapped to this BSR state
,,2030,STATE_2030,new_bsr_state,1.000,no TSR state mapped to this BSR state
