bsr_state_id,bsr_state_name,bsr_state_key,tsr_state_id,tsr_state_name,vanilla_english_name,is_split,ratio,bsr_province_count
1,Corsica,STATE_1,1,Corsica,Corsica,False,1.000,3
10,STATE_10,STATE_10,10,STATE_10,Warsaw,False,1.000,6
100,STATE_100,STATE_100,100,STATE_100,Iceland,False,1.000,6
1000,STATE_1000,STATE_1000,1000,STATE_1000,East Azerbaijan,False,1.000,13
1001,STATE_1001,STATE_1001,1001,STATE_1001,Kurdistan,False,1.000,2
1002,STATE_1002,STATE_1002,1002,STATE_1002,Yazd,False,1.000,5
1003,STATE_1003,STATE_1003,1003,STATE_1003,South Khorasan,False,1.000,2
1004,STATE_1004,STATE_1004,1004,STATE_1004,North Khorasan,False,1.000,1
1005,STATE_1005,STATE_1005,1005,STATE_1005,Qataghan,False,1.000,2
1006,STATE_1006,STATE_1006,1006,STATE_1006,Khyber Pass,False,1.000,2
1007,STATE_1007,STATE_1007,1007,STATE_1007,Maymanah,False,1.000,9
1008,STATE_1008,STATE_1008,1008,STATE_1008,Qandahar,False,1.000,17
1009,STATE_1009,STATE_1009,1009,STATE_1009,Farah,False,1.000,21
101,STATE_101,STATE_101,101,STATE_101,Greenland,False,1.000,6
1010,STATE_1010,STATE_1010,1010,STATE_1010,Al Anbar,False,1.000,11
1011,STATE_1011,STATE_1011,1011,STATE_1011,Al Basrah,False,1.000,11
1012,STATE_1012,STATE_1012,1012,STATE_1012,Kalat,False,1.000,9
1013,STATE_1013,STATE_1013,1013,STATE_1013,Musandam,False,1.000,4
1014,STATE_1014,STATE_1014,1014,STATE_1014,Bahrain,False,1.000,14
1015,STATE_1015,STATE_1015,1015,STATE_1015,Oman,False,1.000,16
1016,STATE_1016,STATE_1016,1016,STATE_1016,Dhofar,False,1.000,6
1017,STATE_1017,STATE_1017,1017,STATE_1017,Da Nang,False,1.000,22
1018,STATE_1018,STATE_1018,1018,South Kyushu,Minami Kyūshū,False,1.000,6
1019,STATE_1019,STATE_1019,1019,South Tohoku,Minami Tohoku,False,1.000,11
102,STATE_102,STATE_102,102,STATE_102,North Slovenia,False,1.000,2
1020,STATE_1020,STATE_1020,1020,San'in,San'in,False,1.000,6
1021,STATE_1021,STATE_1021,1021,STATE_1021,Singapore,False,1.000,7
1022,STATE_1022,STATE_1022,1022,STATE_1022,Interior Borneo,False,1.000,13
1023,STATE_1023,STATE_1023,1023,STATE_1023,Brunei,False,1.000,6
1024,STATE_1024,STATE_1024,1024,STATE_1024,Sabah,False,1.000,16
1025,STATE_1025,STATE_1025,1025,STATE_1025,Zamboanga,False,1.000,6
1026,STATE_1026,STATE_1026,1026,STATE_1026,Northern Mindanao,False,1.000,11
1027,STATE_1027,STATE_1027,1027,Bataan,Bataan,False,1.000,8
1028,STATE_1028,STATE_1028,1028,STATE_1028,Hamgyong,False,1.000,1
1029,STATE_1029,STATE_1029,1029,STATE_1029,Gangwon,False,1.000,3
103,STATE_103,STATE_103,103,Dalmatia,Dalmatia,False,1.000,2
1030,STATE_1030,STATE_1030,1030,STATE_1030,Gyeongsang,False,1.000,8
1031,STATE_1031,STATE_1031,1031,STATE_1031,Chungcheong-Jeolla,False,1.000,4
1032,STATE_1032,STATE_1032,1032,STATE_1032,Yan'an,False,1.000,1
1033,STATE_1033,STATE_1033,1033,STATE_1033,Nanlu,False,1.000,1
1034,STATE_1034,STATE_1034,1034,STATE_1034,Suzhou,False,1.000,2
1035,STATE_1035,STATE_1035,1035,STATE_1035,Nanjing,False,1.000,4
1036,STATE_1036,STATE_1036,1036,STATE_1036,Wuhan,False,1.000,1
1037,STATE_1037,STATE_1037,1037,STATE_1037,Chongqing,False,1.000,1
1038,STATE_1038,STATE_1038,1038,STATE_1038,Jinan,False,1.000,1
1039,STATE_1039,STATE_1039,1039,South Chahar,Hebei-Chahar,False,1.000,1
104,STATE_104,STATE_104,104,STATE_104,Bosnia,False,1.000,3
1040,STATE_1040,STATE_1040,1040,STATE_1040,Alxa,False,1.000,1
1041,STATE_1041,STATE_1041,1041,STATE_1041,Chengdu,False,1.000,6
1042,STATE_1042,STATE_1042,1042,STATE_1042,Khotan,False,1.000,11
1043,STATE_1043,STATE_1043,1043,STATE_1043,Pailingmiao,False,1.000,1
1044,STATE_1044,STATE_1044,1044,STATE_1044,Wuwei,False,1.000,1
1045,STATE_1045,STATE_1045,1045,STATE_1045,Guyuan,False,1.000,3
1046,STATE_1046,STATE_1046,1046,STATE_1046,Yulin,False,1.000,3
1047,STATE_1047,STATE_1047,1047,STATE_1047,Bangka-Belitung,False,1.000,3
1048,STATE_1048,STATE_1048,1048,Moselgebiet,Padang,False,1.000,4
1049,STATE_1049,STATE_1049,1049,Prekmurje,Medan and Riouw,False,1.000,1
105,STATE_105,STATE_105,105,STATE_105,Montenegro,False,1.000,2
1050,STATE_1050,STATE_1050,1050,STATE_1050,Atjeh,False,1.000,6
1051,STATE_1051,STATE_1051,1051,STATE_1051,East Java,False,1.000,12
1052,STATE_1052,STATE_1052,1052,STATE_1052,Bali,False,1.000,4
1053,STATE_1053,STATE_1053,1053,STATE_1053,East Nusa Tenggara,False,1.000,13
1054,STATE_1054,STATE_1054,1054,STATE_1054,Dutch Timor,False,1.000,4
1055,STATE_1055,STATE_1055,1055,STATE_1055,East Kalimantan,False,1.000,10
1056,STATE_1056,STATE_1056,1056,STATE_1056,Manado,False,1.000,1
1057,STATE_1057,STATE_1057,1057,STATE_1057,Dutch Papua,False,1.000,1
1058,STATE_1058,STATE_1058,1058,STATE_1058,Batavia,False,1.000,1
1059,STATE_1059,STATE_1059,1059,STATE_1059,Limbang,False,1.000,4
106,STATE_106,STATE_106,106,STATE_106,Macedonia,False,1.000,4
1060,STATE_1060,STATE_1060,1060,STATE_1060,Johor,False,1.000,2
1061,STATE_1061,STATE_1061,1061,STATE_1061,Perlis-Kedah,False,1.000,2
1062,STATE_1062,STATE_1062,1062,STATE_1062,Kelantan-Terengganu,False,1.000,1
1063,STATE_1063,STATE_1063,1063,STATE_1063,Pahang,False,1.000,3
1064,STATE_1064,STATE_1064,1064,STATE_1064,Perak,False,1.000,3
1065,STATE_1065,STATE_1065,1065,STATE_1065,Penang,False,1.000,3
1066,STATE_1066,STATE_1066,1066,STATE_1066,Cochinchina,False,1.000,1
1067,STATE_1067,STATE_1067,1067,STATE_1067,Battambang,False,1.000,1
1068,STATE_1068,STATE_1068,1068,STATE_1068,Bassac,False,1.000,1
1069,STATE_1069,STATE_1069,1069,STATE_1069,Lan Chang,False,1.000,1
107,STATE_107,STATE_107,107,STATE_107,Serbia,False,1.000,10
1070,STATE_1070,STATE_1070,1070,STATE_1070,Bougainville,False,1.000,1
1071,STATE_1071,STATE_1071,1071,STATE_1071,Vanuatu,False,1.000,5
1072,STATE_1072,STATE_1072,1072,STATE_1072,American Samoa,False,1.000,1
1073,STATE_1073,STATE_1073,1073,STATE_1073,Interior Papua,False,1.000,3
1074,STATE_1074,STATE_1074,1074,STATE_1074,Central Western Australia,False,1.000,6
1075,STATE_1075,STATE_1075,1075,STATE_1075,West Queensland,False,1.000,5
1076,STATE_1076,STATE_1076,1076,STATE_1076,Bangkok State,False,1.000,5
1077,STATE_1077,STATE_1077,1077,STATE_1077,Central Siam,False,1.000,1
1078,STATE_1078,STATE_1078,1078,STATE_1078,Eastern Siam,False,1.000,10
1079,STATE_1079,STATE_1079,1079,STATE_1079,Auckland,False,1.000,7
108,STATE_108,STATE_108,108,STATE_108,Morava,False,1.000,3
1080,STATE_1080,STATE_1080,1080,Batavia/Jakarta,Marlborough,False,1.000,8
1081,STATE_1081,STATE_1081,1081,STATE_1081,Otago,False,1.000,6
1082,STATE_1082,STATE_1082,1082,STATE_1082,,False,1.000,15
1083,STATE_1083,STATE_1083,1083,STATE_1083,,False,1.000,2
1084,STATE_1084,STATE_1084,1084,STATE_1084,,False,1.000,6
1085,STATE_1085,STATE_1085,1085,STATE_1085,,False,1.000,8
1086,STATE_1086,STATE_1086,1086,STATE_1086,,False,1.000,4
1087,STATE_1087,STATE_1087,1087,STATE_1087,,False,1.000,2
1088,STATE_1088,STATE_1088,1088,STATE_1088,,False,1.000,4
1089,STATE_1089,STATE_1089,1089,STATE_1089,,False,1.000,1
109,STATE_109,STATE_109,109,Croatia,Croatia,False,1.000,7
1090,STATE_1090,STATE_1090,1090,STATE_1090,,False,1.000,5
1091,STATE_1091,STATE_1091,1091,STATE_1091,,False,1.000,2
1092,STATE_1092,STATE_1092,1092,STATE_1092,,False,1.000,6
1093,STATE_1093,STATE_1093,1093,STATE_1093,,False,1.000,1
1094,STATE_1094,STATE_1094,1094,STATE_1094,,False,1.000,4
1095,STATE_1095,STATE_1095,1095,STATE_1095,,False,1.000,9
1096,STATE_1096,STATE_1096,1096,STATE_1096,,False,1.000,6
1097,STATE_1097,STATE_1097,1097,STATE_1097,,False,1.000,6
1098,STATE_1098,STATE_1098,1098,STATE_1098,,False,1.000,12
1099,STATE_1099,STATE_1099,1099,STATE_1099,,False,1.000,5
11,STATE_11,STATE_11,11,STATE_11,Kaunas,False,1.000,5
110,STATE_110,STATE_110,110,STATE_110,Oslofjord,False,1.000,8
1100,STATE_1100,STATE_1100,1100,STATE_1100,,False,1.000,1
1101,STATE_1101,STATE_1101,1101,Auckland,,False,1.000,3
1102,STATE_1102,STATE_1102,1102,Marlborough,,False,1.000,1
1103,STATE_1103,STATE_1103,1103,Otago,,False,1.000,2
1104,STATE_1104,STATE_1104,,,,False,1.000,2
1105,STATE_1105,STATE_1105,,,,False,1.000,1
1106,STATE_1106,STATE_1106,,,,False,1.000,2
1107,STATE_1107,STATE_1107,,,,False,1.000,4
1108,STATE_1108,STATE_1108,,,,False,1.000,2
1109,STATE_1109,STATE_1109,,,,False,1.000,2
111,Uusimaa,STATE_111,111,UUSIMA,Uusimaa,False,1.000,6
1110,STATE_1110,STATE_1110,,,,False,1.000,4
1111,STATE_1111,STATE_1111,,,,False,1.000,7
1112,STATE_1112,STATE_1112,,,,False,1.000,2
1113,STATE_1113,STATE_1113,,,,False,1.000,1
1114,STATE_1114,STATE_1114,,,,False,1.000,16
1115,STATE_1115,STATE_1115,,,,False,1.000,2
1116,STATE_1116,STATE_1116,,,,False,1.000,3
1117,STATE_1117,STATE_1117,,,,False,1.000,1
1118,STATE_1118,STATE_1118,,,,False,1.000,1
1119,STATE_1119,STATE_1119,,,,False,1.000,5
112,STATE_112,STATE_112,112,STATE_112,Lisbon,False,1.000,5
1120,STATE_1120,STATE_1120,,,,False,1.000,4
1121,STATE_1121,STATE_1121,,,,False,1.000,9
1122,STATE_1122,STATE_1122,,,,False,1.000,10
1123,STATE_1123,STATE_1123,,,,False,1.000,14
1124,STATE_1124,STATE_1124,,,,False,1.000,4
1125,STATE_1125,STATE_1125,,,,False,1.000,1
1126,STATE_1126,STATE_1126,,,,False,1.000,6
1127,STATE_1127,STATE_1127,,,,False,1.000,5
1128,STATE_1128,STATE_1128,,,,False,1.000,7
1129,STATE_1129,STATE_1129,,,,False,1.000,1
113,Leinster,STATE_113,113,Leinster,Leinster,False,1.000,7
1130,STATE_1130,STATE_1130,,,,False,1.000,6
1131,STATE_1131,STATE_1131,,,,False,1.000,5
1132,STATE_1132,STATE_1132,,,,False,1.000,4
1133,STATE_1133,STATE_1133,,,,False,1.000,6
1134,STATE_1134,STATE_1134,,,,False,1.000,7
1135,STATE_1135,STATE_1135,,,,False,1.000,1
1136,STATE_1136,STATE_1136,,,,False,1.000,4
1137,STATE_1137,STATE_1137,,,,False,1.000,4
1138,STATE_1138,STATE_1138,,,,False,1.000,2
1139,STATE_1139,STATE_1139,,,,False,1.000,2
114,STATE_114,STATE_114,114,STATE_114,Sardinia,False,1.000,8
1140,STATE_1140,STATE_1140,,,,False,1.000,2
1141,STATE_1141,STATE_1141,,,,False,1.000,1
1142,STATE_1142,STATE_1142,,,,False,1.000,3
1143,STATE_1143,STATE_1143,,,,False,1.000,2
1144,STATE_1144,STATE_1144,,,,False,1.000,5
1145,STATE_1145,STATE_1145,,,,False,1.000,1
1146,STATE_1146,STATE_1146,,,,False,1.000,2
1147,STATE_1147,STATE_1147,,,,False,1.000,1
1148,STATE_1148,STATE_1148,,,,False,1.000,12
1149,STATE_1149,STATE_1149,,,,False,1.000,7
115,STATE_115,STATE_115,115,STATE_115,Sicily,False,1.000,10
1150,STATE_1150,STATE_1150,,,,False,1.000,1
1151,STATE_1151,STATE_1151,,,,False,1.000,16
1152,STATE_1152,STATE_1152,,,,False,1.000,4
1153,STATE_1153,STATE_1153,,,,False,1.000,1
1154,STATE_1154,STATE_1154,,,,False,1.000,3
1155,STATE_1155,STATE_1155,,,,False,1.000,3
1156,STATE_1156,STATE_1156,,,,False,1.000,1
1157,STATE_1157,STATE_1157,,,,False,1.000,1
1158,STATE_1158,STATE_1158,,,,False,1.000,11
1159,STATE_1159,STATE_1159,,,,False,1.000,2
116,STATE_116,STATE_116,116,STATE_116,Malta,False,1.000,1
1160,STATE_1160,STATE_1160,,,,False,1.000,1
1161,STATE_1161,STATE_1161,,,,False,1.000,9
1162,STATE_1162,STATE_1162,,,,False,1.000,2
1163,Karma,STATE_1163,,,,False,1.000,12
1164,STATE_1164,STATE_1164,,,,False,1.000,4
1165,STATE_1165,STATE_1165,,,,False,1.000,1
1166,STATE_1166,STATE_1166,,,,False,1.000,2
1167,STATE_1167,STATE_1167,,,,False,1.000,10
1168,STATE_1168,STATE_1168,,,,False,1.000,9
1169,STATE_1169,STATE_1169,,,,False,1.000,13
117,STATE_117,STATE_117,117,Campania,Campania,False,1.000,6
1170,STATE_1170,STATE_1170,,,,False,1.000,1
1171,STATE_1171,STATE_1171,,,,False,1.000,5
1172,STATE_1172,STATE_1172,,,,False,1.000,5
1173,STATE_1173,STATE_1173,,,,False,1.000,5
1174,STATE_1174,STATE_1174,,,,False,1.000,1
1175,STATE_1175,STATE_1175,,,,False,1.000,2
1176,STATE_1176,STATE_1176,,,,False,1.000,1
1177,STATE_1177,STATE_1177,,,,False,1.000,1
1178,STATE_1178,STATE_1178,,,,False,1.000,4
1179,STATE_1179,STATE_1179,,,,False,1.000,1
118,STATE_118,STATE_118,118,STATE_118,Gibraltar,False,1.000,1
1180,STATE_1180,STATE_1180,,,,False,1.000,3
1181,STATE_1181,STATE_1181,,,,False,1.000,1
1182,STATE_1182,STATE_1182,,,,False,1.000,2
1183,STATE_1183,STATE_1183,,,,False,1.000,2
1184,STATE_1184,STATE_1184,,,,False,1.000,1
1185,STATE_1185,STATE_1185,,,,False,1.000,2
1186,STATE_1186,STATE_1186,,,,False,1.000,3
1187,STATE_1187,STATE_1187,,,,False,1.000,12
1188,STATE_1188,STATE_1188,,,,False,1.000,1
1189,STATE_1189,STATE_1189,,,,False,1.000,2
119,STATE_119,STATE_119,119,STATE_119,Northern Ireland,False,1.000,2
1190,STATE_1190,STATE_1190,,,,False,1.000,1
1191,STATE_1191,STATE_1191,,,,False,1.000,1
1192,STATE_1192,STATE_1192,,,,False,1.000,1
1193,STATE_1193,STATE_1193,,,,False,1.000,5
1194,STATE_1194,STATE_1194,,,,False,1.000,1
1195,STATE_1195,STATE_1195,,,,False,1.000,4
1196,STATE_1196,STATE_1196,,,,False,1.000,1
1197,STATE_1197,STATE_1197,,,,False,1.000,1
1198,STATE_1198,STATE_1198,,,,False,1.000,2
1199,STATE_1199,STATE_1199,,,,False,1.000,1
12,STATE_12,STATE_12,12,STATE_12,Vidzeme,False,1.000,1
120,STATE_120,STATE_120,120,STATE_120,Scottish Highlands,False,1.000,14
1200,STATE_1200,STATE_1200,,,,False,1.000,5
1201,STATE_1201,STATE_1201,,,,False,1.000,7
1202,STATE_1202,STATE_1202,,,,False,1.000,8
1203,STATE_1203,STATE_1203,,,,False,1.000,4
1204,STATE_1204,STATE_1204,,,,False,1.000,2
1205,STATE_1205,STATE_1205,,,,False,1.000,3
1206,STATE_1206,STATE_1206,,,,False,1.000,3
1207,STATE_1207,STATE_1207,,,,False,1.000,5
1208,STATE_1208,STATE_1208,,,,False,1.000,4
1209,STATE_1209,STATE_1209,,,,False,1.000,1
121,Lothian,STATE_121,121,Lothian,Lothian,False,1.000,6
1210,STATE_1210,STATE_1210,,,,False,1.000,4
1211,STATE_1211,STATE_1211,,,,False,1.000,3
1212,STATE_1212,STATE_1212,,,,False,1.000,3
1213,STATE_1213,STATE_1213,,,,False,1.000,4
1214,STATE_1214,STATE_1214,,,,False,1.000,2
1215,STATE_1215,STATE_1215,,,,False,1.000,1
1216,STATE_1216,STATE_1216,,,,False,1.000,2
1217,STATE_1217,STATE_1217,,,,False,1.000,2
1218,STATE_1218,STATE_1218,,,,False,1.000,2
1219,STATE_1219,STATE_1219,,,,False,1.000,4
122,STATE_122,STATE_122,122,STATE_122,Wales,False,1.000,8
1220,STATE_1220,STATE_1220,,,,False,1.000,3
1221,STATE_1221,STATE_1221,,,,False,1.000,2
1222,STATE_1222,STATE_1222,,,,False,1.000,3
1223,STATE_1223,STATE_1223,,,,False,1.000,2
1224,STATE_1224,STATE_1224,,,,False,1.000,1
1225,STATE_1225,STATE_1225,,,,False,1.000,3
1226,STATE_1226,STATE_1226,,,,False,1.000,4
1227,STATE_1227,STATE_1227,,,,False,1.000,1
1228,STATE_1228,STATE_1228,,,,False,1.000,2
1229,STATE_1229,STATE_1229,,,,False,1.000,1
123,STATE_123,STATE_123,123,STATE_123,South-West England,False,1.000,2
1230,STATE_1230,STATE_1230,,,,False,1.000,2
1231,STATE_1231,STATE_1231,,,,False,1.000,1
1232,STATE_1232,STATE_1232,,,,False,1.000,1
1233,STATE_1233,STATE_1233,,,,False,1.000,5
1234,STATE_1234,STATE_1234,,,,False,1.000,1
1235,STATE_1235,STATE_1235,,,,False,1.000,1
1236,STATE_1236,STATE_1236,,,,False,1.000,1
1237,STATE_1237,STATE_1237,,,,False,1.000,2
1238,STATE_1238,STATE_1238,,,,False,1.000,2
1239,STATE_1239,STATE_1239,,,,False,1.000,1
124,STATE_124,STATE_124,124,STATE_124,Gotland,False,1.000,2
1240,STATE_1240,STATE_1240,,,,False,1.000,1
1241,STATE_1241,STATE_1241,,,,False,1.000,4
1242,STATE_1242,STATE_1242,,,,False,1.000,2
1243,STATE_1243,STATE_1243,,,,False,1.000,3
1244,STATE_1244,STATE_1244,,,,False,1.000,5
1245,STATE_1245,STATE_1245,,,,False,1.000,2
1246,STATE_1246,STATE_1246,,,,False,1.000,3
1247,STATE_1247,STATE_1247,,,,False,1.000,3
1248,STATE_1248,STATE_1248,,,,False,1.000,3
1249,STATE_1249,STATE_1249,,,,False,1.000,2
125,STATE_125,STATE_125,125,STATE_125,East Anglia,False,1.000,7
1250,STATE_1250,STATE_1250,,,,False,1.000,5
1251,STATE_1251,STATE_1251,,,,False,1.000,1
1252,STATE_1252,STATE_1252,,,,False,1.000,1
1253,STATE_1253,STATE_1253,,,,False,1.000,6
1254,STATE_1254,STATE_1254,,,,False,1.000,12
1255,STATE_1255,STATE_1255,,,,False,1.000,25
1256,STATE_1256,STATE_1256,,,,False,1.000,2
1257,STATE_1257,STATE_1257,,,,False,1.000,4
1258,STATE_1258,STATE_1258,,,,False,1.000,1
1259,STATE_1259,STATE_1259,,,,False,1.000,8
126,STATE_126,STATE_126,126,STATE_126,Greater London Area,False,1.000,3
1260,STATE_1260,STATE_1260,,,,False,1.000,2
1261,STATE_1261,STATE_1261,,,,False,1.000,3
1262,STATE_1262,STATE_1262,,,,False,1.000,1
1263,STATE_1263,STATE_1263,,,,False,1.000,2
1264,STATE_1264,STATE_1264,,,,False,1.000,5
1265,STATE_1265,STATE_1265,,,,False,1.000,1
1266,STATE_1266,STATE_1266,,,,False,1.000,1
1267,STATE_1267,STATE_1267,,,,False,1.000,1
1268,STATE_1268,STATE_1268,,,,False,1.000,4
1269,STATE_1269,STATE_1269,,,,False,1.000,3
127,Sussex,STATE_127,127,Sussex,Sussex,False,1.000,5
1270,STATE_1270,STATE_1270,,,,False,1.000,1
1271,STATE_1271,STATE_1271,,,,False,1.000,1
1272,STATE_1272,STATE_1272,,,,False,1.000,4
1273,STATE_1273,STATE_1273,,,,False,1.000,1
1274,STATE_1274,STATE_1274,,,,False,1.000,4
1275,STATE_1275,STATE_1275,,,,False,1.000,1
1276,STATE_1276,STATE_1276,,,,False,1.000,8
1277,STATE_1277,STATE_1277,,,,False,1.000,6
1278,STATE_1278,STATE_1278,,,,False,1.000,6
1279,STATE_1279,STATE_1279,,,,False,1.000,8
128,STATE_128,STATE_128,128,STATE_128,West Midlands,False,1.000,3
1280,STATE_1280,STATE_1280,,,,False,1.000,3
1281,STATE_1281,STATE_1281,,,,False,1.000,2
1282,STATE_1282,STATE_1282,,,,False,1.000,1
1283,STATE_1283,STATE_1283,,,,False,1.000,1
1284,STATE_1284,STATE_1284,,,,False,1.000,2
1285,STATE_1285,STATE_1285,,,,False,1.000,3
1286,STATE_1286,STATE_1286,,,,False,1.000,1
1287,STATE_1287,STATE_1287,,,,False,1.000,5
1288,STATE_1288,STATE_1288,,,,False,1.000,6
1289,STATE_1289,STATE_1289,,,,False,1.000,2
129,STATE_129,STATE_129,129,STATE_129,East Midlands,False,1.000,4
1290,STATE_1290,STATE_1290,,,,False,1.000,1
1291,STATE_1291,STATE_1291,,,,False,1.000,2
1292,STATE_1292,STATE_1292,,,,False,1.000,1
1293,STATE_1293,STATE_1293,,,,False,1.000,3
1294,STATE_1294,STATE_1294,,,,False,1.000,1
1295,STATE_1295,STATE_1295,,,,False,1.000,4
1296,STATE_1296,STATE_1296,,,,False,1.000,3
1297,STATE_1297,STATE_1297,,,,False,1.000,1
1298,STATE_1298,STATE_1298,,,,False,1.000,1
1299,STATE_1299,STATE_1299,,,,False,1.000,3
13,STATE_13,STATE_13,13,STATE_13,Pärnu,False,1.000,11
130,STATE_130,STATE_130,130,STATE_130,Yorkshire,False,1.000,9
1300,STATE_1300,STATE_1300,,,,False,1.000,3
1301,STATE_1301,STATE_1301,,,,False,1.000,1
1302,STATE_1302,STATE_1302,,,,False,1.000,1
1303,STATE_1303,STATE_1303,,,,False,1.000,1
1304,STATE_1304,STATE_1304,,,,False,1.000,1
1305,STATE_1305,STATE_1305,,,,False,1.000,2
1306,STATE_1306,STATE_1306,,,,False,1.000,3
1307,STATE_1307,STATE_1307,,,,False,1.000,5
1308,STATE_1308,STATE_1308,,,,False,1.000,6
1309,STATE_1309,STATE_1309,,,,False,1.000,3
131,STATE_131,STATE_131,131,STATE_131,Northumberland,False,1.000,4
1310,STATE_1310,STATE_1310,,,,False,1.000,2
1311,STATE_1311,STATE_1311,,,,False,1.000,6
1312,STATE_1312,STATE_1312,,,,False,1.000,3
1313,STATE_1313,STATE_1313,,,,False,1.000,1
1314,STATE_1314,STATE_1314,,,,False,1.000,2
1315,STATE_1315,STATE_1315,,,,False,1.000,4
1316,STATE_1316,STATE_1316,,,,False,1.000,9
1317,STATE_1317,STATE_1317,,,,False,1.000,4
1318,STATE_1318,STATE_1318,,,,False,1.000,5
1319,STATE_1319,STATE_1319,,,,False,1.000,1
132,Lancashire,STATE_132,132,Lancashire,Lancashire,False,1.000,4
1320,STATE_1320,STATE_1320,,,,False,1.000,13
1321,STATE_1321,STATE_1321,,,,False,1.000,3
1322,STATE_1322,STATE_1322,,,,False,1.000,1
1323,STATE_1323,STATE_1323,,,,False,1.000,2
1324,STATE_1324,STATE_1324,,,,False,1.000,1
1325,STATE_1325,STATE_1325,,,,False,1.000,1
1326,STATE_1326,STATE_1326,,,,False,1.000,4
1327,STATE_1327,STATE_1327,,,,False,1.000,3
1328,STATE_1328,STATE_1328,,,,False,1.000,1
1329,STATE_1329,STATE_1329,,,,False,1.000,3
133,Lanark,STATE_133,133,Lanark,Lanark,False,1.000,8
1330,STATE_1330,STATE_1330,,,,False,1.000,10
1331,STATE_1331,STATE_1331,,,,False,1.000,14
1332,STATE_1332,STATE_1332,,,,False,1.000,1
1333,STATE_1333,STATE_1333,,,,False,1.000,2
1334,STATE_1334,STATE_1334,,,,False,1.000,1
1335,STATE_1335,STATE_1335,,,,False,1.000,5
1336,STATE_1336,STATE_1336,,,,False,1.000,1
1337,STATE_1337,STATE_1337,,,,False,1.000,1
1338,STATE_1338,STATE_1338,,,,False,1.000,1
1339,STATE_1339,STATE_1339,,,,False,1.000,1
134,STATE_134,STATE_134,134,STATE_134,Connaught,False,1.000,8
1340,STATE_1340,STATE_1340,,,,False,1.000,1
1341,STATE_1341,STATE_1341,,,,False,1.000,1
1342,STATE_1342,STATE_1342,,,,False,1.000,5
1343,STATE_1343,STATE_1343,,,,False,1.000,3
1344,STATE_1344,STATE_1344,,,,False,1.000,1
1345,STATE_1345,STATE_1345,,,,False,1.000,3
1346,STATE_1346,STATE_1346,,,,False,1.000,1
1347,STATE_1347,STATE_1347,,,,False,1.000,1
1348,STATE_1348,STATE_1348,,,,False,1.000,1
1349,STATE_1349,STATE_1349,,,,False,1.000,1
135,STATE_135,STATE_135,135,STATE_135,Munster,False,1.000,10
1350,STATE_1350,STATE_1350,,,,False,1.000,1
1351,STATE_1351,STATE_1351,,,,False,1.000,1
1352,STATE_1352,STATE_1352,,,,False,1.000,2
1353,STATE_1353,STATE_1353,,,,False,1.000,1
1354,STATE_1354,STATE_1354,,,,False,1.000,1
1355,STATE_1355,STATE_1355,,,,False,1.000,1
1356,STATE_1356,STATE_1356,,,,False,1.000,2
1357,STATE_1357,STATE_1357,,,,False,1.000,2
1358,STATE_1358,STATE_1358,,,,False,1.000,3
1359,STATE_1359,STATE_1359,,,,False,1.000,3
136,STATE_136,STATE_136,136,STATE_136,Aberdeenshire,False,1.000,7
1360,STATE_1360,STATE_1360,,,,False,1.000,7
1361,STATE_1361,STATE_1361,,,,False,1.000,6
1362,STATE_1362,STATE_1362,,,,False,1.000,8
1363,STATE_1363,STATE_1363,,,,False,1.000,1
1364,STATE_1364,STATE_1364,,,,False,1.000,1
1365,STATE_1365,STATE_1365,,,,False,1.000,1
1366,STATE_1366,STATE_1366,,,,False,1.000,2
1367,STATE_1367,STATE_1367,,,,False,1.000,1
1368,STATE_1368,STATE_1368,,,,False,1.000,3
1369,STATE_1369,STATE_1369,,,,False,1.000,2
137,STATE_137,STATE_137,137,STATE_137,Crimea,False,1.000,3
1370,STATE_1370,STATE_1370,,,,False,1.000,2
1371,STATE_1371,STATE_1371,,,,False,1.000,25
1372,STATE_1372,STATE_1372,,,,False,1.000,3
1373,STATE_1373,STATE_1373,,,,False,1.000,1
1374,STATE_1374,STATE_1374,,,,False,1.000,1
1375,STATE_1375,STATE_1375,,,,False,1.000,1
1376,STATE_1376,STATE_1376,,,,False,1.000,2
1377,STATE_1377,STATE_1377,,,,False,1.000,1
1378,Northern Hungary,STATE_1378,,,,False,1.000,5
1379,STATE_1379,STATE_1379,,,,False,1.000,3
138,STATE_138,STATE_138,138,STATE_138,Skåne,False,1.000,9
1380,STATE_1380,STATE_1380,,,,False,1.000,2
1381,STATE_1381,STATE_1381,,,,False,1.000,1
1382,STATE_1382,STATE_1382,,,,False,1.000,9
1383,STATE_1383,STATE_1383,,,,False,1.000,4
1384,STATE_1384,STATE_1384,,,,False,1.000,2
1385,STATE_1385,STATE_1385,,,,False,1.000,1
1386,STATE_1386,STATE_1386,,,,False,1.000,1
1387,STATE_1387,STATE_1387,,,,False,1.000,1
1388,STATE_1388,STATE_1388,,,,False,1.000,1
1389,STATE_1389,STATE_1389,,,,False,1.000,1
139,STATE_139,STATE_139,139,STATE_139,Småland,False,1.000,21
1390,STATE_1390,STATE_1390,,,,False,1.000,2
1391,STATE_1391,STATE_1391,,,,False,1.000,2
1392,STATE_1392,STATE_1392,,,,False,1.000,3
1393,STATE_1393,STATE_1393,,,,False,1.000,2
1394,STATE_1394,STATE_1394,,,,False,1.000,2
1395,STATE_1395,STATE_1395,,,,False,1.000,1
1396,STATE_1396,STATE_1396,,,,False,1.000,1
1397,STATE_1397,STATE_1397,,,,False,1.000,2
1398,STATE_1398,STATE_1398,,,,False,1.000,1
1399,STATE_1399,STATE_1399,,,,False,1.000,1
14,STATE_14,STATE_14,14,STATE_14,Brittany,False,1.000,10
140,STATE_140,STATE_140,140,Västra Götaland,Västergötland,False,1.000,7
1400,STATE_1400,STATE_1400,,,,False,1.000,1
1401,STATE_1401,STATE_1401,,,,False,1.000,5
1402,STATE_1402,STATE_1402,,,,False,1.000,2
1403,STATE_1403,STATE_1403,,,,False,1.000,2
1404,STATE_1404,STATE_1404,,,,False,1.000,1
1405,Cornwall,STATE_1405,,,,False,1.000,2
1406,STATE_1406,STATE_1406,,,,False,1.000,4
1407,STATE_1407,STATE_1407,,,,False,1.000,34
1408,STATE_1408,STATE_1408,,,,False,1.000,2
1409,STATE_1409,STATE_1409,,,,False,1.000,2
141,STATE_141,STATE_141,141,Svealand,Södermanland,False,1.000,12
1410,STATE_1410,STATE_1410,,,,False,1.000,1
1411,STATE_1411,STATE_1411,,,,False,1.000,1
1412,STATE_1412,STATE_1412,,,,False,1.000,4
1413,STATE_1413,STATE_1413,,,,False,1.000,2
1414,STATE_1414,STATE_1414,,,,False,1.000,1
1415,STATE_1415,STATE_1415,,,,False,1.000,1
1416,STATE_1416,STATE_1416,,,,False,1.000,1
1417,STATE_1417,STATE_1417,,,,False,1.000,1
1418,STATE_1418,STATE_1418,,,,False,1.000,3
1419,STATE_1419,STATE_1419,,,,False,1.000,6
142,STATE_142,STATE_142,142,STATE_142,Vestlandet,False,1.000,19
1420,STATE_1420,STATE_1420,,,,False,1.000,5
1421,STATE_1421,STATE_1421,,,,False,1.000,3
1422,STATE_1422,STATE_1422,,,,False,1.000,1
1423,STATE_1423,STATE_1423,,,,False,1.000,1
1424,STATE_1424,STATE_1424,,,,False,1.000,1
1425,STATE_1425,STATE_1425,,,,False,1.000,3
1426,STATE_1426,STATE_1426,,,,False,1.000,1
1427,STATE_1427,STATE_1427,,,,False,1.000,1
1428,STATE_1428,STATE_1428,,,,False,1.000,2
1429,STATE_1429,STATE_1429,,,,False,1.000,2
143,STATE_143,STATE_143,143,STATE_143,Trøndelag,False,1.000,22
1430,STATE_1430,STATE_1430,,,,False,1.000,1
1431,STATE_1431,STATE_1431,,,,False,1.000,2
1432,STATE_1432,STATE_1432,,,,False,1.000,2
1433,STATE_1433,STATE_1433,,,,False,1.000,3
1434,STATE_1434,STATE_1434,,,,False,1.000,2
1435,STATE_1435,STATE_1435,,,,False,1.000,1
1436,STATE_1436,STATE_1436,,,,False,1.000,5
1437,STATE_1437,STATE_1437,,,,False,1.000,2
1438,STATE_1438,STATE_1438,,,,False,1.000,1
1439,STATE_1439,STATE_1439,,,,False,1.000,1
144,STATE_144,STATE_144,144,Nordland,Nordland,False,1.000,17
1440,STATE_1440,STATE_1440,,,,False,1.000,1
1441,STATE_1441,STATE_1441,,,,False,1.000,1
1442,STATE_1442,STATE_1442,,,,False,1.000,1
1443,STATE_1443,STATE_1443,,,,False,1.000,2
1444,STATE_1444,STATE_1444,,,,False,1.000,5
1445,STATE_1445,STATE_1445,,,,False,1.000,1
1446,STATE_1446,STATE_1446,,,,False,1.000,1
1447,STATE_1447,STATE_1447,,,,False,1.000,2
1448,STATE_1448,STATE_1448,,,,False,1.000,2
1449,STATE_1449,STATE_1449,,,,False,1.000,1
145,STATE_145,STATE_145,145,ÅLAND,Åland,False,1.000,1
1450,STATE_1450,STATE_1450,,,,False,1.000,1
1451,STATE_1451,STATE_1451,,,,False,1.000,1
1452,STATE_1452,STATE_1452,,,,False,1.000,2
1453,STATE_1453,STATE_1453,,,,False,1.000,3
1454,STATE_1454,STATE_1454,,,,False,1.000,10
1455,STATE_1455,STATE_1455,,,,False,1.000,3
1456,STATE_1456,STATE_1456,,,,False,1.000,1
1457,STATE_1457,STATE_1457,,,,False,1.000,1
1458,STATE_1458,STATE_1458,,,,False,1.000,1
1459,STATE_1459,STATE_1459,,,,False,1.000,2
146,STATE_146,STATE_146,146,KARJALA,Karjala,False,1.000,9
1460,STATE_1460,STATE_1460,,,,False,1.000,4
1461,STATE_1461,STATE_1461,,,,False,1.000,2
1462,STATE_1462,STATE_1462,,,,False,1.000,12
1463,STATE_1463,STATE_1463,,,,False,1.000,2
1464,STATE_1464,STATE_1464,,,,False,1.000,9
1465,STATE_1465,STATE_1465,,,,False,1.000,4
1466,STATE_1466,STATE_1466,,,,False,1.000,3
1467,STATE_1467,STATE_1467,,,,False,1.000,6
1468,STATE_1468,STATE_1468,,,,False,1.000,4
1469,STATE_1469,STATE_1469,,,,False,1.000,12
147,STATE_147,STATE_147,147,SALLA,Salla,False,1.000,3
1470,STATE_1470,STATE_1470,,,,False,1.000,4
1471,Mozyr,STATE_1471,,,,False,1.000,2
1472,STATE_1472,STATE_1472,,,,False,1.000,1
1473,STATE_1473,STATE_1473,,,,False,1.000,11
1474,STATE_1474,STATE_1474,,,,False,1.000,4
1475,STATE_1475,STATE_1475,,,,False,1.000,4
1476,STATE_1476,STATE_1476,,,,False,1.000,1
1477,STATE_1477,STATE_1477,,,,False,1.000,1
1478,STATE_1478,STATE_1478,,,,False,1.000,1
1479,STATE_1479,STATE_1479,,,,False,1.000,1
148,STATE_148,STATE_148,148,LAPPI,Lappi,False,1.000,15
1480,STATE_1480,STATE_1480,,,,False,1.000,1
1481,STATE_1481,STATE_1481,,,,False,1.000,1
1482,STATE_1482,STATE_1482,,,,False,1.000,1
1483,STATE_1483,STATE_1483,,,,False,1.000,1
1484,STATE_1484,STATE_1484,,,,False,1.000,1
1485,STATE_1485,STATE_1485,,,,False,1.000,1
1486,STATE_1486,STATE_1486,,,,False,1.000,1
1487,STATE_1487,STATE_1487,,,,False,1.000,1
1488,STATE_1488,STATE_1488,,,,False,1.000,2
1489,STATE_1489,STATE_1489,,,,False,1.000,3
149,Pohjanmaa,STATE_149,149,VAASA,Vaasa,False,1.000,14
1490,STATE_1490,STATE_1490,,,,False,1.000,4
1491,STATE_1491,STATE_1491,,,,False,1.000,2
1492,STATE_1492,STATE_1492,,,,False,1.000,3
1493,STATE_1493,STATE_1493,,,,False,1.000,3
1494,STATE_1494,STATE_1494,,,,False,1.000,2
1495,STATE_1495,STATE_1495,,,,False,1.000,2
1496,STATE_1496,STATE_1496,,,,False,1.000,3
1497,STATE_1497,STATE_1497,,,,False,1.000,9
1498,STATE_1498,STATE_1498,,,,False,1.000,3
1499,STATE_1499,STATE_1499,,,,False,1.000,2
15,STATE_15,STATE_15,15,STATE_15,Normandy,False,1.000,12
150,Savo,STATE_150,150,KUOPIO,Kuopio,False,1.000,16
1500,STATE_1500,STATE_1500,,,,False,1.000,5
1501,STATE_1501,STATE_1501,,,,False,1.000,1
1502,STATE_1502,STATE_1502,,,,False,1.000,1
1503,STATE_1503,STATE_1503,,,,False,1.000,1
1504,STATE_1504,STATE_1504,,,,False,1.000,1
1505,STATE_1505,STATE_1505,,,,False,1.000,1
1506,STATE_1506,STATE_1506,,,,False,1.000,2
1507,STATE_1507,STATE_1507,,,,False,1.000,4
1508,STATE_1508,STATE_1508,,,,False,1.000,2
1509,STATE_1509,STATE_1509,,,,False,1.000,2
151,STATE_151,STATE_151,151,STATE_151,Eastern Swiss Alps,False,1.000,4
1510,STATE_1510,STATE_1510,,,,False,1.000,1
1511,STATE_1511,STATE_1511,,,,False,1.000,1
1512,STATE_1512,STATE_1512,,,,False,1.000,1
1513,STATE_1513,STATE_1513,,,,False,1.000,3
1514,STATE_1514,STATE_1514,,,,False,1.000,14
1515,STATE_1515,STATE_1515,,,,False,1.000,1
1516,STATE_1516,STATE_1516,,,,False,1.000,1
1517,STATE_1517,STATE_1517,,,,False,1.000,1
1518,STATE_1518,STATE_1518,,,,False,1.000,1
1519,STATE_1519,STATE_1519,,,,False,1.000,2
152,STATE_152,STATE_152,152,STATE_152,Upper Austria,False,1.000,2
1520,STATE_1520,STATE_1520,,,,False,1.000,4
1521,STATE_1521,STATE_1521,,,,False,1.000,1
1522,STATE_1522,STATE_1522,,,,False,1.000,4
1523,STATE_1523,STATE_1523,,,,False,1.000,2
1524,STATE_1524,STATE_1524,,,,False,1.000,4
1525,STATE_1525,STATE_1525,,,,False,1.000,5
1526,STATE_1526,STATE_1526,,,,False,1.000,2
1527,STATE_1527,STATE_1527,,,,False,1.000,2
1528,STATE_1528,STATE_1528,,,,False,1.000,3
1529,STATE_1529,STATE_1529,,,,False,1.000,1
153,STATE_153,STATE_153,153,STATE_153,Tyrol,False,1.000,5
1530,Zambia,STATE_1530,,,,False,1.000,1
1531,STATE_1531,STATE_1531,,,,False,1.000,3
1532,STATE_1532,STATE_1532,,,,False,1.000,4
1533,STATE_1533,STATE_1533,,,,False,1.000,1
1534,STATE_1534,STATE_1534,,,,False,1.000,2
1535,STATE_1535,STATE_1535,,,,False,1.000,1
1536,STATE_1536,STATE_1536,,,,False,1.000,1
1537,STATE_1537,STATE_1537,,,,False,1.000,1
1538,STATE_1538,STATE_1538,,,,False,1.000,1
1539,STATE_1539,STATE_1539,,,,False,1.000,5
154,STATE_154,STATE_154,154,STATE_154,Transtisza,False,1.000,7
1540,STATE_1540,STATE_1540,,,,False,1.000,6
1541,STATE_1541,STATE_1541,,,,False,1.000,1
1542,STATE_1542,STATE_1542,,,,False,1.000,6
1543,STATE_1543,STATE_1543,,,,False,1.000,2
1544,STATE_1544,STATE_1544,,,,False,1.000,4
1545,STATE_1545,STATE_1545,,,,False,1.000,2
1546,STATE_1546,STATE_1546,,,,False,1.000,1
1547,STATE_1547,STATE_1547,,,,False,1.000,2
1548,STATE_1548,STATE_1548,,,,False,1.000,1
1549,STATE_1549,STATE_1549,,,,False,1.000,1
155,STATE_155,STATE_155,155,North Transdanubia,North Transdanubia,False,1.000,7
1550,STATE_1550,STATE_1550,,,,False,1.000,1
1551,STATE_1551,STATE_1551,,,,False,1.000,1
1552,STATE_1552,STATE_1552,,,,False,1.000,5
1553,STATE_1553,STATE_1553,,,,False,1.000,2
1554,STATE_1554,STATE_1554,,,,False,1.000,1
1555,STATE_1555,STATE_1555,,,,False,1.000,4
1556,STATE_1556,STATE_1556,,,,False,1.000,1
1557,STATE_1557,STATE_1557,,,,False,1.000,3
1558,STATE_1558,STATE_1558,,,,False,1.000,4
1559,STATE_1559,STATE_1559,,,,False,1.000,2
156,STATE_156,STATE_156,156,STATE_156,Calabria,False,1.000,5
1560,STATE_1560,STATE_1560,,,,False,1.000,1
1561,STATE_1561,STATE_1561,,,,False,1.000,1
1562,STATE_1562,STATE_1562,,,,False,1.000,2
1563,STATE_1563,STATE_1563,,,,False,1.000,1
1564,STATE_1564,STATE_1564,,,,False,1.000,1
1565,STATE_1565,STATE_1565,,,,False,1.000,1
1566,STATE_1566,STATE_1566,,,,False,1.000,3
1567,STATE_1567,STATE_1567,,,,False,1.000,1
1568,STATE_1568,STATE_1568,,,,False,1.000,4
1569,Arabian Desert,STATE_1569,,,,False,1.000,5
157,STATE_157,STATE_157,157,STATE_157,Abruzzo,False,1.000,2
1570,STATE_1570,STATE_1570,,,,False,1.000,1
1571,STATE_1571,STATE_1571,,,,False,1.000,5
1572,STATE_1572,STATE_1572,,,,False,1.000,6
1573,STATE_1573,STATE_1573,,,,False,1.000,1
1574,STATE_1574,STATE_1574,,,,False,1.000,2
1575,STATE_1575,STATE_1575,,,,False,1.000,8
1576,STATE_1576,STATE_1576,,,,False,1.000,6
1577,STATE_1577,STATE_1577,,,,False,1.000,10
1578,STATE_1578,STATE_1578,,,,False,1.000,5
1579,STATE_1579,STATE_1579,,,,False,1.000,3
158,STATE_158,STATE_158,158,STATE_158,Piedmont,False,1.000,4
1580,STATE_1580,STATE_1580,,,,False,1.000,1
1581,STATE_1581,STATE_1581,,,,False,1.000,1
1582,STATE_1582,STATE_1582,,,,False,1.000,3
1583,STATE_1583,STATE_1583,,,,False,1.000,1
1584,STATE_1584,STATE_1584,,,,False,1.000,1
1585,STATE_1585,STATE_1585,,,,False,1.000,1
1586,STATE_1586,STATE_1586,,,,False,1.000,1
1587,STATE_1587,STATE_1587,,,,False,1.000,1
1588,STATE_1588,STATE_1588,,,,False,1.000,1
1589,STATE_1589,STATE_1589,,,,False,1.000,1
159,STATE_159,STATE_159,159,STATE_159,Lombardy,False,1.000,5
1590,STATE_1590,STATE_1590,,,,False,1.000,1
1591,STATE_1591,STATE_1591,,,,False,1.000,1
1592,STATE_1592,STATE_1592,,,,False,1.000,1
1593,STATE_1593,STATE_1593,,,,False,1.000,1
1594,STATE_1594,STATE_1594,,,,False,1.000,1
1595,STATE_1595,STATE_1595,,,,False,1.000,1
1596,STATE_1596,STATE_1596,,,,False,1.000,2
1597,STATE_1597,STATE_1597,,,,False,1.000,13
1598,STATE_1598,STATE_1598,,,,False,1.000,1
1599,STATE_1599,STATE_1599,,,,False,1.000,2
16,STATE_16,STATE_16,16,STATE_16,Ile de France,False,1.000,3
160,STATE_160,STATE_160,160,STATE_160,Veneto,False,1.000,4
1600,STATE_1600,STATE_1600,,,,False,1.000,4
1601,STATE_1601,STATE_1601,,,,False,1.000,2
1602,STATE_1602,STATE_1602,,,,False,1.000,1
1603,STATE_1603,STATE_1603,,,,False,1.000,1
1604,STATE_1604,STATE_1604,,,,False,1.000,4
1605,STATE_1605,STATE_1605,,,,False,1.000,1
1606,STATE_1606,STATE_1606,,,,False,1.000,1
1607,STATE_1607,STATE_1607,,,,False,1.000,1
1608,STATE_1608,STATE_1608,,,,False,1.000,3
1609,STATE_1609,STATE_1609,,,,False,1.000,1
161,STATE_161,STATE_161,161,STATE_161,Emilia Romagna,False,1.000,3
1610,STATE_1610,STATE_1610,,,,False,1.000,5
1611,STATE_1611,STATE_1611,,,,False,1.000,1
1612,STATE_1612,STATE_1612,,,,False,1.000,1
1613,STATE_1613,STATE_1613,,,,False,1.000,3
1614,STATE_1614,STATE_1614,,,,False,1.000,2
1615,STATE_1615,STATE_1615,,,,False,1.000,5
1616,STATE_1616,STATE_1616,,,,False,1.000,4
1617,STATE_1617,STATE_1617,,,,False,1.000,2
1618,STATE_1618,STATE_1618,,,,False,1.000,1
1619,STATE_1619,STATE_1619,,,,False,1.000,4
162,STATE_162,STATE_162,162,STATE_162,Tuscany,False,1.000,8
1620,STATE_1620,STATE_1620,,,,False,1.000,1
1621,STATE_1621,STATE_1621,,,,False,1.000,3
1622,STATE_1622,STATE_1622,,,,False,1.000,2
1623,STATE_1623,STATE_1623,,,,False,1.000,3
1624,STATE_1624,STATE_1624,,,,False,1.000,1
1625,STATE_1625,STATE_1625,,,,False,1.000,2
1626,Varsinais Suomi / Finland Proper,STATE_1626,,,,False,1.000,8
1627,Savo / Tavastland / Tavastia,STATE_1627,,,,False,1.000,22
1628,Savo / Tavastland / Tavastia,STATE_1628,,,,False,1.000,11
1629,Savo / Tavastland / Tavastia,STATE_1629,,,,False,1.000,9
163,STATE_163,STATE_163,163,STATE_163,Zadar,False,1.000,1
1630,Savo / Tavastland / Tavastia,STATE_1630,,,,False,1.000,15
1631,Vaasa,STATE_1631,,,,False,1.000,5
1632,STATE_1632,STATE_1632,,,,False,1.000,4
1633,STATE_1633,STATE_1633,,,,False,1.000,2
1634,STATE_1634,STATE_1634,,,,False,1.000,1
1635,STATE_1635,STATE_1635,,,,False,1.000,1
1636,STATE_1636,STATE_1636,,,,False,1.000,1
1637,STATE_1637,STATE_1637,,,,False,1.000,10
1638,STATE_1638,STATE_1638,,,,False,1.000,5
1639,STATE_1639,STATE_1639,,,,False,1.000,5
164,STATE_164,STATE_164,164,STATE_164,Dodecanese,False,1.000,2
1640,STATE_1640,STATE_1640,,,,False,1.000,6
1641,STATE_1641,STATE_1641,,,,False,1.000,3
1642,STATE_1642,STATE_1642,,,,False,1.000,1
1643,STATE_1643,STATE_1643,,,,False,1.000,1
1644,STATE_1644,STATE_1644,,,,False,1.000,1
1645,STATE_1645,STATE_1645,,,,False,1.000,2
1646,STATE_1646,STATE_1646,,,,False,1.000,2
1647,STATE_1647,STATE_1647,,,,False,1.000,1
1648,STATE_1648,STATE_1648,,,,False,1.000,2
1649,STATE_1649,STATE_1649,,,,False,1.000,9
165,STATE_165,STATE_165,165,STATE_165,Catalonia,False,1.000,14
1650,STATE_1650,STATE_1650,,,,False,1.000,1
1651,STATE_1651,STATE_1651,,,,False,1.000,2
1652,STATE_1652,STATE_1652,,,,False,1.000,1
1653,STATE_1653,STATE_1653,,,,False,1.000,9
1654,STATE_1654,STATE_1654,,,,False,1.000,6
1655,STATE_1655,STATE_1655,,,,False,1.000,1
1656,STATE_1656,STATE_1656,,,,False,1.000,1
1657,STATE_1657,STATE_1657,,,,False,1.000,12
1658,STATE_1658,STATE_1658,,,,False,1.000,6
1659,STATE_1659,STATE_1659,,,,False,1.000,1
166,STATE_166,STATE_166,166,STATE_166,Western Aragón,False,1.000,7
1660,STATE_1660,STATE_1660,,,,False,1.000,3
1661,STATE_1661,STATE_1661,,,,False,1.000,3
1662,STATE_1662,STATE_1662,,,,False,1.000,2
1663,STATE_1663,STATE_1663,,,,False,1.000,5
1664,STATE_1664,STATE_1664,,,,False,1.000,3
1665,STATE_1665,STATE_1665,,,,False,1.000,3
1666,STATE_1666,STATE_1666,,,,False,1.000,1
1667,STATE_1667,STATE_1667,,,,False,1.000,1
1668,STATE_1668,STATE_1668,,,,False,1.000,3
1669,STATE_1669,STATE_1669,,,,False,1.000,2
167,STATE_167,STATE_167,167,STATE_167,Valencia,False,1.000,10
1670,STATE_1670,STATE_1670,,,,False,1.000,4
1671,STATE_1671,STATE_1671,,,,False,1.000,1
1672,STATE_1672,STATE_1672,,,,False,1.000,4
1673,STATE_1673,STATE_1673,,,,False,1.000,1
1674,STATE_1674,STATE_1674,,,,False,1.000,1
1675,STATE_1675,STATE_1675,,,,False,1.000,1
1676,STATE_1676,STATE_1676,,,,False,1.000,2
1677,STATE_1677,STATE_1677,,,,False,1.000,1
1678,STATE_1678,STATE_1678,,,,False,1.000,2
1679,STATE_1679,STATE_1679,,,,False,1.000,3
168,STATE_168,STATE_168,168,STATE_168,Murcia,False,1.000,5
1680,STATE_1680,STATE_1680,,,,False,1.000,1
1681,STATE_1681,STATE_1681,,,,False,1.000,3
1682,STATE_1682,STATE_1682,,,,False,1.000,3
1683,STATE_1683,STATE_1683,,,,False,1.000,12
1684,STATE_1684,STATE_1684,,,,False,1.000,14
1685,STATE_1685,STATE_1685,,,,False,1.000,1
1686,STATE_1686,STATE_1686,,,,False,1.000,12
1687,STATE_1687,STATE_1687,,,,False,1.000,8
1688,STATE_1688,STATE_1688,,,,False,1.000,3
1689,STATE_1689,STATE_1689,,,,False,1.000,2
169,STATE_169,STATE_169,169,STATE_169,Sevilla,False,1.000,14
1690,STATE_1690,STATE_1690,,,,False,1.000,4
1691,STATE_1691,STATE_1691,,,,False,1.000,4
1692,STATE_1692,STATE_1692,,,,False,1.000,3
1693,STATE_1693,STATE_1693,,,,False,1.000,3
1694,STATE_1694,STATE_1694,,,,False,1.000,4
1695,STATE_1695,STATE_1695,,,,False,1.000,3
1696,STATE_1696,STATE_1696,,,,False,1.000,2
1697,STATE_1697,STATE_1697,,,,False,1.000,3
1698,STATE_1698,STATE_1698,,,,False,1.000,3
1699,STATE_1699,STATE_1699,,,,False,1.000,7
17,STATE_17,STATE_17,17,Lorraine,Franche-Comte,False,1.000,5
170,STATE_170,STATE_170,170,STATE_170,Extremadura,False,1.000,12
1700,STATE_1700,STATE_1700,,,,False,1.000,1
1701,STATE_1701,STATE_1701,,,,False,1.000,2
1702,STATE_1702,STATE_1702,,,,False,1.000,1
1703,STATE_1703,STATE_1703,,,,False,1.000,1
1704,STATE_1704,STATE_1704,,,,False,1.000,4
1705,STATE_1705,STATE_1705,,,,False,1.000,3
1706,STATE_1706,STATE_1706,,,,False,1.000,1
1707,STATE_1707,STATE_1707,,,,False,1.000,2
1708,STATE_1708,STATE_1708,,,,False,1.000,3
1709,STATE_1709,STATE_1709,,,,False,1.000,3
171,STATE_171,STATE_171,171,STATE_171,Galicia,False,1.000,14
1710,STATE_1710,STATE_1710,,,,False,1.000,2
1711,STATE_1711,STATE_1711,,,,False,1.000,1
1712,STATE_1712,STATE_1712,,,,False,1.000,3
1713,STATE_1713,STATE_1713,,,,False,1.000,2
1714,STATE_1714,STATE_1714,,,,False,1.000,1
1715,STATE_1715,STATE_1715,,,,False,1.000,5
1716,STATE_1716,STATE_1716,,,,False,1.000,3
1717,STATE_1717,STATE_1717,,,,False,1.000,4
1718,STATE_1718,STATE_1718,,,,False,1.000,1
1719,STATE_1719,STATE_1719,,,,False,1.000,6
172,STATE_172,STATE_172,172,STATE_172,Navarra,False,1.000,5
1720,STATE_1720,STATE_1720,,,,False,1.000,5
1721,STATE_1721,STATE_1721,,,,False,1.000,7
1722,STATE_1722,STATE_1722,,,,False,1.000,3
1723,STATE_1723,STATE_1723,,,,False,1.000,4
1724,STATE_1724,STATE_1724,,,,False,1.000,7
1725,STATE_1725,STATE_1725,,,,False,1.000,1
1726,STATE_1726,STATE_1726,,,,False,1.000,11
1727,STATE_1727,STATE_1727,,,,False,1.000,1
1728,STATE_1728,STATE_1728,,,,False,1.000,1
1729,STATE_1729,STATE_1729,,,,False,1.000,8
173,STATE_173,STATE_173,173,STATE_173,Granada,False,1.000,12
1730,STATE_1730,STATE_1730,,,,False,1.000,1
1731,STATE_1731,STATE_1731,,,,False,1.000,1
1732,STATE_1732,STATE_1732,,,,False,1.000,2
1733,STATE_1733,STATE_1733,,,,False,1.000,1
1734,STATE_1734,STATE_1734,,,,False,1.000,2
1735,impassable = yes #we do a substantial amount of trolling,STATE_1735,,,,False,1.000,3
1736,impassable = yes #we do a substantial amount of trolling,STATE_1736,,,,False,1.000,5
1737,STATE_1737,STATE_1737,,,,False,1.000,2
1738,STATE_1738,STATE_1738,,,,False,1.000,1
1739,STATE_1739,STATE_1739,,,,False,1.000,2
174,STATE_174,STATE_174,174,STATE_174,León,False,1.000,13
1740,STATE_1740,STATE_1740,,,,False,1.000,5
1741,STATE_1741,STATE_1741,,,,False,1.000,1
1742,STATE_1742,STATE_1742,,,,False,1.000,1
1743,STATE_1743,STATE_1743,,,,False,1.000,2
1744,STATE_1744,STATE_1744,,,,False,1.000,1
1745,STATE_1745,STATE_1745,,,,False,1.000,1
1746,STATE_1746,STATE_1746,,,,False,1.000,2
1747,STATE_1747,STATE_1747,,,,False,1.000,1
1748,STATE_1748,STATE_1748,,,,False,1.000,2
1749,STATE_1749,STATE_1749,,,,False,1.000,2
175,STATE_175,STATE_175,175,STATE_175,Ciudad Real,False,1.000,10
1750,STATE_1750,STATE_1750,,,,False,1.000,2
1751,STATE_1751,STATE_1751,,,,False,1.000,2
1752,STATE_1752,STATE_1752,,,,False,1.000,1
1753,STATE_1753,STATE_1753,,,,False,1.000,2
1754,STATE_1754,STATE_1754,,,,False,1.000,3
1755,STATE_1755,STATE_1755,,,,False,1.000,3
1756,STATE_1756,STATE_1756,,,,False,1.000,3
1757,STATE_1757,STATE_1757,,,,False,1.000,1
1758,STATE_1758,STATE_1758,,,,False,1.000,2
1759,Languedoc,STATE_1759,,,,False,1.000,1
176,STATE_176,STATE_176,176,STATE_176,Burgos,False,1.000,9
1760,STATE_1760,STATE_1760,,,,False,1.000,2
1761,STATE_1761,STATE_1761,,,,False,1.000,1
1762,STATE_1762,STATE_1762,,,,False,1.000,5
1763,STATE_1763,STATE_1763,,,,False,1.000,7
1764,STATE_1764,STATE_1764,,,,False,1.000,3
1765,STATE_1765,STATE_1765,,,,False,1.000,1
1766,STATE_1766,STATE_1766,,,,False,1.000,1
1767,STATE_1767,STATE_1767,,,,False,1.000,1
1768,STATE_1768,STATE_1768,,,,False,1.000,2
1769,STATE_1769,STATE_1769,,,,False,1.000,1
177,STATE_177,STATE_177,177,STATE_177,Islas Baleares,False,1.000,2
1770,STATE_1770,STATE_1770,,,,False,1.000,1
1771,STATE_1771,STATE_1771,,,,False,1.000,2
1772,STATE_1772,STATE_1772,,,,False,1.000,1
1773,STATE_1773,STATE_1773,,,,False,1.000,4
1775,STATE_1775,STATE_1775,,,,False,1.000,2
1776,STATE_1776,STATE_1776,,,,False,1.000,1
1777,STATE_1777,STATE_1777,,,,False,1.000,2
1778,STATE_1778,STATE_1778,,,,False,1.000,4
1779,STATE_1779,STATE_1779,,,,False,1.000,2
178,STATE_178,STATE_178,178,STATE_178,Islas Canarias,False,1.000,1
1780,STATE_1780,STATE_1780,,,,False,1.000,1
1781,STATE_1781,STATE_1781,,,,False,1.000,1
1782,STATE_1782,STATE_1782,,,,False,1.000,1
1783,STATE_1783,STATE_1783,,,,False,1.000,2
1784,STATE_1784,STATE_1784,,,,False,1.000,2
1785,STATE_1785,STATE_1785,,,,False,1.000,5
1786,STATE_1786,STATE_1786,,,,False,1.000,1
1787,STATE_1787,STATE_1787,,,,False,1.000,1
1788,STATE_1788,STATE_1788,,,,False,1.000,1
1789,STATE_1789,STATE_1789,,,,False,1.000,1
179,STATE_179,STATE_179,179,STATE_179,Beja,False,1.000,6
1790,STATE_1790,STATE_1790,,,,False,1.000,3
1791,STATE_1791,STATE_1791,,,,False,1.000,1
1792,STATE_1792,STATE_1792,,,,False,1.000,5
1793,STATE_1793,STATE_1793,,,,False,1.000,4
1794,STATE_1794,STATE_1794,,,,False,1.000,2
1795,STATE_1795,STATE_1795,,,,False,1.000,1
1796,STATE_1796,STATE_1796,,,,False,1.000,3
1797,STATE_1797,STATE_1797,,,,False,1.000,1
1798,STATE_1798,STATE_1798,,,,False,1.000,3
1799,STATE_1799,STATE_1799,,,,False,1.000,3
18,STATE_18,STATE_18,18,STATE_18,Champagne,False,1.000,4
180,STATE_180,STATE_180,180,STATE_180,Porto,False,1.000,2
1800,STATE_1800,STATE_1800,,,,False,1.000,2
1801,STATE_1801,STATE_1801,,,,False,1.000,2
1802,STATE_1802,STATE_1802,,,,False,1.000,2
1803,STATE_1803,STATE_1803,,,,False,1.000,1
1804,STATE_1804,STATE_1804,,,,False,1.000,2
1805,STATE_1805,STATE_1805,,,,False,1.000,4
1806,STATE_1806,STATE_1806,,,,False,1.000,6
1807,STATE_1807,STATE_1807,,,,False,1.000,1
1808,STATE_1808,STATE_1808,,,,False,1.000,2
1809,Pampas,STATE_1809,,,,False,1.000,15
181,STATE_181,STATE_181,181,STATE_181,Guarda,False,1.000,8
1810,STATE_1810,STATE_1810,,,,False,1.000,1
1811,STATE_1811,STATE_1811,,,,False,1.000,3
1812,STATE_1812,STATE_1812,,,,False,1.000,1
1813,STATE_1813,STATE_1813,,,,False,1.000,1
1814,Mali (previously French West Africa),STATE_1814,,,,False,1.000,6
1815,Mali (previously French West Africa),STATE_1815,,,,False,1.000,5
1816,Guinea,STATE_1816,,,,False,1.000,3
1817,STATE_1817,STATE_1817,,,,False,1.000,3
1818,STATE_1818,STATE_1818,,,,False,1.000,6
1819,STATE_1819,STATE_1819,,,,False,1.000,3
182,STATE_182,STATE_182,182,STATE_182,Crete,False,1.000,3
1820,STATE_1820,STATE_1820,,,,False,1.000,1
1821,STATE_1821,STATE_1821,,,,False,1.000,2
1822,STATE_1822,STATE_1822,,,,False,1.000,2
1823,STATE_1823,STATE_1823,,,,False,1.000,3
1824,STATE_1824,STATE_1824,,,,False,1.000,1
1825,STATE_1825,STATE_1825,,,,False,1.000,1
1826,STATE_1826,STATE_1826,,,,False,1.000,1
1827,STATE_1827,STATE_1827,,,,False,1.000,2
1828,STATE_1828,STATE_1828,,,,False,1.000,3
1829,Magallanes,STATE_1829,,,,False,1.000,3
183,STATE_183,STATE_183,183,STATE_183,Cyprus,False,1.000,1
1830,STATE_1830,STATE_1830,,,,False,1.000,1
1831,STATE_1831,STATE_1831,,,,False,1.000,1
1832,STATE_1832,STATE_1832,,,,False,1.000,1
1833,STATE_1833,STATE_1833,,,,False,1.000,1
1834,STATE_1834,STATE_1834,,,,False,1.000,2
1835,STATE_1835,STATE_1835,,,,False,1.000,2
1836,STATE_1836,STATE_1836,,,,False,1.000,1
1837,STATE_1837,STATE_1837,,,,False,1.000,1
1838,STATE_1838,STATE_1838,,,,False,1.000,3
1839,STATE_1839,STATE_1839,,,,False,1.000,2
184,STATE_184,STATE_184,184,STATE_184,Thrace,False,1.000,3
1840,STATE_1840,STATE_1840,,,,False,1.000,8
1841,STATE_1841,STATE_1841,,,,False,1.000,1
1842,STATE_1842,STATE_1842,,,,False,1.000,2
1843,STATE_1843,STATE_1843,,,,False,1.000,5
1844,STATE_1844,STATE_1844,,,,False,1.000,3
1845,STATE_1845,STATE_1845,,,,False,1.000,2
1846,STATE_1846,STATE_1846,,,,False,1.000,1
1847,STATE_1847,STATE_1847,,,,False,1.000,7
1848,STATE_1848,STATE_1848,,,,False,1.000,3
1849,STATE_1849,STATE_1849,,,,False,1.000,1
185,STATE_185,STATE_185,185,STATE_185,Epirus,False,1.000,5
1850,STATE_1850,STATE_1850,,,,False,1.000,1
1851,STATE_1851,STATE_1851,,,,False,1.000,1
1852,STATE_1852,STATE_1852,,,,False,1.000,1
1853,STATE_1853,STATE_1853,,,,False,1.000,1
1854,STATE_1854,STATE_1854,,,,False,1.000,1
1855,STATE_1855,STATE_1855,,,,False,1.000,1
1856,STATE_1856,STATE_1856,,,,False,1.000,1
1857,STATE_1857,STATE_1857,,,,False,1.000,1
1858,STATE_1858,STATE_1858,,,,False,1.000,1
1859,STATE_1859,STATE_1859,,,,False,1.000,4
186,STATE_186,STATE_186,186,STATE_186,Peloponnese,False,1.000,7
1860,STATE_1860,STATE_1860,,,,False,1.000,6
1861,STATE_1861,STATE_1861,,,,False,1.000,5
1862,STATE_1862,STATE_1862,,,,False,1.000,5
1863,STATE_1863,STATE_1863,,,,False,1.000,3
1864,STATE_1864,STATE_1864,,,,False,1.000,1
1865,STATE_1865,STATE_1865,,,,False,1.000,2
1866,STATE_1866,STATE_1866,,,,False,1.000,4
1867,STATE_1867,STATE_1867,,,,False,1.000,1
1868,STATE_1868,STATE_1868,,,,False,1.000,1
1869,STATE_1869,STATE_1869,,,,False,1.000,1
187,STATE_187,STATE_187,187,STATE_187,Aegean Islands,False,1.000,1
1870,STATE_1870,STATE_1870,,,,False,1.000,1
1871,STATE_1871,STATE_1871,,,,False,1.000,3
1872,STATE_1872,STATE_1872,,,,False,1.000,4
1873,STATE_1873,STATE_1873,,,,False,1.000,1
1874,STATE_1874,STATE_1874,,,,False,1.000,3
1875,STATE_1875,STATE_1875,,,,False,1.000,1
1876,STATE_1876,STATE_1876,,,,False,1.000,1
1877,STATE_1877,STATE_1877,,,,False,1.000,3
1878,STATE_1878,STATE_1878,,,,False,1.000,2
1879,STATE_1879,STATE_1879,,,,False,1.000,2
188,STATE_188,STATE_188,188,STATE_188,Memel,False,1.000,1
1880,STATE_1880,STATE_1880,,,,False,1.000,2
1881,STATE_1881,STATE_1881,,,,False,1.000,1
1882,STATE_1882,STATE_1882,,,,False,1.000,1
1883,STATE_1883,STATE_1883,,,,False,1.000,1
1884,STATE_1884,STATE_1884,,,,False,1.000,12
1885,STATE_1885,STATE_1885,,,,False,1.000,1
1886,STATE_1886,STATE_1886,,,,False,1.000,1
1887,STATE_1887,STATE_1887,,,,False,1.000,1
1888,STATE_1888,STATE_1888,,,,False,1.000,1
1889,STATE_1889,STATE_1889,,,,False,1.000,1
189,STATE_189,STATE_189,189,STATE_189,Žemaitija,False,1.000,6
1890,STATE_1890,STATE_1890,,,,False,1.000,1
1891,STATE_1891,STATE_1891,,,,False,1.000,5
1892,STATE_1892,STATE_1892,,,,False,1.000,4
1893,STATE_1893,STATE_1893,,,,False,1.000,5
1894,STATE_1894,STATE_1894,,,,False,1.000,6
1895,STATE_1895,STATE_1895,,,,False,1.000,4
1896,STATE_1896,STATE_1896,,,,False,1.000,3
1897,STATE_1897,STATE_1897,,,,False,1.000,1
1898,STATE_1898,STATE_1898,,,,False,1.000,2
1899,Minas Gerais,STATE_1899,,,,False,1.000,3
19,STATE_19,STATE_19,19,STATE_19,Aquitaine,False,1.000,6
190,STATE_190,STATE_190,190,STATE_190,Kurzeme,False,1.000,9
1900,STATE_1900,STATE_1900,,,,False,1.000,2
1901,STATE_1901,STATE_1901,,,,False,1.000,2
1902,STATE_1902,STATE_1902,,,,False,1.000,4
1903,STATE_1903,STATE_1903,,,,False,1.000,2
1904,STATE_1904,STATE_1904,,,,False,1.000,1
1905,STATE_1905,STATE_1905,,,,False,1.000,1
1906,STATE_1906,STATE_1906,,,,False,1.000,3
1907,STATE_1907,STATE_1907,,,,False,1.000,7
1908,STATE_1908,STATE_1908,,,,False,1.000,1
1909,STATE_1909,STATE_1909,,,,False,1.000,1
191,STATE_191,STATE_191,191,STATE_191,Tartu,False,1.000,10
1910,STATE_1910,STATE_1910,,,,False,1.000,3
1911,STATE_1911,STATE_1911,,,,False,1.000,6
1912,STATE_1912,STATE_1912,,,,False,1.000,6
1913,STATE_1913,STATE_1913,,,,False,1.000,13
1914,STATE_1914,STATE_1914,,,,False,1.000,6
1915,STATE_1915,STATE_1915,,,,False,1.000,13
1916,STATE_1916,STATE_1916,,,,False,1.000,2
1917,STATE_1917,STATE_1917,,,,False,1.000,1
1918,STATE_1918,STATE_1918,,,,False,1.000,6
1919,STATE_1919,STATE_1919,,,,False,1.000,8
192,STATE_192,STATE_192,192,STATE_192,Odessa,False,1.000,9
1920,STATE_1920,STATE_1920,,,,False,1.000,2
1921,STATE_1921,STATE_1921,,,,False,1.000,1
1922,STATE_1922,STATE_1922,,,,False,1.000,1
1923,STATE_1923,STATE_1923,,,,False,1.000,4
1924,STATE_1924,STATE_1924,,,,False,1.000,1
1925,STATE_1925,STATE_1925,,,,False,1.000,2
1926,STATE_1926,STATE_1926,,,,False,1.000,1
1927,STATE_1927,STATE_1927,,,,False,1.000,2
1928,STATE_1928,STATE_1928,,,,False,1.000,12
1929,STATE_1929,STATE_1929,,,,False,1.000,15
193,STATE_193,STATE_193,193,Chernihiv,Chernigov,False,1.000,5
1930,STATE_1930,STATE_1930,,,,False,1.000,3
1931,STATE_1931,STATE_1931,,,,False,1.000,15
1932,STATE_1932,STATE_1932,,,,False,1.000,1
1933,STATE_1933,STATE_1933,,,,False,1.000,1
1934,STATE_1934,STATE_1934,,,,False,1.000,1
1935,STATE_1935,STATE_1935,,,,False,1.000,3
1936,STATE_1936,STATE_1936,,,,False,1.000,2
1937,STATE_1937,STATE_1937,,,,False,1.000,2
1938,STATE_1938,STATE_1938,,,,False,1.000,5
1939,STATE_1939,STATE_1939,,,,False,1.000,2
194,Mozyr,STATE_194,194,Mozyr,Mozyr,False,1.000,7
1940,STATE_1940,STATE_1940,,,,False,1.000,2
1941,STATE_1941,STATE_1941,,,,False,1.000,1
1942,STATE_1942,STATE_1942,,,,False,1.000,2
1943,STATE_1943,STATE_1943,,,,False,1.000,4
1944,STATE_1944,STATE_1944,,,,False,1.000,1
1945,STATE_1945,STATE_1945,,,,False,1.000,1
1946,Mysore,STATE_1946,,,,False,1.000,8
1947,Madras,STATE_1947,,,,False,1.000,3
1948,Mysore,STATE_1948,,,,False,1.000,2
1949,Mysore,STATE_1949,,,,False,1.000,4
195,STATE_195,STATE_195,195,STATE_195,Leningrad,False,1.000,2
1950,STATE_1950,STATE_1950,,,,False,1.000,15
1951,STATE_1951,STATE_1951,,,,False,1.000,2
1952,STATE_1952,STATE_1952,,,,False,1.000,1
1953,STATE_1953,STATE_1953,,,,False,1.000,1
1954,STATE_1954,STATE_1954,,,,False,1.000,2
1955,STATE_1955,STATE_1955,,,,False,1.000,1
1956,STATE_1956,STATE_1956,,,,False,1.000,1
1957,STATE_1957,STATE_1957,,,,False,1.000,1
1958,STATE_1958,STATE_1958,,,,False,1.000,1
1959,STATE_1959,STATE_1959,,,,False,1.000,2
196,STATE_196,STATE_196,196,STATE_196,Kherson,False,1.000,7
1960,STATE_1960,STATE_1960,,,,False,1.000,1
1961,STATE_1961,STATE_1961,,,,False,1.000,1
1962,STATE_1962,STATE_1962,,,,False,1.000,4
1963,STATE_1963,STATE_1963,,,,False,1.000,1
1964,STATE_1964,STATE_1964,,,,False,1.000,1
1965,STATE_1965,STATE_1965,,,,False,1.000,2
1966,STATE_1966,STATE_1966,,,,False,1.000,1
1967,STATE_1967,STATE_1967,,,,False,1.000,1
1968,STATE_1968,STATE_1968,,,,False,1.000,1
1969,STATE_1969,STATE_1969,,,,False,1.000,1
197,STATE_197,STATE_197,197,STATE_197,Mykolaiv,False,1.000,9
1970,STATE_1970,STATE_1970,,,,False,1.000,1
1971,STATE_1971,STATE_1971,,,,False,1.000,1
1972,STATE_1972,STATE_1972,,,,False,1.000,2
1973,STATE_1973,STATE_1973,,,,False,1.000,1
1974,STATE_1974,STATE_1974,,,,False,1.000,2
1975,STATE_1975,STATE_1975,,,,False,1.000,1
1976,STATE_1976,STATE_1976,,,,False,1.000,1
1977,STATE_1977,STATE_1977,,,,False,1.000,1
1978,STATE_1978,STATE_1978,,,,False,1.000,21
1979,STATE_1979,STATE_1979,,,,False,1.000,3
198,STATE_198,STATE_198,198,STATE_198,Vinnytsia,False,1.000,2
1980,STATE_1980,STATE_1980,,,,False,1.000,1
1981,STATE_1981,STATE_1981,,,,False,1.000,1
1982,STATE_1982,STATE_1982,,,,False,1.000,1
1983,STATE_1983,STATE_1983,,,,False,1.000,1
1984,STATE_1984,STATE_1984,,,,False,1.000,1
1985,STATE_1985,STATE_1985,,,,False,1.000,3
1986,STATE_1986,STATE_1986,,,,False,1.000,1
1987,STATE_1987,STATE_1987,,,,False,1.000,2
1988,STATE_1988,STATE_1988,,,,False,1.000,1
1989,STATE_1989,STATE_1989,,,,False,1.000,1
199,STATE_199,STATE_199,199,STATE_199,Proskuriv,False,1.000,1
1990,STATE_1990,STATE_1990,,,,False,1.000,1
1991,STATE_1991,STATE_1991,,,,False,1.000,1
1992,STATE_1992,STATE_1992,,,,False,1.000,1
1993,STATE_1993,STATE_1993,,,,False,1.000,2
1994,STATE_1994,STATE_1994,,,,False,1.000,1
1995,STATE_1995,STATE_1995,,,,False,1.000,3
1996,STATE_1996,STATE_1996,,,,False,1.000,2
1997,STATE_1997,STATE_1997,,,,False,1.000,1
1998,STATE_1998,STATE_1998,,,,False,1.000,2
1999,STATE_1999,STATE_1999,,,,False,1.000,3
2,STATE_2,STATE_2,2,Latium,Lazio,False,1.000,2
20,STATE_20,STATE_20,20,Rhone,Rhone,False,1.000,6
200,Zaporozhe,STATE_200,200,Zaporozhe,Zaporozhe,False,1.000,9
2000,STATE_2000,STATE_2000,,,,False,1.000,1
2001,STATE_2001,STATE_2001,,,,False,1.000,2
2002,STATE_2002,STATE_2002,,,,False,1.000,1
2003,STATE_2003,STATE_2003,,,,False,1.000,2
2004,STATE_2004,STATE_2004,,,,False,1.000,1
2005,STATE_2005,STATE_2005,,,,False,1.000,1
2006,STATE_2006,STATE_2006,,,,False,1.000,2
2007,STATE_2007,STATE_2007,,,,False,1.000,1
2008,STATE_2008,STATE_2008,,,,False,1.000,1
2009,STATE_2009,STATE_2009,,,,False,1.000,3
201,STATE_201,STATE_201,201,STATE_201,Zhytomyr,False,1.000,12
2010,STATE_2010,STATE_2010,,,,False,1.000,1
2011,STATE_2011,STATE_2011,,,,False,1.000,1
2012,STATE_2012,STATE_2012,,,,False,1.000,1
2013,STATE_2013,STATE_2013,,,,False,1.000,2
2014,STATE_2014,STATE_2014,,,,False,1.000,1
2015,STATE_2015,STATE_2015,,,,False,1.000,1
2016,STATE_2016,STATE_2016,,,,False,1.000,1
2017,STATE_2017,STATE_2017,,,,False,1.000,3
2018,STATE_2018,STATE_2018,,,,False,1.000,3
2019,STATE_2019,STATE_2019,,,,False,1.000,1
202,STATE_202,STATE_202,202,STATE_202,Kiev,False,1.000,2
2020,STATE_2020,STATE_2020,,,,False,1.000,1
2021,STATE_2021,STATE_2021,,,,False,1.000,1
2022,STATE_2022,STATE_2022,,,,False,1.000,4
2023,STATE_2023,STATE_2023,,,,False,1.000,10
2024,STATE_2024,STATE_2024,,,,False,1.000,1
2025,STATE_2025,STATE_2025,,,,False,1.000,2
2026,STATE_2026,STATE_2026,,,,False,1.000,2
2027,STATE_2027,STATE_2027,,,,False,1.000,2
2028,STATE_2028,STATE_2028,,,,False,1.000,1
2029,STATE_2029,STATE_2029,,,,False,1.000,2
203,STATE_203,STATE_203,203,STATE_203,Cherkasy,False,1.000,10
2030,STATE_2030,STATE_2030,,,,False,1.000,1
2031,STATE_2031,STATE_2031,,,,False,1.000,1
2032,STATE_2032,STATE_2032,,,,False,1.000,1
2033,STATE_2033,STATE_2033,,,,False,1.000,1
2034,STATE_2034,STATE_2034,,,,False,1.000,1
2035,STATE_2035,STATE_2035,,,,False,1.000,1
2036,STATE_2036,STATE_2036,,,,False,1.000,1
2037,STATE_2037,STATE_2037,,,,False,1.000,1
2038,STATE_2038,STATE_2038,,,,False,1.000,3
2039,STATE_2039,STATE_2039,,,,False,1.000,1
204,STATE_204,STATE_204,204,Bobruysk,Bobruysk,False,1.000,8
2040,STATE_2040,STATE_2040,,,,False,1.000,1
2041,STATE_2041,STATE_2041,,,,False,1.000,1
2042,STATE_2042,STATE_2042,,,,False,1.000,1
2043,STATE_2043,STATE_2043,,,,False,1.000,2
2044,STATE_2044,STATE_2044,,,,False,1.000,1
205,Kaluga,STATE_205,205,Kaluga,Kaluga,False,1.000,16
206,STATE_206,STATE_206,206,STATE_206,Minsk,False,1.000,5
207,STATE_207,STATE_207,207,STATE_207,Vitebsk,False,1.000,5
208,STATE_208,STATE_208,208,Luga,Luga,False,1.000,9
209,STATE_209,STATE_209,209,Pskov,Pskov,False,1.000,14
21,STATE_21,STATE_21,21,Bouches-du-Rhône (Formerly Provence before Var split off),Bouches-du-Rhône,False,1.000,2
210,Nevel,STATE_210,210,Nevel,Nevel,False,1.000,7
211,STATE_211,STATE_211,211,STATE_211,Burgas,False,1.000,4
212,STATE_212,STATE_212,212,STATE_212,Plovdiv,False,1.000,6
213,STATE_213,STATE_213,213,STATE_213,Murmansk,False,1.000,20
214,STATE_214,STATE_214,214,STATE_214,Arkhangelsk,False,1.000,13
215,STATE_215,STATE_215,215,STATE_215,Onega,False,1.000,11
216,STATE_216,STATE_216,216,STATE_216,Olonets,False,1.000,20
217,STATE_217,STATE_217,217,STATE_217,Stalingrad,False,1.000,5
218,STATE_218,STATE_218,218,STATE_218,Rostov,False,1.000,9
219,STATE_219,STATE_219,219,STATE_219,Moscow,False,1.000,26
22,Languedoc,STATE_22,22,Languedoc,Languedoc,False,1.000,4
220,STATE_220,STATE_220,220,STATE_220,Kursk,False,1.000,14
221,STATE_221,STATE_221,221,STATE_221,Kharkov,False,1.000,12
222,STATE_222,STATE_222,222,STATE_222,Orel,False,1.000,13
223,STATE_223,STATE_223,223,STATE_223,Tula,False,1.000,14
224,STATE_224,STATE_224,224,STATE_224,Bryansk,False,1.000,10
225,STATE_225,STATE_225,225,Sumy,Sumy,False,1.000,12
226,STATE_226,STATE_226,226,Dnipropertovsk,Dnipropetrovsk,False,1.000,7
227,STATE_227,STATE_227,227,STATE_227,Stalino,False,1.000,8
228,Voroshilovgrad,STATE_228,228,Voroshilovgrad,Voroshilovgrad,False,1.000,9
229,STATE_229,STATE_229,229,STATE_229,Azerbaijan,False,1.000,7
23,STATE_23,STATE_23,23,STATE_23,Poitou,False,1.000,8
230,STATE_230,STATE_230,230,STATE_230,Armenia,False,1.000,3
231,STATE_231,STATE_231,231,STATE_231,Georgia,False,1.000,3
232,STATE_232,STATE_232,232,Dagestan,Dagestan,False,1.000,5
233,STATE_233,STATE_233,233,STATE_233,Sochi,False,1.000,4
234,STATE_234,STATE_234,234,STATE_234,Krasnodar,False,1.000,15
235,STATE_235,STATE_235,235,STATE_235,Stavropol,False,1.000,23
236,STATE_236,STATE_236,236,STATE_236,Astrakhan,False,1.000,11
237,STATE_237,STATE_237,237,STATE_237,Kalmykia,False,1.000,22
238,STATE_238,STATE_238,238,STATE_238,Volgodonsk,False,1.000,20
239,STATE_239,STATE_239,239,STATE_239,Saratov,False,1.000,22
24,STATE_24,STATE_24,24,STATE_24,Centre,False,1.000,5
240,Belgorod,STATE_240,240,Belgorod,Belgorod,False,1.000,12
1774,Gomel,STATE_241,241,Gomel,Gomel,True,0.500,1
241,Gomel,STATE_241,241,Gomel,Gomel,True,0.500,1
242,STATE_242,STATE_242,242,STATE_242,Smolensk,False,1.000,14
243,STATE_243,STATE_243,243,STATE_243,Roslavl,False,1.000,8
244,STATE_244,STATE_244,244,Volkhov,Volkhov,False,1.000,7
245,STATE_245,STATE_245,245,Millerovo,Millerovo,False,1.000,12
246,STATE_246,STATE_246,246,STATE_246,Rzhev,False,1.000,20
247,STATE_247,STATE_247,247,STATE_247,Kalinin,False,1.000,17
248,STATE_248,STATE_248,248,STATE_248,Yaroslavl,False,1.000,23
249,STATE_249,STATE_249,249,STATE_249,Kazan,False,1.000,25
25,STATE_25,STATE_25,25,STATE_25,Limousin,False,1.000,15
250,STATE_250,STATE_250,250,STATE_250,Ulyanovsky,False,1.000,13
251,STATE_251,STATE_251,251,STATE_251,Kuybyshev,False,1.000,18
252,STATE_252,STATE_252,252,STATE_252,Gorky,False,1.000,41
253,STATE_253,STATE_253,253,STATE_253,Ivanovo,False,1.000,31
254,STATE_254,STATE_254,254,STATE_254,Ryazan,False,1.000,24
255,STATE_255,STATE_255,255,STATE_255,Penza,False,1.000,40
256,STATE_256,STATE_256,256,STATE_256,Chuvashia,False,1.000,25
257,Tambov,STATE_257,257,Tambov,Tambov,False,1.000,19
258,STATE_258,STATE_258,258,STATE_258,Lipetsk,False,1.000,12
259,STATE_259,STATE_259,259,Poltava,Poltava,False,1.000,12
26,STATE_26,STATE_26,26,Auveregne,Auvergne,False,1.000,10
260,Voronezh,STATE_260,260,Voronezh,Voronezh,False,1.000,20
261,STATE_261,STATE_261,261,STATE_261,Ohio,False,1.000,21
262,STATE_262,STATE_262,262,Pechora,Pechora,False,1.000,9
263,STATE_263,STATE_263,263,STATE_263,Novgorod,False,1.000,12
264,STATE_264,STATE_264,264,STATE_264,Tikhvin,False,1.000,27
265,STATE_265,STATE_265,265,STATE_265,Mikhaylovka,False,1.000,21
266,Tehran,STATE_266,266,Tehran,Tehran,False,1.000,1
267,STATE_267,STATE_267,267,Kabul,Kabul,False,1.000,5
268,STATE_268,STATE_268,268,STATE_268,French Somaliland,False,1.000,2
269,STATE_269,STATE_269,269,STATE_269,British Somaliland,False,1.000,8
27,STATE_27,STATE_27,27,Bourgogne,Bourgogne,False,1.000,2
270,STATE_270,STATE_270,270,STATE_270,Pitcairn Island,False,1.000,1
271,STATE_271,STATE_271,271,STATE_271,Shewa,False,1.000,13
272,STATE_272,STATE_272,272,STATE_272,Senegal,False,1.000,5
273,STATE_273,STATE_273,273,Libyan Desert,Libyan Desert,False,1.000,3
274,STATE_274,STATE_274,274,STATE_274,Ghana,False,1.000,5
275,STATE_275,STATE_275,275,Transvaal,Transvaal,False,1.000,4
276,STATE_276,STATE_276,276,Southern Ontario,Southern Ontario,False,1.000,22
277,STATE_277,STATE_277,277,STATE_277,Mexico City,False,1.000,3
278,Pampas,STATE_278,278,Pampas,Buenos Aires,False,1.000,2
279,Santiago,STATE_279,279,Santiago,Santiago,False,1.000,6
28,STATE_28,STATE_28,28,Alsace-Lorraine,Alsace-Lorraine,False,1.000,4
280,STATE_280,STATE_280,280,STATE_280,Mato Grosso,False,1.000,6
281,STATE_281,STATE_281,281,STATE_281,Maldives,False,1.000,1
282,STATE_282,STATE_282,282,Kanto,Kanto,False,1.000,5
283,STATE_283,STATE_283,283,STATE_283,Gansu,False,1.000,2
284,North Island,STATE_284,284,North Island,Wellington,False,1.000,24
285,STATE_285,STATE_285,285,STATE_285,New South Wales,False,1.000,37
286,STATE_286,STATE_286,286,STATE_286,South Annam,False,1.000,8
287,STATE_287,STATE_287,287,STATE_287,Taklamakan,False,1.000,6
288,STATE_288,STATE_288,288,STATE_288,Magwe,False,1.000,40
289,STATE_289,STATE_289,289,STATE_289,Western Siam,False,1.000,20
29,STATE_29,STATE_29,29,STATE_29,Nord-Pas-de-Calais,False,1.000,3
290,STATE_290,STATE_290,290,STATE_290,Spanish Africa,False,1.000,4
291,STATE_291,STATE_291,291,STATE_291,Baghdad,False,1.000,5
292,STATE_292,STATE_292,292,STATE_292,Nejd,False,1.000,19
293,STATE_293,STATE_293,293,STATE_293,North Yemen,False,1.000,3
294,STATE_294,STATE_294,294,STATE_294,Muscat,False,1.000,6
295,STATE_295,STATE_295,295,STATE_295,Léopoldville,False,1.000,13
296,Guinea-Bissau,STATE_296,296,Guinea-Bissau,Portuguese Guinea,False,1.000,2
297,Malabo,STATE_297,297,Equatorial Guinea,Equatorial Guinea,False,1.000,1
298,STATE_298,STATE_298,298,STATE_298,Liberia,False,1.000,2
299,STATE_299,STATE_299,299,STATE_299,Falkland Islands,False,1.000,2
3,STATE_3,STATE_3,3,STATE_3,Swiss Plateau,False,1.000,5
30,STATE_30,STATE_30,30,STATE_30,Loire,False,1.000,3
300,STATE_300,STATE_300,300,STATE_300,Montevideo,False,1.000,13
301,STATE_301,STATE_301,301,STATE_301,Paraguay,False,1.000,4
302,STATE_302,STATE_302,302,STATE_302,La Paz,False,1.000,10
303,Lima,STATE_303,303,Lima,Lima,False,1.000,6
304,STATE_304,STATE_304,304,STATE_304,Panamá,False,1.000,2
305,STATE_305,STATE_305,305,STATE_305,Ecuador,False,1.000,6
306,Cundinamarca,STATE_306,306,Cundinamarca,Cundinamarca,False,1.000,7
307,Miranda,STATE_307,307,Miranda,Miranda,False,1.000,9
308,STATE_308,STATE_308,308,STATE_308,Leeward Islands,False,1.000,2
309,STATE_309,STATE_309,309,STATE_309,Suriname,False,1.000,3
31,STATE_31,STATE_31,31,STATE_31,Midi Pyrenees,False,1.000,11
310,STATE_310,STATE_310,310,STATE_310,French Guiana,False,1.000,2
311,STATE_311,STATE_311,311,STATE_311,British Honduras,False,1.000,1
312,STATE_312,STATE_312,312,STATE_312,Honduras,False,1.000,2
313,STATE_313,STATE_313,313,STATE_313,Guatemala,False,1.000,1
314,STATE_314,STATE_314,314,STATE_314,El Salvador,False,1.000,1
315,STATE_315,STATE_315,315,STATE_315,Cuba,False,1.000,10
316,STATE_316,STATE_316,316,STATE_316,Costa Rica,False,1.000,3
317,STATE_317,STATE_317,317,STATE_317,Nicaragua,False,1.000,1
318,STATE_318,STATE_318,318,STATE_318,Haiti,False,1.000,3
319,STATE_319,STATE_319,319,STATE_319,Dominican Republic,False,1.000,4
32,STATE_32,STATE_32,32,STATE_32,Alpes,False,1.000,4
320,STATE_320,STATE_320,320,STATE_320,French India,False,1.000,1
321,STATE_321,STATE_321,321,STATE_321,Goa,False,1.000,1
322,STATE_322,STATE_322,322,STATE_322,Nagqu,False,1.000,4
323,STATE_323,STATE_323,323,STATE_323,Nepal,False,1.000,7
324,STATE_324,STATE_324,324,STATE_324,Bhutan,False,1.000,2
325,STATE_325,STATE_325,325,STATE_325,Yunnan,False,1.000,4
326,STATE_326,STATE_326,326,STATE_326,Hong Kong,False,1.000,1
327,Luzon,STATE_327,327,Manila,Manila,False,1.000,9
328,STATE_328,STATE_328,328,Kirin,Kirin,False,1.000,9
329,STATE_329,STATE_329,329,STATE_329,Tannu Tuva,False,1.000,13
33,STATE_33,STATE_33,33,STATE_33,Centre-Sud,False,1.000,9
330,STATE_330,STATE_330,330,STATE_330,Ulaanbaatar,False,1.000,8
331,STATE_331,STATE_331,331,STATE_331,Newfoundland,False,1.000,5
332,STATE_332,STATE_332,332,STATE_332,Labrador,False,1.000,4
333,STATE_333,STATE_333,333,STATE_333,Sarawak,False,1.000,11
334,STATE_334,STATE_334,334,STATE_334,Kalimantan Barat,False,1.000,16
335,STATE_335,STATE_335,335,Java,West Java,False,1.000,9
336,STATE_336,STATE_336,336,STATE_336,Kuala Lumpur,False,1.000,17
337,STATE_337,STATE_337,337,STATE_337,Faroe Islands,False,1.000,1
338,STATE_338,STATE_338,338,STATE_338,Gloucestershire,False,1.000,4
339,STATE_339,STATE_339,339,STATE_339,Izmir,False,1.000,8
34,STATE_34,STATE_34,34,STATE_34,Wallonia,False,1.000,2
340,STATE_340,STATE_340,340,STATE_340,Bursa,False,1.000,4
341,STATE_341,STATE_341,341,STATE_341,Edirne,False,1.000,1
342,STATE_342,STATE_342,342,Antalya,Antalya,False,1.000,4
343,STATE_343,STATE_343,343,Afyon,Afyon,False,1.000,4
344,STATE_344,STATE_344,344,STATE_344,Malatya,False,1.000,6
345,STATE_345,STATE_345,345,STATE_345,Mersin,False,1.000,3
346,STATE_346,STATE_346,346,STATE_346,Konya,False,1.000,7
347,STATE_347,STATE_347,347,STATE_347,Izmit,False,1.000,7
348,STATE_348,STATE_348,348,Kayseri,Kayseri,False,1.000,2
349,STATE_349,STATE_349,349,STATE_349,Sivas,False,1.000,7
35,STATE_35,STATE_35,35,STATE_35,Brabant,False,1.000,2
350,STATE_350,STATE_350,350,STATE_350,Diyarbakır,False,1.000,4
351,STATE_351,STATE_351,351,Vologda,Vologda,False,1.000,58
352,STATE_352,STATE_352,352,STATE_352,Hakkari,False,1.000,2
353,STATE_353,STATE_353,353,STATE_353,Tunceli,False,1.000,6
354,STATE_354,STATE_354,354,STATE_354,Trabzon,False,1.000,4
355,STATE_355,STATE_355,355,STATE_355,Samsun,False,1.000,3
356,STATE_356,STATE_356,356,Kastamonu,Kastamonu,False,1.000,7
357,STATE_357,STATE_357,357,STATE_357,New England,False,1.000,7
358,STATE_358,STATE_358,358,STATE_358,New York,False,1.000,17
359,STATE_359,STATE_359,359,STATE_359,New Jersey,False,1.000,3
36,STATE_36,STATE_36,36,STATE_36,Friesland,False,1.000,1
360,STATE_360,STATE_360,360,STATE_360,Pennsylvania,False,1.000,21
361,STATE_361,STATE_361,361,STATE_361,Maryland,False,1.000,1
362,STATE_362,STATE_362,362,STATE_362,Virginia,False,1.000,17
363,STATE_363,STATE_363,363,STATE_363,North Carolina,False,1.000,20
364,STATE_364,STATE_364,364,STATE_364,South Carolina,False,1.000,12
365,STATE_365,STATE_365,365,STATE_365,Georgia,False,1.000,19
366,STATE_366,STATE_366,366,STATE_366,Florida,False,1.000,16
367,STATE_367,STATE_367,367,STATE_367,Alabama,False,1.000,5
368,STATE_368,STATE_368,368,STATE_368,Tennessee,False,1.000,15
369,STATE_369,STATE_369,369,STATE_369,Kentucky,False,1.000,14
37,STATE_37,STATE_37,37,STATE_37,Sjaelland,False,1.000,4
370,STATE_370,STATE_370,370,STATE_370,Mississippi,False,1.000,9
371,STATE_371,STATE_371,371,STATE_371,Louisiana,False,1.000,4
372,STATE_372,STATE_372,372,STATE_372,Arkansas,False,1.000,14
373,STATE_373,STATE_373,373,STATE_373,Missouri,False,1.000,18
374,STATE_374,STATE_374,374,STATE_374,Oklahoma,False,1.000,15
375,STATE_375,STATE_375,375,STATE_375,Texas,False,1.000,12
376,STATE_376,STATE_376,376,STATE_376,New Mexico,False,1.000,5
377,STATE_377,STATE_377,377,STATE_377,Arizona,False,1.000,7
378,STATE_378,STATE_378,378,STATE_378,California,False,1.000,5
379,STATE_379,STATE_379,379,STATE_379,Nevada,False,1.000,9
38,STATE_38,STATE_38,38,Gävleborg,Gävleborg,False,1.000,39
380,STATE_380,STATE_380,380,STATE_380,Utah,False,1.000,12
381,STATE_381,STATE_381,381,STATE_381,Wyoming,False,1.000,6
382,STATE_382,STATE_382,382,STATE_382,Colorado,False,1.000,5
383,STATE_383,STATE_383,383,STATE_383,Kansas,False,1.000,14
384,STATE_384,STATE_384,384,STATE_384,Nebraska,False,1.000,8
385,STATE_385,STATE_385,385,STATE_385,Oregon,False,1.000,8
386,STATE_386,STATE_386,386,Washington State,Washington,False,1.000,22
387,STATE_387,STATE_387,387,STATE_387,Idaho,False,1.000,10
388,STATE_388,STATE_388,388,STATE_388,Montana,False,1.000,17
389,STATE_389,STATE_389,389,STATE_389,North Dakota,False,1.000,5
39,STATE_39,STATE_39,39,(South Tyrol) Alto Adige,South Tyrol,False,1.000,3
390,STATE_390,STATE_390,390,STATE_390,South Dakota,False,1.000,6
391,STATE_391,STATE_391,391,STATE_391,Minnesota,False,1.000,11
392,STATE_392,STATE_392,392,STATE_392,Iowa,False,1.000,16
393,STATE_393,STATE_393,393,STATE_393,Michigan,False,1.000,19
394,STATE_394,STATE_394,394,STATE_394,Wisconsin,False,1.000,18
395,STATE_395,STATE_395,395,STATE_395,Illinois,False,1.000,24
396,STATE_396,STATE_396,396,STATE_396,Indiana,False,1.000,17
397,STATE_397,STATE_397,397,STATE_397,Syktyvkar,False,1.000,28
398,STATE_398,STATE_398,398,STATE_398,Perm,False,1.000,29
399,STATE_399,STATE_399,399,STATE_399,Udmurtia,False,1.000,40
4,STATE_4,STATE_4,4,STATE_4,Lower Austria,False,1.000,5
40,Barnaul,STATE_40,40,Barnaul,Altai Krai,False,1.000,12
400,STATE_400,STATE_400,400,STATE_400,Kirov,False,1.000,40
401,STATE_401,STATE_401,401,Balakovo,Balakovo,False,1.000,24
402,STATE_402,STATE_402,402,STATE_402,Akhtubinsk,False,1.000,25
403,Tyumen,STATE_403,403,Tyumen,Tyumen,False,1.000,19
404,STATE_404,STATE_404,404,Kyzyl Orda,Kyzyl Orda,False,1.000,31
405,STATE_405,STATE_405,405,Tashkent,Tashkent,False,1.000,2
406,STATE_406,STATE_406,406,Gurev,Guryev,False,1.000,9
407,STATE_407,STATE_407,407,STATE_407,Ural'sk,False,1.000,25
408,STATE_408,STATE_408,408,STATE_408,Vladivostok,False,1.000,1
409,STATE_409,STATE_409,409,STATE_409,Khabarovsk,False,1.000,24
41,STATE_41,STATE_41,41,STATE_41,Madrid,False,1.000,6
410,STATE_410,STATE_410,410,STATE_410,Sistan,False,1.000,5
411,STATE_411,STATE_411,411,Isfahan,Isfahan,False,1.000,8
412,STATE_412,STATE_412,412,STATE_412,Fars,False,1.000,12
413,STATE_413,STATE_413,413,STATE_413,Khuzestan,False,1.000,2
414,STATE_414,STATE_414,414,STATE_414,Kerman,False,1.000,10
415,STATE_415,STATE_415,415,Herat,Herat,False,1.000,8
416,STATE_416,STATE_416,416,STATE_416,Khorasan,False,1.000,5
417,STATE_417,STATE_417,417,Hamadan,Hamadan,False,1.000,3
418,STATE_418,STATE_418,418,STATE_418,Semnan,False,1.000,6
419,STATE_419,STATE_419,419,STATE_419,West Azerbaijan,False,1.000,6
42,STATE_42,STATE_42,42,STATE_42,Moselland,False,1.000,3
420,STATE_420,STATE_420,420,STATE_420,Gilan,False,1.000,5
421,STATE_421,STATE_421,421,STATE_421,Ilam,False,1.000,4
422,STATE_422,STATE_422,422,STATE_422,Ceylon,False,1.000,5
423,Madurai,STATE_423,423,STATE_423,Southern Madras,False,1.000,23
424,Madras,STATE_424,424,Madras,Northern Madras,False,1.000,18
425,Mysore,STATE_425,425,Mysore,Mysore,False,1.000,5
426,Orissa,STATE_426,426,Orissa,Orissa,False,1.000,20
427,STATE_427,STATE_427,427,STATE_427,Hyderabad,False,1.000,17
428,STATE_428,STATE_428,428,STATE_428,Gujarat,False,1.000,17
429,STATE_429,STATE_429,429,Bombay,Bombay,False,1.000,18
43,Northern Hungary,STATE_43,43,Northern Hungary,Northern Hungary,False,1.000,4
430,STATE_430,STATE_430,430,STATE_430,East Bengal,False,1.000,9
431,STATE_431,STATE_431,431,STATE_431,West Bengal,False,1.000,10
432,STATE_432,STATE_432,432,STATE_432,Assam,False,1.000,14
433,STATE_433,STATE_433,433,STATE_433,Rajahsthan,False,1.000,18
434,STATE_434,STATE_434,434,STATE_434,Arunachal Pradesh,False,1.000,4
435,STATE_435,STATE_435,435,STATE_435,Bihar,False,1.000,15
436,Jabalpur,STATE_436,436,"Central provinces, was Jabalpur",Central Provinces,False,1.000,21
437,Indore,STATE_437,437,STATE_437,Central India,False,1.000,13
438,STATE_438,STATE_438,438,STATE_438,United Provinces,False,1.000,24
439,STATE_439,STATE_439,439,STATE_439,Delhi,False,1.000,4
44,STATE_44,STATE_44,44,STATE_44,Central Albania,False,1.000,5
440,STATE_440,STATE_440,440,STATE_440,West Punjab,False,1.000,13
441,STATE_441,STATE_441,441,STATE_441,Kashmir,False,1.000,7
442,STATE_442,STATE_442,442,STATE_442,Peshawar,False,1.000,8
443,STATE_443,STATE_443,443,Sind,Sind,False,1.000,7
444,STATE_444,STATE_444,444,STATE_444,South Baluchistan,False,1.000,4
445,STATE_445,STATE_445,445,STATE_445,Sibi,False,1.000,5
446,STATE_446,STATE_446,446,Suez,Suez,False,1.000,7
447,STATE_447,STATE_447,447,STATE_447,Alexandria,False,1.000,5
448,STATE_448,STATE_448,448,STATE_448,Tripoli,False,1.000,8
449,STATE_449,STATE_449,449,El Agheila,El Agheila,False,1.000,5
45,STATE_45,STATE_45,45,STATE_45,Vojvodina,False,1.000,2
450,STATE_450,STATE_450,450,STATE_450,Benghasi,False,1.000,6
451,STATE_451,STATE_451,451,STATE_451,Derna,False,1.000,8
452,STATE_452,STATE_452,452,STATE_452,Matrouh,False,1.000,8
453,STATE_453,STATE_453,453,STATE_453,Sinai,False,1.000,2
454,STATE_454,STATE_454,454,Palestine,Palestine,False,1.000,3
455,STATE_455,STATE_455,455,STATE_455,Jordan,False,1.000,8
456,STATE_456,STATE_456,456,Aswan,Aswan,False,1.000,9
457,Arabian Desert,STATE_457,457,Arabian Desert,Eastern Desert,False,1.000,4
458,STATE_458,STATE_458,458,STATE_458,Tunisia,False,1.000,9
459,STATE_459,STATE_459,459,Algiers,Algiers,False,1.000,9
46,STATE_46,STATE_46,46,Muntenia,Muntenia,False,1.000,9
460,STATE_460,STATE_460,460,Constantine,Constantine,False,1.000,14
461,STATE_461,STATE_461,461,STATE_461,Casablanca,False,1.000,17
462,STATE_462,STATE_462,462,STATE_462,Marrakech,False,1.000,14
463,STATE_463,STATE_463,463,STATE_463,Alaska,False,1.000,9
464,STATE_464,STATE_464,464,STATE_464,Nova Scotia,False,1.000,8
465,STATE_465,STATE_465,465,STATE_465,New Brunswick,False,1.000,8
466,STATE_466,STATE_466,466,STATE_466,Nord du Quebec,False,1.000,19
467,STATE_467,STATE_467,467,STATE_467,Manitoba,False,1.000,14
468,STATE_468,STATE_468,468,Saint Lawrence,Saint Lawrence,False,1.000,4
469,STATE_469,STATE_469,469,STATE_469,Saskatchewan,False,1.000,17
47,STATE_47,STATE_47,47,Thessaly,Attica,False,1.000,1
470,STATE_470,STATE_470,470,STATE_470,Alberta,False,1.000,18
471,STATE_471,STATE_471,471,STATE_471,Prince Rupert,False,1.000,3
472,STATE_472,STATE_472,472,STATE_472,N.W Territories,False,1.000,12
473,STATE_473,STATE_473,473,STATE_473,British Columbia,False,1.000,22
474,STATE_474,STATE_474,474,STATE_474,Yucatan,False,1.000,3
475,STATE_475,STATE_475,475,STATE_475,Chiapas,False,1.000,2
476,STATE_476,STATE_476,476,STATE_476,Oaxaca,False,1.000,2
477,STATE_477,STATE_477,477,STATE_477,Veracruz,False,1.000,4
478,Jalisco,STATE_478,478,Jalisco,Jalisco,False,1.000,5
479,STATE_479,STATE_479,479,STATE_479,Tamaulipas,False,1.000,5
48,STATE_48,STATE_48,48,STATE_48,Sofia,False,1.000,5
480,STATE_480,STATE_480,480,STATE_480,Coahuila,False,1.000,8
481,Durango,STATE_481,481,Durango,Durango,False,1.000,5
482,STATE_482,STATE_482,482,STATE_482,Chihuahua,False,1.000,11
483,STATE_483,STATE_483,483,STATE_483,Sonora,False,1.000,10
484,STATE_484,STATE_484,484,STATE_484,Baja California,False,1.000,9
485,STATE_485,STATE_485,485,STATE_485,Guerrero,False,1.000,4
486,STATE_486,STATE_486,486,STATE_486,Meta,False,1.000,7
487,STATE_487,STATE_487,487,STATE_487,Santa Cruz,False,1.000,8
488,STATE_488,STATE_488,488,STATE_488,Bolivar,False,1.000,5
489,Zulia,STATE_489,489,Zulia,Zulia,False,1.000,5
49,STATE_49,STATE_49,49,Ankara,Ankara,False,1.000,5
490,STATE_490,STATE_490,490,STATE_490,Pastaza,False,1.000,2
491,STATE_491,STATE_491,491,STATE_491,Loreto,False,1.000,1
492,STATE_492,STATE_492,492,STATE_492,Arequipa,False,1.000,6
493,STATE_493,STATE_493,493,STATE_493,La Libertad,False,1.000,11
494,STATE_494,STATE_494,494,STATE_494,Ucayali,False,1.000,5
495,STATE_495,STATE_495,495,STATE_495,Amazonas,False,1.000,7
496,Minas Gerais,STATE_496,496,Minas Gerais,Minas Gerais,False,1.000,22
497,STATE_497,STATE_497,497,STATE_497,Maranhão,False,1.000,4
498,STATE_498,STATE_498,498,STATE_498,Rio Grande do Norte,False,1.000,2
499,STATE_499,STATE_499,499,STATE_499,Bahia,False,1.000,15
5,STATE_5,STATE_5,5,STATE_5,Ermland-Masuren,False,1.000,6
50,STATE_50,STATE_50,50,Württemberg,Württemberg,False,1.000,3
500,STATE_500,STATE_500,500,STATE_500,Rio de Janeiro,False,1.000,5
501,STATE_501,STATE_501,501,STATE_501,São Paulo,False,1.000,14
502,STATE_502,STATE_502,502,STATE_502,Rio Grande do Sul,False,1.000,11
503,STATE_503,STATE_503,503,STATE_503,Santa Catarina,False,1.000,5
504,STATE_504,STATE_504,504,STATE_504,Punta Porá,False,1.000,4
505,STATE_505,STATE_505,505,STATE_505,Goiás,False,1.000,5
506,STATE_506,STATE_506,506,Antofagasta,Antofagasta,False,1.000,2
507,Magallanes,STATE_507,507,Magallanes,Magallanes,False,1.000,7
508,Tucuman,STATE_508,508,Tucuman,Tucumán,False,1.000,6
509,Chaco Australis,STATE_509,509,Chaco Australis,Chaco Austral,False,1.000,9
51,STATE_51,STATE_51,51,STATE_51,Rhineland,False,1.000,1
510,STATE_510,STATE_510,510,STATE_510,Región Mesopotámica,False,1.000,3
511,Mendoza,STATE_511,511,Mendoza,Mendoza,False,1.000,15
512,STATE_512,STATE_512,512,STATE_512,Río Negro,False,1.000,8
513,STATE_513,STATE_513,513,Tlmecen,Tlemcen,False,1.000,8
514,STATE_514,STATE_514,514,Algerian Desert,Algerian Desert,False,1.000,3
515,STATE_515,STATE_515,515,STATE_515,Southern Sahara,False,1.000,4
516,STATE_516,STATE_516,516,Taymyria / Dudinka,Dudinka,False,1.000,13
517,STATE_517,STATE_517,517,STATE_517,Victoria,False,1.000,14
518,STATE_518,STATE_518,518,STATE_518,Tasmania,False,1.000,6
519,STATE_519,STATE_519,519,STATE_519,South Australia,False,1.000,15
52,STATE_52,STATE_52,52,STATE_52,Oberbayern,False,1.000,9
520,STATE_520,STATE_520,520,STATE_520,Northern Territory,False,1.000,25
521,STATE_521,STATE_521,521,STATE_521,Queensland,False,1.000,51
522,STATE_522,STATE_522,522,STATE_522,Western Australia,False,1.000,20
523,STATE_523,STATE_523,523,STATE_523,Papua,False,1.000,23
524,STATE_524,STATE_524,524,STATE_524,Taiwan,False,1.000,10
525,STATE_525,STATE_525,525,STATE_525,Gyeonggi,False,1.000,3
526,STATE_526,STATE_526,526,STATE_526,Okinawa,False,1.000,2
527,STATE_527,STATE_527,527,STATE_527,Pyongan-Hwanghae,False,1.000,18
528,STATE_528,STATE_528,528,North Kyushu,Kitakyūshū,False,1.000,7
529,Chugoku,STATE_529,529,"San'yo, formerly Chugoku",San'yo,False,1.000,12
53,STATE_53,STATE_53,53,STATE_53,Niederbayern,False,1.000,7
530,STATE_530,STATE_530,530,Shikoku,Shikoku,False,1.000,4
531,STATE_531,STATE_531,531,Kansai,Kansai,False,1.000,9
532,Tokai,STATE_532,532,Tokai,Tokai,False,1.000,9
533,STATE_533,STATE_533,533,North Tohoku,Kita-Tohoku,False,1.000,13
534,Hokuriku,STATE_534,534,"was Hokuriku, is actually Kōshin'etsu",Koshinetsu,False,1.000,6
535,Koshinetsu,STATE_535,535,"was Koshinetsu, is actually Hokuriku",Hokuriku,False,1.000,5
536,STATE_536,STATE_536,536,STATE_536,Hokkaido,False,1.000,12
537,STATE_537,STATE_537,537,STATE_537,South Sakhalin,False,1.000,3
538,STATE_538,STATE_538,538,STATE_538,Coquilhatville,False,1.000,7
539,STATE_539,STATE_539,539,STATE_539,Gabon,False,1.000,4
54,STATE_54,STATE_54,54,STATE_54,Franken,False,1.000,8
540,STATE_540,STATE_540,540,STATE_540,Luanda,False,1.000,12
541,STATE_541,STATE_541,541,STATE_541,Khomas,False,1.000,7
542,STATE_542,STATE_542,542,STATE_542,Bechuanaland,False,1.000,2
543,STATE_543,STATE_543,543,STATE_543,Madagascar,False,1.000,10
544,STATE_544,STATE_544,544,STATE_544,Lourenço Marques,False,1.000,1
545,STATE_545,STATE_545,545,STATE_545,Rhodesia,False,1.000,3
546,STATE_546,STATE_546,546,STATE_546,Tanganyika,False,1.000,11
547,STATE_547,STATE_547,547,STATE_547,Nairobi,False,1.000,10
548,STATE_548,STATE_548,548,STATE_548,Uganda,False,1.000,5
549,STATE_549,STATE_549,549,"Kurdufan / was ""Sudan""",Kurdufan,False,1.000,5
55,STATE_55,STATE_55,55,STATE_55,Hessen,False,1.000,7
550,STATE_550,STATE_550,550,STATE_550,Eritrea,False,1.000,6
551,STATE_551,STATE_551,551,STATE_551,Khartoum,False,1.000,35
552,STATE_552,STATE_552,552,STATE_552,Western Desert,False,1.000,12
553,STATE_553,STATE_553,553,STATE_553,Lebanon,False,1.000,2
554,STATE_554,STATE_554,554,STATE_554,Damascus,False,1.000,2
555,Kuril Islands,STATE_555,555,Kuril Islands,Kuril Islands,False,1.000,3
556,Mali (previously French West Africa),STATE_556,556,STATE_556,Bamako,False,1.000,4
557,Mauritania,STATE_557,557,Mauritania,Mauritania,False,1.000,5
558,STATE_558,STATE_558,558,STATE_558,Lagos,False,1.000,13
559,STATE_559,STATE_559,559,STATE_559,Somaliland,False,1.000,8
56,STATE_56,STATE_56,56,STATE_56,Weser-Ems,False,1.000,7
560,STATE_560,STATE_560,560,Nikolayevsk,Nikolayevsk,False,1.000,11
561,STATE_561,STATE_561,561,Amur,Amur,False,1.000,8
562,Okhotsk,STATE_562,562,Okhotsk,Okhotsk,False,1.000,14
563,STATE_563,STATE_563,563,Chita,Chita,False,1.000,26
564,Ulan Ude,STATE_564,564,Ulan Ude,Buryatia,False,1.000,12
565,Bodaybo,STATE_565,565,Bodaybo,Bodaybo,False,1.000,9
566,Irktusk,STATE_566,566,Irktusk,Irkutsk,False,1.000,10
567,STATE_567,STATE_567,567,Bratsk,Bratsk,False,1.000,17
568,Krasnoyarsk,STATE_568,568,Krasnoyarsk,Krasnoyarsk,False,1.000,6
569,Kemerovo,STATE_569,569,Khakassia,Khakassia,False,1.000,13
57,STATE_57,STATE_57,57,STATE_57,Westfalen,False,1.000,7
570,Novosibirsk,STATE_570,570,Novosibirsk,Novosibirsk,False,1.000,16
571,Omsk,STATE_571,571,Omsk,Omsk,False,1.000,11
572,Chelyabinsk,STATE_572,572,Chelyabinsk,Chelyabinsk,False,1.000,10
573,Zlatoust,STATE_573,573,Zlatoust,Zlatoust,False,1.000,8
574,STATE_574,STATE_574,574,Yakutsk,Yakutsk,False,1.000,30
575,Kirensk,STATE_575,575,Kirensk,Kirensk,False,1.000,15
576,Yeniseisk,STATE_576,576,Yeniseisk,Yeniseisk,False,1.000,16
577,STATE_577,STATE_577,577,STATE_577,Surgut,False,1.000,20
578,Tomsk,STATE_578,578,Tomsk,Tomsk,False,1.000,21
579,Salekhard,STATE_579,579,Salekhard,Salekhard,False,1.000,8
58,STATE_58,STATE_58,58,STATE_58,Holstein,False,1.000,3
580,Tobolsk,STATE_580,580,Tobolsk,Tobolsk,False,1.000,21
581,STATE_581,STATE_581,581,STATE_581,Northern Urals,False,1.000,5
582,STATE_582,STATE_582,582,STATE_582,Magnitogorsk,False,1.000,9
583,STATE_583,STATE_583,583,STATE_583,Kostanay,False,1.000,17
584,STATE_584,STATE_584,584,STATE_584,Ashkhabad,False,1.000,4
585,STATE_585,STATE_585,585,Navoiy,Navoi,False,1.000,10
586,STATE_586,STATE_586,586,STATE_586,Alma-Ata,False,1.000,11
587,STATE_587,STATE_587,587,STATE_587,Ust Urt,False,1.000,12
588,STATE_588,STATE_588,588,Semipalatinsk,Semipalatinsk,False,1.000,20
589,STATE_589,STATE_589,589,STATE_589,Ayaguz,False,1.000,8
59,STATE_59,STATE_59,59,STATE_59,Hannover,False,1.000,1
590,Akmolinsk,STATE_590,590,Akmolinsk,Akmolinsk,False,1.000,30
591,STATE_591,STATE_591,591,STATE_591,Hainan,False,1.000,5
592,STATE_592,STATE_592,592,STATE_592,Guangzhou,False,1.000,9
593,STATE_593,STATE_593,593,STATE_593,Guangdong,False,1.000,13
594,STATE_594,STATE_594,594,STATE_594,Nanning,False,1.000,5
595,STATE_595,STATE_595,595,STATE_595,Fujian,False,1.000,24
596,STATE_596,STATE_596,596,STATE_596,Zhejiang,False,1.000,22
597,STATE_597,STATE_597,597,STATE_597,Shandong,False,1.000,24
598,STATE_598,STATE_598,598,STATE_598,Jiangsu,False,1.000,12
599,STATE_599,STATE_599,599,STATE_599,Guangxi,False,1.000,14
6,Flanders,STATE_6,6,Flanders,Flanders,False,1.000,5
60,STATE_60,STATE_60,60,STATE_60,Thüringen,False,1.000,6
600,STATE_600,STATE_600,600,STATE_600,Jiangxi,False,1.000,29
601,STATE_601,STATE_601,601,STATE_601,Chamdo,False,1.000,3
602,STATE_602,STATE_602,602,STATE_602,Hunan,False,1.000,19
603,STATE_603,STATE_603,603,STATE_603,Guizhou,False,1.000,8
604,STATE_604,STATE_604,604,STATE_604,Qinghai,False,1.000,3
605,STATE_605,STATE_605,605,STATE_605,Sichuan,False,1.000,4
606,STATE_606,STATE_606,606,STATE_606,Anhui,False,1.000,16
607,STATE_607,STATE_607,607,STATE_607,Henan,False,1.000,20
608,STATE_608,STATE_608,608,STATE_608,Beiping,False,1.000,6
609,STATE_609,STATE_609,609,East Hebei,East Hebei,False,1.000,10
61,STATE_61,STATE_61,61,STATE_61,Mecklenburg,False,1.000,7
610,STATE_610,STATE_610,610,Jehol,Jehol,False,1.000,9
611,STATE_611,STATE_611,611,South Chahar,Chahar,False,1.000,5
612,STATE_612,STATE_612,612,STATE_612,Xilingol,False,1.000,15
613,STATE_613,STATE_613,613,Shanghai,Shanghai,False,1.000,2
614,Hebei,STATE_614,614,Hebei,Hebei,False,1.000,18
615,STATE_615,STATE_615,615,STATE_615,Shanxi,False,1.000,23
616,STATE_616,STATE_616,616,STATE_616,Ningxia,False,1.000,12
617,STATE_617,STATE_617,617,STATE_617,Urumqi,False,1.000,23
618,STATE_618,STATE_618,618,Dzungaria,Dzungaria,False,1.000,3
619,STATE_619,STATE_619,619,Yarkand,Yarkand,False,1.000,4
62,STATE_62,STATE_62,62,STATE_62,Vorpommern,False,1.000,2
620,STATE_620,STATE_620,620,STATE_620,Hubei,False,1.000,10
621,STATE_621,STATE_621,621,STATE_621,Suiyuan,False,1.000,8
622,STATE_622,STATE_622,622,STATE_622,Shaanbei,False,1.000,4
623,STATE_623,STATE_623,623,Luzon,Luzon,False,1.000,17
624,STATE_624,STATE_624,624,Central Islands,Central Islands,False,1.000,8
625,STATE_625,STATE_625,625,STATE_625,Eastern Visayas,False,1.000,5
626,STATE_626,STATE_626,626,STATE_626,Palawan,False,1.000,3
627,STATE_627,STATE_627,627,STATE_627,Davao,False,1.000,25
628,STATE_628,STATE_628,628,STATE_628,Western Visayas,False,1.000,9
629,STATE_629,STATE_629,629,STATE_629,Hawaii,False,1.000,5
63,STATE_63,STATE_63,63,STATE_63,Hinterpommern,False,1.000,2
630,STATE_630,STATE_630,630,STATE_630,Johnston Atoll,False,1.000,1
631,STATE_631,STATE_631,631,STATE_631,Midway Island,False,1.000,1
632,STATE_632,STATE_632,632,STATE_632,Wake Island,False,1.000,1
633,STATE_633,STATE_633,633,STATE_633,Marshall Islands,False,1.000,9
634,STATE_634,STATE_634,634,STATE_634,Solomon Islands,False,1.000,10
635,STATE_635,STATE_635,635,STATE_635,New Caledonia,False,1.000,6
636,STATE_636,STATE_636,636,STATE_636,Fiji,False,1.000,5
637,STATE_637,STATE_637,637,Kamchatka,Kamchatka,False,1.000,7
638,STATE_638,STATE_638,638,STATE_638,Guam,False,1.000,1
639,STATE_639,STATE_639,639,STATE_639,Gilbert Islands,False,1.000,5
64,STATE_64,STATE_64,64,STATE_64,Brandenburg,False,1.000,1
640,STATE_640,STATE_640,640,STATE_640,Mandalay,False,1.000,14
641,STATE_641,STATE_641,641,STATE_641,Tahiti,False,1.000,3
642,STATE_642,STATE_642,642,STATE_642,Phoenix Island,False,1.000,1
643,STATE_643,STATE_643,643,STATE_643,Ellice Islands,False,1.000,4
644,STATE_644,STATE_644,644,Kolyma,Kolyma,False,1.000,14
645,STATE_645,STATE_645,645,STATE_645,Iwo Jima,False,1.000,1
646,STATE_646,STATE_646,646,STATE_646,Saipan,False,1.000,3
647,STATE_647,STATE_647,647,STATE_647,Palau,False,1.000,2
648,STATE_648,STATE_648,648,STATE_648,Marcus Island,False,1.000,1
649,STATE_649,STATE_649,649,STATE_649,Galapagos Islands,False,1.000,1
65,STATE_65,STATE_65,65,STATE_65,Sachsen,False,1.000,2
650,STATE_650,STATE_650,650,STATE_650,Attu Island,False,1.000,1
651,Ufa,STATE_651,651,Ufa,Ufa,False,1.000,18
652,STATE_652,STATE_652,652,STATE_652,Orenburg,False,1.000,22
653,Sverdlovsk,STATE_653,653,Sverdlovsk,Sverdlovsk,False,1.000,9
654,Gorno-Altaysk,STATE_654,654,Gorno-Altaysk,Oyrot Region,False,1.000,5
655,STATE_655,STATE_655,655,STATE_655,North Sakhalin,False,1.000,3
656,STATE_656,STATE_656,656,STATE_656,Kuwait,False,1.000,2
657,Birobidzhan,STATE_657,657,Birobidzhan,Birobidzhan,False,1.000,19
658,STATE_658,STATE_658,658,STATE_658,Abu Dhabi,False,1.000,4
659,STATE_659,STATE_659,659,STATE_659,South Yemen,False,1.000,4
66,STATE_66,STATE_66,66,STATE_66,Lower Silesia,False,1.000,3
660,STATE_660,STATE_660,660,STATE_660,Equatorial Africa,False,1.000,7
661,STATE_661,STATE_661,661,STATE_661,Tripolitania,False,1.000,9
662,STATE_662,STATE_662,662,STATE_662,Sirte,False,1.000,3
663,STATE_663,STATE_663,663,STATE_663,Cyrenaica,False,1.000,12
664,STATE_664,STATE_664,664,STATE_664,Southern Slovakia,False,1.000,4
665,STATE_665,STATE_665,665,STATE_665,Gabès,False,1.000,6
666,STATE_666,STATE_666,666,STATE_666,Norrbotten,False,1.000,23
667,STATE_667,STATE_667,667,STATE_667,West Nusa Tenggara,False,1.000,12
668,STATE_668,STATE_668,668,STATE_668,The Moluccas,False,1.000,7
669,STATE_669,STATE_669,669,STATE_669,Dutch New Guinea,False,1.000,7
67,STATE_67,STATE_67,67,STATE_67,Upper Silesia,False,1.000,1
670,STATE_670,STATE_670,670,STATE_670,Laos,False,1.000,13
671,STATE_671,STATE_671,671,STATE_671,Tonkin,False,1.000,4
672,STATE_672,STATE_672,672,STATE_672,South Sumatra,False,1.000,8
673,STATE_673,STATE_673,673,STATE_673,Sulawesi,False,1.000,12
674,STATE_674,STATE_674,674,STATE_674,Central Australia,False,1.000,9
675,STATE_675,STATE_675,675,STATE_675,Al Hajara,False,1.000,4
676,STATE_676,STATE_676,676,STATE_676,Mosul,False,1.000,2
677,STATE_677,STATE_677,677,STATE_677,Aleppo,False,1.000,3
678,STATE_678,STATE_678,678,STATE_678,Rub al Khali,False,1.000,2
679,STATE_679,STATE_679,679,STATE_679,Madinah,False,1.000,5
68,STATE_68,STATE_68,68,STATE_68,Ostmark,False,1.000,2
680,STATE_680,STATE_680,680,STATE_680,Deir-az-Zur,False,1.000,6
681,STATE_681,STATE_681,681,Cape,Cape,False,1.000,3
682,STATE_682,STATE_682,682,STATE_682,Northern Ontario,False,1.000,9
683,STATE_683,STATE_683,683,STATE_683,Nunavut,False,1.000,20
684,STATE_684,STATE_684,684,STATE_684,Caroline Islands,False,1.000,11
685,STATE_685,STATE_685,685,STATE_685,Panamá Canal,False,1.000,1
686,STATE_686,STATE_686,686,STATE_686,Puerto Rico,False,1.000,1
687,STATE_687,STATE_687,687,STATE_687,British Guyana,False,1.000,2
688,STATE_688,STATE_688,688,STATE_688,Chaco Boreal,False,1.000,3
689,STATE_689,STATE_689,689,STATE_689,Jamaica,False,1.000,2
69,STATE_69,STATE_69,69,STATE_69,North Sudetenland,False,1.000,6
690,STATE_690,STATE_690,690,STATE_690,Northern Bahamas,False,1.000,3
691,STATE_691,STATE_691,691,STATE_691,Trinidad,False,1.000,2
692,STATE_692,STATE_692,692,STATE_692,Windward Islands,False,1.000,4
693,STATE_693,STATE_693,693,STATE_693,Southern Bahamas,False,1.000,2
694,STATE_694,STATE_694,694,STATE_694,French Caribbean,False,1.000,3
695,STATE_695,STATE_695,695,STATE_695,Curaçao,False,1.000,1
696,STATE_696,STATE_696,696,STATE_696,Bermuda,False,1.000,1
697,STATE_697,STATE_697,697,STATE_697,Madeira,False,1.000,1
698,STATE_698,STATE_698,698,STATE_698,Azores,False,1.000,1
699,STATE_699,STATE_699,699,STATE_699,Rio de Oro,False,1.000,5
7,STATE_7,STATE_7,7,STATE_7,Holland,False,1.000,4
70,STATE_70,STATE_70,70,STATE_70,Western Slovakia,False,1.000,1
700,STATE_700,STATE_700,700,STATE_700,Sierra Leone,False,1.000,2
701,STATE_701,STATE_701,701,STATE_701,Gambia,False,1.000,2
702,STATE_702,STATE_702,702,STATE_702,Cape Verde,False,1.000,1
703,STATE_703,STATE_703,703,STATE_703,Ascension,False,1.000,1
704,STATE_704,STATE_704,704,STATE_704,Saint Helena,False,1.000,1
705,STATE_705,STATE_705,705,STATE_705,Sao Tome,False,1.000,1
706,STATE_706,STATE_706,706,STATE_706,Reunion,False,1.000,1
707,STATE_707,STATE_707,707,STATE_707,Mauritius,False,1.000,1
708,STATE_708,STATE_708,708,STATE_708,Comoro Islands,False,1.000,1
709,STATE_709,STATE_709,709,STATE_709,Seychelles,False,1.000,1
71,STATE_71,STATE_71,71,STATE_71,Eastern Slovakia,False,1.000,3
710,STATE_710,STATE_710,710,STATE_710,Diego Garcia,False,1.000,1
711,STATE_711,STATE_711,711,STATE_711,Christmas Island,False,1.000,1
712,STATE_712,STATE_712,712,STATE_712,Cocos Islands,False,1.000,1
713,STATE_713,STATE_713,713,STATE_713,Kerguelen,False,1.000,2
714,STATE_714,STATE_714,714,STATE_714,Heilungkiang,False,1.000,24
715,STATE_715,STATE_715,715,STATE_715,Liaobei,False,1.000,9
716,STATE_716,STATE_716,716,STATE_716,Liaoning,False,1.000,14
717,STATE_717,STATE_717,717,STATE_717,Sungkiang,False,1.000,23
718,STATE_718,STATE_718,718,STATE_718,Stanleyville,False,1.000,9
719,STATE_719,STATE_719,719,Natal,Natal,False,1.000,3
72,STATE_72,STATE_72,72,STATE_72,Trans-Olza,False,1.000,1
720,STATE_720,STATE_720,720,STATE_720,South Georgia,False,1.000,1
721,STATE_721,STATE_721,721,STATE_721,East Timor,False,1.000,5
722,STATE_722,STATE_722,722,PETSAMO,Petsamo,False,1.000,4
723,STATE_723,STATE_723,723,STATE_723,Canterbury,False,1.000,16
724,STATE_724,STATE_724,724,STATE_724,Southern Siam,False,1.000,15
725,STATE_725,STATE_725,725,STATE_725,Nauru,False,1.000,1
726,STATE_726,STATE_726,726,STATE_726,Samoa,False,1.000,1
727,STATE_727,STATE_727,727,STATE_727,Line Islands,False,1.000,3
728,STATE_728,STATE_728,728,STATE_728,Guangzhouwan,False,1.000,1
729,STATE_729,STATE_729,729,STATE_729,Macau,False,1.000,1
73,STATE_73,STATE_73,73,STATE_73,Carpathian Ruthenia,False,1.000,4
730,STATE_730,STATE_730,730,STATE_730,St Pierre and Miquelon,False,1.000,1
731,STATE_731,STATE_731,731,STATE_731,Central Macedonia,False,1.000,3
732,STATE_732,STATE_732,732,STATE_732,Pamir,False,1.000,11
733,STATE_733,STATE_733,733,STATE_733,Andaman,False,1.000,2
734,STATE_734,STATE_734,734,STATE_734,Santa Cruz Islands,False,1.000,1
735,STATE_735,STATE_735,735,STATE_735,Savoy,False,1.000,3
736,STATE_736,STATE_736,736,Name was Istria before the Pola (Istria) split and merge with Fiume,Litorale,False,1.000,1
737,STATE_737,STATE_737,737,STATE_737,Bismarck,False,1.000,16
738,STATE_738,STATE_738,738,STATE_738,Aru Islands,False,1.000,1
739,STATE_739,STATE_739,739,STATE_739,Haida Gwaii,False,1.000,1
74,STATE_74,STATE_74,74,STATE_74,Sudeten Silesia,False,1.000,3
740,STATE_740,STATE_740,740,STATE_740,Vancouver Island,False,1.000,5
741,STATE_741,STATE_741,741,STATE_741,Cambodia,False,1.000,11
742,STATE_742,STATE_742,742,STATE_742,Stalinabad,False,1.000,7
743,STATE_743,STATE_743,743,STATE_743,Qingdao,False,1.000,1
744,STATE_744,STATE_744,744,STATE_744,Xian,False,1.000,8
745,STATE_745,STATE_745,745,STATE_745,Dalian,False,1.000,2
746,STATE_746,STATE_746,746,STATE_746,Ordos,False,1.000,7
747,STATE_747,STATE_747,747,STATE_747,Dali,False,1.000,4
748,STATE_748,STATE_748,748,STATE_748,Zunyi,False,1.000,4
749,STATE_749,STATE_749,749,STATE_749,Huangshan,False,1.000,7
75,STATE_75,STATE_75,75,STATE_75,Moravia,False,1.000,7
750,STATE_750,STATE_750,750,STATE_750,Changde,False,1.000,6
751,STATE_751,STATE_751,751,STATE_751,Liangshan,False,1.000,3
752,STATE_752,STATE_752,752,STATE_752,Ganzi,False,1.000,4
753,STATE_753,STATE_753,753,STATE_753,Gannan,False,1.000,4
754,STATE_754,STATE_754,754,STATE_754,Golog,False,1.000,5
755,STATE_755,STATE_755,755,STATE_755,Haixi,False,1.000,7
756,STATE_756,STATE_756,756,STATE_756,Jiuquan,False,1.000,3
757,STATE_757,STATE_757,757,STATE_757,Shigatse,False,1.000,10
758,STATE_758,STATE_758,758,STATE_758,Ngari,False,1.000,4
759,STATE_759,STATE_759,759,STATE_759,Kunlun Shan,False,1.000,6
76,STATE_76,STATE_76,76,STATE_76,North Transylvania,False,1.000,8
760,STATE_760,STATE_760,760,STATE_760,Dabancheng,False,1.000,4
761,STATE_761,STATE_761,761,STATE_761,Hulunbuir,False,1.000,14
762,STATE_762,STATE_762,762,STATE_762,Katowice,False,1.000,2
763,STATE_763,STATE_763,763,STATE_763,Königsberg,False,1.000,2
764,STATE_764,STATE_764,764,STATE_764,West Banat,False,1.000,3
765,STATE_765,STATE_765,765,STATE_765,Qatar,False,1.000,1
766,STATE_766,STATE_766,766,STATE_766,Southern Bessarabia,False,1.000,2
767,STATE_767,STATE_767,767,North Darfur,North Darfur,False,1.000,5
768,Rwanda,STATE_768,768,Rwanda,Rwanda,False,1.000,1
769,Burundi,STATE_769,769,Burundi,Burundi,False,1.000,1
77,STATE_77,STATE_77,77,STATE_77,Dobrudja,False,1.000,2
770,STATE_770,STATE_770,770,STATE_770,Malawi,False,1.000,2
771,Zambia,STATE_771,771,Zambia,Zambia,False,1.000,2
772,STATE_772,STATE_772,772,Middle Congo (Brazzaville),Middle Congo,False,1.000,4
773,Cameroon,STATE_773,773,Cameroon,Cameroon,False,1.000,3
774,STATE_774,STATE_774,774,STATE_774,Chad,False,1.000,10
775,BET - Borkou-Ennedi-Tibesti region,STATE_775,775,BET - Borkou-Ennedi-Tibesti region,B.E.T.,False,1.000,2
776,Benin/Dahomey,STATE_776,776,Benin/Dahomey,Dahomey,False,1.000,3
777,STATE_777,STATE_777,777,STATE_777,Togo,False,1.000,3
778,Upper Volta,STATE_778,778,Upper Volta,Upper Volta,False,1.000,3
779,Ivory Coast,STATE_779,779,Ivory Coast,Ivory Coast,False,1.000,6
78,STATE_78,STATE_78,78,STATE_78,Bessarabia,False,1.000,7
780,Guinea,STATE_780,780,Guinea,Guinea,False,1.000,3
781,STATE_781,STATE_781,781,Niger,Niger,False,1.000,3
782,Tombouctou,STATE_782,782,Tombouctou,Tombouctou,False,1.000,4
783,Sidi Ifni,STATE_783,783,Sidi Ifni,Sidi Ifni,False,1.000,1
784,STATE_784,STATE_784,784,STATE_784,Vilna,False,1.000,2
785,STATE_785,STATE_785,785,STATE_785,Picardy,False,1.000,3
786,STATE_786,STATE_786,786,Mauritanian Desert,Mauritanian Desert,False,1.000,3
787,STATE_787,STATE_787,787,Northern Kashmir,Northern Kashmir,False,1.000,4
788,STATE_788,STATE_788,788,STATE_788,Salamanca,False,1.000,2
789,STATE_789,STATE_789,789,STATE_789,Córdoba,False,1.000,2
79,STATE_79,STATE_79,79,STATE_79,Moldova,False,1.000,12
790,STATE_790,STATE_790,790,STATE_790,Asturias,False,1.000,2
791,STATE_791,STATE_791,791,STATE_791,Valladolid,False,1.000,2
792,STATE_792,STATE_792,792,STATE_792,País Vasco,False,1.000,3
793,STATE_793,STATE_793,793,STATE_793,Guadalajara,False,1.000,6
794,STATE_794,STATE_794,794,STATE_794,Eastern Aragón,False,1.000,6
795,STATE_795,STATE_795,795,STATE_795,Santarém,False,1.000,5
796,STATE_796,STATE_796,796,STATE_796,Cabinda,False,1.000,3
797,STATE_797,STATE_797,797,STATE_797,Istanbul,False,1.000,1
798,STATE_798,STATE_798,798,STATE_798,Amasya,False,1.000,1
799,STATE_799,STATE_799,799,STATE_799,Hatay,False,1.000,2
8,STATE_8,STATE_8,8,STATE_8,Luxembourg,False,1.000,3
80,STATE_80,STATE_80,80,STATE_80,Bucovina,False,1.000,2
800,STATE_800,STATE_800,800,Van,Van,False,1.000,3
801,STATE_801,STATE_801,801,STATE_801,Moesia,False,1.000,2
802,STATE_802,STATE_802,802,STATE_802,Kosovo,False,1.000,1
803,STATE_803,STATE_803,803,STATE_803,Southern Serbia,False,1.000,1
804,STATE_804,STATE_804,804,STATE_804,Herzegovina,False,1.000,4
805,STATE_805,STATE_805,805,STATE_805,Northern Epirus,False,1.000,1
806,STATE_806,STATE_806,806,STATE_806,Pyrénées-Atlantiques,False,1.000,3
807,STATE_807,STATE_807,807,STATE_807,Gdynia,False,1.000,2
808,STATE_808,STATE_808,808,STATE_808,Rīga,False,1.000,4
809,STATE_809,STATE_809,809,STATE_809,Zemgale,False,1.000,2
81,STATE_81,STATE_81,81,STATE_81,Oltenia,False,1.000,8
810,STATE_810,STATE_810,810,STATE_810,Latgale,False,1.000,3
811,STATE_811,STATE_811,811,STATE_811,Saaremaa,False,1.000,11
812,STATE_812,STATE_812,812,STATE_812,Harju,False,1.000,1
813,STATE_813,STATE_813,813,STATE_813,Virumaa,False,1.000,3
814,STATE_814,STATE_814,814,STATE_814,Sūduva,False,1.000,3
815,STATE_815,STATE_815,815,STATE_815,Aukštaitija,False,1.000,1
816,STATE_816,STATE_816,816,STATE_816,West Virginia,False,1.000,3
817,STATE_817,STATE_817,817,STATE_817,Gobi,False,1.000,3
818,STATE_818,STATE_818,818,STATE_818,Khovd,False,1.000,4
819,STATE_819,STATE_819,819,STATE_819,Dornod,False,1.000,3
82,STATE_82,STATE_82,82,STATE_82,Banat,False,1.000,6
820,STATE_820,STATE_820,820,STATE_820,Khövsgöl,False,1.000,2
821,STATE_821,STATE_821,821,STATE_821,Chechnya-Ingushetia,False,1.000,3
822,STATE_822,STATE_822,822,Chukotka,Chukotka,False,1.000,3
823,STATE_823,STATE_823,823,Karakalpakstan,Karakalpakstan,False,1.000,5
824,STATE_824,STATE_824,824,Yamalia,Yamalia,False,1.000,2
825,STATE_825,STATE_825,825,Nenets,Nenets,False,1.000,1
826,STATE_826,STATE_826,826,STATE_826,Abkhazia,False,1.000,1
827,STATE_827,STATE_827,827,STATE_827,Kabardino-Balkaria,False,1.000,1
828,STATE_828,STATE_828,828,STATE_828,North Ossetia,False,1.000,1
829,STATE_829,STATE_829,829,Volga Germany,Engels-Marxstadt,False,1.000,3
83,STATE_83,STATE_83,83,STATE_83,Crisana,False,1.000,4
830,STATE_830,STATE_830,830,Bukhara,Bukhara,False,1.000,2
831,STATE_831,STATE_831,831,Khiva,Khiva,False,1.000,1
832,STATE_832,STATE_832,832,STATE_832,Tashauz,False,1.000,4
833,STATE_833,STATE_833,833,STATE_833,Mari El,False,1.000,6
834,STATE_834,STATE_834,834,STATE_834,Balta-Tiraspol,False,1.000,1
835,STATE_835,STATE_835,835,STATE_835,Hararghe,False,1.000,5
836,STATE_836,STATE_836,836,STATE_836,Bale,False,1.000,6
837,STATE_837,STATE_837,837,STATE_837,Sidamo,False,1.000,4
838,STATE_838,STATE_838,838,STATE_838,Illubabor-Kaffa,False,1.000,3
839,STATE_839,STATE_839,839,STATE_839,Welega,False,1.000,5
84,STATE_84,STATE_84,84,STATE_84,Transylvania,False,1.000,11
840,STATE_840,STATE_840,840,STATE_840,Gojjam,False,1.000,1
841,STATE_841,STATE_841,841,STATE_841,Begemder,False,1.000,1
842,STATE_842,STATE_842,842,STATE_842,Tigray,False,1.000,11
843,STATE_843,STATE_843,843,STATE_843,Wello,False,1.000,13
844,STATE_844,STATE_844,844,STATE_844,Jubaland,False,1.000,6
845,STATE_845,STATE_845,845,STATE_845,Jura Mountains,False,1.000,2
846,STATE_846,STATE_846,846,STATE_846,Ticino,False,1.000,2
847,STATE_847,STATE_847,847,STATE_847,Western Swiss Alps,False,1.000,8
848,STATE_848,STATE_848,848,STATE_848,Vorarlberg,False,1.000,1
849,STATE_849,STATE_849,849,STATE_849,Puglia,False,1.000,1
85,STATE_85,STATE_85,85,STATE_85,Danzig,False,1.000,2
850,STATE_850,STATE_850,850,Trentino,Trentino,False,1.000,8
851,STATE_851,STATE_851,851,Var (Split-off from former Provence now Bouches-du-Rhône),Var,False,1.000,4
852,STATE_852,STATE_852,852,Dalmatia,Istria,False,1.000,13
853,STATE_853,STATE_853,853,STATE_853,Ljubljana,False,1.000,4
854,STATE_854,STATE_854,854,STATE_854,Jawf,False,1.000,21
855,STATE_855,STATE_855,855,STATE_855,Tabuk,False,1.000,5
856,STATE_856,STATE_856,856,STATE_856,Asir-Makkah,False,1.000,5
857,STATE_857,STATE_857,857,STATE_857,Al-Qassim,False,1.000,6
858,STATE_858,STATE_858,858,STATE_858,Najiran,False,1.000,5
859,STATE_859,STATE_859,859,STATE_859,Dammam,False,1.000,3
86,STATE_86,STATE_86,86,STATE_86,Poznań,False,1.000,4
860,STATE_860,STATE_860,860,STATE_860,Côte-Nord,False,1.000,1
861,STATE_861,STATE_861,861,STATE_861,Saguenay,False,1.000,1
862,STATE_862,STATE_862,862,STATE_862,Ouest du Quebec,False,1.000,1
863,STATE_863,STATE_863,863,STATE_863,Maurice,False,1.000,1
864,STATE_864,STATE_864,864,STATE_864,Yukon Territory,False,1.000,2
865,STATE_865,STATE_865,865,STATE_865,N. Saskatchewan,False,1.000,2
866,STATE_866,STATE_866,866,STATE_866,Districts of Ontario,False,1.000,2
867,STATE_867,STATE_867,867,STATE_867,Northern Manitoba,False,1.000,3
868,STATE_868,STATE_868,868,STATE_868,Isan,False,1.000,1
869,STATE_869,STATE_869,869,STATE_869,Lanna,False,1.000,1
87,STATE_87,STATE_87,87,STATE_87,Łódz,False,1.000,2
870,STATE_870,STATE_870,870,STATE_870,North West Australia,False,1.000,2
871,STATE_871,STATE_871,871,STATE_871,South West Australia,False,1.000,3
872,STATE_872,STATE_872,872,STATE_872,North Queensland,False,1.000,3
873,STATE_873,STATE_873,873,STATE_873,South West Queensland,False,1.000,1
874,STATE_874,STATE_874,874,Magadan,Magadan,False,1.000,1
875,STATE_875,STATE_875,875,Chukchi Peninsula,Chukchi Peninsula,False,1.000,1
876,STATE_876,STATE_876,876,Udachny,Udachny,False,1.000,1
877,STATE_877,STATE_877,877,Verkhoyansk,Verkhoyansk,False,1.000,1
878,STATE_878,STATE_878,878,Khatangsky,Khatangsky,False,1.000,2
879,STATE_879,STATE_879,879,Kargopol,Kargopol,False,1.000,3
88,STATE_88,STATE_88,88,STATE_88,Kraków,False,1.000,4
880,STATE_880,STATE_880,880,Kotlas,Kotlas,False,1.000,6
881,STATE_881,STATE_881,881,Karagandy,Karagandy,False,1.000,3
882,STATE_882,STATE_882,882,Pavlodar,Pavlodar,False,1.000,2
883,STATE_883,STATE_883,883,STATE_883,Kassala,False,1.000,1
884,STATE_884,STATE_884,884,Upper Nile,Upper Nile,False,1.000,1
885,STATE_885,STATE_885,885,Bahr al Ghazal,Bahr al Ghazal,False,1.000,2
886,STATE_886,STATE_886,886,STATE_886,Blue Nile,False,1.000,2
887,STATE_887,STATE_887,887,STATE_887,South Darfur,False,1.000,3
888,STATE_888,STATE_888,888,STATE_888,Lusambo,False,1.000,3
889,STATE_889,STATE_889,889,STATE_889,Elisabethville,False,1.000,2
89,STATE_89,STATE_89,89,STATE_89,Stanisławów,False,1.000,4
890,STATE_890,STATE_890,890,STATE_890,Costermansville,False,1.000,1
891,STATE_891,STATE_891,891,STATE_891,Zambesi,False,1.000,1
892,STATE_892,STATE_892,892,STATE_892,South West Angola,False,1.000,3
893,STATE_893,STATE_893,893,STATE_893,Karas,False,1.000,3
894,STATE_894,STATE_894,894,STATE_894,Kunene,False,1.000,2
895,STATE_895,STATE_895,895,STATE_895,Otjozondjupa,False,1.000,1
896,STATE_896,STATE_896,896,STATE_896,Manica e Sofala,False,1.000,2
897,STATE_897,STATE_897,897,STATE_897,Zambezia-Moçambique,False,1.000,2
898,STATE_898,STATE_898,898,STATE_898,Gao,False,1.000,1
899,STATE_899,STATE_899,899,STATE_899,Kayes-Koulikoro,False,1.000,1
9,STATE_9,STATE_9,9,STATE_9,Bohemia,False,1.000,14
90,STATE_90,STATE_90,90,Kielce,Kielce,False,1.000,7
900,STATE_900,STATE_900,900,STATE_900,Benue,False,1.000,1
901,STATE_901,STATE_901,901,STATE_901,Borno,False,1.000,2
902,STATE_902,STATE_902,902,STATE_902,Sokoto,False,1.000,1
903,STATE_903,STATE_903,903,STATE_903,Garissa,False,1.000,5
904,STATE_904,STATE_904,904,STATE_904,Nyanza-Rift Valley,False,1.000,6
905,STATE_905,STATE_905,905,STATE_905,Mombasa,False,1.000,11
906,STATE_906,STATE_906,906,STATE_906,Socotra,False,1.000,5
907,STATE_907,STATE_907,907,STATE_907,Cairo,False,1.000,3
908,STATE_908,STATE_908,908,STATE_908,Afar,False,1.000,4
909,STATE_909,STATE_909,909,STATE_909,Schleswig,False,1.000,15
91,Lwow,STATE_91,91,Lwow,Lwów,False,1.000,5
910,STATE_910,STATE_910,910,STATE_910,Bornholm,False,1.000,1
911,STATE_911,STATE_911,911,STATE_911,Fyn,False,1.000,1
912,STATE_912,STATE_912,912,STATE_912,Southern Jutland,False,1.000,1
913,STATE_913,STATE_913,913,STATE_913,Östergötland,False,1.000,1
914,STATE_914,STATE_914,914,STATE_914,Jan Mayen,False,1.000,1
915,STATE_915,STATE_915,915,Bohuslän,Bohuslän,False,1.000,1
916,STATE_916,STATE_916,916,STATE_916,Dalarna,False,1.000,4
917,STATE_917,STATE_917,917,STATE_917,Jämtland,False,1.000,3
918,STATE_918,STATE_918,918,Västerbotten,Västerbotten,False,1.000,13
919,STATE_919,STATE_919,919,STATE_919,Värmland,False,1.000,11
92,STATE_92,STATE_92,92,STATE_92,Lublin,False,1.000,6
920,STATE_920,STATE_920,920,STATE_920,Opplandene,False,1.000,9
921,STATE_921,STATE_921,921,Telemark,Telemark,False,1.000,5
922,STATE_922,STATE_922,922,STATE_922,Agder,False,1.000,4
923,STATE_923,STATE_923,923,STATE_923,Helgeland,False,1.000,8
924,STATE_924,STATE_924,924,STATE_924,Troms,False,1.000,7
925,STATE_925,STATE_925,925,STATE_925,Finnmark,False,1.000,1
926,STATE_926,STATE_926,926,TURKU AND PORI,Turku,False,1.000,3
927,STATE_927,STATE_927,927,HÄME,Häme,False,1.000,6
928,STATE_928,STATE_928,928,KYME,Kymi,False,1.000,16
929,STATE_929,STATE_929,929,OULU,Oulu,False,1.000,13
93,STATE_93,STATE_93,93,STATE_93,Wołyn,False,1.000,3
930,STATE_930,STATE_930,930,MIKKELI,Mikkeli,False,1.000,10
931,STATE_931,STATE_931,931,STATE_931,Cumbria,False,1.000,10
932,STATE_932,STATE_932,932,STATE_932,Isle of Man,False,1.000,2
933,STATE_933,STATE_933,933,STATE_933,Shetland Islands,False,1.000,2
934,STATE_934,STATE_934,934,STATE_934,Shkodër,False,1.000,2
935,STATE_935,STATE_935,935,STATE_935,Ceará,False,1.000,1
936,STATE_936,STATE_936,936,STATE_936,Pernambuco,False,1.000,1
937,STATE_937,STATE_937,937,STATE_937,Piauí,False,1.000,2
938,STATE_938,STATE_938,938,STATE_938,Pará,False,1.000,1
939,STATE_939,STATE_939,939,STATE_939,Amapá,False,1.000,5
94,STATE_94,STATE_94,94,STATE_94,Polesie,False,1.000,3
940,STATE_940,STATE_940,940,STATE_940,Acre,False,1.000,1
941,STATE_941,STATE_941,941,STATE_941,Tocantins,False,1.000,1
942,STATE_942,STATE_942,942,STATE_942,Guaporé,False,1.000,5
943,STATE_943,STATE_943,943,STATE_943,Espírito Santo,False,1.000,4
944,STATE_944,STATE_944,944,STATE_944,Paraná,False,1.000,2
945,STATE_945,STATE_945,945,STATE_945,Cerro Largo,False,1.000,2
946,STATE_946,STATE_946,946,STATE_946,Paysandú,False,1.000,5
947,STATE_947,STATE_947,947,STATE_947,Tacna-Moquegua,False,1.000,2
948,STATE_948,STATE_948,948,STATE_948,Easter Island,False,1.000,1
949,STATE_949,STATE_949,949,Aysen,Aysén,False,1.000,2
95,STATE_95,STATE_95,95,STATE_95,Nowogródek,False,1.000,5
950,STATE_950,STATE_950,950,STATE_950,Araucanía,False,1.000,2
951,STATE_951,STATE_951,951,STATE_951,Arica y Tarapacá,False,1.000,4
952,STATE_952,STATE_952,952,STATE_952,Atacama,False,1.000,1
953,STATE_953,STATE_953,953,STATE_953,Tierra del Fuego,False,1.000,4
954,STATE_954,STATE_954,954,STATE_954,Santa Cruz,False,1.000,7
955,STATE_955,STATE_955,955,STATE_955,Chubut,False,1.000,4
956,STATE_956,STATE_956,956,STATE_956,Santa Fe,False,1.000,7
957,STATE_957,STATE_957,957,STATE_957,Formosa,False,1.000,4
958,STATE_958,STATE_958,958,STATE_958,San Luis y La Pampa,False,1.000,4
959,STATE_959,STATE_959,959,STATE_959,Los Andes,False,1.000,8
96,STATE_96,STATE_96,96,STATE_96,Wilejka,False,1.000,7
960,STATE_960,STATE_960,960,STATE_960,San Juan y La Rioja,False,1.000,3
961,STATE_961,STATE_961,961,STATE_961,Amazon,False,1.000,3
962,STATE_962,STATE_962,962,STATE_962,Amazon,False,1.000,1
963,STATE_963,STATE_963,963,STATE_963,Amazon,False,1.000,4
964,STATE_964,STATE_964,964,STATE_964,Amazon,False,1.000,6
965,STATE_965,STATE_965,965,STATE_965,Amazon,False,1.000,2
966,STATE_966,STATE_966,966,STATE_966,Amazon,False,1.000,1
967,STATE_967,STATE_967,967,STATE_967,Amazon,False,1.000,5
968,STATE_968,STATE_968,968,STATE_968,Amazon,False,1.000,4
969,STATE_969,STATE_969,969,STATE_969,Rio Branco,False,1.000,3
97,STATE_97,STATE_97,97,STATE_97,Białystok,False,1.000,4
970,STATE_970,STATE_970,970,STATE_970,Debar,False,1.000,2
971,STATE_971,STATE_971,971,Northern Dobruja,Northern Dobruja,False,1.000,2
972,STATE_972,STATE_972,972,STATE_972,South Sudetenland,False,1.000,1
973,STATE_973,STATE_973,973,STATE_973,Bács-Kiskun,False,1.000,1
974,STATE_974,STATE_974,974,South Transdanubia,South Transdanubia,False,1.000,2
975,STATE_975,STATE_975,975,STATE_975,Burgenland,False,1.000,2
976,STATE_976,STATE_976,976,STATE_976,Steiermark-Kärnten,False,1.000,3
977,STATE_977,STATE_977,977,Antwerpen,Antwerp,False,1.000,1
978,STATE_978,STATE_978,978,Baden,Baden,False,1.000,1
979,STATE_979,STATE_979,979,STATE_979,New Guinea,False,1.000,5
98,STATE_98,STATE_98,98,STATE_98,Płock,False,1.000,3
980,STATE_980,STATE_980,980,STATE_980,Ardennes,False,1.000,1
981,STATE_981,STATE_981,981,Barotseland,Barotseland,False,1.000,2
982,STATE_982,STATE_982,982,STATE_982,Madras States,False,1.000,1
983,STATE_983,STATE_983,983,manpower = 1697161,Kolhapur and Deccan,False,1.000,1
984,STATE_984,STATE_984,984,manpower = 30650,Bastar,False,1.000,1
985,STATE_985,STATE_985,985,manpower = 109808,Sikkim,False,1.000,4
986,STATE_986,STATE_986,986,manpower = 16959758,East Punjab,False,1.000,2
987,STATE_987,STATE_987,987,manpower = 217974,Waziristan,False,1.000,3
988,STATE_988,STATE_988,988,STATE_988,North Baluchistan,False,1.000,6
989,STATE_989,STATE_989,989,STATE_989,Bahawalpur,False,1.000,3
99,STATE_99,STATE_99,99,STATE_99,Jutland,False,1.000,3
990,STATE_990,STATE_990,990,STATE_990,Manipur,False,1.000,3
991,STATE_991,STATE_991,991,STATE_991,Gwalior,False,1.000,4
992,STATE_992,STATE_992,992,STATE_992,Province of Aden,False,1.000,5
993,STATE_993,STATE_993,993,STATE_993,Kentung and Yawnghwe,False,1.000,1
994,STATE_994,STATE_994,994,STATE_994,Tenasserim,False,1.000,1
995,STATE_995,STATE_995,995,STATE_995,Pegu,False,1.000,2
996,STATE_996,STATE_996,996,STATE_996,Irrawaddy,False,1.000,2
997,STATE_997,STATE_997,997,STATE_997,Arakan,False,1.000,1
998,STATE_998,STATE_998,998,STATE_998,Sagaing,False,1.000,1
999,STATE_999,STATE_999,999,STATE_999,Federated Shan,False,1.000,7
