bsr_state_id,bsr_state_name,tsr_state_id,tsr_state_name,issue
2,STATE_2,2,Latium,victory_points province 13432 not in BSR state 2
4,STATE_4,4,STATE_4,victory_points province 732 not in BSR state 4
6,Flanders,6,Flanders,victory_points province 516 not in BSR state 6
7,STATE_7,7,STATE_7,victory_points province 9498 not in BSR state 7
10,STATE_10,10,STATE_10,victory_points province 402 not in BSR state 10
11,STATE_11,815,STATE_815,victory_points province 6229 not in BSR state 11
14,STATE_14,14,STATE_14,victory_points province 3552 not in BSR state 14
17,STATE_17,17,Lorraine,victory_points province 9642 not in BSR state 17
18,STATE_18,1062,STATE_1062,victory_points province 9490 not in BSR state 18
20,STATE_20,20,Rhone,victory_points province 6613 not in BSR state 20
24,STATE_24,24,STATE_24,victory_points province 3671 not in BSR state 24
28,STATE_28,978,Baden,victory_points province 3530 not in BSR state 28
29,STATE_29,29,STATE_29,victory_points province 575 not in BSR state 29
29,STATE_29,29,STATE_29,victory_points province 11483 not in BSR state 29
29,STATE_29,29,STATE_29,victory_points province 11548 not in BSR state 29
30,STATE_30,30,STATE_30,victory_points province 11465 not in BSR state 30
34,STATE_34,34,STATE_34,victory_points province 9536 not in BSR state 34
35,STATE_35,35,STATE_35,victory_points province 11562 not in BSR state 35
36,STATE_36,36,STATE_36,victory_points province 6241 not in BSR state 36
36,STATE_36,36,STATE_36,victory_points province 9363 not in BSR state 36
36,STATE_36,36,STATE_36,victory_points province 9335 not in BSR state 36
39,STATE_39,39,(South Tyrol) Alto Adige,victory_points province 11598 not in BSR state 39
41,STATE_41,41,STATE_41,victory_points province 858 not in BSR state 41
42,STATE_42,42,STATE_42,victory_points province 11435 not in BSR state 42
42,STATE_42,42,STATE_42,victory_points province 9575 not in BSR state 42
42,STATE_42,42,STATE_42,victory_points province 11531 not in BSR state 42
43,Northern Hungary,43,Northern Hungary,victory_points province 6751 not in BSR state 43
44,STATE_44,44,STATE_44,victory_points province 13255 not in BSR state 44
44,STATE_44,44,STATE_44,victory_points province 6900 not in BSR state 44
45,STATE_45,45,STATE_45,victory_points province 9608 not in BSR state 45
47,STATE_47,47,Thessaly,victory_points province 3973 not in BSR state 47
47,STATE_47,47,Thessaly,victory_points province 7127 not in BSR state 47
47,STATE_47,47,Thessaly,victory_points province 3988 not in BSR state 47
48,STATE_48,48,STATE_48,victory_points province 9771 not in BSR state 48
49,STATE_49,49,Ankara,victory_points province 804 not in BSR state 49
49,STATE_49,49,Ankara,victory_points province 3951 not in BSR state 49
50,STATE_50,50,Württemberg,victory_points province 9517 not in BSR state 50
51,STATE_51,51,STATE_51,victory_points province 6469 not in BSR state 51
51,STATE_51,51,STATE_51,victory_points province 587 not in BSR state 51
53,STATE_53,53,STATE_53,victory_points province 9515 not in BSR state 53
54,STATE_54,54,STATE_54,victory_points province 6421 not in BSR state 54
54,STATE_54,54,STATE_54,victory_points province 9557 not in BSR state 54
55,STATE_55,55,STATE_55,victory_points province 6488 not in BSR state 55
55,STATE_55,55,STATE_55,victory_points province 6444 not in BSR state 55
55,STATE_55,55,STATE_55,victory_points province 11560 not in BSR state 55
56,STATE_56,56,STATE_56,victory_points province 241 not in BSR state 56
56,STATE_56,56,STATE_56,victory_points province 11360 not in BSR state 56
58,STATE_58,58,STATE_58,victory_points province 9347 not in BSR state 58
59,STATE_59,58,STATE_58,victory_points province 6389 not in BSR state 59
60,STATE_60,60,STATE_60,victory_points province 425 not in BSR state 60
62,STATE_62,62,STATE_62,victory_points province 3258 not in BSR state 62
63,STATE_63,63,STATE_63,victory_points province 6282 not in BSR state 63
63,STATE_63,63,STATE_63,victory_points province 11372 not in BSR state 63
65,STATE_65,65,STATE_65,victory_points province 3535 not in BSR state 65
65,STATE_65,65,STATE_65,victory_points province 9471 not in BSR state 65
66,STATE_66,66,STATE_66,victory_points province 552 not in BSR state 66
67,STATE_67,67,STATE_67,victory_points province 11467 not in BSR state 67
67,STATE_67,67,STATE_67,victory_points province 9511 not in BSR state 67
69,STATE_69,69,STATE_69,victory_points province 11401 not in BSR state 69
70,STATE_70,70,STATE_70,victory_points province 11539 not in BSR state 70
70,STATE_70,70,STATE_70,victory_points province 541 not in BSR state 70
73,STATE_73,73,STATE_73,victory_points province 6571 not in BSR state 73
76,STATE_76,76,STATE_76,victory_points province 9672 not in BSR state 76
76,STATE_76,76,STATE_76,victory_points province 9670 not in BSR state 76
78,STATE_78,78,STATE_78,victory_points province 3707 not in BSR state 78
79,STATE_79,79,STATE_79,victory_points province 6706 not in BSR state 79
88,STATE_88,88,STATE_88,victory_points province 9427 not in BSR state 88
88,STATE_88,88,STATE_88,victory_points province 442 not in BSR state 88
88,STATE_88,88,STATE_88,victory_points province 9494 not in BSR state 88
92,STATE_92,92,STATE_92,victory_points province 11399 not in BSR state 92
93,STATE_93,93,STATE_93,victory_points province 422 not in BSR state 93
94,STATE_94,94,STATE_94,victory_points province 3392 not in BSR state 94
94,STATE_94,94,STATE_94,victory_points province 560 not in BSR state 94
97,STATE_97,97,STATE_97,victory_points province 3393 not in BSR state 97
97,STATE_97,97,STATE_97,victory_points province 3254 not in BSR state 97
98,STATE_98,98,STATE_98,victory_points province 3230 not in BSR state 98
99,STATE_99,99,STATE_99,victory_points province 3277 not in BSR state 99
99,STATE_99,99,STATE_99,victory_points province 399 not in BSR state 99
99,STATE_99,99,STATE_99,victory_points province 3206 not in BSR state 99
103,STATE_103,103,Dalmatia,victory_points province 6889 not in BSR state 103
103,STATE_103,103,Dalmatia,victory_points province 3924 not in BSR state 103
104,STATE_104,104,STATE_104,victory_points province 11899 not in BSR state 104
104,STATE_104,104,STATE_104,victory_points province 6983 not in BSR state 104
105,STATE_105,105,STATE_105,victory_points province 9821 not in BSR state 105
108,STATE_108,802,STATE_802,victory_points province 9849 not in BSR state 108
111,Uusimaa,111,UUSIMA,victory_points province 11211 not in BSR state 111
115,STATE_115,115,STATE_115,victory_points province 13256 not in BSR state 115
119,STATE_119,119,STATE_119,victory_points province 385 not in BSR state 119
123,STATE_123,123,STATE_123,victory_points province 6526 not in BSR state 123
126,STATE_126,126,STATE_126,victory_points province 6103 not in BSR state 126
127,Sussex,127,Sussex,victory_points province 3501 not in BSR state 127
129,STATE_129,129,STATE_129,victory_points province 6237 not in BSR state 129
137,STATE_137,137,STATE_137,victory_points province 3686 not in BSR state 137
137,STATE_137,137,STATE_137,victory_points province 705 not in BSR state 137
144,STATE_144,925,STATE_925,victory_points province 9116 not in BSR state 144
146,STATE_146,146,KARJALA,victory_points province 9206 not in BSR state 146
148,STATE_148,148,LAPPI,victory_points province 11164 not in BSR state 148
148,STATE_148,148,LAPPI,victory_points province 11125 not in BSR state 148
149,Pohjanmaa,149,VAASA,victory_points province 3122 not in BSR state 149
149,Pohjanmaa,149,VAASA,victory_points province 66 not in BSR state 149
149,Pohjanmaa,149,VAASA,victory_points province 6141 not in BSR state 149
150,Savo,150,KUOPIO,victory_points province 9061 not in BSR state 150
151,STATE_151,151,STATE_151,victory_points province 658 not in BSR state 151
152,STATE_152,152,STATE_152,victory_points province 688 not in BSR state 152
154,STATE_154,154,STATE_154,victory_points province 9706 not in BSR state 154
155,STATE_155,155,North Transdanubia,victory_points province 11627 not in BSR state 155
158,STATE_158,158,STATE_158,victory_points province 6788 not in BSR state 158
158,STATE_158,158,STATE_158,victory_points province 6780 not in BSR state 158
159,STATE_159,159,STATE_159,victory_points province 3780 not in BSR state 159
161,STATE_161,161,STATE_161,victory_points province 6606 not in BSR state 161
161,STATE_161,161,STATE_161,victory_points province 9752 not in BSR state 161
162,STATE_162,162,STATE_162,victory_points province 6973 not in BSR state 162
166,STATE_166,166,STATE_166,victory_points province 9840 not in BSR state 166
179,STATE_179,179,STATE_179,victory_points province 970 not in BSR state 179
183,STATE_183,183,STATE_183,victory_points province 11984 not in BSR state 183
184,STATE_184,184,STATE_184,victory_points province 11905 not in BSR state 184
185,STATE_185,185,STATE_185,victory_points province 10203 not in BSR state 185
185,STATE_185,185,STATE_185,victory_points province 3914 not in BSR state 185
185,STATE_185,185,STATE_185,victory_points province 1205 not in BSR state 185
187,STATE_187,187,STATE_187,victory_points province 6550 not in BSR state 187
187,STATE_187,187,STATE_187,victory_points province 8435 not in BSR state 187
189,STATE_189,189,STATE_189,victory_points province 6314 not in BSR state 189
193,STATE_193,193,Chernihiv,victory_points province 3568 not in BSR state 193
194,Mozyr,194,Mozyr,victory_points province 6232 not in BSR state 194
198,STATE_198,198,STATE_198,victory_points province 476 not in BSR state 198
204,STATE_204,204,Bobruysk,victory_points province 3350 not in BSR state 204
206,STATE_206,206,STATE_206,victory_points province 9289 not in BSR state 206
211,STATE_211,211,STATE_211,victory_points province 9783 not in BSR state 211
211,STATE_211,211,STATE_211,victory_points province 9769 not in BSR state 211
229,STATE_229,229,STATE_229,victory_points province 7661 not in BSR state 229
229,STATE_229,229,STATE_229,victory_points province 11674 not in BSR state 229
230,STATE_230,230,STATE_230,victory_points province 12441 not in BSR state 230
231,STATE_231,231,STATE_231,victory_points province 3653 not in BSR state 231
232,STATE_232,232,Dagestan,victory_points province 6701 not in BSR state 232
232,STATE_232,232,Dagestan,victory_points province 7624 not in BSR state 232
233,STATE_233,233,STATE_233,victory_points province 9663 not in BSR state 233
234,STATE_234,234,STATE_234,victory_points province 3720 not in BSR state 234
234,STATE_234,234,STATE_234,victory_points province 719 not in BSR state 234
243,STATE_243,243,STATE_243,victory_points province 11336 not in BSR state 243
261,STATE_261,261,STATE_261,victory_points province 6890 not in BSR state 261
275,STATE_275,275,Transvaal,victory_points province 10400 not in BSR state 275
276,STATE_276,276,Southern Ontario,victory_points province 3775 not in BSR state 276
277,STATE_277,277,STATE_277,victory_points province 2008 not in BSR state 277
278,Pampas,278,Pampas,victory_points province 7621 not in BSR state 278
279,Santiago,279,Santiago,victory_points province 12984 not in BSR state 279
279,Santiago,279,Santiago,victory_points province 8251 not in BSR state 279
285,STATE_285,285,STATE_285,victory_points province 7859 not in BSR state 285
291,STATE_291,1011,STATE_1011,victory_points province 2089 not in BSR state 291
291,STATE_291,1011,STATE_1011,victory_points province 8001 not in BSR state 291
301,STATE_301,301,STATE_301,victory_points province 11023 not in BSR state 301
303,Lima,303,Lima,victory_points province 2156 not in BSR state 303
304,STATE_304,304,STATE_304,victory_points province 4611 not in BSR state 304
317,STATE_317,317,STATE_317,victory_points province 2075 not in BSR state 317
325,STATE_325,325,STATE_325,victory_points province 4501 not in BSR state 325
325,STATE_325,325,STATE_325,victory_points province 12262 not in BSR state 325
327,Luzon,327,Manila,victory_points province 4288 not in BSR state 327
328,STATE_328,328,Kirin,victory_points province 4572 not in BSR state 328
330,STATE_330,330,STATE_330,victory_points province 7799 not in BSR state 330
334,STATE_334,1077,STATE_1077,victory_points province 12110 not in BSR state 334
339,STATE_339,339,STATE_339,victory_points province 4112 not in BSR state 339
340,STATE_340,1055,STATE_1055,victory_points province 11811 not in BSR state 340
342,STATE_342,342,Antalya,victory_points province 1005 not in BSR state 342
343,STATE_343,346,STATE_346,victory_points province 9861 not in BSR state 343
343,STATE_343,346,STATE_346,victory_points province 6807 not in BSR state 343
345,STATE_345,345,STATE_345,victory_points province 10056 not in BSR state 345
345,STATE_345,345,STATE_345,victory_points province 11810 not in BSR state 345
345,STATE_345,345,STATE_345,victory_points province 11746 not in BSR state 345
346,STATE_346,346,STATE_346,victory_points province 9861 not in BSR state 346
346,STATE_346,346,STATE_346,victory_points province 784 not in BSR state 346
348,STATE_348,348,Kayseri,victory_points province 3870 not in BSR state 348
351,STATE_351,351,Vologda,victory_points province 9131 not in BSR state 351
352,STATE_352,352,STATE_352,victory_points province 7530 not in BSR state 352
354,STATE_354,354,STATE_354,victory_points province 9868 not in BSR state 354
354,STATE_354,354,STATE_354,victory_points province 11853 not in BSR state 354
356,STATE_356,356,Kastamonu,victory_points province 6995 not in BSR state 356
357,STATE_357,357,STATE_357,victory_points province 12459 not in BSR state 357
357,STATE_357,357,STATE_357,victory_points province 9832 not in BSR state 357
358,STATE_358,358,STATE_358,victory_points province 3878 not in BSR state 358
358,STATE_358,358,STATE_358,victory_points province 11654 not in BSR state 358
360,STATE_360,360,STATE_360,victory_points province 6845 not in BSR state 360
360,STATE_360,360,STATE_360,victory_points province 11800 not in BSR state 360
361,STATE_361,361,STATE_361,victory_points province 6984 not in BSR state 361
367,STATE_367,367,STATE_367,victory_points province 7480 not in BSR state 367
367,STATE_367,367,STATE_367,victory_points province 12735 not in BSR state 367
370,STATE_370,370,STATE_370,victory_points province 4464 not in BSR state 370
371,STATE_371,371,STATE_371,victory_points province 7552 not in BSR state 371
375,STATE_375,375,STATE_375,victory_points province 12782 not in BSR state 375
377,STATE_377,377,STATE_377,victory_points province 853 not in BSR state 377
378,STATE_378,378,STATE_378,victory_points province 9814 not in BSR state 378
378,STATE_378,378,STATE_378,victory_points province 1562 not in BSR state 378
378,STATE_378,378,STATE_378,victory_points province 9671 not in BSR state 378
378,STATE_378,378,STATE_378,victory_points province 9713 not in BSR state 378
379,STATE_379,379,STATE_379,victory_points province 4799 not in BSR state 379
382,STATE_382,382,STATE_382,victory_points province 1827 not in BSR state 382
385,STATE_385,385,STATE_385,victory_points province 3513 not in BSR state 385
390,STATE_390,390,STATE_390,victory_points province 1747 not in BSR state 390
402,STATE_402,402,STATE_402,victory_points province 7341 not in BSR state 402
405,STATE_405,405,Tashkent,victory_points province 10488 not in BSR state 405
416,STATE_416,416,STATE_416,victory_points province 5029 not in BSR state 416
420,STATE_420,420,STATE_420,victory_points province 7969 not in BSR state 420
422,STATE_422,422,STATE_422,victory_points province 10201 not in BSR state 422
425,Mysore,425,Mysore,victory_points province 8011 not in BSR state 425
425,Mysore,425,Mysore,victory_points province 4315 not in BSR state 425
440,STATE_440,440,STATE_440,victory_points province 10772 not in BSR state 440
443,STATE_443,443,Sind,victory_points province 3456 not in BSR state 443
446,STATE_446,907,STATE_907,victory_points province 3996 not in BSR state 446
446,STATE_446,907,STATE_907,victory_points province 1068 not in BSR state 446
453,STATE_453,453,STATE_453,victory_points province 10099 not in BSR state 453
454,STATE_454,454,Palestine,victory_points province 1086 not in BSR state 454
454,STATE_454,454,Palestine,victory_points province 1065 not in BSR state 454
456,STATE_456,456,Aswan,victory_points province 12071 not in BSR state 456
456,STATE_456,456,Aswan,victory_points province 11974 not in BSR state 456
456,STATE_456,456,Aswan,victory_points province 11999 not in BSR state 456
458,STATE_458,458,STATE_458,victory_points province 11969 not in BSR state 458
459,STATE_459,513,Tlmecen,victory_points province 12034 not in BSR state 459
468,STATE_468,468,Saint Lawrence,victory_points province 10230 not in BSR state 468
478,Jalisco,478,Jalisco,victory_points province 10172 not in BSR state 478
479,STATE_479,479,STATE_479,victory_points province 5015 not in BSR state 479
485,STATE_485,485,STATE_485,victory_points province 10730 not in BSR state 485
487,STATE_487,487,STATE_487,victory_points province 2160 not in BSR state 487
489,Zulia,489,Zulia,victory_points province 1944 not in BSR state 489
490,STATE_490,490,STATE_490,victory_points province 13289 not in BSR state 490
491,STATE_491,491,STATE_491,victory_points province 10970 not in BSR state 491
492,STATE_492,492,STATE_492,victory_points province 13288 not in BSR state 492
492,STATE_492,492,STATE_492,victory_points province 13286 not in BSR state 492
502,STATE_502,502,STATE_502,victory_points province 10447 not in BSR state 502
504,STATE_504,280,STATE_280,victory_points province 2111 not in BSR state 504
510,STATE_510,510,STATE_510,victory_points province 11007 not in BSR state 510
510,STATE_510,510,STATE_510,victory_points province 12964 not in BSR state 510
510,STATE_510,510,STATE_510,victory_points province 1449 not in BSR state 510
513,STATE_513,513,Tlmecen,victory_points province 12034 not in BSR state 513
527,STATE_527,527,STATE_527,victory_points province 1003 not in BSR state 527
528,STATE_528,528,North Kyushu,victory_points province 11925 not in BSR state 528
530,STATE_530,530,Shikoku,victory_points province 7197 not in BSR state 530
534,Hokuriku,534,"was Hokuriku, is actually Kōshin'etsu",victory_points province 10015 not in BSR state 534
542,STATE_542,542,STATE_542,victory_points province 8214 not in BSR state 542
549,STATE_549,549,"Kurdufan / was ""Sudan""",victory_points province 2096 not in BSR state 549
554,STATE_554,554,STATE_554,victory_points province 4486 not in BSR state 554
566,Irktusk,566,Irktusk,victory_points province 4797 not in BSR state 566
572,Chelyabinsk,572,Chelyabinsk,victory_points province 9292 not in BSR state 572
592,STATE_592,592,STATE_592,victory_points province 1047 not in BSR state 592
593,STATE_593,593,STATE_593,victory_points province 9970 not in BSR state 593
601,STATE_601,601,STATE_601,victory_points province 10856 not in BSR state 601
603,STATE_603,603,STATE_603,victory_points province 4504 not in BSR state 603
604,STATE_604,604,STATE_604,victory_points province 8018 not in BSR state 604
610,STATE_610,610,Jehol,victory_points province 11801 not in BSR state 610
617,STATE_617,617,STATE_617,victory_points province 12601 not in BSR state 617
618,STATE_618,618,Dzungaria,victory_points province 4823 not in BSR state 618
621,STATE_621,621,STATE_621,victory_points province 7158 not in BSR state 621
640,STATE_640,998,STATE_998,victory_points province 4425 not in BSR state 640
641,STATE_641,641,STATE_641,victory_points province 12148 not in BSR state 641
664,STATE_664,664,STATE_664,victory_points province 6573 not in BSR state 664
665,STATE_665,665,STATE_665,victory_points province 7005 not in BSR state 665
666,STATE_666,666,STATE_666,victory_points province 9147 not in BSR state 666
667,STATE_667,667,STATE_667,victory_points province 13406 not in BSR state 667
667,STATE_667,667,STATE_667,victory_points province 13410 not in BSR state 667
671,STATE_671,671,STATE_671,victory_points province 9948 not in BSR state 671
676,STATE_676,676,STATE_676,victory_points province 3916 not in BSR state 676
676,STATE_676,676,STATE_676,victory_points province 6826 not in BSR state 676
677,STATE_677,677,STATE_677,victory_points province 1056 not in BSR state 677
677,STATE_677,677,STATE_677,victory_points province 1088 not in BSR state 677
682,STATE_682,682,STATE_682,victory_points province 7899 not in BSR state 682
688,STATE_688,688,STATE_688,victory_points province 2195 not in BSR state 688
714,STATE_714,714,STATE_714,victory_points province 12485 not in BSR state 714
715,STATE_715,715,STATE_715,victory_points province 11836 not in BSR state 715
719,STATE_719,719,Natal,victory_points province 1468 not in BSR state 719
719,STATE_719,719,Natal,victory_points province 4696 not in BSR state 719
726,STATE_726,726,STATE_726,victory_points province 13431 not in BSR state 726
731,STATE_731,731,STATE_731,victory_points province 11818 not in BSR state 731
736,STATE_736,852,Dalmatia,victory_points province 11564 not in BSR state 736
747,STATE_747,747,STATE_747,victory_points province 10863 not in BSR state 747
754,STATE_754,754,STATE_754,victory_points province 12732 not in BSR state 754
754,STATE_754,754,STATE_754,victory_points province 11448 not in BSR state 754
756,STATE_756,1044,STATE_1044,victory_points province 5100 not in BSR state 756
761,STATE_761,761,STATE_761,victory_points province 12690 not in BSR state 761
771,Zambia,771,Zambia,victory_points province 5221 not in BSR state 771
787,STATE_787,787,Northern Kashmir,victory_points province 1910 not in BSR state 787
788,STATE_788,51,STATE_51,victory_points province 6469 not in BSR state 788
788,STATE_788,51,STATE_51,victory_points province 587 not in BSR state 788
789,STATE_789,42,STATE_42,victory_points province 11435 not in BSR state 789
790,STATE_790,55,STATE_55,victory_points province 564 not in BSR state 790
790,STATE_790,55,STATE_55,victory_points province 6444 not in BSR state 790
790,STATE_790,55,STATE_55,victory_points province 11560 not in BSR state 790
791,STATE_791,55,STATE_55,victory_points province 6488 not in BSR state 791
791,STATE_791,55,STATE_55,victory_points province 564 not in BSR state 791
791,STATE_791,55,STATE_55,victory_points province 6444 not in BSR state 791
791,STATE_791,55,STATE_55,victory_points province 11560 not in BSR state 791
792,STATE_792,42,STATE_42,victory_points province 11435 not in BSR state 792
792,STATE_792,42,STATE_42,victory_points province 9575 not in BSR state 792
792,STATE_792,42,STATE_42,victory_points province 11531 not in BSR state 792
793,STATE_793,64,STATE_64,victory_points province 6521 not in BSR state 793
793,STATE_793,64,STATE_64,victory_points province 9496 not in BSR state 793
794,STATE_794,64,STATE_64,victory_points province 6521 not in BSR state 794
794,STATE_794,64,STATE_64,victory_points province 3522 not in BSR state 794
794,STATE_794,64,STATE_64,victory_points province 9496 not in BSR state 794
795,STATE_795,65,STATE_65,victory_points province 514 not in BSR state 795
796,STATE_796,909,STATE_909,victory_points province 317 not in BSR state 796
797,STATE_797,63,STATE_63,victory_points province 11372 not in BSR state 797
798,STATE_798,52,STATE_52,victory_points province 692 not in BSR state 798
798,STATE_798,52,STATE_52,victory_points province 708 not in BSR state 798
799,STATE_799,50,Württemberg,victory_points province 9517 not in BSR state 799
799,STATE_799,50,Württemberg,victory_points province 11499 not in BSR state 799
801,STATE_801,66,STATE_66,victory_points province 9570 not in BSR state 801
801,STATE_801,66,STATE_66,victory_points province 552 not in BSR state 801
802,STATE_802,66,STATE_66,victory_points province 9570 not in BSR state 802
802,STATE_802,66,STATE_66,victory_points province 552 not in BSR state 802
803,STATE_803,67,STATE_67,victory_points province 11467 not in BSR state 803
803,STATE_803,67,STATE_67,victory_points province 9511 not in BSR state 803
806,STATE_806,153,STATE_153,victory_points province 673 not in BSR state 806
807,STATE_807,4,STATE_4,victory_points province 11666 not in BSR state 807
808,STATE_808,974,South Transdanubia,victory_points province 11610 not in BSR state 808
809,STATE_809,973,STATE_973,victory_points province 6670 not in BSR state 809
815,STATE_815,18,STATE_18,victory_points province 13011 not in BSR state 815
815,STATE_815,18,STATE_18,victory_points province 3560 not in BSR state 815
816,STATE_816,849,STATE_849,victory_points province 9784 not in BSR state 816
816,STATE_816,849,STATE_849,victory_points province 11998 not in BSR state 816
816,STATE_816,849,STATE_849,victory_points province 11837 not in BSR state 816
817,STATE_817,18,STATE_18,victory_points province 13011 not in BSR state 817
817,STATE_817,18,STATE_18,victory_points province 3560 not in BSR state 817
819,STATE_819,24,STATE_24,victory_points province 512 not in BSR state 819
820,STATE_820,31,STATE_31,victory_points province 6766 not in BSR state 820
830,STATE_830,79,STATE_79,victory_points province 9716 not in BSR state 830
830,STATE_830,79,STATE_79,victory_points province 6706 not in BSR state 830
832,STATE_832,971,Northern Dobruja,victory_points province 657 not in BSR state 832
833,STATE_833,46,Muntenia,victory_points province 9617 not in BSR state 833
833,STATE_833,46,Muntenia,victory_points province 3663 not in BSR state 833
835,STATE_835,357,STATE_357,victory_points province 6732 not in BSR state 835
835,STATE_835,357,STATE_357,victory_points province 12459 not in BSR state 835
835,STATE_835,357,STATE_357,victory_points province 9832 not in BSR state 835
836,STATE_836,357,STATE_357,victory_points province 6732 not in BSR state 836
836,STATE_836,357,STATE_357,victory_points province 9832 not in BSR state 836
837,STATE_837,357,STATE_357,victory_points province 6732 not in BSR state 837
837,STATE_837,357,STATE_357,victory_points province 12459 not in BSR state 837
837,STATE_837,357,STATE_357,victory_points province 9832 not in BSR state 837
838,STATE_838,357,STATE_357,victory_points province 6732 not in BSR state 838
838,STATE_838,357,STATE_357,victory_points province 12459 not in BSR state 838
838,STATE_838,357,STATE_357,victory_points province 9832 not in BSR state 838
839,STATE_839,357,STATE_357,victory_points province 6732 not in BSR state 839
839,STATE_839,357,STATE_357,victory_points province 12459 not in BSR state 839
840,STATE_840,357,STATE_357,victory_points province 6732 not in BSR state 840
840,STATE_840,357,STATE_357,victory_points province 12459 not in BSR state 840
840,STATE_840,357,STATE_357,victory_points province 9832 not in BSR state 840
841,STATE_841,361,STATE_361,victory_points province 3957 not in BSR state 841
841,STATE_841,361,STATE_361,victory_points province 6984 not in BSR state 841
842,STATE_842,468,Saint Lawrence,victory_points province 4345 not in BSR state 842
842,STATE_842,468,Saint Lawrence,victory_points province 12149 not in BSR state 842
844,STATE_844,361,STATE_361,victory_points province 3957 not in BSR state 844
845,STATE_845,371,STATE_371,victory_points province 7552 not in BSR state 845
848,STATE_848,383,STATE_383,victory_points province 4740 not in BSR state 848
848,STATE_848,383,STATE_383,victory_points province 7834 not in BSR state 848
849,STATE_849,374,STATE_374,victory_points province 1806 not in BSR state 849
850,STATE_850,375,STATE_375,victory_points province 10337 not in BSR state 850
850,STATE_850,375,STATE_375,victory_points province 3960 not in BSR state 850
850,STATE_850,375,STATE_375,victory_points province 12782 not in BSR state 850
851,STATE_851,375,STATE_375,victory_points province 10337 not in BSR state 851
851,STATE_851,375,STATE_375,victory_points province 3960 not in BSR state 851
851,STATE_851,375,STATE_375,victory_points province 12782 not in BSR state 851
852,STATE_852,375,STATE_375,victory_points province 10337 not in BSR state 852
852,STATE_852,375,STATE_375,victory_points province 3960 not in BSR state 852
853,STATE_853,379,STATE_379,victory_points province 4799 not in BSR state 853
854,STATE_854,378,STATE_378,victory_points province 9814 not in BSR state 854
854,STATE_854,378,STATE_378,victory_points province 1562 not in BSR state 854
854,STATE_854,378,STATE_378,victory_points province 9671 not in BSR state 854
855,STATE_855,378,STATE_378,victory_points province 9814 not in BSR state 855
855,STATE_855,378,STATE_378,victory_points province 1562 not in BSR state 855
855,STATE_855,378,STATE_378,victory_points province 9671 not in BSR state 855
855,STATE_855,378,STATE_378,victory_points province 9713 not in BSR state 855
856,STATE_856,393,STATE_393,victory_points province 6710 not in BSR state 856
857,STATE_857,391,STATE_391,victory_points province 1866 not in BSR state 857
858,STATE_858,371,STATE_371,victory_points province 7552 not in BSR state 858
859,STATE_859,388,STATE_388,victory_points province 4860 not in BSR state 859
863,STATE_863,88,STATE_88,victory_points province 9427 not in BSR state 863
863,STATE_863,88,STATE_88,victory_points province 442 not in BSR state 863
863,STATE_863,88,STATE_88,victory_points province 9494 not in BSR state 863
864,STATE_864,305,STATE_305,victory_points province 12798 not in BSR state 864
864,STATE_864,305,STATE_305,victory_points province 8252 not in BSR state 864
864,STATE_864,305,STATE_305,victory_points province 5120 not in BSR state 864
865,STATE_865,807,STATE_807,victory_points province 9263 not in BSR state 865
865,STATE_865,807,STATE_807,victory_points province 3295 not in BSR state 865
865,STATE_865,807,STATE_807,victory_points province 279 not in BSR state 865
866,STATE_866,736,Name was Istria before the Pola (Istria) split and merge with Fiume,victory_points province 6626 not in BSR state 866
868,STATE_868,45,STATE_45,victory_points province 619 not in BSR state 868
869,STATE_869,109,Croatia,victory_points province 11581 not in BSR state 869
878,STATE_878,108,STATE_108,victory_points province 9602 not in BSR state 878
879,STATE_879,814,STATE_814,victory_points province 11312 not in BSR state 879
880,STATE_880,810,STATE_810,victory_points province 6222 not in BSR state 880
880,STATE_880,810,STATE_810,victory_points province 3255 not in BSR state 880
881,STATE_881,809,STATE_809,victory_points province 310 not in BSR state 881
881,STATE_881,809,STATE_809,victory_points province 222 not in BSR state 881
886,STATE_886,972,STATE_972,victory_points province 557 not in BSR state 886
887,STATE_887,69,STATE_69,victory_points province 3585 not in BSR state 887
887,STATE_887,69,STATE_69,victory_points province 11432 not in BSR state 887
889,STATE_889,70,STATE_70,victory_points province 9692 not in BSR state 889
889,STATE_889,70,STATE_70,victory_points province 11539 not in BSR state 889
889,STATE_889,70,STATE_70,victory_points province 541 not in BSR state 889
892,STATE_892,845,STATE_845,victory_points province 9638 not in BSR state 892
894,STATE_894,151,STATE_151,victory_points province 658 not in BSR state 894
896,STATE_896,772,Middle Congo (Brazzaville),victory_points province 8193 not in BSR state 896
896,STATE_896,772,Middle Congo (Brazzaville),victory_points province 12975 not in BSR state 896
898,STATE_898,774,STATE_774,victory_points province 2081 not in BSR state 898
899,STATE_899,660,STATE_660,victory_points province 12830 not in BSR state 899
901,STATE_901,900,STATE_900,victory_points province 8034 not in BSR state 901
903,STATE_903,1031,STATE_1031,victory_points province 10115 not in BSR state 903
903,STATE_903,1031,STATE_1031,victory_points province 11977 not in BSR state 903
903,STATE_903,1031,STATE_1031,victory_points province 4126 not in BSR state 903
903,STATE_903,1031,STATE_1031,victory_points province 10110 not in BSR state 903
904,STATE_904,1031,STATE_1031,victory_points province 10115 not in BSR state 904
907,STATE_907,1029,STATE_1029,victory_points province 1148 not in BSR state 907
908,STATE_908,527,STATE_527,victory_points province 4052 not in BSR state 908
908,STATE_908,527,STATE_527,victory_points province 11835 not in BSR state 908
908,STATE_908,527,STATE_527,victory_points province 1003 not in BSR state 908
911,STATE_911,1031,STATE_1031,victory_points province 10115 not in BSR state 911
911,STATE_911,1031,STATE_1031,victory_points province 11977 not in BSR state 911
911,STATE_911,1031,STATE_1031,victory_points province 4126 not in BSR state 911
911,STATE_911,1031,STATE_1031,victory_points province 10110 not in BSR state 911
914,STATE_914,280,STATE_280,victory_points province 2111 not in BSR state 914
915,STATE_915,951,STATE_951,victory_points province 8217 not in BSR state 915
917,STATE_917,304,STATE_304,victory_points province 7630 not in BSR state 917
922,STATE_922,285,STATE_285,victory_points province 7859 not in BSR state 922
922,STATE_922,285,STATE_285,victory_points province 12406 not in BSR state 922
922,STATE_922,285,STATE_285,victory_points province 7520 not in BSR state 922
925,STATE_925,78,STATE_78,victory_points province 3707 not in BSR state 925
926,STATE_926,202,STATE_202,victory_points province 525 not in BSR state 926
931,STATE_931,232,Dagestan,victory_points province 7624 not in BSR state 931
932,STATE_932,232,Dagestan,victory_points province 6701 not in BSR state 932
933,STATE_933,95,STATE_95,victory_points province 9304 not in BSR state 933
934,STATE_934,102,STATE_102,victory_points province 665 not in BSR state 934
935,STATE_935,102,STATE_102,victory_points province 665 not in BSR state 935
937,STATE_937,109,Croatia,victory_points province 11581 not in BSR state 937
939,STATE_939,103,Dalmatia,victory_points province 6889 not in BSR state 939
939,STATE_939,103,Dalmatia,victory_points province 3924 not in BSR state 939
940,STATE_940,105,STATE_105,victory_points province 9809 not in BSR state 940
941,STATE_941,802,STATE_802,victory_points province 6940 not in BSR state 941
941,STATE_941,802,STATE_802,victory_points province 9849 not in BSR state 941
942,STATE_942,801,STATE_801,victory_points province 9612 not in BSR state 942
943,STATE_943,211,STATE_211,victory_points province 9902 not in BSR state 943
943,STATE_943,211,STATE_211,victory_points province 6967 not in BSR state 943
943,STATE_943,211,STATE_211,victory_points province 9888 not in BSR state 943
945,STATE_945,1010,STATE_1010,victory_points province 3795 not in BSR state 945
946,STATE_946,1011,STATE_1011,victory_points province 12726 not in BSR state 946
949,STATE_949,293,STATE_293,victory_points province 10840 not in BSR state 949
950,STATE_950,1055,STATE_1055,victory_points province 947 not in BSR state 950
951,STATE_951,345,STATE_345,victory_points province 10056 not in BSR state 951
951,STATE_951,345,STATE_345,victory_points province 11810 not in BSR state 951
951,STATE_951,345,STATE_345,victory_points province 11746 not in BSR state 951
952,STATE_952,183,STATE_183,victory_points province 7193 not in BSR state 952
953,STATE_953,49,Ankara,victory_points province 11747 not in BSR state 953
953,STATE_953,49,Ankara,victory_points province 804 not in BSR state 953
954,STATE_954,343,Afyon,victory_points province 9878 not in BSR state 954
955,STATE_955,355,STATE_355,victory_points province 11881 not in BSR state 955
956,STATE_956,798,STATE_798,victory_points province 919 not in BSR state 956
957,STATE_957,798,STATE_798,victory_points province 3862 not in BSR state 957
958,STATE_958,349,STATE_349,victory_points province 9777 not in BSR state 958
962,STATE_962,528,North Kyushu,victory_points province 1025 not in BSR state 962
962,STATE_962,528,North Kyushu,victory_points province 9950 not in BSR state 962
962,STATE_962,528,North Kyushu,victory_points province 7110 not in BSR state 962
962,STATE_962,528,North Kyushu,victory_points province 11925 not in BSR state 962
963,STATE_963,1019,South Tohoku,victory_points province 7169 not in BSR state 963
964,STATE_964,282,Kanto,victory_points province 1182 not in BSR state 964
964,STATE_964,282,Kanto,victory_points province 9998 not in BSR state 964
965,STATE_965,531,Kansai,victory_points province 7072 not in BSR state 965
965,STATE_965,531,Kansai,victory_points province 11960 not in BSR state 965
965,STATE_965,531,Kansai,victory_points province 1136 not in BSR state 965
966,STATE_966,1018,South Kyushu,victory_points province 4102 not in BSR state 966
966,STATE_966,1018,South Kyushu,victory_points province 1020 not in BSR state 966
967,STATE_967,1018,South Kyushu,victory_points province 4102 not in BSR state 967
968,STATE_968,1018,South Kyushu,victory_points province 1020 not in BSR state 968
969,STATE_969,530,Shikoku,victory_points province 4179 not in BSR state 969
970,STATE_970,409,STATE_409,victory_points province 12189 not in BSR state 970
971,STATE_971,526,STATE_526,victory_points province 11932 not in BSR state 971
972,STATE_972,686,STATE_686,victory_points province 1440 not in BSR state 972
975,STATE_975,187,STATE_187,victory_points province 8435 not in BSR state 975
976,STATE_976,185,STATE_185,victory_points province 10203 not in BSR state 976
976,STATE_976,185,STATE_185,victory_points province 1205 not in BSR state 976
977,STATE_977,185,STATE_185,victory_points province 3914 not in BSR state 977
977,STATE_977,185,STATE_185,victory_points province 1205 not in BSR state 977
978,STATE_978,47,Thessaly,victory_points province 4109 not in BSR state 978
978,STATE_978,47,Thessaly,victory_points province 3973 not in BSR state 978
978,STATE_978,47,Thessaly,victory_points province 3988 not in BSR state 978
979,STATE_979,56,STATE_56,victory_points province 241 not in BSR state 979
979,STATE_979,56,STATE_56,victory_points province 11388 not in BSR state 979
986,STATE_986,160,STATE_160,victory_points province 11584 not in BSR state 986
986,STATE_986,160,STATE_160,victory_points province 3604 not in BSR state 986
986,STATE_986,160,STATE_160,victory_points province 603 not in BSR state 986
987,STATE_987,159,STATE_159,victory_points province 773 not in BSR state 987
988,STATE_988,158,STATE_158,victory_points province 6788 not in BSR state 988
988,STATE_988,158,STATE_158,victory_points province 6780 not in BSR state 988
989,STATE_989,158,STATE_158,victory_points province 6780 not in BSR state 989
990,STATE_990,2,Latium,victory_points province 9904 not in BSR state 990
990,STATE_990,2,Latium,victory_points province 11846 not in BSR state 990
990,STATE_990,2,Latium,victory_points province 13432 not in BSR state 990
991,STATE_991,117,Campania,victory_points province 819 not in BSR state 991
992,STATE_992,849,STATE_849,victory_points province 883 not in BSR state 992
994,STATE_994,947,STATE_947,victory_points province 13086 not in BSR state 994
995,STATE_995,446,Suez,victory_points province 12049 not in BSR state 995
995,STATE_995,446,Suez,victory_points province 4073 not in BSR state 995
996,STATE_996,88,STATE_88,victory_points province 9427 not in BSR state 996
996,STATE_996,88,STATE_88,victory_points province 442 not in BSR state 996
996,STATE_996,88,STATE_88,victory_points province 9494 not in BSR state 996
997,STATE_997,97,STATE_97,victory_points province 11301 not in BSR state 997
997,STATE_997,97,STATE_97,victory_points province 3393 not in BSR state 997
1005,STATE_1005,229,STATE_229,victory_points province 7661 not in BSR state 1005
1005,STATE_1005,229,STATE_229,victory_points province 11674 not in BSR state 1005
1006,STATE_1006,138,STATE_138,victory_points province 9279 not in BSR state 1006
1006,STATE_1006,138,STATE_138,victory_points province 11215 not in BSR state 1006
1006,STATE_1006,138,STATE_138,victory_points province 6345 not in BSR state 1006
1007,STATE_1007,141,Svealand,victory_points province 6050 not in BSR state 1007
1007,STATE_1007,141,Svealand,victory_points province 9149 not in BSR state 1007
1009,STATE_1009,917,STATE_917,victory_points province 11148 not in BSR state 1009
1012,STATE_1012,920,STATE_920,victory_points province 3136 not in BSR state 1012
1017,STATE_1017,330,STATE_330,victory_points province 4801 not in BSR state 1017
1018,STATE_1018,819,STATE_819,victory_points province 12557 not in BSR state 1018
1020,STATE_1020,817,STATE_817,victory_points province 12612 not in BSR state 1020
1022,STATE_1022,328,Kirin,victory_points province 4572 not in BSR state 1022
1022,STATE_1022,328,Kirin,victory_points province 10433 not in BSR state 1022
1023,STATE_1023,716,STATE_716,victory_points province 11771 not in BSR state 1023
1023,STATE_1023,716,STATE_716,victory_points province 11764 not in BSR state 1023
1024,STATE_1024,328,Kirin,victory_points province 4572 not in BSR state 1024
1024,STATE_1024,328,Kirin,victory_points province 10433 not in BSR state 1024
1025,STATE_1025,716,STATE_716,victory_points province 11771 not in BSR state 1025
1025,STATE_1025,716,STATE_716,victory_points province 11764 not in BSR state 1025
1026,STATE_1026,328,Kirin,victory_points province 10433 not in BSR state 1026
1045,STATE_1045,44,STATE_44,victory_points province 9914 not in BSR state 1045
1045,STATE_1045,44,STATE_44,victory_points province 11767 not in BSR state 1045
1045,STATE_1045,44,STATE_44,victory_points province 13255 not in BSR state 1045
1047,STATE_1047,104,STATE_104,victory_points province 11899 not in BSR state 1047
1047,STATE_1047,104,STATE_104,victory_points province 6983 not in BSR state 1047
1048,STATE_1048,104,STATE_104,victory_points province 11899 not in BSR state 1048
1049,STATE_1049,274,STATE_274,victory_points province 10862 not in BSR state 1049
1049,STATE_1049,274,STATE_274,victory_points province 12787 not in BSR state 1049
1058,STATE_1058,35,STATE_35,victory_points province 3262 not in BSR state 1058
1058,STATE_1058,35,STATE_35,victory_points province 6496 not in BSR state 1058
1058,STATE_1058,35,STATE_35,victory_points province 11562 not in BSR state 1058
1059,STATE_1059,36,STATE_36,victory_points province 6241 not in BSR state 1059
1059,STATE_1059,36,STATE_36,victory_points province 9335 not in BSR state 1059
1059,STATE_1059,36,STATE_36,victory_points province 6336 not in BSR state 1059
1060,STATE_1060,35,STATE_35,victory_points province 3262 not in BSR state 1060
1060,STATE_1060,35,STATE_35,victory_points province 6496 not in BSR state 1060
1061,STATE_1061,7,STATE_7,victory_points province 391 not in BSR state 1061
1061,STATE_1061,7,STATE_7,victory_points province 3211 not in BSR state 1061
1062,STATE_1062,51,STATE_51,victory_points province 6469 not in BSR state 1062
1062,STATE_1062,51,STATE_51,victory_points province 587 not in BSR state 1062
1063,STATE_1063,184,STATE_184,victory_points province 11905 not in BSR state 1063
1064,STATE_1064,376,STATE_376,victory_points province 4975 not in BSR state 1064
1065,STATE_1065,382,STATE_382,victory_points province 1827 not in BSR state 1065
1074,STATE_1074,670,STATE_670,victory_points province 1464 not in BSR state 1074
1075,STATE_1075,670,STATE_670,victory_points province 1464 not in BSR state 1075
1076,STATE_1076,1090,STATE_1090,victory_points province 1592 not in BSR state 1076
1077,STATE_1077,1090,STATE_1090,victory_points province 1563 not in BSR state 1077
1078,STATE_1078,671,STATE_671,victory_points province 4075 not in BSR state 1078
1079,STATE_1079,1017,STATE_1017,victory_points province 10309 not in BSR state 1079
1081,STATE_1081,1088,STATE_1088,victory_points province 4401 not in BSR state 1081
1083,STATE_1083,741,STATE_741,victory_points province 7376 not in BSR state 1083
1084,STATE_1084,741,STATE_741,victory_points province 7376 not in BSR state 1084
1088,STATE_1088,559,STATE_559,victory_points province 12991 not in BSR state 1088
1089,STATE_1089,29,STATE_29,victory_points province 11483 not in BSR state 1089
1089,STATE_1089,29,STATE_29,victory_points province 11548 not in BSR state 1089
1091,STATE_1091,231,STATE_231,victory_points province 1599 not in BSR state 1091
1091,STATE_1091,231,STATE_231,victory_points province 3653 not in BSR state 1091
1092,STATE_1092,231,STATE_231,victory_points province 1599 not in BSR state 1092
1092,STATE_1092,231,STATE_231,victory_points province 3653 not in BSR state 1092
1093,STATE_1093,1071,STATE_1071,victory_points province 4652 not in BSR state 1093
1093,STATE_1093,1071,STATE_1071,victory_points province 12212 not in BSR state 1093
1098,STATE_1098,868,STATE_868,victory_points province 10438 not in BSR state 1098
1099,STATE_1099,724,STATE_724,victory_points province 7236 not in BSR state 1099
1100,STATE_1100,834,STATE_834,victory_points province 3757 not in BSR state 1100
1100,STATE_1100,834,STATE_834,victory_points province 741 not in BSR state 1100
1103,STATE_1103,48,STATE_48,victory_points province 949 not in BSR state 1103
1103,STATE_1103,48,STATE_48,victory_points province 9771 not in BSR state 1103
1104,STATE_1104,103,Dalmatia,victory_points province 6889 not in BSR state 1104
1105,STATE_1105,64,STATE_64,victory_points province 3522 not in BSR state 1105
1105,STATE_1105,64,STATE_64,victory_points province 9496 not in BSR state 1105
1106,STATE_1106,699,STATE_699,victory_points province 8038 not in BSR state 1106
1107,STATE_1107,153,STATE_153,victory_points province 673 not in BSR state 1107
1111,STATE_1111,835,STATE_835,victory_points province 7980 not in BSR state 1111
1111,STATE_1111,835,STATE_835,victory_points province 13249 not in BSR state 1111
1112,STATE_1112,63,STATE_63,victory_points province 6282 not in BSR state 1112
1112,STATE_1112,63,STATE_63,victory_points province 11372 not in BSR state 1112
1113,STATE_1113,842,STATE_842,victory_points province 13237 not in BSR state 1113
1113,STATE_1113,842,STATE_842,victory_points province 13238 not in BSR state 1113
1114,STATE_1114,38,Gävleborg,victory_points province 11091 not in BSR state 1114
1119,STATE_1119,87,STATE_87,victory_points province 9508 not in BSR state 1119
1122,STATE_1122,406,Gurev,victory_points province 3618 not in BSR state 1122
1123,STATE_1123,407,STATE_407,victory_points province 11537 not in BSR state 1123
1126,STATE_1126,193,Chernihiv,victory_points province 3568 not in BSR state 1126
1127,STATE_1127,226,Dnipropertovsk,victory_points province 11437 not in BSR state 1127
1127,STATE_1127,226,Dnipropertovsk,victory_points province 11561 not in BSR state 1127
1129,STATE_1129,1005,STATE_1005,victory_points province 10781 not in BSR state 1129
1130,STATE_1130,1007,STATE_1007,victory_points province 12248 not in BSR state 1130
1131,STATE_1131,1008,STATE_1008,victory_points province 5064 not in BSR state 1131
1134,STATE_1134,795,STATE_795,victory_points province 924 not in BSR state 1134
1136,STATE_1136,889,STATE_889,victory_points province 191 not in BSR state 1136
1137,STATE_1137,538,STATE_538,victory_points province 988 not in BSR state 1137
1138,STATE_1138,831,Khiva,victory_points province 12465 not in BSR state 1138
1139,STATE_1139,731,STATE_731,victory_points province 11818 not in BSR state 1139
1142,STATE_1142,212,STATE_212,victory_points province 6923 not in BSR state 1142
1142,STATE_1142,212,STATE_212,victory_points province 6814 not in BSR state 1142
1142,STATE_1142,212,STATE_212,victory_points province 9862 not in BSR state 1142
1143,STATE_1143,212,STATE_212,victory_points province 6923 not in BSR state 1143
1143,STATE_1143,212,STATE_212,victory_points province 6814 not in BSR state 1143
1143,STATE_1143,212,STATE_212,victory_points province 9862 not in BSR state 1143
1148,STATE_1148,589,STATE_589,victory_points province 1668 not in BSR state 1148
1149,STATE_1149,976,STATE_976,victory_points province 3673 not in BSR state 1149
1149,STATE_1149,976,STATE_976,victory_points province 11612 not in BSR state 1149
1151,STATE_1151,150,KUOPIO,victory_points province 11141 not in BSR state 1151
1151,STATE_1151,150,KUOPIO,victory_points province 136 not in BSR state 1151
1151,STATE_1151,150,KUOPIO,victory_points province 3125 not in BSR state 1151
1155,STATE_1155,856,STATE_856,victory_points province 12883 not in BSR state 1155
1155,STATE_1155,856,STATE_856,victory_points province 5037 not in BSR state 1155
1157,STATE_1157,182,STATE_182,victory_points province 9940 not in BSR state 1157
1157,STATE_1157,182,STATE_182,victory_points province 12058 not in BSR state 1157
1159,STATE_1159,731,STATE_731,victory_points province 11818 not in BSR state 1159
1163,Karma,241,Gomel,victory_points province 9288 not in BSR state 1163
1170,STATE_1170,207,STATE_207,victory_points province 11241 not in BSR state 1170
1171,STATE_1171,732,STATE_732,victory_points province 12583 not in BSR state 1171
1175,STATE_1175,358,STATE_358,victory_points province 11654 not in BSR state 1175
1179,STATE_1179,48,STATE_48,victory_points province 949 not in BSR state 1179
1180,STATE_1180,91,Lwow,victory_points province 11479 not in BSR state 1180
1181,STATE_1181,88,STATE_88,victory_points province 9427 not in BSR state 1181
1181,STATE_1181,88,STATE_88,victory_points province 442 not in BSR state 1181
1181,STATE_1181,88,STATE_88,victory_points province 9494 not in BSR state 1181
1183,STATE_1183,28,Alsace-Lorraine,victory_points province 678 not in BSR state 1183
1183,STATE_1183,28,Alsace-Lorraine,victory_points province 9503 not in BSR state 1183
1183,STATE_1183,28,Alsace-Lorraine,victory_points province 9559 not in BSR state 1183
1184,STATE_1184,18,STATE_18,victory_points province 13011 not in BSR state 1184
1185,STATE_1185,20,Rhone,victory_points province 6613 not in BSR state 1185
1186,STATE_1186,23,STATE_23,victory_points province 6657 not in BSR state 1186
1189,STATE_1189,105,STATE_105,victory_points province 9809 not in BSR state 1189
1189,STATE_1189,105,STATE_105,victory_points province 9821 not in BSR state 1189
1190,STATE_1190,108,STATE_108,victory_points province 9602 not in BSR state 1190
1192,STATE_1192,94,STATE_94,victory_points province 560 not in BSR state 1192
1193,STATE_1193,157,STATE_157,victory_points province 925 not in BSR state 1193
1197,STATE_1197,548,STATE_548,victory_points province 12989 not in BSR state 1197
1199,STATE_1199,376,STATE_376,victory_points province 4975 not in BSR state 1199
1200,STATE_1200,376,STATE_376,victory_points province 4975 not in BSR state 1200
1201,STATE_1201,76,STATE_76,victory_points province 6711 not in BSR state 1201
1202,STATE_1202,593,STATE_593,victory_points province 9938 not in BSR state 1202
1202,STATE_1202,593,STATE_593,victory_points province 7108 not in BSR state 1202
1203,STATE_1203,161,STATE_161,victory_points province 6606 not in BSR state 1203
1203,STATE_1203,161,STATE_161,victory_points province 6793 not in BSR state 1203
1204,STATE_1204,106,STATE_106,victory_points province 3882 not in BSR state 1204
1205,STATE_1205,95,STATE_95,victory_points province 9304 not in BSR state 1205
1206,STATE_1206,681,Cape,victory_points province 12589 not in BSR state 1206
1207,STATE_1207,681,Cape,victory_points province 12589 not in BSR state 1207
1208,STATE_1208,275,Transvaal,victory_points province 10400 not in BSR state 1208
1209,STATE_1209,681,Cape,victory_points province 12589 not in BSR state 1209
1210,STATE_1210,681,Cape,victory_points province 12589 not in BSR state 1210
1211,STATE_1211,681,Cape,victory_points province 12589 not in BSR state 1211
1213,STATE_1213,719,Natal,victory_points province 1468 not in BSR state 1213
1213,STATE_1213,719,Natal,victory_points province 4696 not in BSR state 1213
1215,STATE_1215,275,Transvaal,victory_points province 10400 not in BSR state 1215
1216,STATE_1216,275,Transvaal,victory_points province 10400 not in BSR state 1216
1218,STATE_1218,719,Natal,victory_points province 4696 not in BSR state 1218
1222,STATE_1222,229,STATE_229,victory_points province 7661 not in BSR state 1222
1223,STATE_1223,230,STATE_230,victory_points province 12320 not in BSR state 1223
1223,STATE_1223,230,STATE_230,victory_points province 12441 not in BSR state 1223
1225,STATE_1225,231,STATE_231,victory_points province 1599 not in BSR state 1225
1225,STATE_1225,231,STATE_231,victory_points province 3653 not in BSR state 1225
1226,STATE_1226,231,STATE_231,victory_points province 1599 not in BSR state 1226
1226,STATE_1226,231,STATE_231,victory_points province 3653 not in BSR state 1226
1227,STATE_1227,231,STATE_231,victory_points province 1599 not in BSR state 1227
1229,STATE_1229,934,STATE_934,victory_points province 9780 not in BSR state 1229
1230,STATE_1230,106,STATE_106,victory_points province 3882 not in BSR state 1230
1232,STATE_1232,454,Palestine,victory_points province 1086 not in BSR state 1232
1232,STATE_1232,454,Palestine,victory_points province 4206 not in BSR state 1232
1233,STATE_1233,454,Palestine,victory_points province 1086 not in BSR state 1233
1233,STATE_1233,454,Palestine,victory_points province 4206 not in BSR state 1233
1233,STATE_1233,454,Palestine,victory_points province 1065 not in BSR state 1233
1236,STATE_1236,454,Palestine,victory_points province 4206 not in BSR state 1236
1236,STATE_1236,454,Palestine,victory_points province 1065 not in BSR state 1236
1239,STATE_1239,553,STATE_553,victory_points province 792 not in BSR state 1239
1240,STATE_1240,554,STATE_554,victory_points province 4111 not in BSR state 1240
1240,STATE_1240,554,STATE_554,victory_points province 4486 not in BSR state 1240
1241,STATE_1241,554,STATE_554,victory_points province 4111 not in BSR state 1241
1242,STATE_1242,677,STATE_677,victory_points province 12473 not in BSR state 1242
1242,STATE_1242,677,STATE_677,victory_points province 1056 not in BSR state 1242
1244,STATE_1244,676,STATE_676,victory_points province 10106 not in BSR state 1244
1244,STATE_1244,676,STATE_676,victory_points province 3916 not in BSR state 1244
1244,STATE_1244,676,STATE_676,victory_points province 6826 not in BSR state 1244
1245,STATE_1245,676,STATE_676,victory_points province 10106 not in BSR state 1245
1245,STATE_1245,676,STATE_676,victory_points province 3916 not in BSR state 1245
1246,STATE_1246,676,STATE_676,victory_points province 10106 not in BSR state 1246
1246,STATE_1246,676,STATE_676,victory_points province 3916 not in BSR state 1246
1246,STATE_1246,676,STATE_676,victory_points province 6826 not in BSR state 1246
1247,STATE_1247,291,STATE_291,victory_points province 7994 not in BSR state 1247
1249,STATE_1249,413,STATE_413,victory_points province 7953 not in BSR state 1249
1250,STATE_1250,588,Semipalatinsk,victory_points province 12594 not in BSR state 1250
1256,STATE_1256,677,STATE_677,victory_points province 12473 not in BSR state 1256
1256,STATE_1256,677,STATE_677,victory_points province 1088 not in BSR state 1256
1263,STATE_1263,229,STATE_229,victory_points province 7661 not in BSR state 1263
1263,STATE_1263,229,STATE_229,victory_points province 11674 not in BSR state 1263
1264,STATE_1264,676,STATE_676,victory_points province 10106 not in BSR state 1264
1264,STATE_1264,676,STATE_676,victory_points province 6826 not in BSR state 1264
1267,STATE_1267,137,STATE_137,victory_points province 9680 not in BSR state 1267
1267,STATE_1267,137,STATE_137,victory_points province 6704 not in BSR state 1267
1267,STATE_1267,137,STATE_137,victory_points province 705 not in BSR state 1267
1268,STATE_1268,30,STATE_30,victory_points province 11465 not in BSR state 1268
1270,STATE_1270,20,Rhone,victory_points province 6613 not in BSR state 1270
1273,STATE_1273,742,STATE_742,victory_points province 1384 not in BSR state 1273
1274,STATE_1274,447,STATE_447,victory_points province 4076 not in BSR state 1274
1274,STATE_1274,447,STATE_447,victory_points province 1071 not in BSR state 1274
1275,STATE_1275,67,STATE_67,victory_points province 9511 not in BSR state 1275
1276,STATE_1276,907,STATE_907,victory_points province 7011 not in BSR state 1276
1277,STATE_1277,456,Aswan,victory_points province 12071 not in BSR state 1277
1277,STATE_1277,456,Aswan,victory_points province 11999 not in BSR state 1277
1278,STATE_1278,456,Aswan,victory_points province 12071 not in BSR state 1278
1278,STATE_1278,456,Aswan,victory_points province 11974 not in BSR state 1278
1278,STATE_1278,456,Aswan,victory_points province 11999 not in BSR state 1278
1279,STATE_1279,456,Aswan,victory_points province 11974 not in BSR state 1279
1285,STATE_1285,547,STATE_547,victory_points province 1939 not in BSR state 1285
1288,STATE_1288,453,STATE_453,victory_points province 4161 not in BSR state 1288
1291,STATE_1291,1055,STATE_1055,victory_points province 11811 not in BSR state 1291
1291,STATE_1291,1055,STATE_1055,victory_points province 947 not in BSR state 1291
1300,STATE_1300,510,STATE_510,victory_points province 11007 not in BSR state 1300
1300,STATE_1300,510,STATE_510,victory_points province 12964 not in BSR state 1300
1302,STATE_1302,803,STATE_803,victory_points province 11857 not in BSR state 1302
1303,STATE_1303,185,STATE_185,victory_points province 10203 not in BSR state 1303
1303,STATE_1303,185,STATE_185,victory_points province 3914 not in BSR state 1303
1303,STATE_1303,185,STATE_185,victory_points province 1205 not in BSR state 1303
1305,STATE_1305,755,STATE_755,victory_points province 10750 not in BSR state 1305
1313,STATE_1313,747,STATE_747,victory_points province 7965 not in BSR state 1313
1313,STATE_1313,747,STATE_747,victory_points province 10863 not in BSR state 1313
1314,STATE_1314,1079,STATE_1079,victory_points province 10505 not in BSR state 1314
1315,STATE_1315,594,STATE_594,victory_points province 7137 not in BSR state 1315
1315,STATE_1315,594,STATE_594,victory_points province 10459 not in BSR state 1315
1317,STATE_1317,599,STATE_599,victory_points province 10404 not in BSR state 1317
1317,STATE_1317,599,STATE_599,victory_points province 1597 not in BSR state 1317
1323,STATE_1323,688,STATE_688,victory_points province 5165 not in BSR state 1323
1325,STATE_1325,71,STATE_71,victory_points province 3581 not in BSR state 1325
1328,STATE_1328,65,STATE_65,victory_points province 514 not in BSR state 1328
1328,STATE_1328,65,STATE_65,victory_points province 3535 not in BSR state 1328
1328,STATE_1328,65,STATE_65,victory_points province 9471 not in BSR state 1328
1329,STATE_1329,64,STATE_64,victory_points province 6521 not in BSR state 1329
1329,STATE_1329,64,STATE_64,victory_points province 3522 not in BSR state 1329
1329,STATE_1329,64,STATE_64,victory_points province 9496 not in BSR state 1329
1332,STATE_1332,68,STATE_68,victory_points province 3473 not in BSR state 1332
1333,STATE_1333,63,STATE_63,victory_points province 6282 not in BSR state 1333
1333,STATE_1333,63,STATE_63,victory_points province 11372 not in BSR state 1333
1334,STATE_1334,51,STATE_51,victory_points province 6469 not in BSR state 1334
1334,STATE_1334,51,STATE_51,victory_points province 587 not in BSR state 1334
1344,STATE_1344,592,STATE_592,victory_points province 12077 not in BSR state 1344
1347,STATE_1347,67,STATE_67,victory_points province 11467 not in BSR state 1347
1348,STATE_1348,67,STATE_67,victory_points province 11467 not in BSR state 1348
1348,STATE_1348,67,STATE_67,victory_points province 9511 not in BSR state 1348
1350,STATE_1350,42,STATE_42,victory_points province 9575 not in BSR state 1350
1350,STATE_1350,42,STATE_42,victory_points province 11531 not in BSR state 1350
1351,STATE_1351,158,STATE_158,victory_points province 6788 not in BSR state 1351
1351,STATE_1351,158,STATE_158,victory_points province 6780 not in BSR state 1351
1352,STATE_1352,806,STATE_806,victory_points province 9710 not in BSR state 1352
1353,STATE_1353,806,STATE_806,victory_points province 9710 not in BSR state 1353
1358,STATE_1358,540,STATE_540,victory_points province 8248 not in BSR state 1358
1361,STATE_1361,148,LAPPI,victory_points province 11164 not in BSR state 1361
1361,STATE_1361,148,LAPPI,victory_points province 6087 not in BSR state 1361
1361,STATE_1361,148,LAPPI,victory_points province 6142 not in BSR state 1361
1362,STATE_1362,666,STATE_666,victory_points province 9108 not in BSR state 1362
1362,STATE_1362,666,STATE_666,victory_points province 3095 not in BSR state 1362
1362,STATE_1362,666,STATE_666,victory_points province 11155 not in BSR state 1362
1363,STATE_1363,97,STATE_97,victory_points province 11301 not in BSR state 1363
1363,STATE_1363,97,STATE_97,victory_points province 3393 not in BSR state 1363
1363,STATE_1363,97,STATE_97,victory_points province 3254 not in BSR state 1363
1364,STATE_1364,807,STATE_807,victory_points province 9263 not in BSR state 1364
1364,STATE_1364,807,STATE_807,victory_points province 279 not in BSR state 1364
1366,STATE_1366,229,STATE_229,victory_points province 7661 not in BSR state 1366
1366,STATE_1366,229,STATE_229,victory_points province 11674 not in BSR state 1366
1367,STATE_1367,230,STATE_230,victory_points province 12320 not in BSR state 1367
1369,STATE_1369,146,KARJALA,victory_points province 9206 not in BSR state 1369
1370,STATE_1370,179,STATE_179,victory_points province 3790 not in BSR state 1370
1370,STATE_1370,179,STATE_179,victory_points province 6880 not in BSR state 1370
1370,STATE_1370,179,STATE_179,victory_points province 6933 not in BSR state 1370
1370,STATE_1370,179,STATE_179,victory_points province 970 not in BSR state 1370
1373,STATE_1373,97,STATE_97,victory_points province 11301 not in BSR state 1373
1373,STATE_1373,97,STATE_97,victory_points province 3393 not in BSR state 1373
1373,STATE_1373,97,STATE_97,victory_points province 3254 not in BSR state 1373
1374,STATE_1374,88,STATE_88,victory_points province 442 not in BSR state 1374
1374,STATE_1374,88,STATE_88,victory_points province 9494 not in BSR state 1374
1375,STATE_1375,95,STATE_95,victory_points province 9304 not in BSR state 1375
1378,Northern Hungary,43,Northern Hungary,victory_points province 9660 not in BSR state 1378
1379,STATE_1379,154,STATE_154,victory_points province 11659 not in BSR state 1379
1379,STATE_1379,154,STATE_154,victory_points province 11646 not in BSR state 1379
1379,STATE_1379,154,STATE_154,victory_points province 679 not in BSR state 1379
1381,STATE_1381,146,KARJALA,victory_points province 9206 not in BSR state 1381
1383,STATE_1383,96,STATE_96,victory_points province 406 not in BSR state 1383
1384,STATE_1384,94,STATE_94,victory_points province 3392 not in BSR state 1384
1384,STATE_1384,94,STATE_94,victory_points province 560 not in BSR state 1384
1385,STATE_1385,93,STATE_93,victory_points province 6557 not in BSR state 1385
1385,STATE_1385,93,STATE_93,victory_points province 422 not in BSR state 1385
1386,STATE_1386,91,Lwow,victory_points province 11479 not in BSR state 1386
1387,STATE_1387,103,Dalmatia,victory_points province 3924 not in BSR state 1387
1391,STATE_1391,158,STATE_158,victory_points province 6788 not in BSR state 1391
1392,STATE_1392,417,Hamadan,victory_points province 8040 not in BSR state 1392
1392,STATE_1392,417,Hamadan,victory_points province 2065 not in BSR state 1392
1393,STATE_1393,420,STATE_420,victory_points province 4901 not in BSR state 1393
1394,STATE_1394,411,Isfahan,victory_points province 2026 not in BSR state 1394
1394,STATE_1394,411,Isfahan,victory_points province 4928 not in BSR state 1394
1395,STATE_1395,134,STATE_134,victory_points province 9303 not in BSR state 1395
1395,STATE_1395,134,STATE_134,victory_points province 11371 not in BSR state 1395
1396,STATE_1396,113,Leinster,victory_points province 285 not in BSR state 1396
1396,STATE_1396,113,Leinster,victory_points province 303 not in BSR state 1396
1396,STATE_1396,113,Leinster,victory_points province 11293 not in BSR state 1396
1397,STATE_1397,119,STATE_119,victory_points province 3379 not in BSR state 1397
1398,STATE_1398,119,STATE_119,victory_points province 3379 not in BSR state 1398
1398,STATE_1398,119,STATE_119,victory_points province 385 not in BSR state 1398
1399,STATE_1399,119,STATE_119,victory_points province 3379 not in BSR state 1399
1399,STATE_1399,119,STATE_119,victory_points province 385 not in BSR state 1399
1401,STATE_1401,128,STATE_128,victory_points province 9297 not in BSR state 1401
1402,STATE_1402,504,STATE_504,victory_points province 12951 not in BSR state 1402
1403,STATE_1403,108,STATE_108,victory_points province 9602 not in BSR state 1403
1404,STATE_1404,104,STATE_104,victory_points province 6983 not in BSR state 1404
1405,Cornwall,123,STATE_123,victory_points province 540 not in BSR state 1405
1406,STATE_1406,92,STATE_92,victory_points province 11399 not in BSR state 1406
1407,STATE_1407,408,STATE_408,victory_points province 957 not in BSR state 1407
1408,STATE_1408,5,STATE_5,victory_points province 6375 not in BSR state 1408
1409,STATE_1409,5,STATE_5,victory_points province 6375 not in BSR state 1409
1412,STATE_1412,99,STATE_99,victory_points province 6235 not in BSR state 1412
1412,STATE_1412,99,STATE_99,victory_points province 6364 not in BSR state 1412
1413,STATE_1413,99,STATE_99,victory_points province 6235 not in BSR state 1413
1413,STATE_1413,99,STATE_99,victory_points province 6364 not in BSR state 1413
1413,STATE_1413,99,STATE_99,victory_points province 3277 not in BSR state 1413
1413,STATE_1413,99,STATE_99,victory_points province 399 not in BSR state 1413
1413,STATE_1413,99,STATE_99,victory_points province 3206 not in BSR state 1413
1415,STATE_1415,50,Württemberg,victory_points province 9517 not in BSR state 1415
1415,STATE_1415,50,Württemberg,victory_points province 11499 not in BSR state 1415
1418,STATE_1418,473,STATE_473,victory_points province 1408 not in BSR state 1418
1421,STATE_1421,104,STATE_104,victory_points province 11899 not in BSR state 1421
1421,STATE_1421,104,STATE_104,victory_points province 6983 not in BSR state 1421
1422,STATE_1422,127,Sussex,victory_points province 9458 not in BSR state 1422
1424,STATE_1424,807,STATE_807,victory_points province 9263 not in BSR state 1424
1424,STATE_1424,807,STATE_807,victory_points province 3295 not in BSR state 1424
1425,STATE_1425,807,STATE_807,victory_points province 3295 not in BSR state 1425
1425,STATE_1425,807,STATE_807,victory_points province 279 not in BSR state 1425
1426,STATE_1426,86,STATE_86,victory_points province 6558 not in BSR state 1426
1427,STATE_1427,185,STATE_185,victory_points province 10203 not in BSR state 1427
1427,STATE_1427,185,STATE_185,victory_points province 3914 not in BSR state 1427
1427,STATE_1427,185,STATE_185,victory_points province 1205 not in BSR state 1427
1428,STATE_1428,731,STATE_731,victory_points province 11818 not in BSR state 1428
1430,STATE_1430,29,STATE_29,victory_points province 575 not in BSR state 1430
1430,STATE_1430,29,STATE_29,victory_points province 11548 not in BSR state 1430
1431,STATE_1431,155,North Transdanubia,victory_points province 6720 not in BSR state 1431
1431,STATE_1431,155,North Transdanubia,victory_points province 686 not in BSR state 1431
1432,STATE_1432,55,STATE_55,victory_points province 6488 not in BSR state 1432
1432,STATE_1432,55,STATE_55,victory_points province 564 not in BSR state 1432
1432,STATE_1432,55,STATE_55,victory_points province 11560 not in BSR state 1432
1433,STATE_1433,94,STATE_94,victory_points province 3392 not in BSR state 1433
1433,STATE_1433,94,STATE_94,victory_points province 560 not in BSR state 1433
1434,STATE_1434,93,STATE_93,victory_points province 6557 not in BSR state 1434
1434,STATE_1434,93,STATE_93,victory_points province 422 not in BSR state 1434
1435,STATE_1435,6,Flanders,victory_points province 6560 not in BSR state 1435
1435,STATE_1435,6,Flanders,victory_points province 3576 not in BSR state 1435
1436,STATE_1436,28,Alsace-Lorraine,victory_points province 678 not in BSR state 1436
1436,STATE_1436,28,Alsace-Lorraine,victory_points province 9503 not in BSR state 1436
1436,STATE_1436,28,Alsace-Lorraine,victory_points province 9559 not in BSR state 1436
1437,STATE_1437,230,STATE_230,victory_points province 12320 not in BSR state 1437
1437,STATE_1437,230,STATE_230,victory_points province 12441 not in BSR state 1437
1438,STATE_1438,189,STATE_189,victory_points province 9483 not in BSR state 1438
1441,STATE_1441,95,STATE_95,victory_points province 9304 not in BSR state 1441
1443,STATE_1443,763,STATE_763,victory_points province 6332 not in BSR state 1443
1444,STATE_1444,227,STATE_227,victory_points province 6474 not in BSR state 1444
1445,STATE_1445,228,Voroshilovgrad,victory_points province 9461 not in BSR state 1445
1446,STATE_1446,225,Sumy,victory_points province 3520 not in BSR state 1446
1446,STATE_1446,225,Sumy,victory_points province 9566 not in BSR state 1446
1447,STATE_1447,50,Württemberg,victory_points province 9517 not in BSR state 1447
1447,STATE_1447,50,Württemberg,victory_points province 11499 not in BSR state 1447
1448,STATE_1448,818,STATE_818,victory_points province 7843 not in BSR state 1448
1450,STATE_1450,102,STATE_102,victory_points province 665 not in BSR state 1450
1453,STATE_1453,47,Thessaly,victory_points province 4109 not in BSR state 1453
1453,STATE_1453,47,Thessaly,victory_points province 7127 not in BSR state 1453
1453,STATE_1453,47,Thessaly,victory_points province 3988 not in BSR state 1453
1455,STATE_1455,199,STATE_199,victory_points province 3457 not in BSR state 1455
1456,STATE_1456,362,STATE_362,victory_points province 788 not in BSR state 1456
1456,STATE_1456,362,STATE_362,victory_points province 10412 not in BSR state 1456
1457,STATE_1457,153,STATE_153,victory_points province 673 not in BSR state 1457
1459,STATE_1459,584,STATE_584,victory_points province 12333 not in BSR state 1459
1460,STATE_1460,584,STATE_584,victory_points province 12333 not in BSR state 1460
1461,STATE_1461,584,STATE_584,victory_points province 12333 not in BSR state 1461
1462,STATE_1462,584,STATE_584,victory_points province 12333 not in BSR state 1462
1463,STATE_1463,405,Tashkent,victory_points province 1459 not in BSR state 1463
1463,STATE_1463,405,Tashkent,victory_points province 10488 not in BSR state 1463
1466,STATE_1466,584,STATE_584,victory_points province 12333 not in BSR state 1466
1467,STATE_1467,823,Karakalpakstan,victory_points province 1614 not in BSR state 1467
1468,STATE_1468,742,STATE_742,victory_points province 1384 not in BSR state 1468
1469,STATE_1469,404,Kyzyl Orda,victory_points province 7597 not in BSR state 1469
1470,STATE_1470,206,STATE_206,victory_points province 11370 not in BSR state 1470
1472,STATE_1472,52,STATE_52,victory_points province 692 not in BSR state 1472
1472,STATE_1472,52,STATE_52,victory_points province 708 not in BSR state 1472
1473,STATE_1473,59,STATE_59,victory_points province 3326 not in BSR state 1473
1473,STATE_1473,59,STATE_59,victory_points province 374 not in BSR state 1473
1475,STATE_1475,266,Tehran,victory_points province 10837 not in BSR state 1475
1477,STATE_1477,588,Semipalatinsk,victory_points province 12594 not in BSR state 1477
1478,STATE_1478,14,STATE_14,victory_points province 6536 not in BSR state 1478
1478,STATE_1478,14,STATE_14,victory_points province 9495 not in BSR state 1478
1480,STATE_1480,302,STATE_302,victory_points province 5230 not in BSR state 1480
1480,STATE_1480,302,STATE_302,victory_points province 12930 not in BSR state 1480
1481,STATE_1481,503,STATE_503,victory_points province 4548 not in BSR state 1481
1481,STATE_1481,503,STATE_503,victory_points province 10405 not in BSR state 1481
1482,STATE_1482,29,STATE_29,victory_points province 575 not in BSR state 1482
1482,STATE_1482,29,STATE_29,victory_points province 11483 not in BSR state 1482
1484,STATE_1484,939,STATE_939,victory_points province 5214 not in BSR state 1484
1485,STATE_1485,94,STATE_94,victory_points province 3392 not in BSR state 1485
1485,STATE_1485,94,STATE_94,victory_points province 560 not in BSR state 1485
1486,STATE_1486,212,STATE_212,victory_points province 6923 not in BSR state 1486
1486,STATE_1486,212,STATE_212,victory_points province 6814 not in BSR state 1486
1486,STATE_1486,212,STATE_212,victory_points province 9862 not in BSR state 1486
1487,STATE_1487,229,STATE_229,victory_points province 11674 not in BSR state 1487
1488,STATE_1488,859,STATE_859,victory_points province 12702 not in BSR state 1488
1489,STATE_1489,405,Tashkent,victory_points province 1459 not in BSR state 1489
1490,STATE_1490,202,STATE_202,victory_points province 525 not in BSR state 1490
1491,STATE_1491,202,STATE_202,victory_points province 525 not in BSR state 1491
1493,STATE_1493,773,Cameroon,victory_points province 2080 not in BSR state 1493
1494,STATE_1494,367,STATE_367,victory_points province 12735 not in BSR state 1494
1496,STATE_1496,370,STATE_370,victory_points province 4464 not in BSR state 1496
1497,STATE_1497,367,STATE_367,victory_points province 7480 not in BSR state 1497
1498,STATE_1498,856,STATE_856,victory_points province 12883 not in BSR state 1498
1498,STATE_1498,856,STATE_856,victory_points province 5037 not in BSR state 1498
1500,STATE_1500,180,STATE_180,victory_points province 9817 not in BSR state 1500
1500,STATE_1500,180,STATE_180,victory_points province 11673 not in BSR state 1500
1501,STATE_1501,795,STATE_795,victory_points province 9869 not in BSR state 1501
1502,STATE_1502,179,STATE_179,victory_points province 3790 not in BSR state 1502
1502,STATE_1502,179,STATE_179,victory_points province 6880 not in BSR state 1502
1502,STATE_1502,179,STATE_179,victory_points province 6933 not in BSR state 1502
1503,STATE_1503,170,STATE_170,victory_points province 6902 not in BSR state 1503
1506,STATE_1506,58,STATE_58,victory_points province 6389 not in BSR state 1506
1506,STATE_1506,58,STATE_58,victory_points province 9347 not in BSR state 1506
1507,STATE_1507,1054,STATE_1054,victory_points province 3696 not in BSR state 1507
1508,STATE_1508,63,STATE_63,victory_points province 6282 not in BSR state 1508
1508,STATE_1508,63,STATE_63,victory_points province 11372 not in BSR state 1508
1509,STATE_1509,62,STATE_62,victory_points province 9388 not in BSR state 1509
1509,STATE_1509,62,STATE_62,victory_points province 3258 not in BSR state 1509
1510,STATE_1510,44,STATE_44,victory_points province 9914 not in BSR state 1510
1510,STATE_1510,44,STATE_44,victory_points province 11767 not in BSR state 1510
1510,STATE_1510,44,STATE_44,victory_points province 13255 not in BSR state 1510
1510,STATE_1510,44,STATE_44,victory_points province 6900 not in BSR state 1510
1513,STATE_1513,47,Thessaly,victory_points province 4109 not in BSR state 1513
1513,STATE_1513,47,Thessaly,victory_points province 3973 not in BSR state 1513
1513,STATE_1513,47,Thessaly,victory_points province 7127 not in BSR state 1513
1515,STATE_1515,845,STATE_845,victory_points province 9638 not in BSR state 1515
1515,STATE_1515,845,STATE_845,victory_points province 6666 not in BSR state 1515
1517,STATE_1517,378,STATE_378,victory_points province 9814 not in BSR state 1517
1517,STATE_1517,378,STATE_378,victory_points province 1562 not in BSR state 1517
1517,STATE_1517,378,STATE_378,victory_points province 9671 not in BSR state 1517
1517,STATE_1517,378,STATE_378,victory_points province 9713 not in BSR state 1517
1518,STATE_1518,378,STATE_378,victory_points province 1562 not in BSR state 1518
1518,STATE_1518,378,STATE_378,victory_points province 9671 not in BSR state 1518
1518,STATE_1518,378,STATE_378,victory_points province 9713 not in BSR state 1518
1519,STATE_1519,42,STATE_42,victory_points province 11435 not in BSR state 1519
1519,STATE_1519,42,STATE_42,victory_points province 9575 not in BSR state 1519
1519,STATE_1519,42,STATE_42,victory_points province 11531 not in BSR state 1519
1525,STATE_1525,546,STATE_546,victory_points province 2196 not in BSR state 1525
1526,STATE_1526,546,STATE_546,victory_points province 2196 not in BSR state 1526
1527,STATE_1527,771,Zambia,victory_points province 5199 not in BSR state 1527
1527,STATE_1527,771,Zambia,victory_points province 5221 not in BSR state 1527
1529,STATE_1529,981,Barotseland,victory_points province 697 not in BSR state 1529
1530,Zambia,771,Zambia,victory_points province 5199 not in BSR state 1530
1531,STATE_1531,545,STATE_545,victory_points province 10929 not in BSR state 1531
1532,STATE_1532,495,STATE_495,victory_points province 10934 not in BSR state 1532
1534,STATE_1534,542,STATE_542,victory_points province 8214 not in BSR state 1534
1537,STATE_1537,542,STATE_542,victory_points province 8214 not in BSR state 1537
1539,STATE_1539,889,STATE_889,victory_points province 191 not in BSR state 1539
1540,STATE_1540,718,STATE_718,victory_points province 1950 not in BSR state 1540
1542,STATE_1542,544,STATE_544,victory_points province 8245 not in BSR state 1542
1543,STATE_1543,541,STATE_541,victory_points province 4879 not in BSR state 1543
1545,STATE_1545,998,STATE_998,victory_points province 4425 not in BSR state 1545
1548,STATE_1548,297,Equatorial Guinea,victory_points province 1903 not in BSR state 1548
1552,STATE_1552,354,STATE_354,victory_points province 9932 not in BSR state 1552
1552,STATE_1552,354,STATE_354,victory_points province 3979 not in BSR state 1552
1552,STATE_1552,354,STATE_354,victory_points province 9868 not in BSR state 1552
1553,STATE_1553,91,Lwow,victory_points province 11479 not in BSR state 1553
1554,STATE_1554,976,STATE_976,victory_points province 9648 not in BSR state 1554
1554,STATE_1554,976,STATE_976,victory_points province 3673 not in BSR state 1554
1555,STATE_1555,93,STATE_93,victory_points province 6557 not in BSR state 1555
1555,STATE_1555,93,STATE_93,victory_points province 422 not in BSR state 1555
1557,STATE_1557,94,STATE_94,victory_points province 3392 not in BSR state 1557
1558,STATE_1558,88,STATE_88,victory_points province 9427 not in BSR state 1558
1558,STATE_1558,88,STATE_88,victory_points province 9494 not in BSR state 1558
1559,STATE_1559,36,STATE_36,victory_points province 9363 not in BSR state 1559
1559,STATE_1559,36,STATE_36,victory_points province 9335 not in BSR state 1559
1559,STATE_1559,36,STATE_36,victory_points province 6336 not in BSR state 1559
1560,STATE_1560,86,STATE_86,victory_points province 6558 not in BSR state 1560
1561,STATE_1561,807,STATE_807,victory_points province 9263 not in BSR state 1561
1561,STATE_1561,807,STATE_807,victory_points province 3295 not in BSR state 1561
1561,STATE_1561,807,STATE_807,victory_points province 279 not in BSR state 1561
1562,STATE_1562,463,STATE_463,victory_points province 13090 not in BSR state 1562
1562,STATE_1562,463,STATE_463,victory_points province 13091 not in BSR state 1562
1563,STATE_1563,784,STATE_784,victory_points province 3320 not in BSR state 1563
1564,STATE_1564,463,STATE_463,victory_points province 13090 not in BSR state 1564
1564,STATE_1564,463,STATE_463,victory_points province 13091 not in BSR state 1564
1566,STATE_1566,377,STATE_377,victory_points province 853 not in BSR state 1566
1567,STATE_1567,376,STATE_376,victory_points province 4975 not in BSR state 1567
1569,Arabian Desert,457,Arabian Desert,victory_points province 12002 not in BSR state 1569
1570,STATE_1570,73,STATE_73,victory_points province 3548 not in BSR state 1570
1570,STATE_1570,73,STATE_73,victory_points province 11691 not in BSR state 1570
1571,STATE_1571,137,STATE_137,victory_points province 3686 not in BSR state 1571
1571,STATE_1571,137,STATE_137,victory_points province 9680 not in BSR state 1571
1571,STATE_1571,137,STATE_137,victory_points province 6704 not in BSR state 1571
1572,STATE_1572,928,KYME,victory_points province 9183 not in BSR state 1572
1573,STATE_1573,819,STATE_819,victory_points province 12557 not in BSR state 1573
1574,STATE_1574,957,STATE_957,victory_points province 12922 not in BSR state 1574
1575,STATE_1575,513,Tlmecen,victory_points province 12034 not in BSR state 1575
1577,STATE_1577,459,Algiers,victory_points province 7132 not in BSR state 1577
1579,STATE_1579,952,STATE_952,victory_points province 5228 not in BSR state 1579
1580,STATE_1580,959,STATE_959,victory_points province 2224 not in BSR state 1580
1582,STATE_1582,785,STATE_785,victory_points province 11420 not in BSR state 1582
1586,STATE_1586,454,Palestine,victory_points province 1086 not in BSR state 1586
1586,STATE_1586,454,Palestine,victory_points province 4206 not in BSR state 1586
1586,STATE_1586,454,Palestine,victory_points province 1065 not in BSR state 1586
1587,STATE_1587,98,STATE_98,victory_points province 3230 not in BSR state 1587
1588,STATE_1588,88,STATE_88,victory_points province 9427 not in BSR state 1588
1588,STATE_1588,88,STATE_88,victory_points province 442 not in BSR state 1588
1589,STATE_1589,92,STATE_92,victory_points province 11399 not in BSR state 1589
1590,STATE_1590,93,STATE_93,victory_points province 6557 not in BSR state 1590
1594,STATE_1594,101,STATE_101,victory_points province 12512 not in BSR state 1594
1595,STATE_1595,184,STATE_184,victory_points province 11905 not in BSR state 1595
1596,STATE_1596,161,STATE_161,victory_points province 6606 not in BSR state 1596
1596,STATE_1596,161,STATE_161,victory_points province 6793 not in BSR state 1596
1596,STATE_1596,161,STATE_161,victory_points province 9752 not in BSR state 1596
1597,STATE_1597,276,Southern Ontario,victory_points province 3778 not in BSR state 1597
1599,STATE_1599,88,STATE_88,victory_points province 9427 not in BSR state 1599
1599,STATE_1599,88,STATE_88,victory_points province 442 not in BSR state 1599
1599,STATE_1599,88,STATE_88,victory_points province 9494 not in BSR state 1599
1600,STATE_1600,763,STATE_763,victory_points province 6332 not in BSR state 1600
1601,STATE_1601,47,Thessaly,victory_points province 4109 not in BSR state 1601
1601,STATE_1601,47,Thessaly,victory_points province 3973 not in BSR state 1601
1601,STATE_1601,47,Thessaly,victory_points province 7127 not in BSR state 1601
1601,STATE_1601,47,Thessaly,victory_points province 3988 not in BSR state 1601
1602,STATE_1602,94,STATE_94,victory_points province 3392 not in BSR state 1602
1602,STATE_1602,94,STATE_94,victory_points province 560 not in BSR state 1602
1604,STATE_1604,11,STATE_11,victory_points province 6296 not in BSR state 1604
1604,STATE_1604,11,STATE_11,victory_points province 9357 not in BSR state 1604
1605,STATE_1605,487,STATE_487,victory_points province 2160 not in BSR state 1605
1608,STATE_1608,391,STATE_391,victory_points province 1866 not in BSR state 1608
1610,STATE_1610,389,STATE_389,victory_points province 1836 not in BSR state 1610
1611,STATE_1611,65,STATE_65,victory_points province 514 not in BSR state 1611
1611,STATE_1611,65,STATE_65,victory_points province 3535 not in BSR state 1611
1611,STATE_1611,65,STATE_65,victory_points province 9471 not in BSR state 1611
1615,STATE_1615,371,STATE_371,victory_points province 7552 not in BSR state 1615
1616,STATE_1616,375,STATE_375,victory_points province 10337 not in BSR state 1616
1616,STATE_1616,375,STATE_375,victory_points province 3960 not in BSR state 1616
1616,STATE_1616,375,STATE_375,victory_points province 12782 not in BSR state 1616
1617,STATE_1617,66,STATE_66,victory_points province 9570 not in BSR state 1617
1617,STATE_1617,66,STATE_66,victory_points province 552 not in BSR state 1617
1619,STATE_1619,206,STATE_206,victory_points province 11370 not in BSR state 1619
1619,STATE_1619,206,STATE_206,victory_points province 9289 not in BSR state 1619
1620,STATE_1620,207,STATE_207,victory_points province 11241 not in BSR state 1620
1621,STATE_1621,463,STATE_463,victory_points province 13090 not in BSR state 1621
1621,STATE_1621,463,STATE_463,victory_points province 13091 not in BSR state 1621
1622,STATE_1622,31,STATE_31,victory_points province 6766 not in BSR state 1622
1623,STATE_1623,376,STATE_376,victory_points province 4975 not in BSR state 1623
1624,STATE_1624,198,STATE_198,victory_points province 476 not in BSR state 1624
1626,Varsinais Suomi / Finland Proper,926,TURKU AND PORI,victory_points province 3117 not in BSR state 1626
1628,Savo / Tavastland / Tavastia,929,OULU,victory_points province 3073 not in BSR state 1628
1629,Savo / Tavastland / Tavastia,929,OULU,victory_points province 158 not in BSR state 1629
1630,Savo / Tavastland / Tavastia,148,LAPPI,victory_points province 6087 not in BSR state 1630
1630,Savo / Tavastland / Tavastia,148,LAPPI,victory_points province 11125 not in BSR state 1630
1630,Savo / Tavastland / Tavastia,148,LAPPI,victory_points province 6142 not in BSR state 1630
1631,Vaasa,149,VAASA,victory_points province 6013 not in BSR state 1631
1631,Vaasa,149,VAASA,victory_points province 6141 not in BSR state 1631
1632,STATE_1632,382,STATE_382,victory_points province 1827 not in BSR state 1632
1637,STATE_1637,142,STATE_142,victory_points province 53 not in BSR state 1637
1637,STATE_1637,142,STATE_142,victory_points province 122 not in BSR state 1637
1638,STATE_1638,920,STATE_920,victory_points province 3136 not in BSR state 1638
1640,STATE_1640,385,STATE_385,victory_points province 3513 not in BSR state 1640
1641,STATE_1641,387,STATE_387,victory_points province 9616 not in BSR state 1641
1644,STATE_1644,687,STATE_687,victory_points province 4982 not in BSR state 1644
1648,STATE_1648,357,STATE_357,victory_points province 6732 not in BSR state 1648
1648,STATE_1648,357,STATE_357,victory_points province 12459 not in BSR state 1648
1648,STATE_1648,357,STATE_357,victory_points province 9832 not in BSR state 1648
1654,STATE_1654,22,Languedoc,victory_points province 9898 not in BSR state 1654
1655,STATE_1655,63,STATE_63,victory_points province 6282 not in BSR state 1655
1655,STATE_1655,63,STATE_63,victory_points province 11372 not in BSR state 1655
1656,STATE_1656,95,STATE_95,victory_points province 9304 not in BSR state 1656
1661,STATE_1661,339,STATE_339,victory_points province 928 not in BSR state 1661
1662,STATE_1662,340,STATE_340,victory_points province 9799 not in BSR state 1662
1663,STATE_1663,343,Afyon,victory_points province 10041 not in BSR state 1663
1663,STATE_1663,343,Afyon,victory_points province 9878 not in BSR state 1663
1663,STATE_1663,343,Afyon,victory_points province 3856 not in BSR state 1663
1675,STATE_1675,339,STATE_339,victory_points province 4112 not in BSR state 1675
1675,STATE_1675,339,STATE_339,victory_points province 928 not in BSR state 1675
1678,STATE_1678,356,Kastamonu,victory_points province 6938 not in BSR state 1678
1679,STATE_1679,4,STATE_4,victory_points province 11666 not in BSR state 1679
1679,STATE_1679,4,STATE_4,victory_points province 732 not in BSR state 1679
1681,STATE_1681,261,STATE_261,victory_points province 6855 not in BSR state 1681
1682,STATE_1682,360,STATE_360,victory_points province 11800 not in BSR state 1682
1683,STATE_1683,360,STATE_360,victory_points province 6845 not in BSR state 1683
1684,STATE_1684,358,STATE_358,victory_points province 3878 not in BSR state 1684
1686,STATE_1686,682,STATE_682,victory_points province 7899 not in BSR state 1686
1689,STATE_1689,378,STATE_378,victory_points province 9814 not in BSR state 1689
1689,STATE_1689,378,STATE_378,victory_points province 1562 not in BSR state 1689
1689,STATE_1689,378,STATE_378,victory_points province 9713 not in BSR state 1689
1690,STATE_1690,378,STATE_378,victory_points province 9814 not in BSR state 1690
1690,STATE_1690,378,STATE_378,victory_points province 1562 not in BSR state 1690
1690,STATE_1690,378,STATE_378,victory_points province 9671 not in BSR state 1690
1690,STATE_1690,378,STATE_378,victory_points province 9713 not in BSR state 1690
1691,STATE_1691,378,STATE_378,victory_points province 9814 not in BSR state 1691
1691,STATE_1691,378,STATE_378,victory_points province 1562 not in BSR state 1691
1691,STATE_1691,378,STATE_378,victory_points province 9671 not in BSR state 1691
1691,STATE_1691,378,STATE_378,victory_points province 9713 not in BSR state 1691
1692,STATE_1692,378,STATE_378,victory_points province 9814 not in BSR state 1692
1692,STATE_1692,378,STATE_378,victory_points province 1562 not in BSR state 1692
1692,STATE_1692,378,STATE_378,victory_points province 9671 not in BSR state 1692
1692,STATE_1692,378,STATE_378,victory_points province 9713 not in BSR state 1692
1693,STATE_1693,378,STATE_378,victory_points province 9814 not in BSR state 1693
1693,STATE_1693,378,STATE_378,victory_points province 9671 not in BSR state 1693
1693,STATE_1693,378,STATE_378,victory_points province 9713 not in BSR state 1693
1694,STATE_1694,378,STATE_378,victory_points province 9814 not in BSR state 1694
1694,STATE_1694,378,STATE_378,victory_points province 1562 not in BSR state 1694
1694,STATE_1694,378,STATE_378,victory_points province 9671 not in BSR state 1694
1694,STATE_1694,378,STATE_378,victory_points province 9713 not in BSR state 1694
1695,STATE_1695,378,STATE_378,victory_points province 9814 not in BSR state 1695
1695,STATE_1695,378,STATE_378,victory_points province 1562 not in BSR state 1695
1695,STATE_1695,378,STATE_378,victory_points province 9671 not in BSR state 1695
1695,STATE_1695,378,STATE_378,victory_points province 9713 not in BSR state 1695
1696,STATE_1696,378,STATE_378,victory_points province 9814 not in BSR state 1696
1696,STATE_1696,378,STATE_378,victory_points province 1562 not in BSR state 1696
1696,STATE_1696,378,STATE_378,victory_points province 9671 not in BSR state 1696
1696,STATE_1696,378,STATE_378,victory_points province 9713 not in BSR state 1696
1697,STATE_1697,375,STATE_375,victory_points province 10337 not in BSR state 1697
1697,STATE_1697,375,STATE_375,victory_points province 3960 not in BSR state 1697
1697,STATE_1697,375,STATE_375,victory_points province 12782 not in BSR state 1697
1698,STATE_1698,375,STATE_375,victory_points province 10337 not in BSR state 1698
1698,STATE_1698,375,STATE_375,victory_points province 3960 not in BSR state 1698
1698,STATE_1698,375,STATE_375,victory_points province 12782 not in BSR state 1698
1699,STATE_1699,375,STATE_375,victory_points province 10337 not in BSR state 1699
1699,STATE_1699,375,STATE_375,victory_points province 3960 not in BSR state 1699
1699,STATE_1699,375,STATE_375,victory_points province 12782 not in BSR state 1699
1700,STATE_1700,63,STATE_63,victory_points province 6282 not in BSR state 1700
1700,STATE_1700,63,STATE_63,victory_points province 11372 not in BSR state 1700
1701,STATE_1701,63,STATE_63,victory_points province 6282 not in BSR state 1701
1701,STATE_1701,63,STATE_63,victory_points province 11372 not in BSR state 1701
1702,STATE_1702,68,STATE_68,victory_points province 3473 not in BSR state 1702
1704,STATE_1704,348,Kayseri,victory_points province 3870 not in BSR state 1704
1705,STATE_1705,66,STATE_66,victory_points province 9570 not in BSR state 1705
1706,STATE_1706,66,STATE_66,victory_points province 9570 not in BSR state 1706
1706,STATE_1706,66,STATE_66,victory_points province 552 not in BSR state 1706
1707,STATE_1707,342,Antalya,victory_points province 1005 not in BSR state 1707
1708,STATE_1708,130,STATE_130,victory_points province 9379 not in BSR state 1708
1708,STATE_1708,130,STATE_130,victory_points province 11297 not in BSR state 1708
1708,STATE_1708,130,STATE_130,victory_points province 9315 not in BSR state 1708
1709,STATE_1709,123,STATE_123,victory_points province 540 not in BSR state 1709
1709,STATE_1709,123,STATE_123,victory_points province 6526 not in BSR state 1709
1710,STATE_1710,9,STATE_9,victory_points province 11542 not in BSR state 1710
1710,STATE_1710,9,STATE_9,victory_points province 6418 not in BSR state 1710
1710,STATE_1710,9,STATE_9,victory_points province 9569 not in BSR state 1710
1715,STATE_1715,170,STATE_170,victory_points province 6902 not in BSR state 1715
1716,STATE_1716,41,STATE_41,victory_points province 3938 not in BSR state 1716
1716,STATE_1716,41,STATE_41,victory_points province 858 not in BSR state 1716
1717,STATE_1717,793,STATE_793,victory_points province 3945 not in BSR state 1717
1718,STATE_1718,177,STATE_177,victory_points province 9793 not in BSR state 1718
1719,STATE_1719,168,STATE_168,victory_points province 10024 not in BSR state 1719
1720,STATE_1720,166,STATE_166,victory_points province 3816 not in BSR state 1720
1720,STATE_1720,166,STATE_166,victory_points province 7213 not in BSR state 1720
1721,STATE_1721,794,STATE_794,victory_points province 3954 not in BSR state 1721
1722,STATE_1722,790,STATE_790,victory_points province 11707 not in BSR state 1722
1723,STATE_1723,176,STATE_176,victory_points province 885 not in BSR state 1723
1724,STATE_1724,41,STATE_41,victory_points province 3938 not in BSR state 1724
1725,STATE_1725,790,STATE_790,victory_points province 11707 not in BSR state 1725
1726,STATE_1726,430,STATE_430,victory_points province 11929 not in BSR state 1726
1728,STATE_1728,807,STATE_807,victory_points province 9263 not in BSR state 1728
1728,STATE_1728,807,STATE_807,victory_points province 3295 not in BSR state 1728
1728,STATE_1728,807,STATE_807,victory_points province 279 not in BSR state 1728
1729,STATE_1729,70,STATE_70,victory_points province 9692 not in BSR state 1729
1730,STATE_1730,20,Rhone,victory_points province 6613 not in BSR state 1730
1731,STATE_1731,1048,Moselgebiet,victory_points province 11516 not in BSR state 1731
1732,STATE_1732,18,STATE_18,victory_points province 13011 not in BSR state 1732
1732,STATE_1732,18,STATE_18,victory_points province 3560 not in BSR state 1732
1733,STATE_1733,17,Lorraine,victory_points province 9642 not in BSR state 1733
1734,STATE_1734,17,Lorraine,victory_points province 9642 not in BSR state 1734
1737,STATE_1737,88,STATE_88,victory_points province 9427 not in BSR state 1737
1737,STATE_1737,88,STATE_88,victory_points province 442 not in BSR state 1737
1737,STATE_1737,88,STATE_88,victory_points province 9494 not in BSR state 1737
1738,STATE_1738,618,Dzungaria,victory_points province 4823 not in BSR state 1738
1739,STATE_1739,617,STATE_617,victory_points province 4709 not in BSR state 1739
1739,STATE_1739,617,STATE_617,victory_points province 10545 not in BSR state 1739
1739,STATE_1739,617,STATE_617,victory_points province 4682 not in BSR state 1739
1747,STATE_1747,747,STATE_747,victory_points province 7965 not in BSR state 1747
1747,STATE_1747,747,STATE_747,victory_points province 10863 not in BSR state 1747
1749,STATE_1749,747,STATE_747,victory_points province 7965 not in BSR state 1749
1750,STATE_1750,325,STATE_325,victory_points province 1319 not in BSR state 1750
1750,STATE_1750,325,STATE_325,victory_points province 4501 not in BSR state 1750
1750,STATE_1750,325,STATE_325,victory_points province 12262 not in BSR state 1750
1750,STATE_1750,325,STATE_325,victory_points province 5072 not in BSR state 1750
1753,STATE_1753,616,STATE_616,victory_points province 8127 not in BSR state 1753
1753,STATE_1753,616,STATE_616,victory_points province 5031 not in BSR state 1753
1754,STATE_1754,34,STATE_34,victory_points province 3516 not in BSR state 1754
1754,STATE_1754,34,STATE_34,victory_points province 11519 not in BSR state 1754
1755,STATE_1755,157,STATE_157,victory_points province 925 not in BSR state 1755
1756,STATE_1756,161,STATE_161,victory_points province 6793 not in BSR state 1756
1756,STATE_1756,161,STATE_161,victory_points province 9752 not in BSR state 1756
1757,STATE_1757,157,STATE_157,victory_points province 925 not in BSR state 1757
1758,STATE_1758,162,STATE_162,victory_points province 9907 not in BSR state 1758
1758,STATE_1758,162,STATE_162,victory_points province 6973 not in BSR state 1758
1758,STATE_1758,162,STATE_162,victory_points province 11833 not in BSR state 1758
1758,STATE_1758,162,STATE_162,victory_points province 6946 not in BSR state 1758
1759,Languedoc,22,Languedoc,victory_points province 9898 not in BSR state 1759
1760,STATE_1760,22,Languedoc,victory_points province 9898 not in BSR state 1760
1761,STATE_1761,31,STATE_31,victory_points province 6766 not in BSR state 1761
1764,STATE_1764,50,Württemberg,victory_points province 9517 not in BSR state 1764
1764,STATE_1764,50,Württemberg,victory_points province 11499 not in BSR state 1764
1767,STATE_1767,55,STATE_55,victory_points province 6488 not in BSR state 1767
1767,STATE_1767,55,STATE_55,victory_points province 564 not in BSR state 1767
1767,STATE_1767,55,STATE_55,victory_points province 6444 not in BSR state 1767
1767,STATE_1767,55,STATE_55,victory_points province 11560 not in BSR state 1767
1768,STATE_1768,91,Lwow,victory_points province 11479 not in BSR state 1768
1769,STATE_1769,89,STATE_89,victory_points province 11411 not in BSR state 1769
1771,STATE_1771,199,STATE_199,victory_points province 3457 not in BSR state 1771
1772,STATE_1772,199,STATE_199,victory_points province 3457 not in BSR state 1772
1774,Gomel,241,Gomel,victory_points province 9288 not in BSR state 1774
1775,STATE_1775,87,STATE_87,victory_points province 9508 not in BSR state 1775
1777,STATE_1777,755,STATE_755,victory_points province 10750 not in BSR state 1777
1778,STATE_1778,754,STATE_754,victory_points province 11448 not in BSR state 1778
1779,STATE_1779,754,STATE_754,victory_points province 12732 not in BSR state 1779
1779,STATE_1779,754,STATE_754,victory_points province 11448 not in BSR state 1779
1781,STATE_1781,754,STATE_754,victory_points province 12732 not in BSR state 1781
1784,STATE_1784,756,STATE_756,victory_points province 7971 not in BSR state 1784
1786,STATE_1786,285,STATE_285,victory_points province 12406 not in BSR state 1786
1786,STATE_1786,285,STATE_285,victory_points province 7520 not in BSR state 1786
1794,STATE_1794,325,STATE_325,victory_points province 1319 not in BSR state 1794
1794,STATE_1794,325,STATE_325,victory_points province 4501 not in BSR state 1794
1794,STATE_1794,325,STATE_325,victory_points province 5072 not in BSR state 1794
1796,STATE_1796,510,STATE_510,victory_points province 11007 not in BSR state 1796
1796,STATE_1796,510,STATE_510,victory_points province 1449 not in BSR state 1796
1797,STATE_1797,510,STATE_510,victory_points province 12964 not in BSR state 1797
1797,STATE_1797,510,STATE_510,victory_points province 1449 not in BSR state 1797
1798,STATE_1798,26,Auveregne,victory_points province 3594 not in BSR state 1798
1799,STATE_1799,27,Bourgogne,victory_points province 3652 not in BSR state 1799
1801,STATE_1801,21,Bouches-du-Rhône (Formerly Provence before Var split off),victory_points province 11834 not in BSR state 1801
1802,STATE_1802,158,STATE_158,victory_points province 6788 not in BSR state 1802
1802,STATE_1802,158,STATE_158,victory_points province 6780 not in BSR state 1802
1804,STATE_1804,62,STATE_62,victory_points province 9388 not in BSR state 1804
1804,STATE_1804,62,STATE_62,victory_points province 3258 not in BSR state 1804
1805,STATE_1805,59,STATE_59,victory_points province 3326 not in BSR state 1805
1805,STATE_1805,59,STATE_59,victory_points province 6298 not in BSR state 1805
1805,STATE_1805,59,STATE_59,victory_points province 6377 not in BSR state 1805
1807,STATE_1807,977,Antwerpen,victory_points province 6598 not in BSR state 1807
1807,STATE_1807,977,Antwerpen,victory_points province 13068 not in BSR state 1807
1808,STATE_1808,977,Antwerpen,victory_points province 6598 not in BSR state 1808
1809,Pampas,278,Pampas,victory_points province 12364 not in BSR state 1809
1809,Pampas,278,Pampas,victory_points province 7621 not in BSR state 1809
1811,STATE_1811,5,STATE_5,victory_points province 6375 not in BSR state 1811
1813,STATE_1813,773,Cameroon,victory_points province 2080 not in BSR state 1813
1816,Guinea,780,Guinea,victory_points province 1909 not in BSR state 1816
1821,STATE_1821,1005,STATE_1005,victory_points province 10781 not in BSR state 1821
1822,STATE_1822,1006,STATE_1006,victory_points province 12831 not in BSR state 1822
1823,STATE_1823,60,STATE_60,victory_points province 3561 not in BSR state 1823
1823,STATE_1823,60,STATE_60,victory_points province 538 not in BSR state 1823
1828,STATE_1828,404,Kyzyl Orda,victory_points province 7597 not in BSR state 1828
1835,STATE_1835,307,Miranda,victory_points province 8113 not in BSR state 1835
1836,STATE_1836,488,STATE_488,victory_points province 10879 not in BSR state 1836
1837,STATE_1837,488,STATE_488,victory_points province 10879 not in BSR state 1837
1838,STATE_1838,278,Pampas,victory_points province 12364 not in BSR state 1838
1839,STATE_1839,29,STATE_29,victory_points province 575 not in BSR state 1839
1839,STATE_1839,29,STATE_29,victory_points province 11483 not in BSR state 1839
1839,STATE_1839,29,STATE_29,victory_points province 11548 not in BSR state 1839
1842,STATE_1842,21,Bouches-du-Rhône (Formerly Provence before Var split off),victory_points province 11834 not in BSR state 1842
1843,STATE_1843,479,STATE_479,victory_points province 4956 not in BSR state 1843
1844,STATE_1844,476,STATE_476,victory_points province 10889 not in BSR state 1844
1844,STATE_1844,476,STATE_476,victory_points province 2021 not in BSR state 1844
1845,STATE_1845,277,STATE_277,victory_points province 1965 not in BSR state 1845
1846,STATE_1846,485,STATE_485,victory_points province 4887 not in BSR state 1846
1846,STATE_1846,485,STATE_485,victory_points province 8032 not in BSR state 1846
1848,STATE_1848,481,Durango,victory_points province 7921 not in BSR state 1848
1849,STATE_1849,475,STATE_475,victory_points province 1900 not in BSR state 1849
1851,STATE_1851,313,STATE_313,victory_points province 10886 not in BSR state 1851
1853,STATE_1853,687,STATE_687,victory_points province 4982 not in BSR state 1853
1859,STATE_1859,388,STATE_388,victory_points province 4860 not in BSR state 1859
1861,STATE_1861,384,STATE_384,victory_points province 12586 not in BSR state 1861
1863,STATE_1863,389,STATE_389,victory_points province 1836 not in BSR state 1863
1865,STATE_1865,152,STATE_152,victory_points province 688 not in BSR state 1865
1865,STATE_1865,152,STATE_152,victory_points province 9665 not in BSR state 1865
1866,STATE_1866,54,STATE_54,victory_points province 11544 not in BSR state 1866
1866,STATE_1866,54,STATE_54,victory_points province 9557 not in BSR state 1866
1867,STATE_1867,313,STATE_313,victory_points province 10886 not in BSR state 1867
1868,STATE_1868,807,STATE_807,victory_points province 9263 not in BSR state 1868
1868,STATE_1868,807,STATE_807,victory_points province 3295 not in BSR state 1868
1868,STATE_1868,807,STATE_807,victory_points province 279 not in BSR state 1868
1871,STATE_1871,317,STATE_317,victory_points province 12738 not in BSR state 1871
1872,STATE_1872,160,STATE_160,victory_points province 11584 not in BSR state 1872
1872,STATE_1872,160,STATE_160,victory_points province 3604 not in BSR state 1872
1872,STATE_1872,160,STATE_160,victory_points province 603 not in BSR state 1872
1873,STATE_1873,376,STATE_376,victory_points province 4975 not in BSR state 1873
1874,STATE_1874,377,STATE_377,victory_points province 853 not in BSR state 1874
1875,STATE_1875,380,STATE_380,victory_points province 4865 not in BSR state 1875
1876,STATE_1876,28,Alsace-Lorraine,victory_points province 678 not in BSR state 1876
1876,STATE_1876,28,Alsace-Lorraine,victory_points province 9503 not in BSR state 1876
1876,STATE_1876,28,Alsace-Lorraine,victory_points province 9559 not in BSR state 1876
1877,STATE_1877,785,STATE_785,victory_points province 11420 not in BSR state 1877
1878,STATE_1878,56,STATE_56,victory_points province 11360 not in BSR state 1878
1878,STATE_1878,56,STATE_56,victory_points province 11388 not in BSR state 1878
1879,STATE_1879,988,STATE_988,victory_points province 5105 not in BSR state 1879
1881,STATE_1881,444,STATE_444,victory_points province 12774 not in BSR state 1881
1884,STATE_1884,325,STATE_325,victory_points province 1319 not in BSR state 1884
1884,STATE_1884,325,STATE_325,victory_points province 12262 not in BSR state 1884
1884,STATE_1884,325,STATE_325,victory_points province 5072 not in BSR state 1884
1885,STATE_1885,303,Lima,victory_points province 12997 not in BSR state 1885
1886,STATE_1886,313,STATE_313,victory_points province 10886 not in BSR state 1886
1887,STATE_1887,312,STATE_312,victory_points province 12865 not in BSR state 1887
1888,STATE_1888,314,STATE_314,victory_points province 12823 not in BSR state 1888
1889,STATE_1889,391,STATE_391,victory_points province 1866 not in BSR state 1889
1895,STATE_1895,936,STATE_936,victory_points province 5168 not in BSR state 1895
1896,STATE_1896,936,STATE_936,victory_points province 5168 not in BSR state 1896
1897,STATE_1897,499,STATE_499,victory_points province 10946 not in BSR state 1897
1900,STATE_1900,502,STATE_502,victory_points province 10447 not in BSR state 1900
1901,STATE_1901,938,STATE_938,victory_points province 12853 not in BSR state 1901
1905,STATE_1905,66,STATE_66,victory_points province 9570 not in BSR state 1905
1905,STATE_1905,66,STATE_66,victory_points province 552 not in BSR state 1905
1906,STATE_1906,512,STATE_512,victory_points province 12321 not in BSR state 1906
1907,STATE_1907,512,STATE_512,victory_points province 12306 not in BSR state 1907
1909,STATE_1909,301,STATE_301,victory_points province 2152 not in BSR state 1909
1909,STATE_1909,301,STATE_301,victory_points province 2194 not in BSR state 1909
1910,STATE_1910,1072,STATE_1072,victory_points province 13417 not in BSR state 1910
1911,STATE_1911,672,STATE_672,victory_points province 12268 not in BSR state 1911
1912,STATE_1912,1071,STATE_1071,victory_points province 4652 not in BSR state 1912
1913,STATE_1913,1071,STATE_1071,victory_points province 12212 not in BSR state 1913
1914,STATE_1914,672,STATE_672,victory_points province 12268 not in BSR state 1914
1918,STATE_1918,1073,STATE_1073,victory_points province 13423 not in BSR state 1918
1918,STATE_1918,1073,STATE_1073,victory_points province 13424 not in BSR state 1918
1918,STATE_1918,1073,STATE_1073,victory_points province 13425 not in BSR state 1918
1918,STATE_1918,1073,STATE_1073,victory_points province 13426 not in BSR state 1918
1918,STATE_1918,1073,STATE_1073,victory_points province 13422 not in BSR state 1918
1919,STATE_1919,1073,STATE_1073,victory_points province 13423 not in BSR state 1919
1919,STATE_1919,1073,STATE_1073,victory_points province 13424 not in BSR state 1919
1919,STATE_1919,1073,STATE_1073,victory_points province 13425 not in BSR state 1919
1919,STATE_1919,1073,STATE_1073,victory_points province 13426 not in BSR state 1919
1919,STATE_1919,1073,STATE_1073,victory_points province 13422 not in BSR state 1919
1920,STATE_1920,64,STATE_64,victory_points province 6521 not in BSR state 1920
1920,STATE_1920,64,STATE_64,victory_points province 3522 not in BSR state 1920
1921,STATE_1921,612,STATE_612,victory_points province 10372 not in BSR state 1921
1921,STATE_1921,612,STATE_612,victory_points province 12448 not in BSR state 1921
1924,STATE_1924,778,Upper Volta,victory_points province 10836 not in BSR state 1924
1925,STATE_1925,778,Upper Volta,victory_points province 10836 not in BSR state 1925
1926,STATE_1926,65,STATE_65,victory_points province 514 not in BSR state 1926
1926,STATE_1926,65,STATE_65,victory_points province 3535 not in BSR state 1926
1926,STATE_1926,65,STATE_65,victory_points province 9471 not in BSR state 1926
1929,STATE_1929,1077,STATE_1077,victory_points province 12225 not in BSR state 1929
1929,STATE_1929,1077,STATE_1077,victory_points province 10325 not in BSR state 1929
1929,STATE_1929,1077,STATE_1077,victory_points province 7415 not in BSR state 1929
1934,STATE_1934,28,Alsace-Lorraine,victory_points province 678 not in BSR state 1934
1934,STATE_1934,28,Alsace-Lorraine,victory_points province 9503 not in BSR state 1934
1935,STATE_1935,458,STATE_458,victory_points province 9994 not in BSR state 1935
1935,STATE_1935,458,STATE_458,victory_points province 11921 not in BSR state 1935
1937,STATE_1937,665,STATE_665,victory_points province 7005 not in BSR state 1937
1938,STATE_1938,671,STATE_671,victory_points province 4075 not in BSR state 1938
1938,STATE_1938,671,STATE_671,victory_points province 9948 not in BSR state 1938
1940,STATE_1940,766,STATE_766,victory_points province 6727 not in BSR state 1940
1942,STATE_1942,807,STATE_807,victory_points province 9263 not in BSR state 1942
1942,STATE_1942,807,STATE_807,victory_points province 3295 not in BSR state 1942
1942,STATE_1942,807,STATE_807,victory_points province 279 not in BSR state 1942
1943,STATE_1943,100,STATE_100,victory_points province 12674 not in BSR state 1943
1944,STATE_1944,771,Zambia,victory_points province 5199 not in BSR state 1944
1944,STATE_1944,771,Zambia,victory_points province 5221 not in BSR state 1944
1946,Mysore,425,Mysore,victory_points province 7244 not in BSR state 1946
1949,Mysore,425,Mysore,victory_points province 8011 not in BSR state 1949
1949,Mysore,425,Mysore,victory_points province 4315 not in BSR state 1949
1949,Mysore,425,Mysore,victory_points province 7244 not in BSR state 1949
1951,STATE_1951,669,STATE_669,victory_points province 12371 not in BSR state 1951
1954,STATE_1954,50,Württemberg,victory_points province 11499 not in BSR state 1954
1961,STATE_1961,770,STATE_770,victory_points province 12986 not in BSR state 1961
1962,STATE_1962,494,STATE_494,victory_points province 2226 not in BSR state 1962
1964,STATE_1964,54,STATE_54,victory_points province 11544 not in BSR state 1964
1964,STATE_1964,54,STATE_54,victory_points province 6421 not in BSR state 1964
1965,STATE_1965,978,Baden,victory_points province 11640 not in BSR state 1965
1965,STATE_1965,978,Baden,victory_points province 6712 not in BSR state 1965
1969,STATE_1969,97,STATE_97,victory_points province 11301 not in BSR state 1969
1969,STATE_1969,97,STATE_97,victory_points province 3393 not in BSR state 1969
1969,STATE_1969,97,STATE_97,victory_points province 3254 not in BSR state 1969
1972,STATE_1972,97,STATE_97,victory_points province 11301 not in BSR state 1972
1972,STATE_1972,97,STATE_97,victory_points province 3393 not in BSR state 1972
1972,STATE_1972,97,STATE_97,victory_points province 3254 not in BSR state 1972
1973,STATE_1973,86,STATE_86,victory_points province 6558 not in BSR state 1973
1974,STATE_1974,36,STATE_36,victory_points province 6241 not in BSR state 1974
1974,STATE_1974,36,STATE_36,victory_points province 9363 not in BSR state 1974
1974,STATE_1974,36,STATE_36,victory_points province 6336 not in BSR state 1974
1975,STATE_1975,36,STATE_36,victory_points province 6241 not in BSR state 1975
1975,STATE_1975,36,STATE_36,victory_points province 9363 not in BSR state 1975
1975,STATE_1975,36,STATE_36,victory_points province 9335 not in BSR state 1975
1975,STATE_1975,36,STATE_36,victory_points province 6336 not in BSR state 1975
1976,STATE_1976,35,STATE_35,victory_points province 3262 not in BSR state 1976
1976,STATE_1976,35,STATE_35,victory_points province 6496 not in BSR state 1976
1976,STATE_1976,35,STATE_35,victory_points province 11562 not in BSR state 1976
1978,STATE_1978,610,Jehol,victory_points province 11801 not in BSR state 1978
1978,STATE_1978,610,Jehol,victory_points province 934 not in BSR state 1978
1979,STATE_1979,843,STATE_843,victory_points province 5097 not in BSR state 1979
1985,STATE_1985,974,South Transdanubia,victory_points province 682 not in BSR state 1985
1986,STATE_1986,973,STATE_973,victory_points province 6700 not in BSR state 1986
1987,STATE_1987,45,STATE_45,victory_points province 619 not in BSR state 1987
1987,STATE_1987,45,STATE_45,victory_points province 9608 not in BSR state 1987
1988,STATE_1988,764,STATE_764,victory_points province 3614 not in BSR state 1988
1989,STATE_1989,980,STATE_980,victory_points province 9418 not in BSR state 1989
1990,STATE_1990,980,STATE_980,victory_points province 9418 not in BSR state 1990
1993,STATE_1993,207,STATE_207,victory_points province 11241 not in BSR state 1993
1994,STATE_1994,207,STATE_207,victory_points province 11241 not in BSR state 1994
1995,STATE_1995,194,Mozyr,victory_points province 6232 not in BSR state 1995
1996,STATE_1996,201,STATE_201,victory_points province 6593 not in BSR state 1996
1997,STATE_1997,784,STATE_784,victory_points province 3320 not in BSR state 1997
1998,STATE_1998,359,STATE_359,victory_points province 6882 not in BSR state 1998
1999,STATE_1999,359,STATE_359,victory_points province 6882 not in BSR state 1999
2002,STATE_2002,341,STATE_341,victory_points province 11842 not in BSR state 2002
2003,STATE_2003,104,STATE_104,victory_points province 11899 not in BSR state 2003
2003,STATE_2003,104,STATE_104,victory_points province 6983 not in BSR state 2003
2004,STATE_2004,104,STATE_104,victory_points province 11899 not in BSR state 2004
2004,STATE_2004,104,STATE_104,victory_points province 6983 not in BSR state 2004
2007,STATE_2007,231,STATE_231,victory_points province 1599 not in BSR state 2007
2007,STATE_2007,231,STATE_231,victory_points province 3653 not in BSR state 2007
2009,STATE_2009,232,Dagestan,victory_points province 6701 not in BSR state 2009
2009,STATE_2009,232,Dagestan,victory_points province 7624 not in BSR state 2009
2010,STATE_2010,232,Dagestan,victory_points province 6701 not in BSR state 2010
2010,STATE_2010,232,Dagestan,victory_points province 7624 not in BSR state 2010
2011,STATE_2011,104,STATE_104,victory_points province 11899 not in BSR state 2011
2011,STATE_2011,104,STATE_104,victory_points province 6983 not in BSR state 2011
2012,STATE_2012,109,Croatia,victory_points province 11581 not in BSR state 2012
2014,STATE_2014,63,STATE_63,victory_points province 6282 not in BSR state 2014
2016,STATE_2016,159,STATE_159,victory_points province 3780 not in BSR state 2016
2016,STATE_2016,159,STATE_159,victory_points province 773 not in BSR state 2016
2017,STATE_2017,157,STATE_157,victory_points province 925 not in BSR state 2017
2018,STATE_2018,27,Bourgogne,victory_points province 3652 not in BSR state 2018
2019,STATE_2019,189,STATE_189,victory_points province 9483 not in BSR state 2019
2019,STATE_2019,189,STATE_189,victory_points province 6314 not in BSR state 2019
2023,STATE_2023,610,Jehol,victory_points province 934 not in BSR state 2023
2026,STATE_2026,931,STATE_931,victory_points province 11332 not in BSR state 2026
2027,STATE_2027,1033,STATE_1033,victory_points province 10004 not in BSR state 2027
2029,STATE_2029,86,STATE_86,victory_points province 6558 not in BSR state 2029
2031,STATE_2031,86,STATE_86,victory_points province 6558 not in BSR state 2031
2032,STATE_2032,68,STATE_68,victory_points province 3473 not in BSR state 2032
2033,STATE_2033,64,STATE_64,victory_points province 6521 not in BSR state 2033
2033,STATE_2033,64,STATE_64,victory_points province 3522 not in BSR state 2033
2033,STATE_2033,64,STATE_64,victory_points province 9496 not in BSR state 2033
2034,STATE_2034,68,STATE_68,victory_points province 3473 not in BSR state 2034
2035,STATE_2035,68,STATE_68,victory_points province 3473 not in BSR state 2035
2036,STATE_2036,65,STATE_65,victory_points province 514 not in BSR state 2036
2036,STATE_2036,65,STATE_65,victory_points province 3535 not in BSR state 2036
2036,STATE_2036,65,STATE_65,victory_points province 9471 not in BSR state 2036
2037,STATE_2037,272,STATE_272,victory_points province 4948 not in BSR state 2037
2038,STATE_2038,16,STATE_16,victory_points province 11506 not in BSR state 2038
2040,STATE_2040,27,Bourgogne,victory_points province 3652 not in BSR state 2040
2041,STATE_2041,17,Lorraine,victory_points province 9642 not in BSR state 2041
2042,STATE_2042,27,Bourgogne,victory_points province 3652 not in BSR state 2042
2043,STATE_2043,27,Bourgogne,victory_points province 3652 not in BSR state 2043
2044,STATE_2044,27,Bourgogne,victory_points province 3652 not in BSR state 2044
