bsr_state_id,bsr_state_name,tsr_state_id,tsr_state_name,issue
2,STATE_2,2,Latium,manpower distributed: 2781971 -> 695493 (ratio=0.250)
2,STATE_2,2,Latium,victory_points province 13432 not in BSR state 2
2,STATE_2,2,Latium,"province building 11751 not in BSR state 2, needs province remap"
2,STATE_2,2,Latium,"province building 13432 not in BSR state 2, needs province remap"
3,STATE_3,847,STATE_847,manpower distributed: 178429 -> 89214 (ratio=0.500)
3,STATE_3,847,STATE_847,TSR state 847 overlaid onto BSR state 3
3,STATE_3,847,STATE_847,merge owner/controller/cores copied from strongest overlap candidate; review political union manually
4,STATE_4,4,STATE_4,manpower distributed: 2297983 -> 1148992 (ratio=0.500)
4,STATE_4,4,STATE_4,resources distributed from TSR2 state 4 ratio=0.500
4,STATE_4,4,STATE_4,victory_points province 732 not in BSR state 4
5,STATE_5,5,STATE_5,manpower distributed: 1238108 -> 675332 (ratio=0.545)
6,Flanders,6,Flanders,manpower distributed: 2947700 -> 2210775 (ratio=0.750)
6,Flanders,6,Flanders,resources distributed from TSR2 state 6 ratio=0.750
6,Flanders,6,Flanders,victory_points province 516 not in BSR state 6
6,Flanders,6,Flanders,merge owner/controller/cores copied from strongest overlap candidate; review political union manually
7,STATE_7,7,STATE_7,manpower distributed: 4123000 -> 3298400 (ratio=0.800)
7,STATE_7,7,STATE_7,resources distributed from TSR2 state 7 ratio=0.800
7,STATE_7,7,STATE_7,victory_points province 9498 not in BSR state 7
7,STATE_7,7,STATE_7,"province building 9498 not in BSR state 7, needs province remap"
8,STATE_8,8,STATE_8,manpower distributed: 294748 -> 147374 (ratio=0.500)
8,STATE_8,8,STATE_8,resources distributed from TSR2 state 8 ratio=0.500
8,STATE_8,8,STATE_8,merge owner/controller/cores copied from strongest overlap candidate; review political union manually
9,STATE_9,9,STATE_9,manpower distributed: 4492600 -> 4171700 (ratio=0.929)
9,STATE_9,9,STATE_9,resources distributed from TSR2 state 9 ratio=0.929
10,STATE_10,10,STATE_10,manpower distributed: 3089000 -> 1029667 (ratio=0.333)
10,STATE_10,10,STATE_10,victory_points province 402 not in BSR state 10
10,STATE_10,10,STATE_10,merge owner/controller/cores copied from strongest overlap candidate; review political union manually
11,STATE_11,815,STATE_815,manpower distributed: 161450 -> 60544 (ratio=0.375)
11,STATE_11,815,STATE_815,TSR state 815 overlaid onto BSR state 11
11,STATE_11,815,STATE_815,victory_points province 6229 not in BSR state 11
11,STATE_11,815,STATE_815,merge owner/controller/cores copied from strongest overlap candidate; review political union manually
12,STATE_12,808,STATE_808,manpower distributed: 420250 -> 140083 (ratio=0.333)
12,STATE_12,808,STATE_808,resources distributed from TSR2 state 808 ratio=0.333
12,STATE_12,808,STATE_808,TSR state 808 overlaid onto BSR state 12
13,STATE_13,812,STATE_812,TSR state 812 overlaid onto BSR state 13
13,STATE_13,812,STATE_812,merge owner/controller/cores copied from strongest overlap candidate; review political union manually
14,STATE_14,14,STATE_14,manpower distributed: 2396600 -> 2156940 (ratio=0.900)
14,STATE_14,14,STATE_14,victory_points province 3552 not in BSR state 14
14,STATE_14,14,STATE_14,"province building 3552 not in BSR state 14, needs province remap"
16,STATE_16,16,STATE_16,manpower distributed: 5732062 -> 3821375 (ratio=0.667)
16,STATE_16,16,STATE_16,merge owner/controller/cores copied from strongest overlap candidate; review political union manually
17,STATE_17,17,Lorraine,manpower distributed: 1517500 -> 569062 (ratio=0.375)
17,STATE_17,17,Lorraine,resources distributed from TSR2 state 17 ratio=0.375
17,STATE_17,17,Lorraine,victory_points province 9642 not in BSR state 17
18,STATE_18,1062,STATE_1062,manpower distributed: 429992 -> 257995 (ratio=0.600)
18,STATE_18,1062,STATE_1062,TSR state 1062 overlaid onto BSR state 18
18,STATE_18,1062,STATE_1062,victory_points province 9490 not in BSR state 18
19,STATE_19,19,STATE_19,resources distributed from TSR2 state 19 ratio=1.000
19,STATE_19,19,STATE_19,merge owner/controller/cores copied from strongest overlap candidate; review political union manually
20,STATE_20,20,Rhone,manpower distributed: 2973200 -> 1143538 (ratio=0.385)
20,STATE_20,20,Rhone,resources distributed from TSR2 state 20 ratio=0.385
20,STATE_20,20,Rhone,victory_points province 6613 not in BSR state 20
20,STATE_20,20,Rhone,merge owner/controller/cores copied from strongest overlap candidate; review political union manually
21,STATE_21,21,Bouches-du-Rhône (Formerly Provence before Var split off),manpower distributed: 1670310 -> 668124 (ratio=0.400)
21,STATE_21,21,Bouches-du-Rhône (Formerly Provence before Var split off),resources distributed from TSR2 state 21 ratio=0.400
22,Languedoc,22,Languedoc,manpower distributed: 1691200 -> 461236 (ratio=0.273)
22,Languedoc,22,Languedoc,resources distributed from TSR2 state 22 ratio=0.273
23,STATE_23,23,STATE_23,manpower distributed: 1603100 -> 1122170 (ratio=0.700)
23,STATE_23,23,STATE_23,resources distributed from TSR2 state 23 ratio=0.700
23,STATE_23,23,STATE_23,merge owner/controller/cores copied from strongest overlap candidate; review political union manually
24,STATE_24,24,STATE_24,manpower distributed: 1546300 -> 515433 (ratio=0.333)
24,STATE_24,24,STATE_24,victory_points province 3671 not in BSR state 24
24,STATE_24,24,STATE_24,merge owner/controller/cores copied from strongest overlap candidate; review political union manually
25,STATE_25,25,STATE_25,manpower distributed: 1343700 -> 1240338 (ratio=0.923)
25,STATE_25,25,STATE_25,resources distributed from TSR2 state 25 ratio=0.923
25,STATE_25,25,STATE_25,merge owner/controller/cores copied from strongest overlap candidate; review political union manually
26,STATE_26,26,Auveregne,manpower distributed: 877800 -> 798000 (ratio=0.909)
26,STATE_26,26,Auveregne,resources distributed from TSR2 state 26 ratio=0.909
27,STATE_27,27,Bourgogne,manpower distributed: 1370800 -> 228467 (ratio=0.167)
27,STATE_27,27,Bourgogne,resources distributed from TSR2 state 27 ratio=0.167
28,STATE_28,978,Baden,manpower distributed: 2056854 -> 881509 (ratio=0.429)
28,STATE_28,978,Baden,resources distributed from TSR2 state 978 ratio=0.429
28,STATE_28,978,Baden,TSR state 978 overlaid onto BSR state 28
28,STATE_28,978,Baden,victory_points province 3530 not in BSR state 28
28,STATE_28,978,Baden,merge owner/controller/cores copied from strongest overlap candidate; review political union manually
29,STATE_29,29,STATE_29,manpower distributed: 2976400 -> 1116150 (ratio=0.375)
29,STATE_29,29,STATE_29,resources distributed from TSR2 state 29 ratio=0.375
29,STATE_29,29,STATE_29,victory_points province 575 not in BSR state 29
29,STATE_29,29,STATE_29,victory_points province 11483 not in BSR state 29
29,STATE_29,29,STATE_29,victory_points province 11548 not in BSR state 29
29,STATE_29,29,STATE_29,"province building 575 not in BSR state 29, needs province remap"
29,STATE_29,29,STATE_29,"province building 6504 not in BSR state 29, needs province remap"
30,STATE_30,30,STATE_30,manpower distributed: 1388400 -> 378655 (ratio=0.273)
30,STATE_30,30,STATE_30,victory_points province 11465 not in BSR state 30
31,STATE_31,31,STATE_31,manpower distributed: 1825000 -> 1013889 (ratio=0.556)
31,STATE_31,31,STATE_31,merge owner/controller/cores copied from strongest overlap candidate; review political union manually
32,STATE_32,32,STATE_32,manpower distributed: 1007500 -> 671667 (ratio=0.667)
32,STATE_32,32,STATE_32,resources distributed from TSR2 state 32 ratio=0.667
33,STATE_33,33,STATE_33,manpower distributed: 636400 -> 494978 (ratio=0.778)
33,STATE_33,33,STATE_33,merge owner/controller/cores copied from strongest overlap candidate; review political union manually
34,STATE_34,34,STATE_34,manpower distributed: 3043170 -> 1521585 (ratio=0.500)
34,STATE_34,34,STATE_34,resources distributed from TSR2 state 34 ratio=0.500
34,STATE_34,34,STATE_34,victory_points province 9536 not in BSR state 34
34,STATE_34,34,STATE_34,"province building 13081 not in BSR state 34, needs province remap"
35,STATE_35,35,STATE_35,manpower distributed: 1449000 -> 414000 (ratio=0.286)
35,STATE_35,35,STATE_35,resources distributed from TSR2 state 35 ratio=0.286
35,STATE_35,35,STATE_35,victory_points province 11562 not in BSR state 35
36,STATE_36,36,STATE_36,manpower distributed: 2364000 -> 262667 (ratio=0.111)
36,STATE_36,36,STATE_36,victory_points province 6241 not in BSR state 36
36,STATE_36,36,STATE_36,victory_points province 9363 not in BSR state 36
36,STATE_36,36,STATE_36,victory_points province 9335 not in BSR state 36
38,STATE_38,918,Västerbotten,resources distributed from TSR2 state 918 ratio=1.000
38,STATE_38,918,Västerbotten,TSR state 918 overlaid onto BSR state 38
38,STATE_38,918,Västerbotten,merge owner/controller/cores copied from strongest overlap candidate; review political union manually
39,STATE_39,39,(South Tyrol) Alto Adige,manpower distributed: 298290 -> 178974 (ratio=0.600)
39,STATE_39,39,(South Tyrol) Alto Adige,resources distributed from TSR2 state 39 ratio=0.600
39,STATE_39,39,(South Tyrol) Alto Adige,victory_points province 11598 not in BSR state 39
41,STATE_41,41,STATE_41,manpower distributed: 2064659 -> 476460 (ratio=0.231)
41,STATE_41,41,STATE_41,resources distributed from TSR2 state 41 ratio=0.231
41,STATE_41,41,STATE_41,victory_points province 858 not in BSR state 41
42,STATE_42,42,STATE_42,manpower distributed: 3027739 -> 1009246 (ratio=0.333)
42,STATE_42,42,STATE_42,resources distributed from TSR2 state 42 ratio=0.333
42,STATE_42,42,STATE_42,victory_points province 11435 not in BSR state 42
42,STATE_42,42,STATE_42,victory_points province 9575 not in BSR state 42
42,STATE_42,42,STATE_42,victory_points province 11531 not in BSR state 42
43,Northern Hungary,43,Northern Hungary,manpower distributed: 3750752 -> 1667001 (ratio=0.444)
43,Northern Hungary,43,Northern Hungary,resources distributed from TSR2 state 43 ratio=0.444
43,Northern Hungary,43,Northern Hungary,victory_points province 6751 not in BSR state 43
44,STATE_44,44,STATE_44,manpower distributed: 493867 -> 211657 (ratio=0.429)
44,STATE_44,44,STATE_44,resources distributed from TSR2 state 44 ratio=0.429
44,STATE_44,44,STATE_44,victory_points province 13255 not in BSR state 44
44,STATE_44,44,STATE_44,victory_points province 6900 not in BSR state 44
44,STATE_44,44,STATE_44,"province building 13255 not in BSR state 44, needs province remap"
45,STATE_45,45,STATE_45,manpower distributed: 838621 -> 335448 (ratio=0.400)
45,STATE_45,45,STATE_45,victory_points province 9608 not in BSR state 45
46,STATE_46,46,Muntenia,manpower distributed: 3971400 -> 2553043 (ratio=0.643)
46,STATE_46,46,Muntenia,resources distributed from TSR2 state 46 ratio=0.643
47,STATE_47,47,Thessaly,manpower distributed: 2312500 -> 256944 (ratio=0.111)
47,STATE_47,47,Thessaly,resources distributed from TSR2 state 47 ratio=0.111
47,STATE_47,47,Thessaly,victory_points province 3973 not in BSR state 47
47,STATE_47,47,Thessaly,victory_points province 7127 not in BSR state 47
47,STATE_47,47,Thessaly,victory_points province 3988 not in BSR state 47
48,STATE_48,48,STATE_48,manpower distributed: 1685989 -> 1053743 (ratio=0.625)
48,STATE_48,48,STATE_48,resources distributed from TSR2 state 48 ratio=0.625
48,STATE_48,48,STATE_48,victory_points province 9771 not in BSR state 48
49,STATE_49,49,Ankara,manpower distributed: 810284 -> 368311 (ratio=0.455)
49,STATE_49,49,Ankara,resources distributed from TSR2 state 49 ratio=0.455
49,STATE_49,49,Ankara,victory_points province 804 not in BSR state 49
49,STATE_49,49,Ankara,victory_points province 3951 not in BSR state 49
50,STATE_50,50,Württemberg,manpower distributed: 3076854 -> 769214 (ratio=0.250)
50,STATE_50,50,Württemberg,resources distributed from TSR2 state 50 ratio=0.250
50,STATE_50,50,Württemberg,victory_points province 9517 not in BSR state 50
51,STATE_51,51,STATE_51,manpower distributed: 6144743 -> 682749 (ratio=0.111)
51,STATE_51,51,STATE_51,resources distributed from TSR2 state 51 ratio=0.111
51,STATE_51,51,STATE_51,victory_points province 6469 not in BSR state 51
51,STATE_51,51,STATE_51,victory_points province 587 not in BSR state 51
52,STATE_52,52,STATE_52,manpower distributed: 2679413 -> 2009560 (ratio=0.750)
52,STATE_52,52,STATE_52,resources distributed from TSR2 state 52 ratio=0.750
53,STATE_53,53,STATE_53,manpower distributed: 1453365 -> 1017355 (ratio=0.700)
53,STATE_53,53,STATE_53,victory_points province 9515 not in BSR state 53
54,STATE_54,54,STATE_54,manpower distributed: 2508159 -> 1463093 (ratio=0.583)
54,STATE_54,54,STATE_54,resources distributed from TSR2 state 54 ratio=0.583
54,STATE_54,54,STATE_54,victory_points province 6421 not in BSR state 54
54,STATE_54,54,STATE_54,victory_points province 9557 not in BSR state 54
54,STATE_54,54,STATE_54,merge owner/controller/cores copied from strongest overlap candidate; review political union manually
55,STATE_55,55,STATE_55,manpower distributed: 3798235 -> 1899118 (ratio=0.500)
55,STATE_55,55,STATE_55,resources distributed from TSR2 state 55 ratio=0.500
55,STATE_55,55,STATE_55,victory_points province 6488 not in BSR state 55
55,STATE_55,55,STATE_55,victory_points province 6444 not in BSR state 55
55,STATE_55,55,STATE_55,victory_points province 11560 not in BSR state 55
56,STATE_56,56,STATE_56,manpower distributed: 2058467 -> 1235080 (ratio=0.600)
56,STATE_56,56,STATE_56,victory_points province 241 not in BSR state 56
56,STATE_56,56,STATE_56,victory_points province 11360 not in BSR state 56
56,STATE_56,56,STATE_56,"province building 241 not in BSR state 56, needs province remap"
56,STATE_56,56,STATE_56,merge owner/controller/cores copied from strongest overlap candidate; review political union manually
57,STATE_57,57,STATE_57,manpower distributed: 5109333 -> 3576533 (ratio=0.700)
58,STATE_58,58,STATE_58,manpower distributed: 3095630 -> 1547815 (ratio=0.500)
58,STATE_58,58,STATE_58,victory_points province 9347 not in BSR state 58
59,STATE_59,58,STATE_58,manpower distributed: 3095630 -> 515938 (ratio=0.167)
59,STATE_59,58,STATE_58,TSR state 58 overlaid onto BSR state 59
59,STATE_59,58,STATE_58,victory_points province 6389 not in BSR state 59
59,STATE_59,58,STATE_58,"province building 6389 not in BSR state 59, needs province remap"
60,STATE_60,60,STATE_60,manpower distributed: 3005214 -> 2003476 (ratio=0.667)
60,STATE_60,60,STATE_60,resources distributed from TSR2 state 60 ratio=0.667
60,STATE_60,60,STATE_60,victory_points province 425 not in BSR state 60
61,STATE_61,61,STATE_61,merge owner/controller/cores copied from strongest overlap candidate; review political union manually
62,STATE_62,62,STATE_62,manpower distributed: 1006221 -> 287492 (ratio=0.286)
62,STATE_62,62,STATE_62,victory_points province 3258 not in BSR state 62
63,STATE_63,63,STATE_63,manpower distributed: 1124417 -> 160631 (ratio=0.143)
63,STATE_63,63,STATE_63,resources distributed from TSR2 state 63 ratio=0.143
63,STATE_63,63,STATE_63,victory_points province 6282 not in BSR state 63
63,STATE_63,63,STATE_63,victory_points province 11372 not in BSR state 63
63,STATE_63,63,STATE_63,"province building 11372 not in BSR state 63, needs province remap"
63,STATE_63,63,STATE_63,"province building 6282 not in BSR state 63, needs province remap"
64,STATE_64,,,new BSR state retained without TSR overlay
65,STATE_65,65,STATE_65,manpower distributed: 5592576 -> 1016832 (ratio=0.182)
65,STATE_65,65,STATE_65,resources distributed from TSR2 state 65 ratio=0.182
65,STATE_65,65,STATE_65,victory_points province 3535 not in BSR state 65
65,STATE_65,65,STATE_65,victory_points province 9471 not in BSR state 65
66,STATE_66,66,STATE_66,manpower distributed: 3052726 -> 508788 (ratio=0.167)
66,STATE_66,66,STATE_66,resources distributed from TSR2 state 66 ratio=0.167
66,STATE_66,66,STATE_66,victory_points province 552 not in BSR state 66
67,STATE_67,67,STATE_67,manpower distributed: 1402591 -> 280518 (ratio=0.200)
67,STATE_67,67,STATE_67,resources distributed from TSR2 state 67 ratio=0.200
67,STATE_67,67,STATE_67,victory_points province 11467 not in BSR state 67
67,STATE_67,67,STATE_67,victory_points province 9511 not in BSR state 67
68,STATE_68,68,STATE_68,manpower distributed: 1250840 -> 357383 (ratio=0.286)
68,STATE_68,68,STATE_68,resources distributed from TSR2 state 68 ratio=0.286
69,STATE_69,69,STATE_69,manpower distributed: 2476250 -> 1650833 (ratio=0.667)
69,STATE_69,69,STATE_69,resources distributed from TSR2 state 69 ratio=0.667
69,STATE_69,69,STATE_69,victory_points province 11401 not in BSR state 69
69,STATE_69,69,STATE_69,"province building 469 not in BSR state 69, needs province remap"
70,STATE_70,70,STATE_70,manpower distributed: 1230500 -> 175786 (ratio=0.143)
70,STATE_70,70,STATE_70,resources distributed from TSR2 state 70 ratio=0.143
70,STATE_70,70,STATE_70,victory_points province 11539 not in BSR state 70
70,STATE_70,70,STATE_70,victory_points province 541 not in BSR state 70
71,STATE_71,71,STATE_71,manpower distributed: 1197800 -> 513343 (ratio=0.429)
71,STATE_71,71,STATE_71,resources distributed from TSR2 state 71 ratio=0.429
72,STATE_72,72,STATE_72,manpower distributed: 152000 -> 76000 (ratio=0.500)
72,STATE_72,72,STATE_72,resources distributed from TSR2 state 72 ratio=0.500
73,STATE_73,73,STATE_73,manpower distributed: 854300 -> 683440 (ratio=0.800)
73,STATE_73,73,STATE_73,victory_points province 6571 not in BSR state 73
74,STATE_74,74,STATE_74,manpower distributed: 820000 -> 615000 (ratio=0.750)
74,STATE_74,74,STATE_74,resources distributed from TSR2 state 74 ratio=0.750
76,STATE_76,76,STATE_76,manpower distributed: 2352700 -> 1176350 (ratio=0.500)
76,STATE_76,76,STATE_76,victory_points province 9672 not in BSR state 76
76,STATE_76,76,STATE_76,victory_points province 9670 not in BSR state 76
78,STATE_78,78,STATE_78,manpower distributed: 2296800 -> 1607760 (ratio=0.700)
78,STATE_78,78,STATE_78,victory_points province 3707 not in BSR state 78
79,STATE_79,79,STATE_79,manpower distributed: 2806400 -> 2104800 (ratio=0.750)
79,STATE_79,79,STATE_79,resources distributed from TSR2 state 79 ratio=0.750
79,STATE_79,79,STATE_79,victory_points province 6706 not in BSR state 79
86,STATE_86,86,STATE_86,manpower distributed: 2106500 -> 936222 (ratio=0.444)
86,STATE_86,86,STATE_86,"province building 11232 not in BSR state 86, needs province remap"
86,STATE_86,86,STATE_86,"province building 3381 not in BSR state 86, needs province remap"
87,STATE_87,87,STATE_87,manpower distributed: 2632000 -> 376000 (ratio=0.143)
88,STATE_88,88,STATE_88,manpower distributed: 3692800 -> 263771 (ratio=0.071)
88,STATE_88,88,STATE_88,resources distributed from TSR2 state 88 ratio=0.071
88,STATE_88,88,STATE_88,victory_points province 9427 not in BSR state 88
88,STATE_88,88,STATE_88,victory_points province 442 not in BSR state 88
88,STATE_88,88,STATE_88,victory_points province 9494 not in BSR state 88
89,STATE_89,89,STATE_89,manpower distributed: 2180300 -> 1245886 (ratio=0.571)
90,STATE_90,90,Kielce,manpower distributed: 1835700 -> 1311214 (ratio=0.714)
90,STATE_90,90,Kielce,resources distributed from TSR2 state 90 ratio=0.714
90,STATE_90,90,Kielce,merge owner/controller/cores copied from strongest overlap candidate; review political union manually
91,Lwow,91,Lwow,manpower distributed: 3227800 -> 968340 (ratio=0.300)
91,Lwow,91,Lwow,merge owner/controller/cores copied from strongest overlap candidate; review political union manually
92,STATE_92,92,STATE_92,manpower distributed: 2464600 -> 821533 (ratio=0.333)
92,STATE_92,92,STATE_92,resources distributed from TSR2 state 92 ratio=0.333
92,STATE_92,92,STATE_92,victory_points province 11399 not in BSR state 92
92,STATE_92,92,STATE_92,merge owner/controller/cores copied from strongest overlap candidate; review political union manually
93,STATE_93,93,STATE_93,manpower distributed: 1985600 -> 397120 (ratio=0.200)
93,STATE_93,93,STATE_93,victory_points province 422 not in BSR state 93
94,STATE_94,94,STATE_94,manpower distributed: 1232200 -> 231038 (ratio=0.188)
94,STATE_94,94,STATE_94,victory_points province 3392 not in BSR state 94
94,STATE_94,94,STATE_94,victory_points province 560 not in BSR state 94
95,STATE_95,95,STATE_95,manpower distributed: 1598900 -> 581418 (ratio=0.364)
95,STATE_95,95,STATE_95,merge owner/controller/cores copied from strongest overlap candidate; review political union manually
96,STATE_96,96,STATE_96,manpower distributed: 726000 -> 518571 (ratio=0.714)
96,STATE_96,96,STATE_96,merge owner/controller/cores copied from strongest overlap candidate; review political union manually
97,STATE_97,97,STATE_97,manpower distributed: 1157200 -> 514311 (ratio=0.444)
97,STATE_97,97,STATE_97,victory_points province 3393 not in BSR state 97
97,STATE_97,97,STATE_97,victory_points province 3254 not in BSR state 97
98,STATE_98,98,STATE_98,manpower distributed: 1412100 -> 313800 (ratio=0.222)
98,STATE_98,98,STATE_98,victory_points province 3230 not in BSR state 98
99,STATE_99,99,STATE_99,manpower distributed: 1254177 -> 228032 (ratio=0.182)
99,STATE_99,99,STATE_99,victory_points province 3277 not in BSR state 99
99,STATE_99,99,STATE_99,victory_points province 399 not in BSR state 99
99,STATE_99,99,STATE_99,victory_points province 3206 not in BSR state 99
99,STATE_99,99,STATE_99,"province building 394 not in BSR state 99, needs province remap"
99,STATE_99,99,STATE_99,"province building 399 not in BSR state 99, needs province remap"
100,STATE_100,100,STATE_100,manpower distributed: 115870 -> 16553 (ratio=0.143)
101,STATE_101,101,STATE_101,manpower distributed: 18000 -> 14400 (ratio=0.800)
101,STATE_101,101,STATE_101,resources distributed from TSR2 state 101 ratio=0.800
102,STATE_102,853,STATE_853,TSR state 853 overlaid onto BSR state 102
103,STATE_103,103,Dalmatia,manpower distributed: 1431700 -> 260309 (ratio=0.182)
103,STATE_103,103,Dalmatia,victory_points province 6889 not in BSR state 103
103,STATE_103,103,Dalmatia,victory_points province 3924 not in BSR state 103
103,STATE_103,103,Dalmatia,"province building 3924 not in BSR state 103, needs province remap"
103,STATE_103,103,Dalmatia,"province building 6889 not in BSR state 103, needs province remap"
104,STATE_104,104,STATE_104,manpower distributed: 1910200 -> 337094 (ratio=0.176)
104,STATE_104,104,STATE_104,resources distributed from TSR2 state 104 ratio=0.176
104,STATE_104,104,STATE_104,victory_points province 11899 not in BSR state 104
104,STATE_104,104,STATE_104,victory_points province 6983 not in BSR state 104
105,STATE_105,105,STATE_105,manpower distributed: 895500 -> 358200 (ratio=0.400)
105,STATE_105,105,STATE_105,resources distributed from TSR2 state 105 ratio=0.400
105,STATE_105,105,STATE_105,victory_points province 9821 not in BSR state 105
105,STATE_105,105,STATE_105,"province building 9821 not in BSR state 105, needs province remap"
106,STATE_106,106,STATE_106,manpower distributed: 1030650 -> 687100 (ratio=0.667)
106,STATE_106,106,STATE_106,resources distributed from TSR2 state 106 ratio=0.667
107,STATE_107,107,STATE_107,manpower distributed: 1279121 -> 1119231 (ratio=0.875)
107,STATE_107,107,STATE_107,resources distributed from TSR2 state 107 ratio=0.875
107,STATE_107,107,STATE_107,merge owner/controller/cores copied from strongest overlap candidate; review political union manually
108,STATE_108,802,STATE_802,manpower distributed: 616000 -> 308000 (ratio=0.500)
108,STATE_108,802,STATE_802,resources distributed from TSR2 state 802 ratio=0.500
108,STATE_108,802,STATE_802,TSR state 802 overlaid onto BSR state 108
108,STATE_108,802,STATE_802,victory_points province 9849 not in BSR state 108
108,STATE_108,802,STATE_802,merge owner/controller/cores copied from strongest overlap candidate; review political union manually
109,STATE_109,109,Croatia,manpower distributed: 2224400 -> 1415527 (ratio=0.636)
109,STATE_109,109,Croatia,resources distributed from TSR2 state 109 ratio=0.636
111,Uusimaa,111,UUSIMA,manpower distributed: 559000 -> 419250 (ratio=0.750)
111,Uusimaa,111,UUSIMA,victory_points province 11211 not in BSR state 111
113,Leinster,113,Leinster,manpower distributed: 1357600 -> 1187900 (ratio=0.875)
113,Leinster,113,Leinster,resources distributed from TSR2 state 113 ratio=0.875
115,STATE_115,115,STATE_115,victory_points province 13256 not in BSR state 115
117,STATE_117,117,Campania,manpower distributed: 4240000 -> 2355556 (ratio=0.556)
117,STATE_117,117,Campania,resources distributed from TSR2 state 117 ratio=0.556
117,STATE_117,117,Campania,merge owner/controller/cores copied from strongest overlap candidate; review political union manually
119,STATE_119,119,STATE_119,manpower distributed: 1198537 -> 342439 (ratio=0.286)
119,STATE_119,119,STATE_119,resources distributed from TSR2 state 119 ratio=0.286
119,STATE_119,119,STATE_119,victory_points province 385 not in BSR state 119
123,STATE_123,123,STATE_123,manpower distributed: 1221013 -> 407004 (ratio=0.333)
123,STATE_123,123,STATE_123,victory_points province 6526 not in BSR state 123
126,STATE_126,126,STATE_126,manpower distributed: 9824296 -> 7368222 (ratio=0.750)
126,STATE_126,126,STATE_126,victory_points province 6103 not in BSR state 126
127,Sussex,127,Sussex,manpower distributed: 3193383 -> 2661152 (ratio=0.833)
127,Sussex,127,Sussex,resources distributed from TSR2 state 127 ratio=0.833
127,Sussex,127,Sussex,victory_points province 3501 not in BSR state 127
127,Sussex,127,Sussex,"province building 3501 not in BSR state 127, needs province remap"
128,STATE_128,128,STATE_128,manpower distributed: 3685235 -> 1579386 (ratio=0.429)
128,STATE_128,128,STATE_128,resources distributed from TSR2 state 128 ratio=0.429
129,STATE_129,129,STATE_129,manpower distributed: 2212021 -> 1264012 (ratio=0.571)
129,STATE_129,129,STATE_129,resources distributed from TSR2 state 129 ratio=0.571
129,STATE_129,129,STATE_129,victory_points province 6237 not in BSR state 129
130,STATE_130,130,STATE_130,manpower distributed: 4762495 -> 3174997 (ratio=0.667)
130,STATE_130,130,STATE_130,resources distributed from TSR2 state 130 ratio=0.667
130,STATE_130,130,STATE_130,merge owner/controller/cores copied from strongest overlap candidate; review political union manually
132,Lancashire,132,Lancashire,manpower distributed: 5770454 -> 4327840 (ratio=0.750)
132,Lancashire,132,Lancashire,resources distributed from TSR2 state 132 ratio=0.750
132,Lancashire,132,Lancashire,merge owner/controller/cores copied from strongest overlap candidate; review political union manually
134,STATE_134,134,STATE_134,manpower distributed: 667100 -> 592978 (ratio=0.889)
137,STATE_137,137,STATE_137,manpower distributed: 1061607 -> 353869 (ratio=0.333)
137,STATE_137,137,STATE_137,victory_points province 3686 not in BSR state 137
137,STATE_137,137,STATE_137,victory_points province 705 not in BSR state 137
137,STATE_137,137,STATE_137,"province building 3686 not in BSR state 137, needs province remap"
138,STATE_138,138,STATE_138,manpower distributed: 1047701 -> 857210 (ratio=0.818)
138,STATE_138,138,STATE_138,resources distributed from TSR2 state 138 ratio=0.818
139,STATE_139,139,STATE_139,resources distributed from TSR2 state 139 ratio=1.000
139,STATE_139,139,STATE_139,merge owner/controller/cores copied from strongest overlap candidate; review political union manually
140,STATE_140,140,Västra Götaland,manpower distributed: 889962 -> 622973 (ratio=0.700)
140,STATE_140,140,Västra Götaland,resources distributed from TSR2 state 140 ratio=0.700
141,STATE_141,141,Svealand,manpower distributed: 1488181 -> 850389 (ratio=0.571)
141,STATE_141,141,Svealand,resources distributed from TSR2 state 141 ratio=0.571
142,STATE_142,142,STATE_142,manpower distributed: 484520 -> 343202 (ratio=0.708)
142,STATE_142,142,STATE_142,resources distributed from TSR2 state 142 ratio=0.708
142,STATE_142,142,STATE_142,merge owner/controller/cores copied from strongest overlap candidate; review political union manually
143,STATE_143,143,STATE_143,manpower distributed: 280271 -> 263784 (ratio=0.941)
143,STATE_143,143,STATE_143,merge owner/controller/cores copied from strongest overlap candidate; review political union manually
144,STATE_144,925,STATE_925,manpower distributed: 142100 -> 106575 (ratio=0.750)
144,STATE_144,925,STATE_925,resources distributed from TSR2 state 925 ratio=0.750
144,STATE_144,925,STATE_925,TSR state 925 overlaid onto BSR state 144
144,STATE_144,925,STATE_925,victory_points province 9116 not in BSR state 144
144,STATE_144,925,STATE_925,"province building 9116 not in BSR state 144, needs province remap"
144,STATE_144,925,STATE_925,merge owner/controller/cores copied from strongest overlap candidate; review political union manually
146,STATE_146,146,KARJALA,manpower distributed: 604427 -> 339990 (ratio=0.562)
146,STATE_146,146,KARJALA,victory_points province 9206 not in BSR state 146
146,STATE_146,146,KARJALA,"province building 9100 not in BSR state 146, needs province remap"
146,STATE_146,146,KARJALA,"province building 9105 not in BSR state 146, needs province remap"
146,STATE_146,146,KARJALA,"province building 9206 not in BSR state 146, needs province remap"
148,STATE_148,148,LAPPI,manpower distributed: 121737 -> 62967 (ratio=0.517)
148,STATE_148,148,LAPPI,resources distributed from TSR2 state 148 ratio=0.517
148,STATE_148,148,LAPPI,victory_points province 11164 not in BSR state 148
148,STATE_148,148,LAPPI,victory_points province 11125 not in BSR state 148
149,Pohjanmaa,149,VAASA,manpower distributed: 594860 -> 330478 (ratio=0.556)
149,Pohjanmaa,149,VAASA,victory_points province 3122 not in BSR state 149
149,Pohjanmaa,149,VAASA,victory_points province 66 not in BSR state 149
149,Pohjanmaa,149,VAASA,victory_points province 6141 not in BSR state 149
149,Pohjanmaa,149,VAASA,"province building 3122 not in BSR state 149, needs province remap"
149,Pohjanmaa,149,VAASA,merge owner/controller/cores copied from strongest overlap candidate; review political union manually
150,Savo,150,KUOPIO,manpower distributed: 392400 -> 154157 (ratio=0.393)
150,Savo,150,KUOPIO,resources distributed from TSR2 state 150 ratio=0.393
150,Savo,150,KUOPIO,victory_points province 9061 not in BSR state 150
150,Savo,150,KUOPIO,merge owner/controller/cores copied from strongest overlap candidate; review political union manually
151,STATE_151,151,STATE_151,manpower distributed: 598920 -> 239568 (ratio=0.400)
151,STATE_151,151,STATE_151,resources distributed from TSR2 state 151 ratio=0.400
151,STATE_151,151,STATE_151,victory_points province 658 not in BSR state 151
151,STATE_151,151,STATE_151,merge owner/controller/cores copied from strongest overlap candidate; review political union manually
152,STATE_152,152,STATE_152,manpower distributed: 675377 -> 225126 (ratio=0.333)
152,STATE_152,152,STATE_152,resources distributed from TSR2 state 152 ratio=0.333
152,STATE_152,152,STATE_152,victory_points province 688 not in BSR state 152
153,STATE_153,153,STATE_153,manpower distributed: 1500986 -> 667105 (ratio=0.444)
153,STATE_153,153,STATE_153,merge owner/controller/cores copied from strongest overlap candidate; review political union manually
154,STATE_154,154,STATE_154,manpower distributed: 2155383 -> 1508768 (ratio=0.700)
154,STATE_154,154,STATE_154,victory_points province 9706 not in BSR state 154
155,STATE_155,155,North Transdanubia,manpower distributed: 1465070 -> 1025549 (ratio=0.700)
155,STATE_155,155,North Transdanubia,resources distributed from TSR2 state 155 ratio=0.700
155,STATE_155,155,North Transdanubia,victory_points province 11627 not in BSR state 155
157,STATE_157,157,STATE_157,manpower distributed: 2979335 -> 541697 (ratio=0.182)
157,STATE_157,157,STATE_157,"province building 6831 not in BSR state 157, needs province remap"
158,STATE_158,158,STATE_158,manpower distributed: 4765476 -> 1121288 (ratio=0.235)
158,STATE_158,158,STATE_158,resources distributed from TSR2 state 158 ratio=0.235
158,STATE_158,158,STATE_158,victory_points province 6788 not in BSR state 158
158,STATE_158,158,STATE_158,victory_points province 6780 not in BSR state 158
158,STATE_158,158,STATE_158,"province building 6788 not in BSR state 158, needs province remap"
159,STATE_159,159,STATE_159,manpower distributed: 5597704 -> 2798852 (ratio=0.500)
159,STATE_159,159,STATE_159,victory_points province 3780 not in BSR state 159
160,STATE_160,160,STATE_160,manpower distributed: 3963151 -> 1981576 (ratio=0.500)
160,STATE_160,160,STATE_160,resources distributed from TSR2 state 160 ratio=0.500
161,STATE_161,161,STATE_161,manpower distributed: 3202401 -> 1067467 (ratio=0.333)
161,STATE_161,161,STATE_161,resources distributed from TSR2 state 161 ratio=0.333
161,STATE_161,161,STATE_161,victory_points province 6606 not in BSR state 161
161,STATE_161,161,STATE_161,victory_points province 9752 not in BSR state 161
162,STATE_162,162,STATE_162,manpower distributed: 3084933 -> 2243588 (ratio=0.727)
162,STATE_162,162,STATE_162,victory_points province 6973 not in BSR state 162
162,STATE_162,162,STATE_162,"province building 6973 not in BSR state 162, needs province remap"
163,STATE_163,,,new BSR state retained without TSR overlay
166,STATE_166,166,STATE_166,manpower distributed: 668365 -> 425323 (ratio=0.636)
166,STATE_166,166,STATE_166,resources distributed from TSR2 state 166 ratio=0.636
166,STATE_166,166,STATE_166,victory_points province 9840 not in BSR state 166
168,STATE_168,168,STATE_168,manpower distributed: 1007605 -> 458002 (ratio=0.455)
170,STATE_170,170,STATE_170,manpower distributed: 1417652 -> 917304 (ratio=0.647)
170,STATE_170,170,STATE_170,resources distributed from TSR2 state 170 ratio=0.647
171,STATE_171,171,STATE_171,merge owner/controller/cores copied from strongest overlap candidate; review political union manually
176,STATE_176,176,STATE_176,manpower distributed: 739760 -> 512142 (ratio=0.692)
177,STATE_177,177,STATE_177,manpower distributed: 365500 -> 243667 (ratio=0.667)
179,STATE_179,179,STATE_179,manpower distributed: 777895 -> 518597 (ratio=0.667)
179,STATE_179,179,STATE_179,victory_points province 970 not in BSR state 179
180,STATE_180,180,STATE_180,manpower distributed: 1904600 -> 544171 (ratio=0.286)
180,STATE_180,180,STATE_180,resources distributed from TSR2 state 180 ratio=0.286
182,STATE_182,182,STATE_182,manpower distributed: 387900 -> 290925 (ratio=0.750)
183,STATE_183,183,STATE_183,manpower distributed: 347959 -> 173980 (ratio=0.500)
183,STATE_183,183,STATE_183,resources distributed from TSR2 state 183 ratio=0.500
183,STATE_183,183,STATE_183,victory_points province 11984 not in BSR state 183
184,STATE_184,184,STATE_184,manpower distributed: 382500 -> 95625 (ratio=0.250)
184,STATE_184,184,STATE_184,resources distributed from TSR2 state 184 ratio=0.250
184,STATE_184,184,STATE_184,victory_points province 11905 not in BSR state 184
184,STATE_184,184,STATE_184,merge owner/controller/cores copied from strongest overlap candidate; review political union manually
185,STATE_185,185,STATE_185,manpower distributed: 760900 -> 253633 (ratio=0.333)
185,STATE_185,185,STATE_185,resources distributed from TSR2 state 185 ratio=0.333
185,STATE_185,185,STATE_185,victory_points province 10203 not in BSR state 185
185,STATE_185,185,STATE_185,victory_points province 3914 not in BSR state 185
185,STATE_185,185,STATE_185,victory_points province 1205 not in BSR state 185
185,STATE_185,185,STATE_185,"province building 9805 not in BSR state 185, needs province remap"
185,STATE_185,185,STATE_185,merge owner/controller/cores copied from strongest overlap candidate; review political union manually
187,STATE_187,187,STATE_187,manpower distributed: 322600 -> 107533 (ratio=0.333)
187,STATE_187,187,STATE_187,resources distributed from TSR2 state 187 ratio=0.333
187,STATE_187,187,STATE_187,victory_points province 6550 not in BSR state 187
187,STATE_187,187,STATE_187,victory_points province 8435 not in BSR state 187
187,STATE_187,187,STATE_187,"province building 8435 not in BSR state 187, needs province remap"
187,STATE_187,187,STATE_187,"province building 6550 not in BSR state 187, needs province remap"
189,STATE_189,189,STATE_189,manpower distributed: 697100 -> 464733 (ratio=0.667)
189,STATE_189,189,STATE_189,resources distributed from TSR2 state 189 ratio=0.667
189,STATE_189,189,STATE_189,victory_points province 6314 not in BSR state 189
189,STATE_189,189,STATE_189,"province building 6314 not in BSR state 189, needs province remap"
189,STATE_189,189,STATE_189,merge owner/controller/cores copied from strongest overlap candidate; review political union manually
190,STATE_190,190,STATE_190,merge owner/controller/cores copied from strongest overlap candidate; review political union manually
191,STATE_191,191,STATE_191,merge owner/controller/cores copied from strongest overlap candidate; review political union manually
192,STATE_192,192,STATE_192,merge owner/controller/cores copied from strongest overlap candidate; review political union manually
193,STATE_193,193,Chernihiv,manpower distributed: 1373637 -> 490585 (ratio=0.357)
193,STATE_193,193,Chernihiv,victory_points province 3568 not in BSR state 193
194,Mozyr,194,Mozyr,manpower distributed: 934632 -> 467316 (ratio=0.500)
194,Mozyr,194,Mozyr,victory_points province 6232 not in BSR state 194
196,STATE_196,196,STATE_196,manpower distributed: 728363 -> 637318 (ratio=0.875)
196,STATE_196,196,STATE_196,resources distributed from TSR2 state 196 ratio=0.875
197,STATE_197,197,STATE_197,merge owner/controller/cores copied from strongest overlap candidate; review political union manually
198,STATE_198,198,STATE_198,manpower distributed: 1893391 -> 631130 (ratio=0.333)
198,STATE_198,198,STATE_198,victory_points province 476 not in BSR state 198
199,STATE_199,199,STATE_199,manpower distributed: 1424022 -> 237337 (ratio=0.167)
201,STATE_201,201,STATE_201,manpower distributed: 1417834 -> 1063376 (ratio=0.750)
201,STATE_201,201,STATE_201,merge owner/controller/cores copied from strongest overlap candidate; review political union manually
202,STATE_202,202,STATE_202,manpower distributed: 2495352 -> 453700 (ratio=0.182)
202,STATE_202,202,STATE_202,resources distributed from TSR2 state 202 ratio=0.182
203,STATE_203,203,STATE_203,manpower distributed: 2405190 -> 1717993 (ratio=0.714)
204,STATE_204,204,Bobruysk,manpower distributed: 1041084 -> 520542 (ratio=0.500)
204,STATE_204,204,Bobruysk,victory_points province 3350 not in BSR state 204
204,STATE_204,204,Bobruysk,merge owner/controller/cores copied from strongest overlap candidate; review political union manually
206,STATE_206,206,STATE_206,manpower distributed: 1163163 -> 348949 (ratio=0.300)
206,STATE_206,206,STATE_206,victory_points province 9289 not in BSR state 206
206,STATE_206,206,STATE_206,merge owner/controller/cores copied from strongest overlap candidate; review political union manually
207,STATE_207,207,STATE_207,manpower distributed: 1217854 -> 553570 (ratio=0.455)
211,STATE_211,211,STATE_211,manpower distributed: 1358394 -> 776225 (ratio=0.571)
211,STATE_211,211,STATE_211,victory_points province 9783 not in BSR state 211
211,STATE_211,211,STATE_211,victory_points province 9769 not in BSR state 211
211,STATE_211,211,STATE_211,"province building 9783 not in BSR state 211, needs province remap"
212,STATE_212,212,STATE_212,manpower distributed: 1814936 -> 989965 (ratio=0.545)
212,STATE_212,212,STATE_212,resources distributed from TSR2 state 212 ratio=0.545
214,STATE_214,,,new BSR state retained without TSR overlay
215,STATE_215,215,STATE_215,manpower distributed: 214858 -> 40649 (ratio=0.189)
215,STATE_215,215,STATE_215,resources distributed from TSR2 state 215 ratio=0.189
216,STATE_216,216,STATE_216,manpower distributed: 229564 -> 198260 (ratio=0.864)
216,STATE_216,216,STATE_216,merge owner/controller/cores copied from strongest overlap candidate; review political union manually
221,STATE_221,221,STATE_221,resources distributed from TSR2 state 221 ratio=1.000
221,STATE_221,221,STATE_221,merge owner/controller/cores copied from strongest overlap candidate; review political union manually
225,STATE_225,225,Sumy,manpower distributed: 1338280 -> 1216618 (ratio=0.909)
225,STATE_225,225,Sumy,merge owner/controller/cores copied from strongest overlap candidate; review political union manually
226,STATE_226,226,Dnipropertovsk,manpower distributed: 2391047 -> 1394777 (ratio=0.583)
226,STATE_226,226,Dnipropertovsk,resources distributed from TSR2 state 226 ratio=0.583
227,STATE_227,227,STATE_227,manpower distributed: 3767336 -> 3013869 (ratio=0.800)
227,STATE_227,227,STATE_227,resources distributed from TSR2 state 227 ratio=0.800
228,Voroshilovgrad,228,Voroshilovgrad,manpower distributed: 2167411 -> 1733929 (ratio=0.800)
229,STATE_229,229,STATE_229,manpower distributed: 2881049 -> 1186314 (ratio=0.412)
229,STATE_229,229,STATE_229,resources distributed from TSR2 state 229 ratio=0.412
229,STATE_229,229,STATE_229,victory_points province 7661 not in BSR state 229
229,STATE_229,229,STATE_229,victory_points province 11674 not in BSR state 229
230,STATE_230,230,STATE_230,manpower distributed: 1250082 -> 375025 (ratio=0.300)
230,STATE_230,230,STATE_230,victory_points province 12441 not in BSR state 230
231,STATE_231,231,STATE_231,manpower distributed: 2457844 -> 491569 (ratio=0.200)
231,STATE_231,231,STATE_231,victory_points province 3653 not in BSR state 231
231,STATE_231,231,STATE_231,"province building 3653 not in BSR state 231, needs province remap"
232,STATE_232,232,Dagestan,manpower distributed: 1358292 -> 169786 (ratio=0.125)
232,STATE_232,232,Dagestan,resources distributed from TSR2 state 232 ratio=0.125
232,STATE_232,232,Dagestan,victory_points province 6701 not in BSR state 232
232,STATE_232,232,Dagestan,victory_points province 7624 not in BSR state 232
233,STATE_233,233,STATE_233,victory_points province 9663 not in BSR state 233
234,STATE_234,234,STATE_234,victory_points province 3720 not in BSR state 234
234,STATE_234,234,STATE_234,victory_points province 719 not in BSR state 234
234,STATE_234,234,STATE_234,building province 719 not in BSR state 234
241,Gomel,241,Gomel,manpower distributed: 943422 -> 72571 (ratio=0.077)
242,STATE_242,,,new BSR state retained without TSR overlay
243,STATE_243,243,STATE_243,victory_points province 11336 not in BSR state 243
256,STATE_256,833,STATE_833,TSR state 833 overlaid onto BSR state 256
259,STATE_259,259,Poltava,manpower distributed: 1442584 -> 1298326 (ratio=0.900)
259,STATE_259,259,Poltava,merge owner/controller/cores copied from strongest overlap candidate; review political union manually
261,STATE_261,261,STATE_261,manpower distributed: 6646694 -> 5583223 (ratio=0.840)
261,STATE_261,261,STATE_261,resources distributed from TSR2 state 261 ratio=0.840
261,STATE_261,261,STATE_261,victory_points province 6890 not in BSR state 261
262,STATE_262,,,new BSR state retained without TSR overlay
266,Tehran,266,Tehran,manpower distributed: 3446250 -> 689250 (ratio=0.200)
266,Tehran,266,Tehran,resources distributed from TSR2 state 266 ratio=0.200
267,STATE_267,267,Kabul,manpower distributed: 1976110 -> 1185666 (ratio=0.600)
267,STATE_267,267,Kabul,resources distributed from TSR2 state 267 ratio=0.600
267,STATE_267,267,Kabul,merge owner/controller/cores copied from strongest overlap candidate; review political union manually
271,STATE_271,271,STATE_271,manpower distributed: 1800000 -> 1350000 (ratio=0.750)
271,STATE_271,271,STATE_271,resources distributed from TSR2 state 271 ratio=0.750
271,STATE_271,271,STATE_271,merge owner/controller/cores copied from strongest overlap candidate; review political union manually
272,STATE_272,272,STATE_272,manpower distributed: 1638000 -> 1365000 (ratio=0.833)
272,STATE_272,272,STATE_272,resources distributed from TSR2 state 272 ratio=0.833
273,STATE_273,273,Libyan Desert,manpower distributed: 42633 -> 7994 (ratio=0.188)
274,STATE_274,274,STATE_274,manpower distributed: 3163600 -> 2259714 (ratio=0.714)
274,STATE_274,274,STATE_274,resources distributed from TSR2 state 274 ratio=0.714
275,STATE_275,275,Transvaal,manpower distributed: 3680363 -> 1338314 (ratio=0.364)
275,STATE_275,275,Transvaal,resources distributed from TSR2 state 275 ratio=0.364
275,STATE_275,275,Transvaal,victory_points province 10400 not in BSR state 275
276,STATE_276,276,Southern Ontario,manpower distributed: 3117017 -> 1904844 (ratio=0.611)
276,STATE_276,276,Southern Ontario,victory_points province 3775 not in BSR state 276
277,STATE_277,277,STATE_277,manpower distributed: 3424403 -> 2054642 (ratio=0.600)
277,STATE_277,277,STATE_277,resources distributed from TSR2 state 277 ratio=0.600
277,STATE_277,277,STATE_277,victory_points province 2008 not in BSR state 277
278,Pampas,278,Pampas,manpower distributed: 5596366 -> 559637 (ratio=0.100)
278,Pampas,278,Pampas,victory_points province 7621 not in BSR state 278
278,Pampas,278,Pampas,"province building 7621 not in BSR state 278, needs province remap"
278,Pampas,278,Pampas,"province building 1639 not in BSR state 278, needs province remap"
279,Santiago,279,Santiago,manpower distributed: 2635146 -> 1882247 (ratio=0.714)
279,Santiago,279,Santiago,resources distributed from TSR2 state 279 ratio=0.714
279,Santiago,279,Santiago,victory_points province 12984 not in BSR state 279
279,Santiago,279,Santiago,victory_points province 8251 not in BSR state 279
280,STATE_280,280,STATE_280,manpower distributed: 120000 -> 60000 (ratio=0.500)
280,STATE_280,280,STATE_280,merge owner/controller/cores copied from strongest overlap candidate; review political union manually
282,STATE_282,282,Kanto,manpower distributed: 15773000 -> 7169545 (ratio=0.455)
282,STATE_282,282,Kanto,resources distributed from TSR2 state 282 ratio=0.455
283,STATE_283,1045,STATE_1045,TSR state 1045 overlaid onto BSR state 283
284,North Island,1101,Auckland,resources distributed from TSR2 state 1101 ratio=1.000
284,North Island,1101,Auckland,TSR state 1101 overlaid onto BSR state 284
284,North Island,1101,Auckland,merge owner/controller/cores copied from strongest overlap candidate; review political union manually
285,STATE_285,285,STATE_285,manpower distributed: 2563100 -> 2257969 (ratio=0.881)
285,STATE_285,285,STATE_285,resources distributed from TSR2 state 285 ratio=0.881
285,STATE_285,285,STATE_285,victory_points province 7859 not in BSR state 285
285,STATE_285,285,STATE_285,"province building 7859 not in BSR state 285, needs province remap"
286,STATE_286,1088,STATE_1088,manpower distributed: 3245000 -> 1747308 (ratio=0.538)
286,STATE_286,1088,STATE_1088,resources distributed from TSR2 state 1088 ratio=0.538
286,STATE_286,1088,STATE_1088,TSR state 1088 overlaid onto BSR state 286
288,STATE_288,288,STATE_288,resources distributed from TSR2 state 288 ratio=1.000
288,STATE_288,288,STATE_288,merge owner/controller/cores copied from strongest overlap candidate; review political union manually
289,STATE_289,289,STATE_289,resources distributed from TSR2 state 289 ratio=1.000
289,STATE_289,289,STATE_289,merge owner/controller/cores copied from strongest overlap candidate; review political union manually
290,STATE_290,,,new BSR state retained without TSR overlay
291,STATE_291,1011,STATE_1011,manpower distributed: 980164 -> 420070 (ratio=0.429)
291,STATE_291,1011,STATE_1011,resources distributed from TSR2 state 1011 ratio=0.429
291,STATE_291,1011,STATE_1011,TSR state 1011 overlaid onto BSR state 291
291,STATE_291,1011,STATE_1011,victory_points province 2089 not in BSR state 291
291,STATE_291,1011,STATE_1011,victory_points province 8001 not in BSR state 291
291,STATE_291,1011,STATE_1011,"province building 2089 not in BSR state 291, needs province remap"
291,STATE_291,1011,STATE_1011,merge owner/controller/cores copied from strongest overlap candidate; review political union manually
292,STATE_292,854,STATE_854,TSR state 854 overlaid onto BSR state 292
292,STATE_292,854,STATE_854,merge owner/controller/cores copied from strongest overlap candidate; review political union manually
293,STATE_293,293,STATE_293,manpower distributed: 2489500 -> 1493700 (ratio=0.600)
293,STATE_293,293,STATE_293,resources distributed from TSR2 state 293 ratio=0.600
294,STATE_294,294,STATE_294,resources distributed from TSR2 state 294 ratio=1.000
294,STATE_294,294,STATE_294,merge owner/controller/cores copied from strongest overlap candidate; review political union manually
295,STATE_295,888,STATE_888,manpower distributed: 885237 -> 663928 (ratio=0.750)
295,STATE_295,888,STATE_888,resources distributed from TSR2 state 888 ratio=0.750
295,STATE_295,888,STATE_888,TSR state 888 overlaid onto BSR state 295
295,STATE_295,888,STATE_888,merge owner/controller/cores copied from strongest overlap candidate; review political union manually
297,Malabo,297,Equatorial Guinea,manpower distributed: 185000 -> 92500 (ratio=0.500)
297,Malabo,297,Equatorial Guinea,"province building 8244 not in BSR state 297, needs province remap"
299,STATE_299,,,new BSR state retained without TSR overlay
300,STATE_300,946,STATE_946,resources distributed from TSR2 state 946 ratio=1.000
300,STATE_300,946,STATE_946,TSR state 946 overlaid onto BSR state 300
300,STATE_300,946,STATE_946,merge owner/controller/cores copied from strongest overlap candidate; review political union manually
301,STATE_301,301,STATE_301,manpower distributed: 890100 -> 712080 (ratio=0.800)
301,STATE_301,301,STATE_301,victory_points province 11023 not in BSR state 301
302,STATE_302,302,STATE_302,manpower distributed: 2044500 -> 1460357 (ratio=0.714)
302,STATE_302,302,STATE_302,resources distributed from TSR2 state 302 ratio=0.714
303,Lima,303,Lima,manpower distributed: 3563249 -> 3054213 (ratio=0.857)
303,Lima,303,Lima,resources distributed from TSR2 state 303 ratio=0.857
303,Lima,303,Lima,victory_points province 2156 not in BSR state 303
303,Lima,303,Lima,"province building 2156 not in BSR state 303, needs province remap"
304,STATE_304,304,STATE_304,manpower distributed: 467459 -> 186984 (ratio=0.400)
304,STATE_304,304,STATE_304,resources distributed from TSR2 state 304 ratio=0.400
304,STATE_304,304,STATE_304,victory_points province 4611 not in BSR state 304
304,STATE_304,304,STATE_304,"province building 4611 not in BSR state 304, needs province remap"
305,STATE_305,305,STATE_305,manpower distributed: 2000000 -> 1500000 (ratio=0.750)
305,STATE_305,305,STATE_305,resources distributed from TSR2 state 305 ratio=0.750
307,Miranda,307,Miranda,manpower distributed: 1335010 -> 1092281 (ratio=0.818)
307,Miranda,307,Miranda,resources distributed from TSR2 state 307 ratio=0.818
312,STATE_312,312,STATE_312,manpower distributed: 859761 -> 573174 (ratio=0.667)
312,STATE_312,312,STATE_312,resources distributed from TSR2 state 312 ratio=0.667
312,STATE_312,312,STATE_312,"province building 8017 not in BSR state 312, needs province remap"
313,STATE_313,313,STATE_313,manpower distributed: 1771000 -> 442750 (ratio=0.250)
313,STATE_313,313,STATE_313,resources distributed from TSR2 state 313 ratio=0.250
313,STATE_313,313,STATE_313,"province building 13085 not in BSR state 313, needs province remap"
314,STATE_314,314,STATE_314,manpower distributed: 1437611 -> 718806 (ratio=0.500)
314,STATE_314,314,STATE_314,resources distributed from TSR2 state 314 ratio=0.500
317,STATE_317,317,STATE_317,manpower distributed: 683000 -> 113833 (ratio=0.167)
317,STATE_317,317,STATE_317,resources distributed from TSR2 state 317 ratio=0.167
317,STATE_317,317,STATE_317,victory_points province 2075 not in BSR state 317
322,STATE_322,322,STATE_322,manpower distributed: 1722000 -> 861000 (ratio=0.500)
322,STATE_322,322,STATE_322,resources distributed from TSR2 state 322 ratio=0.500
325,STATE_325,325,STATE_325,manpower distributed: 10994500 -> 2443222 (ratio=0.222)
325,STATE_325,325,STATE_325,resources distributed from TSR2 state 325 ratio=0.222
325,STATE_325,325,STATE_325,victory_points province 4501 not in BSR state 325
325,STATE_325,325,STATE_325,victory_points province 12262 not in BSR state 325
327,Luzon,327,Manila,manpower distributed: 2277042 -> 1366225 (ratio=0.600)
327,Luzon,327,Manila,resources distributed from TSR2 state 327 ratio=0.600
327,Luzon,327,Manila,victory_points province 4288 not in BSR state 327
327,Luzon,327,Manila,merge owner/controller/cores copied from strongest overlap candidate; review political union manually
328,STATE_328,328,Kirin,manpower distributed: 7536266 -> 1739138 (ratio=0.231)
328,STATE_328,328,Kirin,resources distributed from TSR2 state 328 ratio=0.231
328,STATE_328,328,Kirin,victory_points province 4572 not in BSR state 328
330,STATE_330,330,STATE_330,manpower distributed: 435550 -> 186664 (ratio=0.429)
330,STATE_330,330,STATE_330,resources distributed from TSR2 state 330 ratio=0.429
330,STATE_330,330,STATE_330,victory_points province 7799 not in BSR state 330
330,STATE_330,330,STATE_330,merge owner/controller/cores copied from strongest overlap candidate; review political union manually
332,STATE_332,332,STATE_332,manpower distributed: 22179 -> 12674 (ratio=0.571)
333,STATE_333,333,STATE_333,resources distributed from TSR2 state 333 ratio=1.000
333,STATE_333,333,STATE_333,merge owner/controller/cores copied from strongest overlap candidate; review political union manually
334,STATE_334,1077,STATE_1077,manpower distributed: 1412581 -> 859832 (ratio=0.609)
334,STATE_334,1077,STATE_1077,resources distributed from TSR2 state 1077 ratio=0.609
334,STATE_334,1077,STATE_1077,TSR state 1077 overlaid onto BSR state 334
334,STATE_334,1077,STATE_1077,victory_points province 12110 not in BSR state 334
334,STATE_334,1077,STATE_1077,merge owner/controller/cores copied from strongest overlap candidate; review political union manually
335,STATE_335,335,Java,manpower distributed: 41718200 -> 25030920 (ratio=0.600)
335,STATE_335,335,Java,resources distributed from TSR2 state 335 ratio=0.600
335,STATE_335,335,Java,merge owner/controller/cores copied from strongest overlap candidate; review political union manually
336,STATE_336,1085,STATE_1085,resources distributed from TSR2 state 1085 ratio=1.000
336,STATE_336,1085,STATE_1085,TSR state 1085 overlaid onto BSR state 336
336,STATE_336,1085,STATE_1085,merge owner/controller/cores copied from strongest overlap candidate; review political union manually
338,STATE_338,338,STATE_338,manpower distributed: 1800615 -> 1200410 (ratio=0.667)
338,STATE_338,338,STATE_338,resources distributed from TSR2 state 338 ratio=0.667
339,STATE_339,339,STATE_339,manpower distributed: 1401889 -> 841133 (ratio=0.600)
339,STATE_339,339,STATE_339,resources distributed from TSR2 state 339 ratio=0.600
339,STATE_339,339,STATE_339,victory_points province 4112 not in BSR state 339
339,STATE_339,339,STATE_339,"province building 4112 not in BSR state 339, needs province remap"
339,STATE_339,339,STATE_339,merge owner/controller/cores copied from strongest overlap candidate; review political union manually
340,STATE_340,1055,STATE_1055,manpower distributed: 538927 -> 230969 (ratio=0.429)
340,STATE_340,1055,STATE_1055,resources distributed from TSR2 state 1055 ratio=0.429
340,STATE_340,1055,STATE_1055,TSR state 1055 overlaid onto BSR state 340
340,STATE_340,1055,STATE_1055,victory_points province 11811 not in BSR state 340
340,STATE_340,1055,STATE_1055,merge owner/controller/cores copied from strongest overlap candidate; review political union manually
341,STATE_341,797,STATE_797,TSR state 797 overlaid onto BSR state 341
342,STATE_342,342,Antalya,manpower distributed: 362689 -> 181344 (ratio=0.500)
342,STATE_342,342,Antalya,resources distributed from TSR2 state 342 ratio=0.500
342,STATE_342,342,Antalya,victory_points province 1005 not in BSR state 342
342,STATE_342,342,Antalya,"province building 1005 not in BSR state 342, needs province remap"
343,STATE_343,346,STATE_346,manpower distributed: 849453 -> 121350 (ratio=0.143)
343,STATE_343,346,STATE_346,TSR state 346 overlaid onto BSR state 343
343,STATE_343,346,STATE_346,victory_points province 9861 not in BSR state 343
343,STATE_343,346,STATE_346,victory_points province 6807 not in BSR state 343
343,STATE_343,346,STATE_346,merge owner/controller/cores copied from strongest overlap candidate; review political union manually
344,STATE_344,345,STATE_345,manpower distributed: 411798 -> 137266 (ratio=0.333)
344,STATE_344,345,STATE_345,TSR state 345 overlaid onto BSR state 344
344,STATE_344,345,STATE_345,merge owner/controller/cores copied from strongest overlap candidate; review political union manually
345,STATE_345,345,STATE_345,manpower distributed: 411798 -> 137266 (ratio=0.333)
345,STATE_345,345,STATE_345,victory_points province 10056 not in BSR state 345
345,STATE_345,345,STATE_345,victory_points province 11810 not in BSR state 345
345,STATE_345,345,STATE_345,victory_points province 11746 not in BSR state 345
345,STATE_345,345,STATE_345,"province building 11746 not in BSR state 345, needs province remap"
346,STATE_346,346,STATE_346,manpower distributed: 849453 -> 424726 (ratio=0.500)
346,STATE_346,346,STATE_346,victory_points province 9861 not in BSR state 346
346,STATE_346,346,STATE_346,victory_points province 784 not in BSR state 346
348,STATE_348,348,Kayseri,manpower distributed: 858452 -> 95384 (ratio=0.111)
348,STATE_348,348,Kayseri,resources distributed from TSR2 state 348 ratio=0.111
348,STATE_348,348,Kayseri,victory_points province 3870 not in BSR state 348
348,STATE_348,348,Kayseri,merge owner/controller/cores copied from strongest overlap candidate; review political union manually
349,STATE_349,349,STATE_349,manpower distributed: 592821 -> 444616 (ratio=0.750)
349,STATE_349,349,STATE_349,merge owner/controller/cores copied from strongest overlap candidate; review political union manually
350,STATE_350,1060,STATE_1060,TSR state 1060 overlaid onto BSR state 350
351,STATE_351,351,Vologda,victory_points province 9131 not in BSR state 351
352,STATE_352,352,STATE_352,manpower distributed: 262095 -> 87365 (ratio=0.333)
352,STATE_352,352,STATE_352,victory_points province 7530 not in BSR state 352
352,STATE_352,352,STATE_352,merge owner/controller/cores copied from strongest overlap candidate; review political union manually
353,STATE_353,800,Van,manpower distributed: 365490 -> 182745 (ratio=0.500)
353,STATE_353,800,Van,TSR state 800 overlaid onto BSR state 353
354,STATE_354,354,STATE_354,manpower distributed: 1031129 -> 343710 (ratio=0.333)
354,STATE_354,354,STATE_354,victory_points province 9868 not in BSR state 354
354,STATE_354,354,STATE_354,victory_points province 11853 not in BSR state 354
355,STATE_355,355,STATE_355,manpower distributed: 1151863 -> 383954 (ratio=0.333)
356,STATE_356,356,Kastamonu,manpower distributed: 860589 -> 547648 (ratio=0.636)
356,STATE_356,356,Kastamonu,victory_points province 6995 not in BSR state 356
356,STATE_356,356,Kastamonu,"province building 6995 not in BSR state 356, needs province remap"
357,STATE_357,357,STATE_357,manpower distributed: 8404713 -> 1838531 (ratio=0.219)
357,STATE_357,357,STATE_357,resources distributed from TSR2 state 357 ratio=0.219
357,STATE_357,357,STATE_357,victory_points province 12459 not in BSR state 357
357,STATE_357,357,STATE_357,victory_points province 9832 not in BSR state 357
357,STATE_357,357,STATE_357,"province building 9832 not in BSR state 357, needs province remap"
358,STATE_358,358,STATE_358,manpower distributed: 12588061 -> 6294030 (ratio=0.500)
358,STATE_358,358,STATE_358,resources distributed from TSR2 state 358 ratio=0.500
358,STATE_358,358,STATE_358,victory_points province 3878 not in BSR state 358
358,STATE_358,358,STATE_358,victory_points province 11654 not in BSR state 358
358,STATE_358,358,STATE_358,"province building 3878 not in BSR state 358, needs province remap"
359,STATE_359,359,STATE_359,manpower distributed: 4041332 -> 1515500 (ratio=0.375)
360,STATE_360,360,STATE_360,manpower distributed: 9631346 -> 5778808 (ratio=0.600)
360,STATE_360,360,STATE_360,resources distributed from TSR2 state 360 ratio=0.600
360,STATE_360,360,STATE_360,victory_points province 6845 not in BSR state 360
360,STATE_360,360,STATE_360,victory_points province 11800 not in BSR state 360
360,STATE_360,360,STATE_360,"province building 6845 not in BSR state 360, needs province remap"
361,STATE_361,361,STATE_361,manpower distributed: 2118394 -> 264799 (ratio=0.125)
361,STATE_361,361,STATE_361,victory_points province 6984 not in BSR state 361
361,STATE_361,361,STATE_361,"province building 6984 not in BSR state 361, needs province remap"
362,STATE_362,362,STATE_362,manpower distributed: 2249080 -> 2124131 (ratio=0.944)
362,STATE_362,362,STATE_362,resources distributed from TSR2 state 362 ratio=0.944
367,STATE_367,367,STATE_367,manpower distributed: 2646247 -> 826952 (ratio=0.312)
367,STATE_367,367,STATE_367,resources distributed from TSR2 state 367 ratio=0.312
367,STATE_367,367,STATE_367,victory_points province 7480 not in BSR state 367
367,STATE_367,367,STATE_367,victory_points province 12735 not in BSR state 367
367,STATE_367,367,STATE_367,"province building 7480 not in BSR state 367, needs province remap"
370,STATE_370,370,STATE_370,manpower distributed: 2009820 -> 1292027 (ratio=0.643)
370,STATE_370,370,STATE_370,victory_points province 4464 not in BSR state 370
370,STATE_370,370,STATE_370,"province building 4464 not in BSR state 370, needs province remap"
371,STATE_371,371,STATE_371,manpower distributed: 2101592 -> 600455 (ratio=0.286)
371,STATE_371,371,STATE_371,resources distributed from TSR2 state 371 ratio=0.286
371,STATE_371,371,STATE_371,victory_points province 7552 not in BSR state 371
371,STATE_371,371,STATE_371,"province building 7552 not in BSR state 371, needs province remap"
374,STATE_374,374,STATE_374,manpower distributed: 2396039 -> 2246287 (ratio=0.938)
374,STATE_374,374,STATE_374,resources distributed from TSR2 state 374 ratio=0.938
375,STATE_375,375,STATE_375,manpower distributed: 5824712 -> 1426460 (ratio=0.245)
375,STATE_375,375,STATE_375,resources distributed from TSR2 state 375 ratio=0.245
375,STATE_375,375,STATE_375,victory_points province 12782 not in BSR state 375
375,STATE_375,375,STATE_375,"province building 6785 not in BSR state 375, needs province remap"
376,STATE_376,376,STATE_376,manpower distributed: 423316 -> 112884 (ratio=0.267)
376,STATE_376,376,STATE_376,resources distributed from TSR2 state 376 ratio=0.267
377,STATE_377,377,STATE_377,manpower distributed: 435572 -> 217786 (ratio=0.500)
377,STATE_377,377,STATE_377,resources distributed from TSR2 state 377 ratio=0.500
377,STATE_377,377,STATE_377,victory_points province 853 not in BSR state 377
378,STATE_378,378,STATE_378,manpower distributed: 5677248 -> 498004 (ratio=0.088)
378,STATE_378,378,STATE_378,resources distributed from TSR2 state 378 ratio=0.088
378,STATE_378,378,STATE_378,victory_points province 9814 not in BSR state 378
378,STATE_378,378,STATE_378,victory_points province 1562 not in BSR state 378
378,STATE_378,378,STATE_378,victory_points province 9671 not in BSR state 378
378,STATE_378,378,STATE_378,victory_points province 9713 not in BSR state 378
378,STATE_378,378,STATE_378,"province building 1562 not in BSR state 378, needs province remap"
378,STATE_378,378,STATE_378,"province building 9671 not in BSR state 378, needs province remap"
378,STATE_378,378,STATE_378,"province building 9814 not in BSR state 378, needs province remap"
378,STATE_378,378,STATE_378,"province building 610 not in BSR state 378, needs province remap"
379,STATE_379,379,STATE_379,manpower distributed: 91057 -> 58537 (ratio=0.643)
379,STATE_379,379,STATE_379,resources distributed from TSR2 state 379 ratio=0.643
379,STATE_379,379,STATE_379,victory_points province 4799 not in BSR state 379
380,STATE_380,380,STATE_380,manpower distributed: 507846 -> 435297 (ratio=0.857)
380,STATE_380,380,STATE_380,resources distributed from TSR2 state 380 ratio=0.857
381,STATE_381,381,STATE_381,manpower distributed: 225564 -> 69404 (ratio=0.308)
381,STATE_381,381,STATE_381,resources distributed from TSR2 state 381 ratio=0.308
382,STATE_382,382,STATE_382,manpower distributed: 1035790 -> 304644 (ratio=0.294)
382,STATE_382,382,STATE_382,resources distributed from TSR2 state 382 ratio=0.294
382,STATE_382,382,STATE_382,victory_points province 1827 not in BSR state 382
383,STATE_383,383,STATE_383,manpower distributed: 1880998 -> 1755598 (ratio=0.933)
383,STATE_383,383,STATE_383,resources distributed from TSR2 state 383 ratio=0.933
384,STATE_384,384,STATE_384,manpower distributed: 1377962 -> 847977 (ratio=0.615)
385,STATE_385,385,STATE_385,manpower distributed: 953785 -> 331751 (ratio=0.348)
385,STATE_385,385,STATE_385,victory_points province 3513 not in BSR state 385
385,STATE_385,385,STATE_385,"province building 12211 not in BSR state 385, needs province remap"
387,STATE_387,387,STATE_387,manpower distributed: 445031 -> 342332 (ratio=0.769)
387,STATE_387,387,STATE_387,resources distributed from TSR2 state 387 ratio=0.769
388,STATE_388,388,STATE_388,manpower distributed: 537605 -> 373986 (ratio=0.696)
388,STATE_388,388,STATE_388,resources distributed from TSR2 state 388 ratio=0.696
389,STATE_389,389,STATE_389,manpower distributed: 680844 -> 283685 (ratio=0.417)
389,STATE_389,389,STATE_389,resources distributed from TSR2 state 389 ratio=0.417
390,STATE_390,390,STATE_390,manpower distributed: 692849 -> 346424 (ratio=0.500)
390,STATE_390,390,STATE_390,victory_points province 1747 not in BSR state 390
391,STATE_391,391,STATE_391,manpower distributed: 2563952 -> 1410174 (ratio=0.550)
391,STATE_391,391,STATE_391,resources distributed from TSR2 state 391 ratio=0.550
393,STATE_393,393,STATE_393,manpower distributed: 4842323 -> 3285862 (ratio=0.679)
393,STATE_393,393,STATE_393,resources distributed from TSR2 state 393 ratio=0.679
397,STATE_397,397,STATE_397,manpower distributed: 137203 -> 118494 (ratio=0.864)
397,STATE_397,397,STATE_397,merge owner/controller/cores copied from strongest overlap candidate; review political union manually
402,STATE_402,402,STATE_402,manpower distributed: 282245 -> 188163 (ratio=0.667)
402,STATE_402,402,STATE_402,resources distributed from TSR2 state 402 ratio=0.667
402,STATE_402,402,STATE_402,victory_points province 7341 not in BSR state 402
402,STATE_402,402,STATE_402,merge owner/controller/cores copied from strongest overlap candidate; review political union manually
404,STATE_404,881,Karagandy,manpower distributed: 227016 -> 196059 (ratio=0.864)
404,STATE_404,881,Karagandy,resources distributed from TSR2 state 881 ratio=0.864
404,STATE_404,881,Karagandy,TSR state 881 overlaid onto BSR state 404
404,STATE_404,881,Karagandy,merge owner/controller/cores copied from strongest overlap candidate; review political union manually
405,STATE_405,405,Tashkent,manpower distributed: 4137910 -> 1655164 (ratio=0.400)
405,STATE_405,405,Tashkent,victory_points province 10488 not in BSR state 405
406,STATE_406,406,Gurev,manpower distributed: 146494 -> 69392 (ratio=0.474)
407,STATE_407,407,STATE_407,manpower distributed: 268572 -> 172162 (ratio=0.641)
408,STATE_408,408,STATE_408,manpower distributed: 841465 -> 22742 (ratio=0.027)
408,STATE_408,408,STATE_408,resources distributed from TSR2 state 408 ratio=0.027
409,STATE_409,409,STATE_409,manpower distributed: 295605 -> 272866 (ratio=0.923)
409,STATE_409,409,STATE_409,resources distributed from TSR2 state 409 ratio=0.923
410,STATE_410,410,STATE_410,manpower distributed: 341053 -> 243609 (ratio=0.714)
411,STATE_411,1002,STATE_1002,TSR state 1002 overlaid onto BSR state 411
411,STATE_411,1002,STATE_1002,merge owner/controller/cores copied from strongest overlap candidate; review political union manually
412,STATE_412,412,STATE_412,manpower distributed: 918619 -> 826757 (ratio=0.900)
412,STATE_412,412,STATE_412,resources distributed from TSR2 state 412 ratio=0.900
412,STATE_412,412,STATE_412,merge owner/controller/cores copied from strongest overlap candidate; review political union manually
413,STATE_413,413,STATE_413,manpower distributed: 797356 -> 398678 (ratio=0.500)
413,STATE_413,413,STATE_413,resources distributed from TSR2 state 413 ratio=0.500
414,STATE_414,1003,STATE_1003,TSR state 1003 overlaid onto BSR state 414
414,STATE_414,1003,STATE_1003,merge owner/controller/cores copied from strongest overlap candidate; review political union manually
415,STATE_415,1009,STATE_1009,manpower distributed: 281165 -> 224932 (ratio=0.800)
415,STATE_415,1009,STATE_1009,resources distributed from TSR2 state 1009 ratio=0.800
415,STATE_415,1009,STATE_1009,TSR state 1009 overlaid onto BSR state 415
415,STATE_415,1009,STATE_1009,merge owner/controller/cores copied from strongest overlap candidate; review political union manually
416,STATE_416,416,STATE_416,manpower distributed: 706493 -> 470995 (ratio=0.667)
416,STATE_416,416,STATE_416,victory_points province 5029 not in BSR state 416
416,STATE_416,416,STATE_416,merge owner/controller/cores copied from strongest overlap candidate; review political union manually
417,STATE_417,417,Hamadan,manpower distributed: 796396 -> 318558 (ratio=0.400)
417,STATE_417,417,Hamadan,resources distributed from TSR2 state 417 ratio=0.400
417,STATE_417,417,Hamadan,merge owner/controller/cores copied from strongest overlap candidate; review political union manually
418,STATE_418,418,STATE_418,manpower distributed: 332362 -> 284882 (ratio=0.857)
419,STATE_419,1000,STATE_1000,resources distributed from TSR2 state 1000 ratio=1.000
419,STATE_419,1000,STATE_1000,TSR state 1000 overlaid onto BSR state 419
419,STATE_419,1000,STATE_1000,merge owner/controller/cores copied from strongest overlap candidate; review political union manually
420,STATE_420,420,STATE_420,manpower distributed: 1314948 -> 751399 (ratio=0.571)
420,STATE_420,420,STATE_420,victory_points province 7969 not in BSR state 420
421,STATE_421,1001,STATE_1001,TSR state 1001 overlaid onto BSR state 421
422,STATE_422,422,STATE_422,manpower distributed: 5500000 -> 3437500 (ratio=0.625)
422,STATE_422,422,STATE_422,resources distributed from TSR2 state 422 ratio=0.625
422,STATE_422,422,STATE_422,victory_points province 10201 not in BSR state 422
422,STATE_422,422,STATE_422,"province building 10201 not in BSR state 422, needs province remap"
425,Mysore,425,Mysore,manpower distributed: 6552000 -> 1638000 (ratio=0.250)
425,Mysore,425,Mysore,resources distributed from TSR2 state 425 ratio=0.250
425,Mysore,425,Mysore,victory_points province 8011 not in BSR state 425
425,Mysore,425,Mysore,victory_points province 4315 not in BSR state 425
430,STATE_430,430,STATE_430,manpower distributed: 31973300 -> 13462442 (ratio=0.421)
430,STATE_430,430,STATE_430,merge owner/controller/cores copied from strongest overlap candidate; review political union manually
432,STATE_432,990,STATE_990,TSR state 990 overlaid onto BSR state 432
440,STATE_440,440,STATE_440,victory_points province 10772 not in BSR state 440
442,STATE_442,987,manpower = 217974,TSR state 987 overlaid onto BSR state 442
442,STATE_442,987,manpower = 217974,merge owner/controller/cores copied from strongest overlap candidate; review political union manually
443,STATE_443,443,Sind,manpower distributed: 4524236 -> 3166965 (ratio=0.700)
443,STATE_443,443,Sind,victory_points province 3456 not in BSR state 443
443,STATE_443,443,Sind,"province building 3456 not in BSR state 443, needs province remap"
444,STATE_444,444,STATE_444,manpower distributed: 364000 -> 291200 (ratio=0.800)
444,STATE_444,444,STATE_444,resources distributed from TSR2 state 444 ratio=0.800
445,STATE_445,445,STATE_445,merge owner/controller/cores copied from strongest overlap candidate; review political union manually
446,STATE_446,907,STATE_907,manpower distributed: 6454865 -> 2347224 (ratio=0.364)
446,STATE_446,907,STATE_907,TSR state 907 overlaid onto BSR state 446
446,STATE_446,907,STATE_907,victory_points province 3996 not in BSR state 446
446,STATE_446,907,STATE_907,victory_points province 1068 not in BSR state 446
447,STATE_447,447,STATE_447,manpower distributed: 3859239 -> 2205279 (ratio=0.571)
447,STATE_447,447,STATE_447,resources distributed from TSR2 state 447 ratio=0.571
449,STATE_449,449,El Agheila,manpower distributed: 40431 -> 28879 (ratio=0.714)
450,STATE_450,450,STATE_450,merge owner/controller/cores copied from strongest overlap candidate; review political union manually
452,STATE_452,452,STATE_452,manpower distributed: 52556 -> 46716 (ratio=0.889)
453,STATE_453,453,STATE_453,manpower distributed: 15359 -> 4388 (ratio=0.286)
453,STATE_453,453,STATE_453,victory_points province 10099 not in BSR state 453
454,STATE_454,454,Palestine,manpower distributed: 933142 -> 186628 (ratio=0.200)
454,STATE_454,454,Palestine,victory_points province 1086 not in BSR state 454
454,STATE_454,454,Palestine,victory_points province 1065 not in BSR state 454
456,STATE_456,456,Aswan,manpower distributed: 4224516 -> 1408172 (ratio=0.333)
456,STATE_456,456,Aswan,victory_points province 12071 not in BSR state 456
456,STATE_456,456,Aswan,victory_points province 11974 not in BSR state 456
456,STATE_456,456,Aswan,victory_points province 11999 not in BSR state 456
457,Arabian Desert,457,Arabian Desert,manpower distributed: 2194 -> 975 (ratio=0.444)
458,STATE_458,458,STATE_458,manpower distributed: 1982940 -> 1487205 (ratio=0.750)
458,STATE_458,458,STATE_458,resources distributed from TSR2 state 458 ratio=0.750
458,STATE_458,458,STATE_458,victory_points province 11969 not in BSR state 458
459,STATE_459,513,Tlmecen,manpower distributed: 811486 -> 221314 (ratio=0.273)
459,STATE_459,513,Tlmecen,TSR state 513 overlaid onto BSR state 459
459,STATE_459,513,Tlmecen,victory_points province 12034 not in BSR state 459
459,STATE_459,513,Tlmecen,merge owner/controller/cores copied from strongest overlap candidate; review political union manually
460,STATE_460,460,Constantine,merge owner/controller/cores copied from strongest overlap candidate; review political union manually
463,STATE_463,463,STATE_463,manpower distributed: 67500 -> 40500 (ratio=0.600)
466,STATE_466,860,STATE_860,manpower distributed: 110000 -> 94286 (ratio=0.857)
466,STATE_466,860,STATE_860,TSR state 860 overlaid onto BSR state 466
466,STATE_466,860,STATE_860,merge owner/controller/cores copied from strongest overlap candidate; review political union manually
467,STATE_467,467,STATE_467,manpower distributed: 641071 -> 587648 (ratio=0.917)
467,STATE_467,467,STATE_467,merge owner/controller/cores copied from strongest overlap candidate; review political union manually
468,STATE_468,468,Saint Lawrence,manpower distributed: 2432754 -> 648734 (ratio=0.267)
468,STATE_468,468,Saint Lawrence,resources distributed from TSR2 state 468 ratio=0.267
468,STATE_468,468,Saint Lawrence,victory_points province 10230 not in BSR state 468
469,STATE_469,469,STATE_469,merge owner/controller/cores copied from strongest overlap candidate; review political union manually
470,STATE_470,470,STATE_470,resources distributed from TSR2 state 470 ratio=1.000
470,STATE_470,470,STATE_470,merge owner/controller/cores copied from strongest overlap candidate; review political union manually
471,STATE_471,864,STATE_864,TSR state 864 overlaid onto BSR state 471
472,STATE_472,472,STATE_472,manpower distributed: 27681 -> 9886 (ratio=0.357)
473,STATE_473,473,STATE_473,manpower distributed: 638165 -> 493128 (ratio=0.773)
473,STATE_473,473,STATE_473,resources distributed from TSR2 state 473 ratio=0.773
473,STATE_473,473,STATE_473,merge owner/controller/cores copied from strongest overlap candidate; review political union manually
475,STATE_475,475,STATE_475,manpower distributed: 805874 -> 537249 (ratio=0.667)
476,STATE_476,476,STATE_476,manpower distributed: 1663331 -> 665332 (ratio=0.400)
476,STATE_476,476,STATE_476,resources distributed from TSR2 state 476 ratio=0.400
478,Jalisco,478,Jalisco,manpower distributed: 2470875 -> 2059062 (ratio=0.833)
478,Jalisco,478,Jalisco,resources distributed from TSR2 state 478 ratio=0.833
478,Jalisco,478,Jalisco,victory_points province 10172 not in BSR state 478
479,STATE_479,479,STATE_479,manpower distributed: 1032988 -> 295139 (ratio=0.286)
479,STATE_479,479,STATE_479,resources distributed from TSR2 state 479 ratio=0.286
479,STATE_479,479,STATE_479,victory_points province 5015 not in BSR state 479
479,STATE_479,479,STATE_479,merge owner/controller/cores copied from strongest overlap candidate; review political union manually
480,STATE_480,480,STATE_480,manpower distributed: 827826 -> 735845 (ratio=0.889)
480,STATE_480,480,STATE_480,resources distributed from TSR2 state 480 ratio=0.889
481,Durango,481,Durango,manpower distributed: 1255094 -> 697274 (ratio=0.556)
481,Durango,481,Durango,resources distributed from TSR2 state 481 ratio=0.556
481,Durango,481,Durango,"province building 8057 not in BSR state 481, needs province remap"
485,STATE_485,485,STATE_485,manpower distributed: 1598311 -> 1278649 (ratio=0.800)
485,STATE_485,485,STATE_485,resources distributed from TSR2 state 485 ratio=0.800
485,STATE_485,485,STATE_485,victory_points province 10730 not in BSR state 485
486,STATE_486,486,STATE_486,manpower distributed: 213160 -> 182709 (ratio=0.857)
487,STATE_487,487,STATE_487,manpower distributed: 334500 -> 243273 (ratio=0.727)
487,STATE_487,487,STATE_487,victory_points province 2160 not in BSR state 487
488,STATE_488,488,STATE_488,manpower distributed: 245642 -> 153526 (ratio=0.625)
489,Zulia,489,Zulia,manpower distributed: 1576373 -> 1125981 (ratio=0.714)
489,Zulia,489,Zulia,resources distributed from TSR2 state 489 ratio=0.714
489,Zulia,489,Zulia,victory_points province 1944 not in BSR state 489
489,Zulia,489,Zulia,"province building 1944 not in BSR state 489, needs province remap"
490,STATE_490,490,STATE_490,victory_points province 13289 not in BSR state 490
491,STATE_491,491,STATE_491,manpower distributed: 176626 -> 35325 (ratio=0.200)
491,STATE_491,491,STATE_491,victory_points province 10970 not in BSR state 491
492,STATE_492,492,STATE_492,manpower distributed: 1601278 -> 1000799 (ratio=0.625)
492,STATE_492,492,STATE_492,resources distributed from TSR2 state 492 ratio=0.625
492,STATE_492,492,STATE_492,victory_points province 13288 not in BSR state 492
492,STATE_492,492,STATE_492,victory_points province 13286 not in BSR state 492
492,STATE_492,492,STATE_492,"province building 13288 not in BSR state 492, needs province remap"
492,STATE_492,492,STATE_492,merge owner/controller/cores copied from strongest overlap candidate; review political union manually
494,STATE_494,491,STATE_491,manpower distributed: 176626 -> 105976 (ratio=0.600)
494,STATE_494,491,STATE_491,TSR state 491 overlaid onto BSR state 494
494,STATE_494,491,STATE_491,merge owner/controller/cores copied from strongest overlap candidate; review political union manually
495,STATE_495,961,STATE_961,TSR state 961 overlaid onto BSR state 495
495,STATE_495,961,STATE_961,merge owner/controller/cores copied from strongest overlap candidate; review political union manually
496,Minas Gerais,496,Minas Gerais,manpower distributed: 4603600 -> 4403443 (ratio=0.957)
496,Minas Gerais,496,Minas Gerais,resources distributed from TSR2 state 496 ratio=0.957
497,STATE_497,938,STATE_938,manpower distributed: 975050 -> 487525 (ratio=0.500)
497,STATE_497,938,STATE_938,resources distributed from TSR2 state 938 ratio=0.500
497,STATE_497,938,STATE_938,TSR state 938 overlaid onto BSR state 497
499,STATE_499,499,STATE_499,manpower distributed: 4233900 -> 3969281 (ratio=0.938)
499,STATE_499,499,STATE_499,resources distributed from TSR2 state 499 ratio=0.938
500,STATE_500,500,STATE_500,merge owner/controller/cores copied from strongest overlap candidate; review political union manually
502,STATE_502,502,STATE_502,manpower distributed: 2959600 -> 1821292 (ratio=0.615)
502,STATE_502,502,STATE_502,resources distributed from TSR2 state 502 ratio=0.615
502,STATE_502,502,STATE_502,victory_points province 10447 not in BSR state 502
502,STATE_502,502,STATE_502,"province building 10447 not in BSR state 502, needs province remap"
503,STATE_503,944,STATE_944,manpower distributed: 961350 -> 686679 (ratio=0.714)
503,STATE_503,944,STATE_944,TSR state 944 overlaid onto BSR state 503
504,STATE_504,280,STATE_280,manpower distributed: 120000 -> 45000 (ratio=0.375)
504,STATE_504,280,STATE_280,TSR state 280 overlaid onto BSR state 504
504,STATE_504,280,STATE_280,victory_points province 2111 not in BSR state 504
504,STATE_504,280,STATE_280,merge owner/controller/cores copied from strongest overlap candidate; review political union manually
505,STATE_505,505,STATE_505,manpower distributed: 1662200 -> 1385167 (ratio=0.833)
505,STATE_505,505,STATE_505,resources distributed from TSR2 state 505 ratio=0.833
506,STATE_506,952,STATE_952,manpower distributed: 283605 -> 141802 (ratio=0.500)
506,STATE_506,952,STATE_952,TSR state 952 overlaid onto BSR state 506
507,Magallanes,949,Aysen,manpower distributed: 34347 -> 28622 (ratio=0.833)
507,Magallanes,949,Aysen,resources distributed from TSR2 state 949 ratio=0.833
507,Magallanes,949,Aysen,resources distributed from TSR2 state 949 ratio=0.833
507,Magallanes,949,Aysen,TSR state 949 overlaid onto BSR state 507
507,Magallanes,949,Aysen,merge owner/controller/cores copied from strongest overlap candidate; review political union manually
508,Tucuman,960,STATE_960,TSR state 960 overlaid onto BSR state 508
508,Tucuman,960,STATE_960,merge owner/controller/cores copied from strongest overlap candidate; review political union manually
509,Chaco Australis,509,Chaco Australis,resources distributed from TSR2 state 509 ratio=1.000
509,Chaco Australis,509,Chaco Australis,merge owner/controller/cores copied from strongest overlap candidate; review political union manually
510,STATE_510,510,STATE_510,manpower distributed: 1497169 -> 561438 (ratio=0.375)
510,STATE_510,510,STATE_510,resources distributed from TSR2 state 510 ratio=0.375
510,STATE_510,510,STATE_510,victory_points province 11007 not in BSR state 510
510,STATE_510,510,STATE_510,victory_points province 12964 not in BSR state 510
510,STATE_510,510,STATE_510,victory_points province 1449 not in BSR state 510
511,Mendoza,511,Mendoza,merge owner/controller/cores copied from strongest overlap candidate; review political union manually
512,STATE_512,954,STATE_954,manpower distributed: 132000 -> 105600 (ratio=0.800)
512,STATE_512,954,STATE_954,resources distributed from TSR2 state 954 ratio=0.800
512,STATE_512,954,STATE_954,TSR state 954 overlaid onto BSR state 512
512,STATE_512,954,STATE_954,merge owner/controller/cores copied from strongest overlap candidate; review political union manually
513,STATE_513,513,Tlmecen,manpower distributed: 811486 -> 184429 (ratio=0.227)
513,STATE_513,513,Tlmecen,victory_points province 12034 not in BSR state 513
513,STATE_513,513,Tlmecen,merge owner/controller/cores copied from strongest overlap candidate; review political union manually
514,STATE_514,514,Algerian Desert,manpower distributed: 207733 -> 36659 (ratio=0.176)
515,STATE_515,515,STATE_515,manpower distributed: 1456356 -> 647269 (ratio=0.444)
516,STATE_516,,,new BSR state retained without TSR overlay
521,STATE_521,521,STATE_521,resources distributed from TSR2 state 521 ratio=1.000
521,STATE_521,521,STATE_521,merge owner/controller/cores copied from strongest overlap candidate; review political union manually
523,STATE_523,523,STATE_523,merge owner/controller/cores copied from strongest overlap candidate; review political union manually
525,STATE_525,525,STATE_525,manpower distributed: 6961368 -> 5221026 (ratio=0.750)
526,STATE_526,526,STATE_526,manpower distributed: 578000 -> 289000 (ratio=0.500)
526,STATE_526,526,STATE_526,resources distributed from TSR2 state 526 ratio=0.500
527,STATE_527,527,STATE_527,manpower distributed: 4516134 -> 2852295 (ratio=0.632)
527,STATE_527,527,STATE_527,resources distributed from TSR2 state 527 ratio=0.632
527,STATE_527,527,STATE_527,victory_points province 1003 not in BSR state 527
527,STATE_527,527,STATE_527,"province building 1003 not in BSR state 527, needs province remap"
527,STATE_527,527,STATE_527,merge owner/controller/cores copied from strongest overlap candidate; review political union manually
528,STATE_528,528,North Kyushu,manpower distributed: 6046000 -> 4232200 (ratio=0.700)
528,STATE_528,528,North Kyushu,resources distributed from TSR2 state 528 ratio=0.700
528,STATE_528,528,North Kyushu,victory_points province 11925 not in BSR state 528
529,Chugoku,529,"San'yo, formerly Chugoku",merge owner/controller/cores copied from strongest overlap candidate; review political union manually
530,STATE_530,530,Shikoku,manpower distributed: 3310000 -> 1891429 (ratio=0.571)
530,STATE_530,530,Shikoku,victory_points province 7197 not in BSR state 530
531,STATE_531,531,Kansai,manpower distributed: 12015000 -> 9830455 (ratio=0.818)
531,STATE_531,531,Kansai,resources distributed from TSR2 state 531 ratio=0.818
533,STATE_533,533,North Tohoku,resources distributed from TSR2 state 533 ratio=1.000
533,STATE_533,533,North Tohoku,merge owner/controller/cores copied from strongest overlap candidate; review political union manually
534,Hokuriku,534,"was Hokuriku, is actually Kōshin'etsu",manpower distributed: 2064402 -> 1769487 (ratio=0.857)
534,Hokuriku,534,"was Hokuriku, is actually Kōshin'etsu",resources distributed from TSR2 state 534 ratio=0.857
534,Hokuriku,534,"was Hokuriku, is actually Kōshin'etsu",victory_points province 10015 not in BSR state 534
535,Koshinetsu,535,"was Koshinetsu, is actually Hokuriku",resources distributed from TSR2 state 535 ratio=1.000
535,Koshinetsu,535,"was Koshinetsu, is actually Hokuriku",merge owner/controller/cores copied from strongest overlap candidate; review political union manually
538,STATE_538,538,STATE_538,manpower distributed: 1693974 -> 941097 (ratio=0.556)
538,STATE_538,538,STATE_538,resources distributed from TSR2 state 538 ratio=0.556
538,STATE_538,538,STATE_538,merge owner/controller/cores copied from strongest overlap candidate; review political union manually
540,STATE_540,892,STATE_892,TSR state 892 overlaid onto BSR state 540
540,STATE_540,892,STATE_892,merge owner/controller/cores copied from strongest overlap candidate; review political union manually
541,STATE_541,893,STATE_893,TSR state 893 overlaid onto BSR state 541
541,STATE_541,893,STATE_893,merge owner/controller/cores copied from strongest overlap candidate; review political union manually
542,STATE_542,542,STATE_542,manpower distributed: 234000 -> 93600 (ratio=0.400)
542,STATE_542,542,STATE_542,resources distributed from TSR2 state 542 ratio=0.400
542,STATE_542,542,STATE_542,victory_points province 8214 not in BSR state 542
544,STATE_544,544,STATE_544,manpower distributed: 1226000 -> 306500 (ratio=0.250)
545,STATE_545,545,STATE_545,manpower distributed: 1171336 -> 585668 (ratio=0.500)
546,STATE_546,546,STATE_546,manpower distributed: 5299000 -> 2914450 (ratio=0.550)
546,STATE_546,546,STATE_546,resources distributed from TSR2 state 546 ratio=0.550
547,STATE_547,904,STATE_904,TSR state 904 overlaid onto BSR state 547
547,STATE_547,904,STATE_904,merge owner/controller/cores copied from strongest overlap candidate; review political union manually
548,STATE_548,548,STATE_548,manpower distributed: 3515625 -> 2511161 (ratio=0.714)
548,STATE_548,548,STATE_548,resources distributed from TSR2 state 548 ratio=0.714
549,STATE_549,549,"Kurdufan / was ""Sudan""",manpower distributed: 1802132 -> 1001184 (ratio=0.556)
549,STATE_549,549,"Kurdufan / was ""Sudan""",victory_points province 2096 not in BSR state 549
551,STATE_551,551,STATE_551,merge owner/controller/cores copied from strongest overlap candidate; review political union manually
552,STATE_552,552,STATE_552,manpower distributed: 18539 -> 14831 (ratio=0.800)
552,STATE_552,552,STATE_552,merge owner/controller/cores copied from strongest overlap candidate; review political union manually
553,STATE_553,553,STATE_553,manpower distributed: 1104000 -> 736000 (ratio=0.667)
554,STATE_554,554,STATE_554,manpower distributed: 547797 -> 219119 (ratio=0.400)
554,STATE_554,554,STATE_554,victory_points province 4486 not in BSR state 554
558,STATE_558,902,STATE_902,TSR state 902 overlaid onto BSR state 558
558,STATE_558,902,STATE_902,merge owner/controller/cores copied from strongest overlap candidate; review political union manually
559,STATE_559,559,STATE_559,manpower distributed: 771671 -> 514447 (ratio=0.667)
559,STATE_559,559,STATE_559,resources distributed from TSR2 state 559 ratio=0.667
560,STATE_560,560,Nikolayevsk,manpower distributed: 97663 -> 67143 (ratio=0.688)
560,STATE_560,560,Nikolayevsk,resources distributed from TSR2 state 560 ratio=0.688
561,STATE_561,561,Amur,manpower distributed: 454281 -> 259589 (ratio=0.571)
562,Okhotsk,562,Okhotsk,merge owner/controller/cores copied from strongest overlap candidate; review political union manually
563,STATE_563,563,Chita,resources distributed from TSR2 state 563 ratio=1.000
563,STATE_563,563,Chita,merge owner/controller/cores copied from strongest overlap candidate; review political union manually
566,Irktusk,566,Irktusk,victory_points province 4797 not in BSR state 566
572,Chelyabinsk,572,Chelyabinsk,victory_points province 9292 not in BSR state 572
581,STATE_581,581,STATE_581,manpower distributed: 48831 -> 29299 (ratio=0.600)
581,STATE_581,581,STATE_581,resources distributed from TSR2 state 581 ratio=0.600
583,STATE_583,583,STATE_583,manpower distributed: 315450 -> 198617 (ratio=0.630)
584,STATE_584,584,STATE_584,manpower distributed: 931458 -> 143301 (ratio=0.154)
585,STATE_585,585,Navoiy,manpower distributed: 465174 -> 310116 (ratio=0.667)
585,STATE_585,585,Navoiy,merge owner/controller/cores copied from strongest overlap candidate; review political union manually
586,STATE_586,586,STATE_586,resources distributed from TSR2 state 586 ratio=1.000
586,STATE_586,586,STATE_586,merge owner/controller/cores copied from strongest overlap candidate; review political union manually
588,STATE_588,882,Pavlodar,resources distributed from TSR2 state 882 ratio=1.000
588,STATE_588,882,Pavlodar,TSR state 882 overlaid onto BSR state 588
588,STATE_588,882,Pavlodar,merge owner/controller/cores copied from strongest overlap candidate; review political union manually
589,STATE_589,589,STATE_589,manpower distributed: 535191 -> 169008 (ratio=0.316)
589,STATE_589,589,STATE_589,merge owner/controller/cores copied from strongest overlap candidate; review political union manually
590,Akmolinsk,590,Akmolinsk,merge owner/controller/cores copied from strongest overlap candidate; review political union manually
592,STATE_592,592,STATE_592,manpower distributed: 17835200 -> 12971055 (ratio=0.727)
592,STATE_592,592,STATE_592,resources distributed from TSR2 state 592 ratio=0.727
592,STATE_592,592,STATE_592,victory_points province 1047 not in BSR state 592
592,STATE_592,592,STATE_592,"province building 1047 not in BSR state 592, needs province remap"
592,STATE_592,592,STATE_592,merge owner/controller/cores copied from strongest overlap candidate; review political union manually
593,STATE_593,593,STATE_593,manpower distributed: 12700000 -> 8689474 (ratio=0.684)
593,STATE_593,593,STATE_593,resources distributed from TSR2 state 593 ratio=0.684
593,STATE_593,593,STATE_593,victory_points province 9970 not in BSR state 593
594,STATE_594,1033,STATE_1033,manpower distributed: 4145000 -> 2590625 (ratio=0.625)
594,STATE_594,1033,STATE_1033,TSR state 1033 overlaid onto BSR state 594
597,STATE_597,,,new BSR state retained without TSR overlay
598,STATE_598,598,STATE_598,building province 1029 not in BSR state 598
599,STATE_599,594,STATE_594,manpower distributed: 3275000 -> 2660938 (ratio=0.812)
599,STATE_599,594,STATE_594,resources distributed from TSR2 state 594 ratio=0.812
599,STATE_599,594,STATE_594,TSR state 594 overlaid onto BSR state 599
601,STATE_601,601,STATE_601,manpower distributed: 368200 -> 138075 (ratio=0.375)
601,STATE_601,601,STATE_601,resources distributed from TSR2 state 601 ratio=0.375
601,STATE_601,601,STATE_601,victory_points province 10856 not in BSR state 601
603,STATE_603,603,STATE_603,victory_points province 4504 not in BSR state 603
604,STATE_604,604,STATE_604,manpower distributed: 1196100 -> 598050 (ratio=0.500)
604,STATE_604,604,STATE_604,victory_points province 8018 not in BSR state 604
605,STATE_605,,,new BSR state retained without TSR overlay
608,STATE_608,608,STATE_608,building province 10068 not in BSR state 608
610,STATE_610,610,Jehol,manpower distributed: 1975377 -> 585297 (ratio=0.296)
610,STATE_610,610,Jehol,resources distributed from TSR2 state 610 ratio=0.296
610,STATE_610,610,Jehol,victory_points province 11801 not in BSR state 610
610,STATE_610,610,Jehol,merge owner/controller/cores copied from strongest overlap candidate; review political union manually
611,STATE_611,611,South Chahar,manpower distributed: 1470000 -> 441000 (ratio=0.300)
611,STATE_611,611,South Chahar,merge owner/controller/cores copied from strongest overlap candidate; review political union manually
612,STATE_612,612,STATE_612,manpower distributed: 566000 -> 444714 (ratio=0.786)
612,STATE_612,612,STATE_612,resources distributed from TSR2 state 612 ratio=0.786
612,STATE_612,612,STATE_612,merge owner/controller/cores copied from strongest overlap candidate; review political union manually
615,STATE_615,615,STATE_615,resources distributed from TSR2 state 615 ratio=1.000
615,STATE_615,615,STATE_615,merge owner/controller/cores copied from strongest overlap candidate; review political union manually
616,STATE_616,1040,STATE_1040,TSR state 1040 overlaid onto BSR state 616
616,STATE_616,1040,STATE_1040,merge owner/controller/cores copied from strongest overlap candidate; review political union manually
617,STATE_617,617,STATE_617,manpower distributed: 1080500 -> 990458 (ratio=0.917)
617,STATE_617,617,STATE_617,victory_points province 12601 not in BSR state 617
617,STATE_617,617,STATE_617,merge owner/controller/cores copied from strongest overlap candidate; review political union manually
618,STATE_618,618,Dzungaria,manpower distributed: 670800 -> 143743 (ratio=0.214)
618,STATE_618,618,Dzungaria,victory_points province 4823 not in BSR state 618
619,STATE_619,619,Yarkand,manpower distributed: 1430700 -> 953800 (ratio=0.667)
619,STATE_619,619,Yarkand,resources distributed from TSR2 state 619 ratio=0.667
621,STATE_621,621,STATE_621,manpower distributed: 1582100 -> 1406311 (ratio=0.889)
621,STATE_621,621,STATE_621,resources distributed from TSR2 state 621 ratio=0.889
621,STATE_621,621,STATE_621,victory_points province 7158 not in BSR state 621
623,STATE_623,623,Luzon,resources distributed from TSR2 state 623 ratio=1.000
623,STATE_623,623,Luzon,merge owner/controller/cores copied from strongest overlap candidate; review political union manually
624,STATE_624,624,Central Islands,resources distributed from TSR2 state 624 ratio=1.000
624,STATE_624,624,Central Islands,merge owner/controller/cores copied from strongest overlap candidate; review political union manually
627,STATE_627,1026,STATE_1026,TSR state 1026 overlaid onto BSR state 627
627,STATE_627,1026,STATE_1026,merge owner/controller/cores copied from strongest overlap candidate; review political union manually
640,STATE_640,998,STATE_998,manpower distributed: 966906 -> 690647 (ratio=0.714)
640,STATE_640,998,STATE_998,TSR state 998 overlaid onto BSR state 640
640,STATE_640,998,STATE_998,victory_points province 4425 not in BSR state 640
640,STATE_640,998,STATE_998,merge owner/controller/cores copied from strongest overlap candidate; review political union manually
641,STATE_641,641,STATE_641,manpower distributed: 105786 -> 52893 (ratio=0.500)
641,STATE_641,641,STATE_641,victory_points province 12148 not in BSR state 641
641,STATE_641,641,STATE_641,"province building 12148 not in BSR state 641, needs province remap"
644,STATE_644,644,Kolyma,merge owner/controller/cores copied from strongest overlap candidate; review political union manually
653,Sverdlovsk,,,new BSR state retained without TSR overlay
656,STATE_656,,,new BSR state retained without TSR overlay
659,STATE_659,659,STATE_659,manpower distributed: 871202 -> 522721 (ratio=0.600)
659,STATE_659,659,STATE_659,merge owner/controller/cores copied from strongest overlap candidate; review political union manually
660,STATE_660,660,STATE_660,manpower distributed: 1136921 -> 994806 (ratio=0.875)
660,STATE_660,660,STATE_660,resources distributed from TSR2 state 660 ratio=0.875
661,STATE_661,661,STATE_661,manpower distributed: 17617 -> 15855 (ratio=0.900)
662,STATE_662,662,STATE_662,manpower distributed: 13213 -> 5285 (ratio=0.400)
662,STATE_662,662,STATE_662,merge owner/controller/cores copied from strongest overlap candidate; review political union manually
663,STATE_663,663,STATE_663,manpower distributed: 8808 -> 8130 (ratio=0.923)
664,STATE_664,664,STATE_664,manpower distributed: 854300 -> 569533 (ratio=0.667)
664,STATE_664,664,STATE_664,resources distributed from TSR2 state 664 ratio=0.667
664,STATE_664,664,STATE_664,victory_points province 6573 not in BSR state 664
665,STATE_665,665,STATE_665,manpower distributed: 427824 -> 213912 (ratio=0.500)
665,STATE_665,665,STATE_665,victory_points province 7005 not in BSR state 665
666,STATE_666,666,STATE_666,manpower distributed: 100222 -> 72035 (ratio=0.719)
666,STATE_666,666,STATE_666,resources distributed from TSR2 state 666 ratio=0.719
666,STATE_666,666,STATE_666,victory_points province 9147 not in BSR state 666
667,STATE_667,667,STATE_667,manpower distributed: 3460200 -> 1441750 (ratio=0.417)
667,STATE_667,667,STATE_667,resources distributed from TSR2 state 667 ratio=0.417
667,STATE_667,667,STATE_667,victory_points province 13406 not in BSR state 667
667,STATE_667,667,STATE_667,victory_points province 13410 not in BSR state 667
667,STATE_667,667,STATE_667,"province building 13403 not in BSR state 667, needs province remap"
667,STATE_667,667,STATE_667,"province building 13406 not in BSR state 667, needs province remap"
667,STATE_667,667,STATE_667,merge owner/controller/cores copied from strongest overlap candidate; review political union manually
668,STATE_668,668,STATE_668,manpower distributed: 579100 -> 405370 (ratio=0.700)
668,STATE_668,668,STATE_668,"province building 1574 not in BSR state 668, needs province remap"
669,STATE_669,1079,STATE_1079,manpower distributed: 110543 -> 73695 (ratio=0.667)
669,STATE_669,1079,STATE_1079,TSR state 1079 overlaid onto BSR state 669
669,STATE_669,1079,STATE_1079,merge owner/controller/cores copied from strongest overlap candidate; review political union manually
670,STATE_670,670,STATE_670,manpower distributed: 1184000 -> 699636 (ratio=0.591)
671,STATE_671,671,STATE_671,manpower distributed: 8528000 -> 1895111 (ratio=0.222)
671,STATE_671,671,STATE_671,resources distributed from TSR2 state 671 ratio=0.222
671,STATE_671,671,STATE_671,victory_points province 9948 not in BSR state 671
672,STATE_672,1070,STATE_1070,manpower distributed: 2952394 -> 1476197 (ratio=0.500)
672,STATE_672,1070,STATE_1070,resources distributed from TSR2 state 1070 ratio=0.500
672,STATE_672,1070,STATE_1070,TSR state 1070 overlaid onto BSR state 672
674,STATE_674,1096,STATE_1096,TSR state 1096 overlaid onto BSR state 674
676,STATE_676,676,STATE_676,manpower distributed: 1182741 -> 118274 (ratio=0.100)
676,STATE_676,676,STATE_676,resources distributed from TSR2 state 676 ratio=0.100
676,STATE_676,676,STATE_676,victory_points province 3916 not in BSR state 676
676,STATE_676,676,STATE_676,victory_points province 6826 not in BSR state 676
677,STATE_677,677,STATE_677,manpower distributed: 1325594 -> 568112 (ratio=0.429)
677,STATE_677,677,STATE_677,victory_points province 1056 not in BSR state 677
677,STATE_677,677,STATE_677,victory_points province 1088 not in BSR state 677
677,STATE_677,677,STATE_677,"province building 1088 not in BSR state 677, needs province remap"
678,STATE_678,678,STATE_678,manpower distributed: 42 -> 10 (ratio=0.250)
678,STATE_678,678,STATE_678,merge owner/controller/cores copied from strongest overlap candidate; review political union manually
679,STATE_679,856,STATE_856,manpower distributed: 500000 -> 166667 (ratio=0.333)
679,STATE_679,856,STATE_856,TSR state 856 overlaid onto BSR state 679
679,STATE_679,856,STATE_856,merge owner/controller/cores copied from strongest overlap candidate; review political union manually
680,STATE_680,680,STATE_680,merge owner/controller/cores copied from strongest overlap candidate; review political union manually
681,STATE_681,681,Cape,manpower distributed: 1637178 -> 297669 (ratio=0.182)
682,STATE_682,682,STATE_682,manpower distributed: 139059 -> 50061 (ratio=0.360)
682,STATE_682,682,STATE_682,resources distributed from TSR2 state 682 ratio=0.360
682,STATE_682,682,STATE_682,victory_points province 7899 not in BSR state 682
683,STATE_683,683,STATE_683,manpower distributed: 46135 -> 15378 (ratio=0.333)
683,STATE_683,683,STATE_683,resources distributed from TSR2 state 683 ratio=0.333
683,STATE_683,683,STATE_683,merge owner/controller/cores copied from strongest overlap candidate; review political union manually
686,STATE_686,686,STATE_686,manpower distributed: 1543913 -> 771956 (ratio=0.500)
687,STATE_687,687,STATE_687,manpower distributed: 309000 -> 103000 (ratio=0.333)
687,STATE_687,687,STATE_687,resources distributed from TSR2 state 687 ratio=0.333
688,STATE_688,688,STATE_688,manpower distributed: 45900 -> 27540 (ratio=0.600)
688,STATE_688,688,STATE_688,resources distributed from TSR2 state 688 ratio=0.600
688,STATE_688,688,STATE_688,victory_points province 2195 not in BSR state 688
699,STATE_699,699,STATE_699,manpower distributed: 21056 -> 17547 (ratio=0.833)
714,STATE_714,714,STATE_714,manpower distributed: 3694191 -> 2902579 (ratio=0.786)
714,STATE_714,714,STATE_714,victory_points province 12485 not in BSR state 714
714,STATE_714,714,STATE_714,merge owner/controller/cores copied from strongest overlap candidate; review political union manually
715,STATE_715,715,STATE_715,manpower distributed: 3643373 -> 1040964 (ratio=0.286)
715,STATE_715,715,STATE_715,victory_points province 11836 not in BSR state 715
715,STATE_715,715,STATE_715,merge owner/controller/cores copied from strongest overlap candidate; review political union manually
716,STATE_716,716,STATE_716,manpower distributed: 10264620 -> 5748187 (ratio=0.560)
716,STATE_716,716,STATE_716,resources distributed from TSR2 state 716 ratio=0.560
717,STATE_717,717,STATE_717,manpower distributed: 5224174 -> 3831061 (ratio=0.733)
718,STATE_718,890,STATE_890,resources distributed from TSR2 state 890 ratio=1.000
718,STATE_718,890,STATE_890,TSR state 890 overlaid onto BSR state 718
718,STATE_718,890,STATE_890,merge owner/controller/cores copied from strongest overlap candidate; review political union manually
719,STATE_719,719,Natal,manpower distributed: 3962157 -> 880479 (ratio=0.222)
719,STATE_719,719,Natal,resources distributed from TSR2 state 719 ratio=0.222
719,STATE_719,719,Natal,victory_points province 1468 not in BSR state 719
719,STATE_719,719,Natal,victory_points province 4696 not in BSR state 719
719,STATE_719,719,Natal,"province building 1468 not in BSR state 719, needs province remap"
719,STATE_719,719,Natal,"province building 4696 not in BSR state 719, needs province remap"
723,STATE_723,723,STATE_723,resources distributed from TSR2 state 723 ratio=1.000
723,STATE_723,723,STATE_723,merge owner/controller/cores copied from strongest overlap candidate; review political union manually
724,STATE_724,724,STATE_724,manpower distributed: 2041700 -> 1531275 (ratio=0.750)
724,STATE_724,724,STATE_724,resources distributed from TSR2 state 724 ratio=0.750
726,STATE_726,726,STATE_726,victory_points province 13431 not in BSR state 726
731,STATE_731,731,STATE_731,manpower distributed: 1155700 -> 256822 (ratio=0.222)
731,STATE_731,731,STATE_731,resources distributed from TSR2 state 731 ratio=0.222
731,STATE_731,731,STATE_731,victory_points province 11818 not in BSR state 731
731,STATE_731,731,STATE_731,"province building 11818 not in BSR state 731, needs province remap"
731,STATE_731,731,STATE_731,merge owner/controller/cores copied from strongest overlap candidate; review political union manually
732,STATE_732,732,STATE_732,manpower distributed: 230000 -> 133158 (ratio=0.579)
735,STATE_735,1066,STATE_1066,TSR state 1066 overlaid onto BSR state 735
736,STATE_736,852,Dalmatia,manpower distributed: 125850 -> 62925 (ratio=0.500)
736,STATE_736,852,Dalmatia,resources distributed from TSR2 state 852 ratio=0.500
736,STATE_736,852,Dalmatia,TSR state 852 overlaid onto BSR state 736
736,STATE_736,852,Dalmatia,victory_points province 11564 not in BSR state 736
736,STATE_736,852,Dalmatia,"province building 11564 not in BSR state 736, needs province remap"
738,STATE_738,738,STATE_738,building province 13419 not in BSR state 738
741,STATE_741,741,STATE_741,manpower distributed: 5245000 -> 2508478 (ratio=0.478)
742,STATE_742,742,STATE_742,manpower distributed: 230000 -> 134167 (ratio=0.583)
742,STATE_742,742,STATE_742,resources distributed from TSR2 state 742 ratio=0.583
747,STATE_747,747,STATE_747,manpower distributed: 1000000 -> 400000 (ratio=0.400)
747,STATE_747,747,STATE_747,victory_points province 10863 not in BSR state 747
748,STATE_748,,,new BSR state retained without TSR overlay
752,STATE_752,,,new BSR state retained without TSR overlay
753,STATE_753,,,new BSR state retained without TSR overlay
754,STATE_754,754,STATE_754,manpower distributed: 400000 -> 160000 (ratio=0.400)
754,STATE_754,754,STATE_754,victory_points province 12732 not in BSR state 754
754,STATE_754,754,STATE_754,victory_points province 11448 not in BSR state 754
755,STATE_755,755,STATE_755,manpower distributed: 1000000 -> 454545 (ratio=0.455)
755,STATE_755,755,STATE_755,merge owner/controller/cores copied from strongest overlap candidate; review political union manually
756,STATE_756,1044,STATE_1044,manpower distributed: 1010300 -> 606180 (ratio=0.600)
756,STATE_756,1044,STATE_1044,TSR state 1044 overlaid onto BSR state 756
756,STATE_756,1044,STATE_1044,victory_points province 5100 not in BSR state 756
757,STATE_757,757,STATE_757,merge owner/controller/cores copied from strongest overlap candidate; review political union manually
758,STATE_758,758,STATE_758,manpower distributed: 1000000 -> 666667 (ratio=0.667)
759,STATE_759,1042,STATE_1042,manpower distributed: 380000 -> 316667 (ratio=0.833)
759,STATE_759,1042,STATE_1042,TSR state 1042 overlaid onto BSR state 759
760,STATE_760,760,STATE_760,manpower distributed: 700000 -> 350000 (ratio=0.500)
761,STATE_761,761,STATE_761,manpower distributed: 2000000 -> 1833333 (ratio=0.917)
761,STATE_761,761,STATE_761,victory_points province 12690 not in BSR state 761
761,STATE_761,761,STATE_761,merge owner/controller/cores copied from strongest overlap candidate; review political union manually
763,STATE_763,763,STATE_763,manpower distributed: 2140234 -> 713411 (ratio=0.333)
764,STATE_764,764,STATE_764,manpower distributed: 585579 -> 439184 (ratio=0.750)
766,STATE_766,766,STATE_766,manpower distributed: 566600 -> 283300 (ratio=0.500)
770,STATE_770,770,STATE_770,manpower distributed: 1603975 -> 801988 (ratio=0.500)
771,Zambia,771,Zambia,manpower distributed: 690045 -> 197156 (ratio=0.286)
771,Zambia,771,Zambia,resources distributed from TSR2 state 771 ratio=0.286
771,Zambia,771,Zambia,victory_points province 5221 not in BSR state 771
772,STATE_772,772,Middle Congo (Brazzaville),manpower distributed: 746415 -> 597132 (ratio=0.800)
772,STATE_772,772,Middle Congo (Brazzaville),resources distributed from TSR2 state 772 ratio=0.800
773,Cameroon,773,Cameroon,manpower distributed: 2945782 -> 1262478 (ratio=0.429)
773,Cameroon,773,Cameroon,"province building 6039 not in BSR state 773, needs province remap"
774,STATE_774,774,STATE_774,manpower distributed: 1442456 -> 1202047 (ratio=0.833)
778,Upper Volta,778,Upper Volta,manpower distributed: 3186184 -> 1593092 (ratio=0.500)
780,Guinea,780,Guinea,manpower distributed: 195041 -> 97520 (ratio=0.500)
784,STATE_784,784,STATE_784,manpower distributed: 517081 -> 258540 (ratio=0.500)
785,STATE_785,785,STATE_785,manpower distributed: 1580000 -> 451429 (ratio=0.286)
785,STATE_785,785,STATE_785,resources distributed from TSR2 state 785 ratio=0.286
786,STATE_786,786,Mauritanian Desert,manpower distributed: 124200 -> 53229 (ratio=0.429)
787,STATE_787,787,Northern Kashmir,victory_points province 1910 not in BSR state 787
788,STATE_788,51,STATE_51,manpower distributed: 6144743 -> 1365498 (ratio=0.222)
788,STATE_788,51,STATE_51,resources distributed from TSR2 state 51 ratio=0.222
788,STATE_788,51,STATE_51,TSR state 51 overlaid onto BSR state 788
788,STATE_788,51,STATE_51,victory_points province 6469 not in BSR state 788
788,STATE_788,51,STATE_51,victory_points province 587 not in BSR state 788
789,STATE_789,42,STATE_42,manpower distributed: 3027739 -> 672831 (ratio=0.222)
789,STATE_789,42,STATE_42,resources distributed from TSR2 state 42 ratio=0.222
789,STATE_789,42,STATE_42,TSR state 42 overlaid onto BSR state 789
789,STATE_789,42,STATE_42,victory_points province 11435 not in BSR state 789
790,STATE_790,55,STATE_55,manpower distributed: 3798235 -> 542605 (ratio=0.143)
790,STATE_790,55,STATE_55,resources distributed from TSR2 state 55 ratio=0.143
790,STATE_790,55,STATE_55,TSR state 55 overlaid onto BSR state 790
790,STATE_790,55,STATE_55,victory_points province 564 not in BSR state 790
790,STATE_790,55,STATE_55,victory_points province 6444 not in BSR state 790
790,STATE_790,55,STATE_55,victory_points province 11560 not in BSR state 790
791,STATE_791,55,STATE_55,manpower distributed: 3798235 -> 271302 (ratio=0.071)
791,STATE_791,55,STATE_55,resources distributed from TSR2 state 55 ratio=0.071
791,STATE_791,55,STATE_55,TSR state 55 overlaid onto BSR state 791
791,STATE_791,55,STATE_55,victory_points province 6488 not in BSR state 791
791,STATE_791,55,STATE_55,victory_points province 564 not in BSR state 791
791,STATE_791,55,STATE_55,victory_points province 6444 not in BSR state 791
791,STATE_791,55,STATE_55,victory_points province 11560 not in BSR state 791
791,STATE_791,55,STATE_55,merge owner/controller/cores copied from strongest overlap candidate; review political union manually
792,STATE_792,42,STATE_42,manpower distributed: 3027739 -> 336415 (ratio=0.111)
792,STATE_792,42,STATE_42,resources distributed from TSR2 state 42 ratio=0.111
792,STATE_792,42,STATE_42,TSR state 42 overlaid onto BSR state 792
792,STATE_792,42,STATE_42,victory_points province 11435 not in BSR state 792
792,STATE_792,42,STATE_42,victory_points province 9575 not in BSR state 792
792,STATE_792,42,STATE_42,victory_points province 11531 not in BSR state 792
792,STATE_792,42,STATE_42,merge owner/controller/cores copied from strongest overlap candidate; review political union manually
793,STATE_793,64,STATE_64,manpower distributed: 7265029 -> 1816257 (ratio=0.250)
793,STATE_793,64,STATE_64,TSR state 64 overlaid onto BSR state 793
793,STATE_793,64,STATE_64,victory_points province 6521 not in BSR state 793
793,STATE_793,64,STATE_64,victory_points province 9496 not in BSR state 793
793,STATE_793,64,STATE_64,"province building 3499 not in BSR state 793, needs province remap"
793,STATE_793,64,STATE_64,merge owner/controller/cores copied from strongest overlap candidate; review political union manually
794,STATE_794,64,STATE_64,manpower distributed: 7265029 -> 2724386 (ratio=0.375)
794,STATE_794,64,STATE_64,TSR state 64 overlaid onto BSR state 794
794,STATE_794,64,STATE_64,victory_points province 6521 not in BSR state 794
794,STATE_794,64,STATE_64,victory_points province 3522 not in BSR state 794
794,STATE_794,64,STATE_64,victory_points province 9496 not in BSR state 794
795,STATE_795,65,STATE_65,manpower distributed: 5592576 -> 2542080 (ratio=0.455)
795,STATE_795,65,STATE_65,resources distributed from TSR2 state 65 ratio=0.455
795,STATE_795,65,STATE_65,TSR state 65 overlaid onto BSR state 795
795,STATE_795,65,STATE_65,victory_points province 514 not in BSR state 795
796,STATE_796,909,STATE_909,manpower distributed: 152520 -> 50840 (ratio=0.333)
796,STATE_796,909,STATE_909,TSR state 909 overlaid onto BSR state 796
796,STATE_796,909,STATE_909,victory_points province 317 not in BSR state 796
797,STATE_797,63,STATE_63,manpower distributed: 1124417 -> 80316 (ratio=0.071)
797,STATE_797,63,STATE_63,resources distributed from TSR2 state 63 ratio=0.071
797,STATE_797,63,STATE_63,TSR state 63 overlaid onto BSR state 797
797,STATE_797,63,STATE_63,victory_points province 11372 not in BSR state 797
797,STATE_797,63,STATE_63,"province building 11372 not in BSR state 797, needs province remap"
798,STATE_798,52,STATE_52,manpower distributed: 2679413 -> 223284 (ratio=0.083)
798,STATE_798,52,STATE_52,resources distributed from TSR2 state 52 ratio=0.083
798,STATE_798,52,STATE_52,TSR state 52 overlaid onto BSR state 798
798,STATE_798,52,STATE_52,victory_points province 692 not in BSR state 798
798,STATE_798,52,STATE_52,victory_points province 708 not in BSR state 798
799,STATE_799,50,Württemberg,manpower distributed: 3076854 -> 256404 (ratio=0.083)
799,STATE_799,50,Württemberg,resources distributed from TSR2 state 50 ratio=0.083
799,STATE_799,50,Württemberg,TSR state 50 overlaid onto BSR state 799
799,STATE_799,50,Württemberg,victory_points province 9517 not in BSR state 799
799,STATE_799,50,Württemberg,victory_points province 11499 not in BSR state 799
799,STATE_799,50,Württemberg,merge owner/controller/cores copied from strongest overlap candidate; review political union manually
800,STATE_800,53,STATE_53,manpower distributed: 1453365 -> 436010 (ratio=0.300)
800,STATE_800,53,STATE_53,TSR state 53 overlaid onto BSR state 800
801,STATE_801,66,STATE_66,manpower distributed: 3052726 -> 508788 (ratio=0.167)
801,STATE_801,66,STATE_66,resources distributed from TSR2 state 66 ratio=0.167
801,STATE_801,66,STATE_66,TSR state 66 overlaid onto BSR state 801
801,STATE_801,66,STATE_66,victory_points province 9570 not in BSR state 801
801,STATE_801,66,STATE_66,victory_points province 552 not in BSR state 801
802,STATE_802,66,STATE_66,manpower distributed: 3052726 -> 254394 (ratio=0.083)
802,STATE_802,66,STATE_66,resources distributed from TSR2 state 66 ratio=0.083
802,STATE_802,66,STATE_66,TSR state 66 overlaid onto BSR state 802
802,STATE_802,66,STATE_66,victory_points province 9570 not in BSR state 802
802,STATE_802,66,STATE_66,victory_points province 552 not in BSR state 802
803,STATE_803,67,STATE_67,manpower distributed: 1402591 -> 280518 (ratio=0.200)
803,STATE_803,67,STATE_67,resources distributed from TSR2 state 67 ratio=0.200
803,STATE_803,67,STATE_67,TSR state 67 overlaid onto BSR state 803
803,STATE_803,67,STATE_67,victory_points province 11467 not in BSR state 803
803,STATE_803,67,STATE_67,victory_points province 9511 not in BSR state 803
804,STATE_804,,,new BSR state retained without TSR overlay
805,STATE_805,910,STATE_910,TSR state 910 overlaid onto BSR state 805
806,STATE_806,153,STATE_153,manpower distributed: 1500986 -> 333552 (ratio=0.222)
806,STATE_806,153,STATE_153,TSR state 153 overlaid onto BSR state 806
806,STATE_806,153,STATE_153,victory_points province 673 not in BSR state 806
806,STATE_806,153,STATE_153,merge owner/controller/cores copied from strongest overlap candidate; review political union manually
807,STATE_807,4,STATE_4,manpower distributed: 2297983 -> 459597 (ratio=0.200)
807,STATE_807,4,STATE_4,resources distributed from TSR2 state 4 ratio=0.200
807,STATE_807,4,STATE_4,TSR state 4 overlaid onto BSR state 807
807,STATE_807,4,STATE_4,victory_points province 11666 not in BSR state 807
808,STATE_808,974,South Transdanubia,manpower distributed: 732535 -> 366268 (ratio=0.500)
808,STATE_808,974,South Transdanubia,resources distributed from TSR2 state 974 ratio=0.500
808,STATE_808,974,South Transdanubia,TSR state 974 overlaid onto BSR state 808
808,STATE_808,974,South Transdanubia,victory_points province 11610 not in BSR state 808
808,STATE_808,974,South Transdanubia,merge owner/controller/cores copied from strongest overlap candidate; review political union manually
809,STATE_809,973,STATE_973,manpower distributed: 580000 -> 386667 (ratio=0.667)
809,STATE_809,973,STATE_973,TSR state 973 overlaid onto BSR state 809
809,STATE_809,973,STATE_973,victory_points province 6670 not in BSR state 809
810,STATE_810,975,STATE_975,manpower distributed: 298000 -> 198667 (ratio=0.667)
810,STATE_810,975,STATE_975,TSR state 975 overlaid onto BSR state 810
811,STATE_811,,,new BSR state retained without TSR overlay
812,STATE_812,1047,STATE_1047,TSR state 1047 overlaid onto BSR state 812
813,STATE_813,,,new BSR state retained without TSR overlay
814,STATE_814,1048,Moselgebiet,manpower distributed: 300000 -> 150000 (ratio=0.500)
814,STATE_814,1048,Moselgebiet,TSR state 1048 overlaid onto BSR state 814
814,STATE_814,1048,Moselgebiet,"province building 521 not in BSR state 814, needs province remap"
814,STATE_814,1048,Moselgebiet,merge owner/controller/cores copied from strongest overlap candidate; review political union manually
815,STATE_815,18,STATE_18,manpower distributed: 940808 -> 134401 (ratio=0.143)
815,STATE_815,18,STATE_18,TSR state 18 overlaid onto BSR state 815
815,STATE_815,18,STATE_18,victory_points province 13011 not in BSR state 815
815,STATE_815,18,STATE_18,victory_points province 3560 not in BSR state 815
816,STATE_816,849,STATE_849,manpower distributed: 2642000 -> 990750 (ratio=0.375)
816,STATE_816,849,STATE_849,TSR state 849 overlaid onto BSR state 816
816,STATE_816,849,STATE_849,victory_points province 9784 not in BSR state 816
816,STATE_816,849,STATE_849,victory_points province 11998 not in BSR state 816
816,STATE_816,849,STATE_849,victory_points province 11837 not in BSR state 816
816,STATE_816,849,STATE_849,"province building 11837 not in BSR state 816, needs province remap"
816,STATE_816,849,STATE_849,"province building 9784 not in BSR state 816, needs province remap"
817,STATE_817,18,STATE_18,manpower distributed: 940808 -> 268802 (ratio=0.286)
817,STATE_817,18,STATE_18,TSR state 18 overlaid onto BSR state 817
817,STATE_817,18,STATE_18,victory_points province 13011 not in BSR state 817
817,STATE_817,18,STATE_18,victory_points province 3560 not in BSR state 817
817,STATE_817,18,STATE_18,merge owner/controller/cores copied from strongest overlap candidate; review political union manually
818,STATE_818,1065,STATE_1065,TSR state 1065 overlaid onto BSR state 818
819,STATE_819,24,STATE_24,manpower distributed: 1546300 -> 515433 (ratio=0.333)
819,STATE_819,24,STATE_24,TSR state 24 overlaid onto BSR state 819
819,STATE_819,24,STATE_24,victory_points province 512 not in BSR state 819
820,STATE_820,31,STATE_31,manpower distributed: 1825000 -> 202778 (ratio=0.111)
820,STATE_820,31,STATE_31,TSR state 31 overlaid onto BSR state 820
820,STATE_820,31,STATE_31,victory_points province 6766 not in BSR state 820
821,STATE_821,,,new BSR state retained without TSR overlay
822,STATE_822,851,Var (Split-off from former Provence now Bouches-du-Rhône),manpower distributed: 485000 -> 363750 (ratio=0.750)
822,STATE_822,851,Var (Split-off from former Provence now Bouches-du-Rhône),TSR state 851 overlaid onto BSR state 822
823,STATE_823,735,STATE_735,TSR state 735 overlaid onto BSR state 823
823,STATE_823,735,STATE_735,merge owner/controller/cores copied from strongest overlap candidate; review political union manually
824,STATE_824,,,new BSR state retained without TSR overlay
825,STATE_825,,,new BSR state retained without TSR overlay
826,STATE_826,1014,STATE_1014,TSR state 1014 overlaid onto BSR state 826
827,STATE_827,,,new BSR state retained without TSR overlay
828,STATE_828,,,new BSR state retained without TSR overlay
829,STATE_829,,,new BSR state retained without TSR overlay
830,STATE_830,79,STATE_79,manpower distributed: 2806400 -> 350800 (ratio=0.125)
830,STATE_830,79,STATE_79,resources distributed from TSR2 state 79 ratio=0.125
830,STATE_830,79,STATE_79,TSR state 79 overlaid onto BSR state 830
830,STATE_830,79,STATE_79,victory_points province 9716 not in BSR state 830
830,STATE_830,79,STATE_79,victory_points province 6706 not in BSR state 830
831,STATE_831,,,new BSR state retained without TSR overlay
832,STATE_832,971,Northern Dobruja,manpower distributed: 490000 -> 367500 (ratio=0.750)
832,STATE_832,971,Northern Dobruja,TSR state 971 overlaid onto BSR state 832
832,STATE_832,971,Northern Dobruja,victory_points province 657 not in BSR state 832
832,STATE_832,971,Northern Dobruja,"province building 657 not in BSR state 832, needs province remap"
832,STATE_832,971,Northern Dobruja,merge owner/controller/cores copied from strongest overlap candidate; review political union manually
833,STATE_833,46,Muntenia,manpower distributed: 3971400 -> 1134686 (ratio=0.286)
833,STATE_833,46,Muntenia,resources distributed from TSR2 state 46 ratio=0.286
833,STATE_833,46,Muntenia,TSR state 46 overlaid onto BSR state 833
833,STATE_833,46,Muntenia,victory_points province 9617 not in BSR state 833
833,STATE_833,46,Muntenia,victory_points province 3663 not in BSR state 833
833,STATE_833,46,Muntenia,merge owner/controller/cores copied from strongest overlap candidate; review political union manually
834,STATE_834,,,new BSR state retained without TSR overlay
835,STATE_835,357,STATE_357,manpower distributed: 8404713 -> 1313236 (ratio=0.156)
835,STATE_835,357,STATE_357,resources distributed from TSR2 state 357 ratio=0.156
835,STATE_835,357,STATE_357,TSR state 357 overlaid onto BSR state 835
835,STATE_835,357,STATE_357,victory_points province 6732 not in BSR state 835
835,STATE_835,357,STATE_357,victory_points province 12459 not in BSR state 835
835,STATE_835,357,STATE_357,victory_points province 9832 not in BSR state 835
835,STATE_835,357,STATE_357,"province building 6732 not in BSR state 835, needs province remap"
835,STATE_835,357,STATE_357,"province building 9832 not in BSR state 835, needs province remap"
836,STATE_836,357,STATE_357,manpower distributed: 8404713 -> 1575884 (ratio=0.188)
836,STATE_836,357,STATE_357,resources distributed from TSR2 state 357 ratio=0.188
836,STATE_836,357,STATE_357,TSR state 357 overlaid onto BSR state 836
836,STATE_836,357,STATE_357,victory_points province 6732 not in BSR state 836
836,STATE_836,357,STATE_357,victory_points province 9832 not in BSR state 836
836,STATE_836,357,STATE_357,"province building 6732 not in BSR state 836, needs province remap"
836,STATE_836,357,STATE_357,"province building 9832 not in BSR state 836, needs province remap"
837,STATE_837,357,STATE_357,manpower distributed: 8404713 -> 1050589 (ratio=0.125)
837,STATE_837,357,STATE_357,resources distributed from TSR2 state 357 ratio=0.125
837,STATE_837,357,STATE_357,TSR state 357 overlaid onto BSR state 837
837,STATE_837,357,STATE_357,victory_points province 6732 not in BSR state 837
837,STATE_837,357,STATE_357,victory_points province 12459 not in BSR state 837
837,STATE_837,357,STATE_357,victory_points province 9832 not in BSR state 837
837,STATE_837,357,STATE_357,"province building 6732 not in BSR state 837, needs province remap"
837,STATE_837,357,STATE_357,"province building 9832 not in BSR state 837, needs province remap"
838,STATE_838,357,STATE_357,manpower distributed: 8404713 -> 787942 (ratio=0.094)
838,STATE_838,357,STATE_357,resources distributed from TSR2 state 357 ratio=0.094
838,STATE_838,357,STATE_357,TSR state 357 overlaid onto BSR state 838
838,STATE_838,357,STATE_357,victory_points province 6732 not in BSR state 838
838,STATE_838,357,STATE_357,victory_points province 12459 not in BSR state 838
838,STATE_838,357,STATE_357,victory_points province 9832 not in BSR state 838
838,STATE_838,357,STATE_357,"province building 6732 not in BSR state 838, needs province remap"
838,STATE_838,357,STATE_357,"province building 9832 not in BSR state 838, needs province remap"
839,STATE_839,357,STATE_357,manpower distributed: 8404713 -> 1050589 (ratio=0.125)
839,STATE_839,357,STATE_357,resources distributed from TSR2 state 357 ratio=0.125
839,STATE_839,357,STATE_357,TSR state 357 overlaid onto BSR state 839
839,STATE_839,357,STATE_357,victory_points province 6732 not in BSR state 839
839,STATE_839,357,STATE_357,victory_points province 12459 not in BSR state 839
839,STATE_839,357,STATE_357,"province building 6732 not in BSR state 839, needs province remap"
840,STATE_840,357,STATE_357,manpower distributed: 8404713 -> 262647 (ratio=0.031)
840,STATE_840,357,STATE_357,resources distributed from TSR2 state 357 ratio=0.031
840,STATE_840,357,STATE_357,TSR state 357 overlaid onto BSR state 840
840,STATE_840,357,STATE_357,victory_points province 6732 not in BSR state 840
840,STATE_840,357,STATE_357,victory_points province 12459 not in BSR state 840
840,STATE_840,357,STATE_357,victory_points province 9832 not in BSR state 840
840,STATE_840,357,STATE_357,"province building 6732 not in BSR state 840, needs province remap"
840,STATE_840,357,STATE_357,"province building 9832 not in BSR state 840, needs province remap"
841,STATE_841,361,STATE_361,manpower distributed: 2118394 -> 264799 (ratio=0.125)
841,STATE_841,361,STATE_361,TSR state 361 overlaid onto BSR state 841
841,STATE_841,361,STATE_361,victory_points province 3957 not in BSR state 841
841,STATE_841,361,STATE_361,victory_points province 6984 not in BSR state 841
841,STATE_841,361,STATE_361,"province building 6984 not in BSR state 841, needs province remap"
841,STATE_841,361,STATE_361,"province building 3957 not in BSR state 841, needs province remap"
842,STATE_842,468,Saint Lawrence,manpower distributed: 2432754 -> 1784020 (ratio=0.733)
842,STATE_842,468,Saint Lawrence,resources distributed from TSR2 state 468 ratio=0.733
842,STATE_842,468,Saint Lawrence,TSR state 468 overlaid onto BSR state 842
842,STATE_842,468,Saint Lawrence,victory_points province 4345 not in BSR state 842
842,STATE_842,468,Saint Lawrence,victory_points province 12149 not in BSR state 842
842,STATE_842,468,Saint Lawrence,"province building 12149 not in BSR state 842, needs province remap"
843,STATE_843,816,STATE_816,TSR state 816 overlaid onto BSR state 843
844,STATE_844,361,STATE_361,manpower distributed: 2118394 -> 1588796 (ratio=0.750)
844,STATE_844,361,STATE_361,TSR state 361 overlaid onto BSR state 844
844,STATE_844,361,STATE_361,victory_points province 3957 not in BSR state 844
844,STATE_844,361,STATE_361,"province building 3957 not in BSR state 844, needs province remap"
845,STATE_845,371,STATE_371,manpower distributed: 2101592 -> 300227 (ratio=0.143)
845,STATE_845,371,STATE_371,resources distributed from TSR2 state 371 ratio=0.143
845,STATE_845,371,STATE_371,TSR state 371 overlaid onto BSR state 845
845,STATE_845,371,STATE_371,victory_points province 7552 not in BSR state 845
845,STATE_845,371,STATE_371,"province building 7552 not in BSR state 845, needs province remap"
846,STATE_846,381,STATE_381,manpower distributed: 225564 -> 17351 (ratio=0.077)
846,STATE_846,381,STATE_381,resources distributed from TSR2 state 381 ratio=0.077
846,STATE_846,381,STATE_381,TSR state 381 overlaid onto BSR state 846
847,STATE_847,382,STATE_382,manpower distributed: 1035790 -> 487431 (ratio=0.471)
847,STATE_847,382,STATE_382,resources distributed from TSR2 state 382 ratio=0.471
847,STATE_847,382,STATE_382,TSR state 382 overlaid onto BSR state 847
848,STATE_848,383,STATE_383,manpower distributed: 1880998 -> 125400 (ratio=0.067)
848,STATE_848,383,STATE_383,resources distributed from TSR2 state 383 ratio=0.067
848,STATE_848,383,STATE_383,TSR state 383 overlaid onto BSR state 848
848,STATE_848,383,STATE_383,victory_points province 4740 not in BSR state 848
848,STATE_848,383,STATE_383,victory_points province 7834 not in BSR state 848
849,STATE_849,374,STATE_374,manpower distributed: 2396039 -> 149752 (ratio=0.062)
849,STATE_849,374,STATE_374,resources distributed from TSR2 state 374 ratio=0.062
849,STATE_849,374,STATE_374,TSR state 374 overlaid onto BSR state 849
849,STATE_849,374,STATE_374,victory_points province 1806 not in BSR state 849
850,STATE_850,375,STATE_375,manpower distributed: 5824712 -> 475487 (ratio=0.082)
850,STATE_850,375,STATE_375,resources distributed from TSR2 state 375 ratio=0.082
850,STATE_850,375,STATE_375,TSR state 375 overlaid onto BSR state 850
850,STATE_850,375,STATE_375,victory_points province 10337 not in BSR state 850
850,STATE_850,375,STATE_375,victory_points province 3960 not in BSR state 850
850,STATE_850,375,STATE_375,victory_points province 12782 not in BSR state 850
850,STATE_850,375,STATE_375,"province building 10337 not in BSR state 850, needs province remap"
850,STATE_850,375,STATE_375,"province building 6785 not in BSR state 850, needs province remap"
851,STATE_851,375,STATE_375,manpower distributed: 5824712 -> 475487 (ratio=0.082)
851,STATE_851,375,STATE_375,resources distributed from TSR2 state 375 ratio=0.082
851,STATE_851,375,STATE_375,TSR state 375 overlaid onto BSR state 851
851,STATE_851,375,STATE_375,victory_points province 10337 not in BSR state 851
851,STATE_851,375,STATE_375,victory_points province 3960 not in BSR state 851
851,STATE_851,375,STATE_375,victory_points province 12782 not in BSR state 851
851,STATE_851,375,STATE_375,"province building 10337 not in BSR state 851, needs province remap"
851,STATE_851,375,STATE_375,"province building 6785 not in BSR state 851, needs province remap"
852,STATE_852,375,STATE_375,manpower distributed: 5824712 -> 1545332 (ratio=0.265)
852,STATE_852,375,STATE_375,resources distributed from TSR2 state 375 ratio=0.265
852,STATE_852,375,STATE_375,TSR state 375 overlaid onto BSR state 852
852,STATE_852,375,STATE_375,victory_points province 10337 not in BSR state 852
852,STATE_852,375,STATE_375,victory_points province 3960 not in BSR state 852
852,STATE_852,375,STATE_375,"province building 10337 not in BSR state 852, needs province remap"
853,STATE_853,379,STATE_379,manpower distributed: 91057 -> 26016 (ratio=0.286)
853,STATE_853,379,STATE_379,resources distributed from TSR2 state 379 ratio=0.286
853,STATE_853,379,STATE_379,TSR state 379 overlaid onto BSR state 853
853,STATE_853,379,STATE_379,victory_points province 4799 not in BSR state 853
854,STATE_854,378,STATE_378,manpower distributed: 5677248 -> 2091618 (ratio=0.368)
854,STATE_854,378,STATE_378,resources distributed from TSR2 state 378 ratio=0.368
854,STATE_854,378,STATE_378,TSR state 378 overlaid onto BSR state 854
854,STATE_854,378,STATE_378,victory_points province 9814 not in BSR state 854
854,STATE_854,378,STATE_378,victory_points province 1562 not in BSR state 854
854,STATE_854,378,STATE_378,victory_points province 9671 not in BSR state 854
854,STATE_854,378,STATE_378,"province building 1562 not in BSR state 854, needs province remap"
854,STATE_854,378,STATE_378,"province building 9671 not in BSR state 854, needs province remap"
854,STATE_854,378,STATE_378,"province building 9814 not in BSR state 854, needs province remap"
855,STATE_855,378,STATE_378,manpower distributed: 5677248 -> 398403 (ratio=0.070)
855,STATE_855,378,STATE_378,resources distributed from TSR2 state 378 ratio=0.070
855,STATE_855,378,STATE_378,TSR state 378 overlaid onto BSR state 855
855,STATE_855,378,STATE_378,victory_points province 9814 not in BSR state 855
855,STATE_855,378,STATE_378,victory_points province 1562 not in BSR state 855
855,STATE_855,378,STATE_378,victory_points province 9671 not in BSR state 855
855,STATE_855,378,STATE_378,victory_points province 9713 not in BSR state 855
855,STATE_855,378,STATE_378,"province building 1562 not in BSR state 855, needs province remap"
855,STATE_855,378,STATE_378,"province building 9671 not in BSR state 855, needs province remap"
855,STATE_855,378,STATE_378,"province building 9814 not in BSR state 855, needs province remap"
855,STATE_855,378,STATE_378,"province building 610 not in BSR state 855, needs province remap"
856,STATE_856,393,STATE_393,manpower distributed: 4842323 -> 864701 (ratio=0.179)
856,STATE_856,393,STATE_393,resources distributed from TSR2 state 393 ratio=0.179
856,STATE_856,393,STATE_393,TSR state 393 overlaid onto BSR state 856
856,STATE_856,393,STATE_393,victory_points province 6710 not in BSR state 856
857,STATE_857,391,STATE_391,manpower distributed: 2563952 -> 769186 (ratio=0.300)
857,STATE_857,391,STATE_391,resources distributed from TSR2 state 391 ratio=0.300
857,STATE_857,391,STATE_391,TSR state 391 overlaid onto BSR state 857
857,STATE_857,391,STATE_391,victory_points province 1866 not in BSR state 857
858,STATE_858,371,STATE_371,manpower distributed: 2101592 -> 750569 (ratio=0.357)
858,STATE_858,371,STATE_371,resources distributed from TSR2 state 371 ratio=0.357
858,STATE_858,371,STATE_371,TSR state 371 overlaid onto BSR state 858
858,STATE_858,371,STATE_371,victory_points province 7552 not in BSR state 858
858,STATE_858,371,STATE_371,"province building 7552 not in BSR state 858, needs province remap"
859,STATE_859,388,STATE_388,manpower distributed: 537605 -> 70122 (ratio=0.130)
859,STATE_859,388,STATE_388,resources distributed from TSR2 state 388 ratio=0.130
859,STATE_859,388,STATE_388,TSR state 388 overlaid onto BSR state 859
859,STATE_859,388,STATE_388,victory_points province 4860 not in BSR state 859
860,STATE_860,,,new BSR state retained without TSR overlay
861,STATE_861,,,new BSR state retained without TSR overlay
862,STATE_862,933,STATE_933,TSR state 933 overlaid onto BSR state 862
863,STATE_863,88,STATE_88,manpower distributed: 3692800 -> 263771 (ratio=0.071)
863,STATE_863,88,STATE_88,resources distributed from TSR2 state 88 ratio=0.071
863,STATE_863,88,STATE_88,TSR state 88 overlaid onto BSR state 863
863,STATE_863,88,STATE_88,victory_points province 9427 not in BSR state 863
863,STATE_863,88,STATE_88,victory_points province 442 not in BSR state 863
863,STATE_863,88,STATE_88,victory_points province 9494 not in BSR state 863
864,STATE_864,305,STATE_305,manpower distributed: 2000000 -> 500000 (ratio=0.250)
864,STATE_864,305,STATE_305,resources distributed from TSR2 state 305 ratio=0.250
864,STATE_864,305,STATE_305,TSR state 305 overlaid onto BSR state 864
864,STATE_864,305,STATE_305,victory_points province 12798 not in BSR state 864
864,STATE_864,305,STATE_305,victory_points province 8252 not in BSR state 864
864,STATE_864,305,STATE_305,victory_points province 5120 not in BSR state 864
864,STATE_864,305,STATE_305,"province building 8252 not in BSR state 864, needs province remap"
865,STATE_865,807,STATE_807,manpower distributed: 713370 -> 89171 (ratio=0.125)
865,STATE_865,807,STATE_807,TSR state 807 overlaid onto BSR state 865
865,STATE_865,807,STATE_807,victory_points province 9263 not in BSR state 865
865,STATE_865,807,STATE_807,victory_points province 3295 not in BSR state 865
865,STATE_865,807,STATE_807,victory_points province 279 not in BSR state 865
865,STATE_865,807,STATE_807,"province building 9263 not in BSR state 865, needs province remap"
866,STATE_866,736,Name was Istria before the Pola (Istria) split and merge with Fiume,manpower distributed: 1038159 -> 692106 (ratio=0.667)
866,STATE_866,736,Name was Istria before the Pola (Istria) split and merge with Fiume,TSR state 736 overlaid onto BSR state 866
866,STATE_866,736,Name was Istria before the Pola (Istria) split and merge with Fiume,victory_points province 6626 not in BSR state 866
866,STATE_866,736,Name was Istria before the Pola (Istria) split and merge with Fiume,"province building 6626 not in BSR state 866, needs province remap"
867,STATE_867,850,Trentino,TSR state 850 overlaid onto BSR state 867
867,STATE_867,850,Trentino,merge owner/controller/cores copied from strongest overlap candidate; review political union manually
868,STATE_868,45,STATE_45,manpower distributed: 838621 -> 167724 (ratio=0.200)
868,STATE_868,45,STATE_45,TSR state 45 overlaid onto BSR state 868
868,STATE_868,45,STATE_45,victory_points province 619 not in BSR state 868
869,STATE_869,109,Croatia,manpower distributed: 2224400 -> 202218 (ratio=0.091)
869,STATE_869,109,Croatia,resources distributed from TSR2 state 109 ratio=0.091
869,STATE_869,109,Croatia,TSR state 109 overlaid onto BSR state 869
869,STATE_869,109,Croatia,victory_points province 11581 not in BSR state 869
870,STATE_870,803,STATE_803,manpower distributed: 210000 -> 140000 (ratio=0.667)
870,STATE_870,803,STATE_803,TSR state 803 overlaid onto BSR state 870
871,STATE_871,970,STATE_970,manpower distributed: 343550 -> 229033 (ratio=0.667)
871,STATE_871,970,STATE_970,resources distributed from TSR2 state 970 ratio=0.667
871,STATE_871,970,STATE_970,TSR state 970 overlaid onto BSR state 871
872,STATE_872,108,STATE_108,manpower distributed: 707000 -> 141400 (ratio=0.200)
872,STATE_872,108,STATE_108,resources distributed from TSR2 state 108 ratio=0.200
872,STATE_872,108,STATE_108,TSR state 108 overlaid onto BSR state 872
872,STATE_872,108,STATE_108,merge owner/controller/cores copied from strongest overlap candidate; review political union manually
873,STATE_873,,,new BSR state retained without TSR overlay
874,STATE_874,,,new BSR state retained without TSR overlay
875,STATE_875,,,new BSR state retained without TSR overlay
876,STATE_876,,,new BSR state retained without TSR overlay
877,STATE_877,799,STATE_799,TSR state 799 overlaid onto BSR state 877
878,STATE_878,108,STATE_108,manpower distributed: 707000 -> 70700 (ratio=0.100)
878,STATE_878,108,STATE_108,resources distributed from TSR2 state 108 ratio=0.100
878,STATE_878,108,STATE_108,TSR state 108 overlaid onto BSR state 878
878,STATE_878,108,STATE_108,victory_points province 9602 not in BSR state 878
878,STATE_878,108,STATE_108,merge owner/controller/cores copied from strongest overlap candidate; review political union manually
879,STATE_879,814,STATE_814,manpower distributed: 219740 -> 164805 (ratio=0.750)
879,STATE_879,814,STATE_814,TSR state 814 overlaid onto BSR state 879
879,STATE_879,814,STATE_814,victory_points province 11312 not in BSR state 879
880,STATE_880,810,STATE_810,manpower distributed: 600250 -> 400167 (ratio=0.667)
880,STATE_880,810,STATE_810,TSR state 810 overlaid onto BSR state 880
880,STATE_880,810,STATE_810,victory_points province 6222 not in BSR state 880
880,STATE_880,810,STATE_810,victory_points province 3255 not in BSR state 880
881,STATE_881,809,STATE_809,manpower distributed: 215500 -> 107750 (ratio=0.500)
881,STATE_881,809,STATE_809,TSR state 809 overlaid onto BSR state 881
881,STATE_881,809,STATE_809,victory_points province 310 not in BSR state 881
881,STATE_881,809,STATE_809,victory_points province 222 not in BSR state 881
882,STATE_882,811,STATE_811,TSR state 811 overlaid onto BSR state 882
883,STATE_883,,,new BSR state retained without TSR overlay
884,STATE_884,,,new BSR state retained without TSR overlay
885,STATE_885,1095,STATE_1095,manpower distributed: 325000 -> 59091 (ratio=0.182)
885,STATE_885,1095,STATE_1095,TSR state 1095 overlaid onto BSR state 885
886,STATE_886,972,STATE_972,manpower distributed: 353750 -> 141500 (ratio=0.400)
886,STATE_886,972,STATE_972,resources distributed from TSR2 state 972 ratio=0.400
886,STATE_886,972,STATE_972,TSR state 972 overlaid onto BSR state 886
886,STATE_886,972,STATE_972,victory_points province 557 not in BSR state 886
887,STATE_887,69,STATE_69,manpower distributed: 2476250 -> 825417 (ratio=0.333)
887,STATE_887,69,STATE_69,resources distributed from TSR2 state 69 ratio=0.333
887,STATE_887,69,STATE_69,TSR state 69 overlaid onto BSR state 887
887,STATE_887,69,STATE_69,victory_points province 3585 not in BSR state 887
887,STATE_887,69,STATE_69,victory_points province 11432 not in BSR state 887
887,STATE_887,69,STATE_69,"province building 424 not in BSR state 887, needs province remap"
887,STATE_887,69,STATE_69,"province building 3585 not in BSR state 887, needs province remap"
887,STATE_887,69,STATE_69,"province building 6470 not in BSR state 887, needs province remap"
887,STATE_887,69,STATE_69,"province building 9555 not in BSR state 887, needs province remap"
887,STATE_887,69,STATE_69,"province building 11432 not in BSR state 887, needs province remap"
888,STATE_888,972,STATE_972,manpower distributed: 353750 -> 212250 (ratio=0.600)
888,STATE_888,972,STATE_972,resources distributed from TSR2 state 972 ratio=0.600
888,STATE_888,972,STATE_972,TSR state 972 overlaid onto BSR state 888
888,STATE_888,972,STATE_972,"province building 5283 not in BSR state 888, needs province remap"
889,STATE_889,70,STATE_70,manpower distributed: 1230500 -> 175786 (ratio=0.143)
889,STATE_889,70,STATE_70,resources distributed from TSR2 state 70 ratio=0.143
889,STATE_889,70,STATE_70,TSR state 70 overlaid onto BSR state 889
889,STATE_889,70,STATE_70,victory_points province 9692 not in BSR state 889
889,STATE_889,70,STATE_70,victory_points province 11539 not in BSR state 889
889,STATE_889,70,STATE_70,victory_points province 541 not in BSR state 889
890,STATE_890,,,new BSR state retained without TSR overlay
891,STATE_891,,,new BSR state retained without TSR overlay
892,STATE_892,845,STATE_845,manpower distributed: 2067296 -> 826918 (ratio=0.400)
892,STATE_892,845,STATE_845,resources distributed from TSR2 state 845 ratio=0.400
892,STATE_892,845,STATE_845,TSR state 845 overlaid onto BSR state 892
892,STATE_892,845,STATE_845,victory_points province 9638 not in BSR state 892
892,STATE_892,845,STATE_845,merge owner/controller/cores copied from strongest overlap candidate; review political union manually
893,STATE_893,846,STATE_846,resources distributed from TSR2 state 846 ratio=1.000
893,STATE_893,846,STATE_846,TSR state 846 overlaid onto BSR state 893
893,STATE_893,846,STATE_846,merge owner/controller/cores copied from strongest overlap candidate; review political union manually
894,STATE_894,151,STATE_151,manpower distributed: 598920 -> 239568 (ratio=0.400)
894,STATE_894,151,STATE_151,resources distributed from TSR2 state 151 ratio=0.400
894,STATE_894,151,STATE_151,TSR state 151 overlaid onto BSR state 894
894,STATE_894,151,STATE_151,victory_points province 658 not in BSR state 894
895,STATE_895,,,new BSR state retained without TSR overlay
896,STATE_896,772,Middle Congo (Brazzaville),manpower distributed: 746415 -> 149283 (ratio=0.200)
896,STATE_896,772,Middle Congo (Brazzaville),resources distributed from TSR2 state 772 ratio=0.200
896,STATE_896,772,Middle Congo (Brazzaville),TSR state 772 overlaid onto BSR state 896
896,STATE_896,772,Middle Congo (Brazzaville),victory_points province 8193 not in BSR state 896
896,STATE_896,772,Middle Congo (Brazzaville),victory_points province 12975 not in BSR state 896
896,STATE_896,772,Middle Congo (Brazzaville),"province building 12975 not in BSR state 896, needs province remap"
897,STATE_897,914,STATE_914,TSR state 914 overlaid onto BSR state 897
898,STATE_898,774,STATE_774,manpower distributed: 1442456 -> 120205 (ratio=0.083)
898,STATE_898,774,STATE_774,TSR state 774 overlaid onto BSR state 898
898,STATE_898,774,STATE_774,victory_points province 2081 not in BSR state 898
899,STATE_899,660,STATE_660,manpower distributed: 1136921 -> 142115 (ratio=0.125)
899,STATE_899,660,STATE_660,resources distributed from TSR2 state 660 ratio=0.125
899,STATE_899,660,STATE_660,TSR state 660 overlaid onto BSR state 899
899,STATE_899,660,STATE_660,victory_points province 12830 not in BSR state 899
900,STATE_900,,,new BSR state retained without TSR overlay
901,STATE_901,900,STATE_900,manpower distributed: 1163674 -> 232735 (ratio=0.200)
901,STATE_901,900,STATE_900,resources distributed from TSR2 state 900 ratio=0.200
901,STATE_901,900,STATE_900,TSR state 900 overlaid onto BSR state 901
901,STATE_901,900,STATE_900,victory_points province 8034 not in BSR state 901
902,STATE_902,,,new BSR state retained without TSR overlay
903,STATE_903,1031,STATE_1031,manpower distributed: 3761368 -> 1128410 (ratio=0.300)
903,STATE_903,1031,STATE_1031,TSR state 1031 overlaid onto BSR state 903
903,STATE_903,1031,STATE_1031,victory_points province 10115 not in BSR state 903
903,STATE_903,1031,STATE_1031,victory_points province 11977 not in BSR state 903
903,STATE_903,1031,STATE_1031,victory_points province 4126 not in BSR state 903
903,STATE_903,1031,STATE_1031,victory_points province 10110 not in BSR state 903
903,STATE_903,1031,STATE_1031,merge owner/controller/cores copied from strongest overlap candidate; review political union manually
904,STATE_904,1031,STATE_1031,manpower distributed: 3761368 -> 1880684 (ratio=0.500)
904,STATE_904,1031,STATE_1031,TSR state 1031 overlaid onto BSR state 904
904,STATE_904,1031,STATE_1031,victory_points province 10115 not in BSR state 904
904,STATE_904,1031,STATE_1031,"province building 7175 not in BSR state 904, needs province remap"
905,STATE_905,1030,STATE_1030,TSR state 1030 overlaid onto BSR state 905
905,STATE_905,1030,STATE_1030,merge owner/controller/cores copied from strongest overlap candidate; review political union manually
906,STATE_906,1029,STATE_1029,manpower distributed: 1328410 -> 664205 (ratio=0.500)
906,STATE_906,1029,STATE_1029,resources distributed from TSR2 state 1029 ratio=0.500
906,STATE_906,1029,STATE_1029,TSR state 1029 overlaid onto BSR state 906
907,STATE_907,1029,STATE_1029,manpower distributed: 1328410 -> 332102 (ratio=0.250)
907,STATE_907,1029,STATE_1029,resources distributed from TSR2 state 1029 ratio=0.250
907,STATE_907,1029,STATE_1029,TSR state 1029 overlaid onto BSR state 907
907,STATE_907,1029,STATE_1029,victory_points province 1148 not in BSR state 907
907,STATE_907,1029,STATE_1029,merge owner/controller/cores copied from strongest overlap candidate; review political union manually
908,STATE_908,527,STATE_527,manpower distributed: 4516134 -> 950765 (ratio=0.211)
908,STATE_908,527,STATE_527,resources distributed from TSR2 state 527 ratio=0.211
908,STATE_908,527,STATE_527,TSR state 527 overlaid onto BSR state 908
908,STATE_908,527,STATE_527,victory_points province 4052 not in BSR state 908
908,STATE_908,527,STATE_527,victory_points province 11835 not in BSR state 908
908,STATE_908,527,STATE_527,victory_points province 1003 not in BSR state 908
908,STATE_908,527,STATE_527,"province building 1003 not in BSR state 908, needs province remap"
909,STATE_909,1028,STATE_1028,manpower distributed: 2258066 -> 1580646 (ratio=0.700)
909,STATE_909,1028,STATE_1028,resources distributed from TSR2 state 1028 ratio=0.700
909,STATE_909,1028,STATE_1028,TSR state 1028 overlaid onto BSR state 909
910,STATE_910,,,new BSR state retained without TSR overlay
911,STATE_911,1031,STATE_1031,manpower distributed: 3761368 -> 376137 (ratio=0.100)
911,STATE_911,1031,STATE_1031,TSR state 1031 overlaid onto BSR state 911
911,STATE_911,1031,STATE_1031,victory_points province 10115 not in BSR state 911
911,STATE_911,1031,STATE_1031,victory_points province 11977 not in BSR state 911
911,STATE_911,1031,STATE_1031,victory_points province 4126 not in BSR state 911
911,STATE_911,1031,STATE_1031,victory_points province 10110 not in BSR state 911
911,STATE_911,1031,STATE_1031,"province building 7175 not in BSR state 911, needs province remap"
912,STATE_912,964,STATE_964,manpower distributed: 13541 -> 3385 (ratio=0.250)
912,STATE_912,964,STATE_964,TSR state 964 overlaid onto BSR state 912
913,STATE_913,963,STATE_963,manpower distributed: 7683 -> 3842 (ratio=0.500)
913,STATE_913,963,STATE_963,TSR state 963 overlaid onto BSR state 913
914,STATE_914,280,STATE_280,manpower distributed: 120000 -> 15000 (ratio=0.125)
914,STATE_914,280,STATE_280,TSR state 280 overlaid onto BSR state 914
914,STATE_914,280,STATE_280,victory_points province 2111 not in BSR state 914
915,STATE_915,951,STATE_951,manpower distributed: 340000 -> 85000 (ratio=0.250)
915,STATE_915,951,STATE_951,resources distributed from TSR2 state 951 ratio=0.250
915,STATE_915,951,STATE_951,TSR state 951 overlaid onto BSR state 915
915,STATE_915,951,STATE_951,victory_points province 8217 not in BSR state 915
916,STATE_916,506,Antofagasta,manpower distributed: 423605 -> 141202 (ratio=0.333)
916,STATE_916,506,Antofagasta,resources distributed from TSR2 state 506 ratio=0.333
916,STATE_916,506,Antofagasta,TSR state 506 overlaid onto BSR state 916
916,STATE_916,506,Antofagasta,merge owner/controller/cores copied from strongest overlap candidate; review political union manually
917,STATE_917,304,STATE_304,manpower distributed: 467459 -> 280475 (ratio=0.600)
917,STATE_917,304,STATE_304,resources distributed from TSR2 state 304 ratio=0.600
917,STATE_917,304,STATE_304,TSR state 304 overlaid onto BSR state 917
917,STATE_917,304,STATE_304,victory_points province 7630 not in BSR state 917
917,STATE_917,304,STATE_304,"province building 7630 not in BSR state 917, needs province remap"
918,STATE_918,979,STATE_979,TSR state 979 overlaid onto BSR state 918
918,STATE_918,979,STATE_979,merge owner/controller/cores copied from strongest overlap candidate; review political union manually
919,STATE_919,871,STATE_871,TSR state 871 overlaid onto BSR state 919
920,STATE_920,870,STATE_870,TSR state 870 overlaid onto BSR state 920
921,STATE_921,674,STATE_674,manpower distributed: 30000 -> 6923 (ratio=0.231)
921,STATE_921,674,STATE_674,TSR state 674 overlaid onto BSR state 921
921,STATE_921,674,STATE_674,merge owner/controller/cores copied from strongest overlap candidate; review political union manually
922,STATE_922,285,STATE_285,manpower distributed: 2563100 -> 244105 (ratio=0.095)
922,STATE_922,285,STATE_285,resources distributed from TSR2 state 285 ratio=0.095
922,STATE_922,285,STATE_285,TSR state 285 overlaid onto BSR state 922
922,STATE_922,285,STATE_285,victory_points province 7859 not in BSR state 922
922,STATE_922,285,STATE_285,victory_points province 12406 not in BSR state 922
922,STATE_922,285,STATE_285,victory_points province 7520 not in BSR state 922
922,STATE_922,285,STATE_285,"province building 12406 not in BSR state 922, needs province remap"
922,STATE_922,285,STATE_285,"province building 7859 not in BSR state 922, needs province remap"
922,STATE_922,285,STATE_285,"province building 7520 not in BSR state 922, needs province remap"
923,STATE_923,873,STATE_873,manpower distributed: 10000 -> 8000 (ratio=0.800)
923,STATE_923,873,STATE_873,TSR state 873 overlaid onto BSR state 923
923,STATE_923,873,STATE_873,merge owner/controller/cores copied from strongest overlap candidate; review political union manually
924,STATE_924,674,STATE_674,manpower distributed: 30000 -> 16154 (ratio=0.538)
924,STATE_924,674,STATE_674,TSR state 674 overlaid onto BSR state 924
925,STATE_925,78,STATE_78,manpower distributed: 2296800 -> 229680 (ratio=0.100)
925,STATE_925,78,STATE_78,TSR state 78 overlaid onto BSR state 925
925,STATE_925,78,STATE_78,victory_points province 3707 not in BSR state 925
926,STATE_926,202,STATE_202,manpower distributed: 2495352 -> 680551 (ratio=0.273)
926,STATE_926,202,STATE_202,resources distributed from TSR2 state 202 ratio=0.273
926,STATE_926,202,STATE_202,TSR state 202 overlaid onto BSR state 926
926,STATE_926,202,STATE_202,victory_points province 525 not in BSR state 926
927,STATE_927,,,new BSR state retained without TSR overlay
928,STATE_928,215,STATE_215,manpower distributed: 214858 -> 81298 (ratio=0.378)
928,STATE_928,215,STATE_215,resources distributed from TSR2 state 215 ratio=0.378
928,STATE_928,215,STATE_215,TSR state 215 overlaid onto BSR state 928
929,STATE_929,215,STATE_215,manpower distributed: 214858 -> 69684 (ratio=0.324)
929,STATE_929,215,STATE_215,resources distributed from TSR2 state 215 ratio=0.324
929,STATE_929,215,STATE_215,TSR state 215 overlaid onto BSR state 929
930,STATE_930,,,new BSR state retained without TSR overlay
931,STATE_931,232,Dagestan,manpower distributed: 1358292 -> 764039 (ratio=0.562)
931,STATE_931,232,Dagestan,resources distributed from TSR2 state 232 ratio=0.562
931,STATE_931,232,Dagestan,TSR state 232 overlaid onto BSR state 931
931,STATE_931,232,Dagestan,victory_points province 7624 not in BSR state 931
932,STATE_932,232,Dagestan,manpower distributed: 1358292 -> 169786 (ratio=0.125)
932,STATE_932,232,Dagestan,resources distributed from TSR2 state 232 ratio=0.125
932,STATE_932,232,Dagestan,TSR state 232 overlaid onto BSR state 932
932,STATE_932,232,Dagestan,victory_points province 6701 not in BSR state 932
933,STATE_933,95,STATE_95,manpower distributed: 1598900 -> 290709 (ratio=0.182)
933,STATE_933,95,STATE_95,TSR state 95 overlaid onto BSR state 933
933,STATE_933,95,STATE_95,victory_points province 9304 not in BSR state 933
934,STATE_934,102,STATE_102,manpower distributed: 811050 -> 324420 (ratio=0.400)
934,STATE_934,102,STATE_102,TSR state 102 overlaid onto BSR state 934
934,STATE_934,102,STATE_102,victory_points province 665 not in BSR state 934
935,STATE_935,102,STATE_102,manpower distributed: 811050 -> 162210 (ratio=0.200)
935,STATE_935,102,STATE_102,TSR state 102 overlaid onto BSR state 935
935,STATE_935,102,STATE_102,victory_points province 665 not in BSR state 935
936,STATE_936,1049,Prekmurje,TSR state 1049 overlaid onto BSR state 936
937,STATE_937,109,Croatia,manpower distributed: 2224400 -> 404436 (ratio=0.182)
937,STATE_937,109,Croatia,resources distributed from TSR2 state 109 ratio=0.182
937,STATE_937,109,Croatia,TSR state 109 overlaid onto BSR state 937
937,STATE_937,109,Croatia,victory_points province 11581 not in BSR state 937
938,STATE_938,940,STATE_940,TSR state 940 overlaid onto BSR state 938
939,STATE_939,103,Dalmatia,manpower distributed: 1431700 -> 650773 (ratio=0.455)
939,STATE_939,103,Dalmatia,TSR state 103 overlaid onto BSR state 939
939,STATE_939,103,Dalmatia,victory_points province 6889 not in BSR state 939
939,STATE_939,103,Dalmatia,victory_points province 3924 not in BSR state 939
939,STATE_939,103,Dalmatia,"province building 3924 not in BSR state 939, needs province remap"
939,STATE_939,103,Dalmatia,"province building 6889 not in BSR state 939, needs province remap"
940,STATE_940,105,STATE_105,manpower distributed: 895500 -> 179100 (ratio=0.200)
940,STATE_940,105,STATE_105,resources distributed from TSR2 state 105 ratio=0.200
940,STATE_940,105,STATE_105,TSR state 105 overlaid onto BSR state 940
940,STATE_940,105,STATE_105,victory_points province 9809 not in BSR state 940
940,STATE_940,105,STATE_105,"province building 9809 not in BSR state 940, needs province remap"
941,STATE_941,802,STATE_802,manpower distributed: 616000 -> 154000 (ratio=0.250)
941,STATE_941,802,STATE_802,resources distributed from TSR2 state 802 ratio=0.250
941,STATE_941,802,STATE_802,TSR state 802 overlaid onto BSR state 941
941,STATE_941,802,STATE_802,victory_points province 6940 not in BSR state 941
941,STATE_941,802,STATE_802,victory_points province 9849 not in BSR state 941
942,STATE_942,801,STATE_801,manpower distributed: 1218780 -> 1015650 (ratio=0.833)
942,STATE_942,801,STATE_801,TSR state 801 overlaid onto BSR state 942
942,STATE_942,801,STATE_801,victory_points province 9612 not in BSR state 942
943,STATE_943,211,STATE_211,manpower distributed: 1358394 -> 582169 (ratio=0.429)
943,STATE_943,211,STATE_211,TSR state 211 overlaid onto BSR state 943
943,STATE_943,211,STATE_211,victory_points province 9902 not in BSR state 943
943,STATE_943,211,STATE_211,victory_points province 6967 not in BSR state 943
943,STATE_943,211,STATE_211,victory_points province 9888 not in BSR state 943
943,STATE_943,211,STATE_211,"province building 9902 not in BSR state 943, needs province remap"
943,STATE_943,211,STATE_211,merge owner/controller/cores copied from strongest overlap candidate; review political union manually
944,STATE_944,859,STATE_859,manpower distributed: 440000 -> 220000 (ratio=0.500)
944,STATE_944,859,STATE_859,resources distributed from TSR2 state 859 ratio=0.500
944,STATE_944,859,STATE_859,TSR state 859 overlaid onto BSR state 944
945,STATE_945,1010,STATE_1010,manpower distributed: 479801 -> 191920 (ratio=0.400)
945,STATE_945,1010,STATE_1010,resources distributed from TSR2 state 1010 ratio=0.400
945,STATE_945,1010,STATE_1010,TSR state 1010 overlaid onto BSR state 945
945,STATE_945,1010,STATE_1010,victory_points province 3795 not in BSR state 945
946,STATE_946,1011,STATE_1011,manpower distributed: 980164 -> 280047 (ratio=0.286)
946,STATE_946,1011,STATE_1011,resources distributed from TSR2 state 1011 ratio=0.286
946,STATE_946,1011,STATE_1011,TSR state 1011 overlaid onto BSR state 946
946,STATE_946,1011,STATE_1011,victory_points province 12726 not in BSR state 946
946,STATE_946,1011,STATE_1011,merge owner/controller/cores copied from strongest overlap candidate; review political union manually
947,STATE_947,1051,STATE_1051,TSR state 1051 overlaid onto BSR state 947
948,STATE_948,,,new BSR state retained without TSR overlay
949,STATE_949,293,STATE_293,manpower distributed: 2489500 -> 995800 (ratio=0.400)
949,STATE_949,293,STATE_293,resources distributed from TSR2 state 293 ratio=0.400
949,STATE_949,293,STATE_293,TSR state 293 overlaid onto BSR state 949
949,STATE_949,293,STATE_293,victory_points province 10840 not in BSR state 949
949,STATE_949,293,STATE_293,"province building 10840 not in BSR state 949, needs province remap"
950,STATE_950,1055,STATE_1055,manpower distributed: 538927 -> 153979 (ratio=0.286)
950,STATE_950,1055,STATE_1055,resources distributed from TSR2 state 1055 ratio=0.286
950,STATE_950,1055,STATE_1055,TSR state 1055 overlaid onto BSR state 950
950,STATE_950,1055,STATE_1055,victory_points province 947 not in BSR state 950
951,STATE_951,345,STATE_345,manpower distributed: 411798 -> 137266 (ratio=0.333)
951,STATE_951,345,STATE_345,TSR state 345 overlaid onto BSR state 951
951,STATE_951,345,STATE_345,victory_points province 10056 not in BSR state 951
951,STATE_951,345,STATE_345,victory_points province 11810 not in BSR state 951
951,STATE_951,345,STATE_345,victory_points province 11746 not in BSR state 951
951,STATE_951,345,STATE_345,"province building 11746 not in BSR state 951, needs province remap"
951,STATE_951,345,STATE_345,merge owner/controller/cores copied from strongest overlap candidate; review political union manually
952,STATE_952,183,STATE_183,manpower distributed: 347959 -> 173980 (ratio=0.500)
952,STATE_952,183,STATE_183,resources distributed from TSR2 state 183 ratio=0.500
952,STATE_952,183,STATE_183,TSR state 183 overlaid onto BSR state 952
952,STATE_952,183,STATE_183,victory_points province 7193 not in BSR state 952
952,STATE_952,183,STATE_183,"province building 7193 not in BSR state 952, needs province remap"
953,STATE_953,49,Ankara,manpower distributed: 810284 -> 294649 (ratio=0.364)
953,STATE_953,49,Ankara,resources distributed from TSR2 state 49 ratio=0.364
953,STATE_953,49,Ankara,TSR state 49 overlaid onto BSR state 953
953,STATE_953,49,Ankara,victory_points province 11747 not in BSR state 953
953,STATE_953,49,Ankara,victory_points province 804 not in BSR state 953
954,STATE_954,343,Afyon,manpower distributed: 1298543 -> 826346 (ratio=0.636)
954,STATE_954,343,Afyon,resources distributed from TSR2 state 343 ratio=0.636
954,STATE_954,343,Afyon,TSR state 343 overlaid onto BSR state 954
954,STATE_954,343,Afyon,victory_points province 9878 not in BSR state 954
955,STATE_955,355,STATE_355,manpower distributed: 1151863 -> 511939 (ratio=0.444)
955,STATE_955,355,STATE_355,TSR state 355 overlaid onto BSR state 955
955,STATE_955,355,STATE_355,victory_points province 11881 not in BSR state 955
955,STATE_955,355,STATE_355,"province building 11881 not in BSR state 955, needs province remap"
956,STATE_956,798,STATE_798,manpower distributed: 531172 -> 265586 (ratio=0.500)
956,STATE_956,798,STATE_798,TSR state 798 overlaid onto BSR state 956
956,STATE_956,798,STATE_798,victory_points province 919 not in BSR state 956
956,STATE_956,798,STATE_798,merge owner/controller/cores copied from strongest overlap candidate; review political union manually
957,STATE_957,798,STATE_798,manpower distributed: 531172 -> 265586 (ratio=0.500)
957,STATE_957,798,STATE_798,TSR state 798 overlaid onto BSR state 957
957,STATE_957,798,STATE_798,victory_points province 3862 not in BSR state 957
957,STATE_957,798,STATE_798,merge owner/controller/cores copied from strongest overlap candidate; review political union manually
958,STATE_958,349,STATE_349,manpower distributed: 592821 -> 148205 (ratio=0.250)
958,STATE_958,349,STATE_349,TSR state 349 overlaid onto BSR state 958
958,STATE_958,349,STATE_349,victory_points province 9777 not in BSR state 958
958,STATE_958,349,STATE_349,merge owner/controller/cores copied from strongest overlap candidate; review political union manually
959,STATE_959,353,STATE_353,manpower distributed: 523537 -> 436281 (ratio=0.833)
959,STATE_959,353,STATE_353,TSR state 353 overlaid onto BSR state 959
959,STATE_959,353,STATE_353,merge owner/controller/cores copied from strongest overlap candidate; review political union manually
960,STATE_960,352,STATE_352,manpower distributed: 262095 -> 174730 (ratio=0.667)
960,STATE_960,352,STATE_352,TSR state 352 overlaid onto BSR state 960
960,STATE_960,352,STATE_352,merge owner/controller/cores copied from strongest overlap candidate; review political union manually
961,STATE_961,1059,STATE_1059,TSR state 1059 overlaid onto BSR state 961
962,STATE_962,528,North Kyushu,manpower distributed: 6046000 -> 604600 (ratio=0.100)
962,STATE_962,528,North Kyushu,resources distributed from TSR2 state 528 ratio=0.100
962,STATE_962,528,North Kyushu,TSR state 528 overlaid onto BSR state 962
962,STATE_962,528,North Kyushu,victory_points province 1025 not in BSR state 962
962,STATE_962,528,North Kyushu,victory_points province 9950 not in BSR state 962
962,STATE_962,528,North Kyushu,victory_points province 7110 not in BSR state 962
962,STATE_962,528,North Kyushu,victory_points province 11925 not in BSR state 962
962,STATE_962,528,North Kyushu,"province building 9950 not in BSR state 962, needs province remap"
963,STATE_963,1019,South Tohoku,manpower distributed: 2796521 -> 1864347 (ratio=0.667)
963,STATE_963,1019,South Tohoku,resources distributed from TSR2 state 1019 ratio=0.667
963,STATE_963,1019,South Tohoku,TSR state 1019 overlaid onto BSR state 963
963,STATE_963,1019,South Tohoku,victory_points province 7169 not in BSR state 963
964,STATE_964,282,Kanto,manpower distributed: 15773000 -> 8603455 (ratio=0.545)
964,STATE_964,282,Kanto,resources distributed from TSR2 state 282 ratio=0.545
964,STATE_964,282,Kanto,TSR state 282 overlaid onto BSR state 964
964,STATE_964,282,Kanto,victory_points province 1182 not in BSR state 964
964,STATE_964,282,Kanto,victory_points province 9998 not in BSR state 964
964,STATE_964,282,Kanto,"province building 9998 not in BSR state 964, needs province remap"
965,STATE_965,531,Kansai,manpower distributed: 12015000 -> 2184545 (ratio=0.182)
965,STATE_965,531,Kansai,resources distributed from TSR2 state 531 ratio=0.182
965,STATE_965,531,Kansai,TSR state 531 overlaid onto BSR state 965
965,STATE_965,531,Kansai,victory_points province 7072 not in BSR state 965
965,STATE_965,531,Kansai,victory_points province 11960 not in BSR state 965
965,STATE_965,531,Kansai,victory_points province 1136 not in BSR state 965
965,STATE_965,531,Kansai,"province building 1136 not in BSR state 965, needs province remap"
965,STATE_965,531,Kansai,"province building 7072 not in BSR state 965, needs province remap"
966,STATE_966,1018,South Kyushu,manpower distributed: 3023000 -> 377875 (ratio=0.125)
966,STATE_966,1018,South Kyushu,resources distributed from TSR2 state 1018 ratio=0.125
966,STATE_966,1018,South Kyushu,TSR state 1018 overlaid onto BSR state 966
966,STATE_966,1018,South Kyushu,victory_points province 4102 not in BSR state 966
966,STATE_966,1018,South Kyushu,victory_points province 1020 not in BSR state 966
967,STATE_967,1018,South Kyushu,manpower distributed: 3023000 -> 1133625 (ratio=0.375)
967,STATE_967,1018,South Kyushu,resources distributed from TSR2 state 1018 ratio=0.375
967,STATE_967,1018,South Kyushu,TSR state 1018 overlaid onto BSR state 967
967,STATE_967,1018,South Kyushu,victory_points province 4102 not in BSR state 967
967,STATE_967,1018,South Kyushu,merge owner/controller/cores copied from strongest overlap candidate; review political union manually
968,STATE_968,1018,South Kyushu,manpower distributed: 3023000 -> 1511500 (ratio=0.500)
968,STATE_968,1018,South Kyushu,resources distributed from TSR2 state 1018 ratio=0.500
968,STATE_968,1018,South Kyushu,TSR state 1018 overlaid onto BSR state 968
968,STATE_968,1018,South Kyushu,victory_points province 1020 not in BSR state 968
969,STATE_969,530,Shikoku,manpower distributed: 3310000 -> 1418571 (ratio=0.429)
969,STATE_969,530,Shikoku,TSR state 530 overlaid onto BSR state 969
969,STATE_969,530,Shikoku,victory_points province 4179 not in BSR state 969
969,STATE_969,530,Shikoku,"province building 4179 not in BSR state 969, needs province remap"
970,STATE_970,409,STATE_409,manpower distributed: 295605 -> 22739 (ratio=0.077)
970,STATE_970,409,STATE_409,resources distributed from TSR2 state 409 ratio=0.077
970,STATE_970,409,STATE_409,TSR state 409 overlaid onto BSR state 970
970,STATE_970,409,STATE_409,victory_points province 12189 not in BSR state 970
970,STATE_970,409,STATE_409,"province building 9604 not in BSR state 970, needs province remap"
971,STATE_971,526,STATE_526,manpower distributed: 578000 -> 289000 (ratio=0.500)
971,STATE_971,526,STATE_526,resources distributed from TSR2 state 526 ratio=0.500
971,STATE_971,526,STATE_526,TSR state 526 overlaid onto BSR state 971
971,STATE_971,526,STATE_526,victory_points province 11932 not in BSR state 971
971,STATE_971,526,STATE_526,"province building 11932 not in BSR state 971, needs province remap"
972,STATE_972,686,STATE_686,manpower distributed: 1543913 -> 771956 (ratio=0.500)
972,STATE_972,686,STATE_686,TSR state 686 overlaid onto BSR state 972
972,STATE_972,686,STATE_686,victory_points province 1440 not in BSR state 972
972,STATE_972,686,STATE_686,"province building 1440 not in BSR state 972, needs province remap"
973,STATE_973,,,new BSR state retained without TSR overlay
974,STATE_974,967,STATE_967,TSR state 967 overlaid onto BSR state 974
975,STATE_975,187,STATE_187,manpower distributed: 322600 -> 107533 (ratio=0.333)
975,STATE_975,187,STATE_187,resources distributed from TSR2 state 187 ratio=0.333
975,STATE_975,187,STATE_187,TSR state 187 overlaid onto BSR state 975
975,STATE_975,187,STATE_187,victory_points province 8435 not in BSR state 975
975,STATE_975,187,STATE_187,"province building 8435 not in BSR state 975, needs province remap"
976,STATE_976,185,STATE_185,manpower distributed: 760900 -> 190225 (ratio=0.250)
976,STATE_976,185,STATE_185,resources distributed from TSR2 state 185 ratio=0.250
976,STATE_976,185,STATE_185,TSR state 185 overlaid onto BSR state 976
976,STATE_976,185,STATE_185,victory_points province 10203 not in BSR state 976
976,STATE_976,185,STATE_185,victory_points province 1205 not in BSR state 976
977,STATE_977,185,STATE_185,manpower distributed: 760900 -> 63408 (ratio=0.083)
977,STATE_977,185,STATE_185,resources distributed from TSR2 state 185 ratio=0.083
977,STATE_977,185,STATE_185,TSR state 185 overlaid onto BSR state 977
977,STATE_977,185,STATE_185,victory_points province 3914 not in BSR state 977
977,STATE_977,185,STATE_185,victory_points province 1205 not in BSR state 977
977,STATE_977,185,STATE_185,"province building 9805 not in BSR state 977, needs province remap"
978,STATE_978,47,Thessaly,manpower distributed: 2312500 -> 256944 (ratio=0.111)
978,STATE_978,47,Thessaly,resources distributed from TSR2 state 47 ratio=0.111
978,STATE_978,47,Thessaly,TSR state 47 overlaid onto BSR state 978
978,STATE_978,47,Thessaly,victory_points province 4109 not in BSR state 978
978,STATE_978,47,Thessaly,victory_points province 3973 not in BSR state 978
978,STATE_978,47,Thessaly,victory_points province 3988 not in BSR state 978
978,STATE_978,47,Thessaly,"province building 4109 not in BSR state 978, needs province remap"
979,STATE_979,56,STATE_56,manpower distributed: 2058467 -> 617540 (ratio=0.300)
979,STATE_979,56,STATE_56,TSR state 56 overlaid onto BSR state 979
979,STATE_979,56,STATE_56,victory_points province 241 not in BSR state 979
979,STATE_979,56,STATE_56,victory_points province 11388 not in BSR state 979
979,STATE_979,56,STATE_56,"province building 241 not in BSR state 979, needs province remap"
979,STATE_979,56,STATE_56,merge owner/controller/cores copied from strongest overlap candidate; review political union manually
980,STATE_980,1021,STATE_1021,TSR state 1021 overlaid onto BSR state 980
981,STATE_981,1083,STATE_1083,manpower distributed: 323100 -> 215400 (ratio=0.667)
981,STATE_981,1083,STATE_1083,resources distributed from TSR2 state 1083 ratio=0.667
981,STATE_981,1083,STATE_1083,TSR state 1083 overlaid onto BSR state 981
982,STATE_982,1023,STATE_1023,manpower distributed: 249800 -> 124900 (ratio=0.500)
982,STATE_982,1023,STATE_1023,resources distributed from TSR2 state 1023 ratio=0.500
982,STATE_982,1023,STATE_1023,TSR state 1023 overlaid onto BSR state 982
982,STATE_982,1023,STATE_1023,"province building 7371 not in BSR state 982, needs province remap"
983,STATE_983,,,new BSR state retained without TSR overlay
984,STATE_984,,,new BSR state retained without TSR overlay
985,STATE_985,,,new BSR state retained without TSR overlay
986,STATE_986,160,STATE_160,manpower distributed: 3963151 -> 990788 (ratio=0.250)
986,STATE_986,160,STATE_160,resources distributed from TSR2 state 160 ratio=0.250
986,STATE_986,160,STATE_160,TSR state 160 overlaid onto BSR state 986
986,STATE_986,160,STATE_160,victory_points province 11584 not in BSR state 986
986,STATE_986,160,STATE_160,victory_points province 3604 not in BSR state 986
986,STATE_986,160,STATE_160,victory_points province 603 not in BSR state 986
986,STATE_986,160,STATE_160,"province building 11584 not in BSR state 986, needs province remap"
987,STATE_987,159,STATE_159,manpower distributed: 5597704 -> 1679311 (ratio=0.300)
987,STATE_987,159,STATE_159,TSR state 159 overlaid onto BSR state 987
987,STATE_987,159,STATE_159,victory_points province 773 not in BSR state 987
988,STATE_988,158,STATE_158,manpower distributed: 4765476 -> 1401611 (ratio=0.294)
988,STATE_988,158,STATE_158,resources distributed from TSR2 state 158 ratio=0.294
988,STATE_988,158,STATE_158,TSR state 158 overlaid onto BSR state 988
988,STATE_988,158,STATE_158,victory_points province 6788 not in BSR state 988
988,STATE_988,158,STATE_158,victory_points province 6780 not in BSR state 988
988,STATE_988,158,STATE_158,"province building 6788 not in BSR state 988, needs province remap"
989,STATE_989,158,STATE_158,manpower distributed: 4765476 -> 840966 (ratio=0.176)
989,STATE_989,158,STATE_158,resources distributed from TSR2 state 158 ratio=0.176
989,STATE_989,158,STATE_158,TSR state 158 overlaid onto BSR state 989
989,STATE_989,158,STATE_158,victory_points province 6780 not in BSR state 989
990,STATE_990,2,Latium,manpower distributed: 2781971 -> 1043239 (ratio=0.375)
990,STATE_990,2,Latium,TSR state 2 overlaid onto BSR state 990
990,STATE_990,2,Latium,victory_points province 9904 not in BSR state 990
990,STATE_990,2,Latium,victory_points province 11846 not in BSR state 990
990,STATE_990,2,Latium,victory_points province 13432 not in BSR state 990
990,STATE_990,2,Latium,"province building 11846 not in BSR state 990, needs province remap"
990,STATE_990,2,Latium,"province building 13432 not in BSR state 990, needs province remap"
991,STATE_991,117,Campania,manpower distributed: 4240000 -> 1884444 (ratio=0.444)
991,STATE_991,117,Campania,resources distributed from TSR2 state 117 ratio=0.444
991,STATE_991,117,Campania,TSR state 117 overlaid onto BSR state 991
991,STATE_991,117,Campania,victory_points province 819 not in BSR state 991
991,STATE_991,117,Campania,"province building 819 not in BSR state 991, needs province remap"
992,STATE_992,849,STATE_849,manpower distributed: 2642000 -> 1651250 (ratio=0.625)
992,STATE_992,849,STATE_849,TSR state 849 overlaid onto BSR state 992
992,STATE_992,849,STATE_849,victory_points province 883 not in BSR state 992
993,STATE_993,736,Name was Istria before the Pola (Istria) split and merge with Fiume,manpower distributed: 1038159 -> 346053 (ratio=0.333)
993,STATE_993,736,Name was Istria before the Pola (Istria) split and merge with Fiume,TSR state 736 overlaid onto BSR state 993
994,STATE_994,947,STATE_947,TSR state 947 overlaid onto BSR state 994
994,STATE_994,947,STATE_947,victory_points province 13086 not in BSR state 994
995,STATE_995,446,Suez,manpower distributed: 131732 -> 65866 (ratio=0.500)
995,STATE_995,446,Suez,TSR state 446 overlaid onto BSR state 995
995,STATE_995,446,Suez,victory_points province 12049 not in BSR state 995
995,STATE_995,446,Suez,victory_points province 4073 not in BSR state 995
995,STATE_995,446,Suez,"province building 12049 not in BSR state 995, needs province remap"
995,STATE_995,446,Suez,"province building 4073 not in BSR state 995, needs province remap"
996,STATE_996,88,STATE_88,manpower distributed: 3692800 -> 263771 (ratio=0.071)
996,STATE_996,88,STATE_88,resources distributed from TSR2 state 88 ratio=0.071
996,STATE_996,88,STATE_88,TSR state 88 overlaid onto BSR state 996
996,STATE_996,88,STATE_88,victory_points province 9427 not in BSR state 996
996,STATE_996,88,STATE_88,victory_points province 442 not in BSR state 996
996,STATE_996,88,STATE_88,victory_points province 9494 not in BSR state 996
997,STATE_997,97,STATE_97,manpower distributed: 1157200 -> 128578 (ratio=0.111)
997,STATE_997,97,STATE_97,TSR state 97 overlaid onto BSR state 997
997,STATE_997,97,STATE_97,victory_points province 11301 not in BSR state 997
997,STATE_997,97,STATE_97,victory_points province 3393 not in BSR state 997
998,STATE_998,273,Libyan Desert,manpower distributed: 42633 -> 2665 (ratio=0.062)
998,STATE_998,273,Libyan Desert,TSR state 273 overlaid onto BSR state 998
999,STATE_999,402,STATE_402,manpower distributed: 282245 -> 59870 (ratio=0.212)
999,STATE_999,402,STATE_402,resources distributed from TSR2 state 402 ratio=0.212
999,STATE_999,402,STATE_402,TSR state 402 overlaid onto BSR state 999
1000,STATE_1000,,,new BSR state retained without TSR overlay
1001,STATE_1001,,,new BSR state retained without TSR overlay
1002,STATE_1002,826,STATE_826,manpower distributed: 491569 -> 368677 (ratio=0.750)
1002,STATE_1002,826,STATE_826,TSR state 826 overlaid onto BSR state 1002
1003,STATE_1003,,,new BSR state retained without TSR overlay
1004,STATE_1004,,,new BSR state retained without TSR overlay
1005,STATE_1005,229,STATE_229,manpower distributed: 2881049 -> 338947 (ratio=0.118)
1005,STATE_1005,229,STATE_229,resources distributed from TSR2 state 229 ratio=0.118
1005,STATE_1005,229,STATE_229,TSR state 229 overlaid onto BSR state 1005
1005,STATE_1005,229,STATE_229,victory_points province 7661 not in BSR state 1005
1005,STATE_1005,229,STATE_229,victory_points province 11674 not in BSR state 1005
1006,STATE_1006,138,STATE_138,manpower distributed: 1047701 -> 190491 (ratio=0.182)
1006,STATE_1006,138,STATE_138,resources distributed from TSR2 state 138 ratio=0.182
1006,STATE_1006,138,STATE_138,TSR state 138 overlaid onto BSR state 1006
1006,STATE_1006,138,STATE_138,victory_points province 9279 not in BSR state 1006
1006,STATE_1006,138,STATE_138,victory_points province 11215 not in BSR state 1006
1006,STATE_1006,138,STATE_138,victory_points province 6345 not in BSR state 1006
1006,STATE_1006,138,STATE_138,"province building 11215 not in BSR state 1006, needs province remap"
1006,STATE_1006,138,STATE_138,"province building 9279 not in BSR state 1006, needs province remap"
1007,STATE_1007,141,Svealand,manpower distributed: 1488181 -> 496060 (ratio=0.333)
1007,STATE_1007,141,Svealand,resources distributed from TSR2 state 141 ratio=0.333
1007,STATE_1007,141,Svealand,TSR state 141 overlaid onto BSR state 1007
1007,STATE_1007,141,Svealand,victory_points province 6050 not in BSR state 1007
1007,STATE_1007,141,Svealand,victory_points province 9149 not in BSR state 1007
1007,STATE_1007,141,Svealand,"province building 6050 not in BSR state 1007, needs province remap"
1007,STATE_1007,141,Svealand,merge owner/controller/cores copied from strongest overlap candidate; review political union manually
1008,STATE_1008,916,STATE_916,manpower distributed: 249717 -> 124858 (ratio=0.500)
1008,STATE_1008,916,STATE_916,resources distributed from TSR2 state 916 ratio=0.500
1008,STATE_1008,916,STATE_916,TSR state 916 overlaid onto BSR state 1008
1008,STATE_1008,916,STATE_916,merge owner/controller/cores copied from strongest overlap candidate; review political union manually
1009,STATE_1009,917,STATE_917,manpower distributed: 65000 -> 51316 (ratio=0.789)
1009,STATE_1009,917,STATE_917,resources distributed from TSR2 state 917 ratio=0.789
1009,STATE_1009,917,STATE_917,TSR state 917 overlaid onto BSR state 1009
1009,STATE_1009,917,STATE_917,victory_points province 11148 not in BSR state 1009
1009,STATE_1009,917,STATE_917,merge owner/controller/cores copied from strongest overlap candidate; review political union manually
1010,STATE_1010,921,Telemark,manpower distributed: 141502 -> 84901 (ratio=0.600)
1010,STATE_1010,921,Telemark,TSR state 921 overlaid onto BSR state 1010
1010,STATE_1010,921,Telemark,merge owner/controller/cores copied from strongest overlap candidate; review political union manually
1011,STATE_1011,920,STATE_920,manpower distributed: 211532 -> 105766 (ratio=0.500)
1011,STATE_1011,920,STATE_920,resources distributed from TSR2 state 920 ratio=0.500
1011,STATE_1011,920,STATE_920,TSR state 920 overlaid onto BSR state 1011
1012,STATE_1012,920,STATE_920,manpower distributed: 211532 -> 57691 (ratio=0.273)
1012,STATE_1012,920,STATE_920,resources distributed from TSR2 state 920 ratio=0.273
1012,STATE_1012,920,STATE_920,TSR state 920 overlaid onto BSR state 1012
1012,STATE_1012,920,STATE_920,victory_points province 3136 not in BSR state 1012
1012,STATE_1012,920,STATE_920,merge owner/controller/cores copied from strongest overlap candidate; review political union manually
1013,STATE_1013,923,STATE_923,manpower distributed: 88812 -> 33304 (ratio=0.375)
1013,STATE_1013,923,STATE_923,resources distributed from TSR2 state 923 ratio=0.375
1013,STATE_1013,923,STATE_923,TSR state 923 overlaid onto BSR state 1013
1013,STATE_1013,923,STATE_923,merge owner/controller/cores copied from strongest overlap candidate; review political union manually
1014,STATE_1014,144,Nordland,manpower distributed: 142100 -> 124338 (ratio=0.875)
1014,STATE_1014,144,Nordland,resources distributed from TSR2 state 144 ratio=0.875
1014,STATE_1014,144,Nordland,TSR state 144 overlaid onto BSR state 1014
1014,STATE_1014,144,Nordland,merge owner/controller/cores copied from strongest overlap candidate; review political union manually
1015,STATE_1015,818,STATE_818,manpower distributed: 149000 -> 136583 (ratio=0.917)
1015,STATE_1015,818,STATE_818,TSR state 818 overlaid onto BSR state 1015
1015,STATE_1015,818,STATE_818,merge owner/controller/cores copied from strongest overlap candidate; review political union manually
1016,STATE_1016,820,STATE_820,manpower distributed: 88200 -> 66150 (ratio=0.750)
1016,STATE_1016,820,STATE_820,TSR state 820 overlaid onto BSR state 1016
1017,STATE_1017,330,STATE_330,manpower distributed: 435550 -> 248886 (ratio=0.571)
1017,STATE_1017,330,STATE_330,resources distributed from TSR2 state 330 ratio=0.571
1017,STATE_1017,330,STATE_330,TSR state 330 overlaid onto BSR state 1017
1017,STATE_1017,330,STATE_330,victory_points province 4801 not in BSR state 1017
1017,STATE_1017,330,STATE_330,merge owner/controller/cores copied from strongest overlap candidate; review political union manually
1018,STATE_1018,819,STATE_819,manpower distributed: 88250 -> 40731 (ratio=0.462)
1018,STATE_1018,819,STATE_819,TSR state 819 overlaid onto BSR state 1018
1018,STATE_1018,819,STATE_819,victory_points province 12557 not in BSR state 1018
1019,STATE_1019,819,STATE_819,manpower distributed: 88250 -> 40731 (ratio=0.462)
1019,STATE_1019,819,STATE_819,TSR state 819 overlaid onto BSR state 1019
1019,STATE_1019,819,STATE_819,merge owner/controller/cores copied from strongest overlap candidate; review political union manually
1020,STATE_1020,817,STATE_817,manpower distributed: 11000 -> 2276 (ratio=0.207)
1020,STATE_1020,817,STATE_817,TSR state 817 overlaid onto BSR state 1020
1020,STATE_1020,817,STATE_817,victory_points province 12612 not in BSR state 1020
1021,STATE_1021,,,new BSR state retained without TSR overlay
1022,STATE_1022,328,Kirin,manpower distributed: 7536266 -> 2512089 (ratio=0.333)
1022,STATE_1022,328,Kirin,resources distributed from TSR2 state 328 ratio=0.333
1022,STATE_1022,328,Kirin,TSR state 328 overlaid onto BSR state 1022
1022,STATE_1022,328,Kirin,victory_points province 4572 not in BSR state 1022
1022,STATE_1022,328,Kirin,victory_points province 10433 not in BSR state 1022
1023,STATE_1023,716,STATE_716,manpower distributed: 10264620 -> 2463509 (ratio=0.240)
1023,STATE_1023,716,STATE_716,resources distributed from TSR2 state 716 ratio=0.240
1023,STATE_1023,716,STATE_716,TSR state 716 overlaid onto BSR state 1023
1023,STATE_1023,716,STATE_716,victory_points province 11771 not in BSR state 1023
1023,STATE_1023,716,STATE_716,victory_points province 11764 not in BSR state 1023
1023,STATE_1023,716,STATE_716,"province building 11764 not in BSR state 1023, needs province remap"
1024,STATE_1024,328,Kirin,manpower distributed: 7536266 -> 1739138 (ratio=0.231)
1024,STATE_1024,328,Kirin,resources distributed from TSR2 state 328 ratio=0.231
1024,STATE_1024,328,Kirin,TSR state 328 overlaid onto BSR state 1024
1024,STATE_1024,328,Kirin,victory_points province 4572 not in BSR state 1024
1024,STATE_1024,328,Kirin,victory_points province 10433 not in BSR state 1024
1024,STATE_1024,328,Kirin,merge owner/controller/cores copied from strongest overlap candidate; review political union manually
1025,STATE_1025,716,STATE_716,manpower distributed: 10264620 -> 1642339 (ratio=0.160)
1025,STATE_1025,716,STATE_716,resources distributed from TSR2 state 716 ratio=0.160
1025,STATE_1025,716,STATE_716,TSR state 716 overlaid onto BSR state 1025
1025,STATE_1025,716,STATE_716,victory_points province 11771 not in BSR state 1025
1025,STATE_1025,716,STATE_716,victory_points province 11764 not in BSR state 1025
1025,STATE_1025,716,STATE_716,"province building 11764 not in BSR state 1025, needs province remap"
1025,STATE_1025,716,STATE_716,merge owner/controller/cores copied from strongest overlap candidate; review political union manually
1026,STATE_1026,328,Kirin,manpower distributed: 7536266 -> 1545901 (ratio=0.205)
1026,STATE_1026,328,Kirin,resources distributed from TSR2 state 328 ratio=0.205
1026,STATE_1026,328,Kirin,TSR state 328 overlaid onto BSR state 1026
1026,STATE_1026,328,Kirin,victory_points province 10433 not in BSR state 1026
1026,STATE_1026,328,Kirin,merge owner/controller/cores copied from strongest overlap candidate; review political union manually
1027,STATE_1027,1038,STATE_1038,TSR state 1038 overlaid onto BSR state 1027
1028,STATE_1028,1034,STATE_1034,TSR state 1034 overlaid onto BSR state 1028
1029,STATE_1029,,,new BSR state retained without TSR overlay
1030,STATE_1030,,,new BSR state retained without TSR overlay
1031,STATE_1031,,,new BSR state retained without TSR overlay
1032,STATE_1032,,,new BSR state retained without TSR overlay
1033,STATE_1033,,,new BSR state retained without TSR overlay
1034,STATE_1034,,,new BSR state retained without TSR overlay
1035,STATE_1035,1092,STATE_1092,TSR state 1092 overlaid onto BSR state 1035
1036,STATE_1036,796,STATE_796,TSR state 796 overlaid onto BSR state 1036
1037,STATE_1037,,,new BSR state retained without TSR overlay
1038,STATE_1038,,,new BSR state retained without TSR overlay
1039,STATE_1039,906,STATE_906,TSR state 906 overlaid onto BSR state 1039
1040,STATE_1040,,,new BSR state retained without TSR overlay
1041,STATE_1041,993,STATE_993,TSR state 993 overlaid onto BSR state 1041
1041,STATE_1041,993,STATE_993,merge owner/controller/cores copied from strongest overlap candidate; review political union manually
1042,STATE_1042,994,STATE_994,manpower distributed: 136693 -> 93976 (ratio=0.688)
1042,STATE_1042,994,STATE_994,TSR state 994 overlaid onto BSR state 1042
1043,STATE_1043,,,new BSR state retained without TSR overlay
1044,STATE_1044,,,new BSR state retained without TSR overlay
1045,STATE_1045,44,STATE_44,manpower distributed: 493867 -> 141105 (ratio=0.286)
1045,STATE_1045,44,STATE_44,resources distributed from TSR2 state 44 ratio=0.286
1045,STATE_1045,44,STATE_44,TSR state 44 overlaid onto BSR state 1045
1045,STATE_1045,44,STATE_44,victory_points province 9914 not in BSR state 1045
1045,STATE_1045,44,STATE_44,victory_points province 11767 not in BSR state 1045
1045,STATE_1045,44,STATE_44,victory_points province 13255 not in BSR state 1045
1045,STATE_1045,44,STATE_44,"province building 11767 not in BSR state 1045, needs province remap"
1045,STATE_1045,44,STATE_44,"province building 13255 not in BSR state 1045, needs province remap"
1045,STATE_1045,44,STATE_44,merge owner/controller/cores copied from strongest overlap candidate; review political union manually
1046,STATE_1046,804,STATE_804,manpower distributed: 547200 -> 410400 (ratio=0.750)
1046,STATE_1046,804,STATE_804,resources distributed from TSR2 state 804 ratio=0.750
1046,STATE_1046,804,STATE_804,TSR state 804 overlaid onto BSR state 1046
1047,STATE_1047,104,STATE_104,manpower distributed: 1910200 -> 337094 (ratio=0.176)
1047,STATE_1047,104,STATE_104,resources distributed from TSR2 state 104 ratio=0.176
1047,STATE_1047,104,STATE_104,TSR state 104 overlaid onto BSR state 1047
1047,STATE_1047,104,STATE_104,victory_points province 11899 not in BSR state 1047
1047,STATE_1047,104,STATE_104,victory_points province 6983 not in BSR state 1047
1048,STATE_1048,104,STATE_104,manpower distributed: 1910200 -> 449459 (ratio=0.235)
1048,STATE_1048,104,STATE_104,resources distributed from TSR2 state 104 ratio=0.235
1048,STATE_1048,104,STATE_104,TSR state 104 overlaid onto BSR state 1048
1048,STATE_1048,104,STATE_104,victory_points province 11899 not in BSR state 1048
1049,STATE_1049,274,STATE_274,manpower distributed: 3163600 -> 451943 (ratio=0.143)
1049,STATE_1049,274,STATE_274,resources distributed from TSR2 state 274 ratio=0.143
1049,STATE_1049,274,STATE_274,TSR state 274 overlaid onto BSR state 1049
1049,STATE_1049,274,STATE_274,victory_points province 10862 not in BSR state 1049
1049,STATE_1049,274,STATE_274,victory_points province 12787 not in BSR state 1049
1049,STATE_1049,274,STATE_274,"province building 10862 not in BSR state 1049, needs province remap"
1050,STATE_1050,788,STATE_788,TSR state 788 overlaid onto BSR state 1050
1051,STATE_1051,789,STATE_789,TSR state 789 overlaid onto BSR state 1051
1052,STATE_1052,790,STATE_790,manpower distributed: 1197252 -> 532112 (ratio=0.444)
1052,STATE_1052,790,STATE_790,resources distributed from TSR2 state 790 ratio=0.444
1052,STATE_1052,790,STATE_790,TSR state 790 overlaid onto BSR state 1052
1053,STATE_1053,791,STATE_791,TSR state 791 overlaid onto BSR state 1053
1054,STATE_1054,792,STATE_792,TSR state 792 overlaid onto BSR state 1054
1055,STATE_1055,793,STATE_793,manpower distributed: 527697 -> 376926 (ratio=0.714)
1055,STATE_1055,793,STATE_793,TSR state 793 overlaid onto BSR state 1055
1056,STATE_1056,,,new BSR state retained without TSR overlay
1057,STATE_1057,895,STATE_895,manpower distributed: 92400 -> 30800 (ratio=0.333)
1057,STATE_1057,895,STATE_895,TSR state 895 overlaid onto BSR state 1057
1058,STATE_1058,35,STATE_35,manpower distributed: 1449000 -> 207000 (ratio=0.143)
1058,STATE_1058,35,STATE_35,resources distributed from TSR2 state 35 ratio=0.143
1058,STATE_1058,35,STATE_35,TSR state 35 overlaid onto BSR state 1058
1058,STATE_1058,35,STATE_35,victory_points province 3262 not in BSR state 1058
1058,STATE_1058,35,STATE_35,victory_points province 6496 not in BSR state 1058
1058,STATE_1058,35,STATE_35,victory_points province 11562 not in BSR state 1058
1059,STATE_1059,36,STATE_36,manpower distributed: 2364000 -> 525333 (ratio=0.222)
1059,STATE_1059,36,STATE_36,TSR state 36 overlaid onto BSR state 1059
1059,STATE_1059,36,STATE_36,victory_points province 6241 not in BSR state 1059
1059,STATE_1059,36,STATE_36,victory_points province 9335 not in BSR state 1059
1059,STATE_1059,36,STATE_36,victory_points province 6336 not in BSR state 1059
1059,STATE_1059,36,STATE_36,"province building 6336 not in BSR state 1059, needs province remap"
1060,STATE_1060,35,STATE_35,manpower distributed: 1449000 -> 414000 (ratio=0.286)
1060,STATE_1060,35,STATE_35,resources distributed from TSR2 state 35 ratio=0.286
1060,STATE_1060,35,STATE_35,TSR state 35 overlaid onto BSR state 1060
1060,STATE_1060,35,STATE_35,victory_points province 3262 not in BSR state 1060
1060,STATE_1060,35,STATE_35,victory_points province 6496 not in BSR state 1060
1061,STATE_1061,7,STATE_7,manpower distributed: 4123000 -> 824600 (ratio=0.200)
1061,STATE_1061,7,STATE_7,resources distributed from TSR2 state 7 ratio=0.200
1061,STATE_1061,7,STATE_7,TSR state 7 overlaid onto BSR state 1061
1061,STATE_1061,7,STATE_7,victory_points province 391 not in BSR state 1061
1061,STATE_1061,7,STATE_7,victory_points province 3211 not in BSR state 1061
1061,STATE_1061,7,STATE_7,"province building 3314 not in BSR state 1061, needs province remap"
1061,STATE_1061,7,STATE_7,merge owner/controller/cores copied from strongest overlap candidate; review political union manually
1062,STATE_1062,51,STATE_51,manpower distributed: 6144743 -> 682749 (ratio=0.111)
1062,STATE_1062,51,STATE_51,resources distributed from TSR2 state 51 ratio=0.111
1062,STATE_1062,51,STATE_51,TSR state 51 overlaid onto BSR state 1062
1062,STATE_1062,51,STATE_51,victory_points province 6469 not in BSR state 1062
1062,STATE_1062,51,STATE_51,victory_points province 587 not in BSR state 1062
1063,STATE_1063,184,STATE_184,manpower distributed: 382500 -> 95625 (ratio=0.250)
1063,STATE_1063,184,STATE_184,resources distributed from TSR2 state 184 ratio=0.250
1063,STATE_1063,184,STATE_184,TSR state 184 overlaid onto BSR state 1063
1063,STATE_1063,184,STATE_184,victory_points province 11905 not in BSR state 1063
1063,STATE_1063,184,STATE_184,merge owner/controller/cores copied from strongest overlap candidate; review political union manually
1064,STATE_1064,376,STATE_376,manpower distributed: 423316 -> 56442 (ratio=0.133)
1064,STATE_1064,376,STATE_376,resources distributed from TSR2 state 376 ratio=0.133
1064,STATE_1064,376,STATE_376,TSR state 376 overlaid onto BSR state 1064
1064,STATE_1064,376,STATE_376,victory_points province 4975 not in BSR state 1064
1065,STATE_1065,382,STATE_382,manpower distributed: 1035790 -> 121858 (ratio=0.118)
1065,STATE_1065,382,STATE_382,resources distributed from TSR2 state 382 ratio=0.118
1065,STATE_1065,382,STATE_382,TSR state 382 overlaid onto BSR state 1065
1065,STATE_1065,382,STATE_382,victory_points province 1827 not in BSR state 1065
1066,STATE_1066,852,Dalmatia,manpower distributed: 125850 -> 62925 (ratio=0.500)
1066,STATE_1066,852,Dalmatia,resources distributed from TSR2 state 852 ratio=0.500
1066,STATE_1066,852,Dalmatia,TSR state 852 overlaid onto BSR state 1066
1067,STATE_1067,,,new BSR state retained without TSR overlay
1068,STATE_1068,,,new BSR state retained without TSR overlay
1069,STATE_1069,,,new BSR state retained without TSR overlay
1070,STATE_1070,663,STATE_663,manpower distributed: 8808 -> 678 (ratio=0.077)
1070,STATE_1070,663,STATE_663,TSR state 663 overlaid onto BSR state 1070
1071,STATE_1071,273,Libyan Desert,manpower distributed: 42633 -> 10658 (ratio=0.250)
1071,STATE_1071,273,Libyan Desert,TSR state 273 overlaid onto BSR state 1071
1072,STATE_1072,273,Libyan Desert,manpower distributed: 42633 -> 2665 (ratio=0.062)
1072,STATE_1072,273,Libyan Desert,TSR state 273 overlaid onto BSR state 1072
1073,STATE_1073,1091,STATE_1091,TSR state 1091 overlaid onto BSR state 1073
1074,STATE_1074,670,STATE_670,manpower distributed: 1184000 -> 322909 (ratio=0.273)
1074,STATE_1074,670,STATE_670,TSR state 670 overlaid onto BSR state 1074
1074,STATE_1074,670,STATE_670,victory_points province 1464 not in BSR state 1074
1075,STATE_1075,670,STATE_670,manpower distributed: 1184000 -> 161455 (ratio=0.136)
1075,STATE_1075,670,STATE_670,TSR state 670 overlaid onto BSR state 1075
1075,STATE_1075,670,STATE_670,victory_points province 1464 not in BSR state 1075
1075,STATE_1075,670,STATE_670,merge owner/controller/cores copied from strongest overlap candidate; review political union manually
1076,STATE_1076,1090,STATE_1090,manpower distributed: 284000 -> 177500 (ratio=0.625)
1076,STATE_1076,1090,STATE_1090,TSR state 1090 overlaid onto BSR state 1076
1076,STATE_1076,1090,STATE_1090,victory_points province 1592 not in BSR state 1076
1077,STATE_1077,1090,STATE_1090,manpower distributed: 284000 -> 35500 (ratio=0.125)
1077,STATE_1077,1090,STATE_1090,TSR state 1090 overlaid onto BSR state 1077
1077,STATE_1077,1090,STATE_1090,victory_points province 1563 not in BSR state 1077
1078,STATE_1078,671,STATE_671,manpower distributed: 8528000 -> 4737778 (ratio=0.556)
1078,STATE_1078,671,STATE_671,resources distributed from TSR2 state 671 ratio=0.556
1078,STATE_1078,671,STATE_671,TSR state 671 overlaid onto BSR state 1078
1078,STATE_1078,671,STATE_671,victory_points province 4075 not in BSR state 1078
1078,STATE_1078,671,STATE_671,"province building 1185 not in BSR state 1078, needs province remap"
1079,STATE_1079,1017,STATE_1017,manpower distributed: 3000000 -> 1400000 (ratio=0.467)
1079,STATE_1079,1017,STATE_1017,resources distributed from TSR2 state 1017 ratio=0.467
1079,STATE_1079,1017,STATE_1017,TSR state 1017 overlaid onto BSR state 1079
1079,STATE_1079,1017,STATE_1017,victory_points province 10309 not in BSR state 1079
1080,STATE_1080,1017,STATE_1017,manpower distributed: 3000000 -> 1600000 (ratio=0.533)
1080,STATE_1080,1017,STATE_1017,resources distributed from TSR2 state 1017 ratio=0.533
1080,STATE_1080,1017,STATE_1017,TSR state 1017 overlaid onto BSR state 1080
1081,STATE_1081,1088,STATE_1088,manpower distributed: 3245000 -> 1497692 (ratio=0.462)
1081,STATE_1081,1088,STATE_1088,resources distributed from TSR2 state 1088 ratio=0.462
1081,STATE_1081,1088,STATE_1088,TSR state 1088 overlaid onto BSR state 1081
1081,STATE_1081,1088,STATE_1088,victory_points province 4401 not in BSR state 1081
1081,STATE_1081,1088,STATE_1088,"province building 4401 not in BSR state 1081, needs province remap"
1082,STATE_1082,286,STATE_286,TSR state 286 overlaid onto BSR state 1082
1083,STATE_1083,741,STATE_741,manpower distributed: 5245000 -> 456087 (ratio=0.087)
1083,STATE_1083,741,STATE_741,TSR state 741 overlaid onto BSR state 1083
1083,STATE_1083,741,STATE_741,victory_points province 7376 not in BSR state 1083
1083,STATE_1083,741,STATE_741,"province building 7432 not in BSR state 1083, needs province remap"
1084,STATE_1084,741,STATE_741,manpower distributed: 5245000 -> 1140217 (ratio=0.217)
1084,STATE_1084,741,STATE_741,TSR state 741 overlaid onto BSR state 1084
1084,STATE_1084,741,STATE_741,victory_points province 7376 not in BSR state 1084
1084,STATE_1084,741,STATE_741,"province building 7432 not in BSR state 1084, needs province remap"
1085,STATE_1085,1089,STATE_1089,TSR state 1089 overlaid onto BSR state 1085
1085,STATE_1085,1089,STATE_1089,merge owner/controller/cores copied from strongest overlap candidate; review political union manually
1086,STATE_1086,419,STATE_419,manpower distributed: 715857 -> 429514 (ratio=0.600)
1086,STATE_1086,419,STATE_419,TSR state 419 overlaid onto BSR state 1086
1087,STATE_1087,844,STATE_844,TSR state 844 overlaid onto BSR state 1087
1088,STATE_1088,559,STATE_559,manpower distributed: 771671 -> 257224 (ratio=0.333)
1088,STATE_1088,559,STATE_559,resources distributed from TSR2 state 559 ratio=0.333
1088,STATE_1088,559,STATE_559,TSR state 559 overlaid onto BSR state 1088
1088,STATE_1088,559,STATE_559,victory_points province 12991 not in BSR state 1088
1088,STATE_1088,559,STATE_559,"province building 12991 not in BSR state 1088, needs province remap"
1089,STATE_1089,29,STATE_29,manpower distributed: 2976400 -> 372050 (ratio=0.125)
1089,STATE_1089,29,STATE_29,resources distributed from TSR2 state 29 ratio=0.125
1089,STATE_1089,29,STATE_29,TSR state 29 overlaid onto BSR state 1089
1089,STATE_1089,29,STATE_29,victory_points province 11483 not in BSR state 1089
1089,STATE_1089,29,STATE_29,victory_points province 11548 not in BSR state 1089
1089,STATE_1089,29,STATE_29,"province building 11606 not in BSR state 1089, needs province remap"
1089,STATE_1089,29,STATE_29,"province building 6504 not in BSR state 1089, needs province remap"
1089,STATE_1089,29,STATE_29,"province building 3476 not in BSR state 1089, needs province remap"
1089,STATE_1089,29,STATE_29,"province building 9500 not in BSR state 1089, needs province remap"
1090,STATE_1090,560,Nikolayevsk,manpower distributed: 97663 -> 30520 (ratio=0.312)
1090,STATE_1090,560,Nikolayevsk,resources distributed from TSR2 state 560 ratio=0.312
1090,STATE_1090,560,Nikolayevsk,TSR state 560 overlaid onto BSR state 1090
1091,STATE_1091,231,STATE_231,manpower distributed: 2457844 -> 163856 (ratio=0.067)
1091,STATE_1091,231,STATE_231,TSR state 231 overlaid onto BSR state 1091
1091,STATE_1091,231,STATE_231,victory_points province 1599 not in BSR state 1091
1091,STATE_1091,231,STATE_231,victory_points province 3653 not in BSR state 1091
1091,STATE_1091,231,STATE_231,"province building 3653 not in BSR state 1091, needs province remap"
1092,STATE_1092,231,STATE_231,manpower distributed: 2457844 -> 655425 (ratio=0.267)
1092,STATE_1092,231,STATE_231,TSR state 231 overlaid onto BSR state 1092
1092,STATE_1092,231,STATE_231,victory_points province 1599 not in BSR state 1092
1092,STATE_1092,231,STATE_231,victory_points province 3653 not in BSR state 1092
1092,STATE_1092,231,STATE_231,"province building 3653 not in BSR state 1092, needs province remap"
1093,STATE_1093,1071,STATE_1071,manpower distributed: 3126543 -> 183914 (ratio=0.059)
1093,STATE_1093,1071,STATE_1071,resources distributed from TSR2 state 1071 ratio=0.059
1093,STATE_1093,1071,STATE_1071,TSR state 1071 overlaid onto BSR state 1093
1093,STATE_1093,1071,STATE_1071,victory_points province 4652 not in BSR state 1093
1093,STATE_1093,1071,STATE_1071,victory_points province 12212 not in BSR state 1093
1093,STATE_1093,1071,STATE_1071,"province building 4652 not in BSR state 1093, needs province remap"
1094,STATE_1094,1084,STATE_1084,manpower distributed: 546200 -> 364133 (ratio=0.667)
1094,STATE_1094,1084,STATE_1084,resources distributed from TSR2 state 1084 ratio=0.667
1094,STATE_1094,1084,STATE_1084,TSR state 1084 overlaid onto BSR state 1094
1095,STATE_1095,869,STATE_869,TSR state 869 overlaid onto BSR state 1095
1096,STATE_1096,868,STATE_868,manpower distributed: 2000000 -> 666667 (ratio=0.333)
1096,STATE_1096,868,STATE_868,TSR state 868 overlaid onto BSR state 1096
1097,STATE_1097,1100,STATE_1100,TSR state 1100 overlaid onto BSR state 1097
1098,STATE_1098,868,STATE_868,manpower distributed: 2000000 -> 1333333 (ratio=0.667)
1098,STATE_1098,868,STATE_868,TSR state 868 overlaid onto BSR state 1098
1098,STATE_1098,868,STATE_868,victory_points province 10438 not in BSR state 1098
1099,STATE_1099,724,STATE_724,manpower distributed: 2041700 -> 510425 (ratio=0.250)
1099,STATE_1099,724,STATE_724,resources distributed from TSR2 state 724 ratio=0.250
1099,STATE_1099,724,STATE_724,TSR state 724 overlaid onto BSR state 1099
1099,STATE_1099,724,STATE_724,victory_points province 7236 not in BSR state 1099
1099,STATE_1099,724,STATE_724,"province building 12230 not in BSR state 1099, needs province remap"
1100,STATE_1100,834,STATE_834,manpower distributed: 183748 -> 45937 (ratio=0.250)
1100,STATE_1100,834,STATE_834,TSR state 834 overlaid onto BSR state 1100
1100,STATE_1100,834,STATE_834,victory_points province 3757 not in BSR state 1100
1100,STATE_1100,834,STATE_834,victory_points province 741 not in BSR state 1100
1101,STATE_1101,1093,STATE_1093,TSR state 1093 overlaid onto BSR state 1101
1102,STATE_1102,1094,STATE_1094,TSR state 1094 overlaid onto BSR state 1102
1103,STATE_1103,48,STATE_48,manpower distributed: 1685989 -> 421497 (ratio=0.250)
1103,STATE_1103,48,STATE_48,resources distributed from TSR2 state 48 ratio=0.250
1103,STATE_1103,48,STATE_48,TSR state 48 overlaid onto BSR state 1103
1103,STATE_1103,48,STATE_48,victory_points province 949 not in BSR state 1103
1103,STATE_1103,48,STATE_48,victory_points province 9771 not in BSR state 1103
1104,STATE_1104,103,Dalmatia,manpower distributed: 1431700 -> 260309 (ratio=0.182)
1104,STATE_1104,103,Dalmatia,TSR state 103 overlaid onto BSR state 1104
1104,STATE_1104,103,Dalmatia,victory_points province 6889 not in BSR state 1104
1104,STATE_1104,103,Dalmatia,"province building 6889 not in BSR state 1104, needs province remap"
1105,STATE_1105,64,STATE_64,manpower distributed: 7265029 -> 454064 (ratio=0.062)
1105,STATE_1105,64,STATE_64,TSR state 64 overlaid onto BSR state 1105
1105,STATE_1105,64,STATE_64,victory_points province 3522 not in BSR state 1105
1105,STATE_1105,64,STATE_64,victory_points province 9496 not in BSR state 1105
1105,STATE_1105,64,STATE_64,"province building 3499 not in BSR state 1105, needs province remap"
1106,STATE_1106,699,STATE_699,manpower distributed: 21056 -> 3509 (ratio=0.167)
1106,STATE_1106,699,STATE_699,TSR state 699 overlaid onto BSR state 1106
1106,STATE_1106,699,STATE_699,victory_points province 8038 not in BSR state 1106
1106,STATE_1106,699,STATE_699,"province building 8038 not in BSR state 1106, needs province remap"
1107,STATE_1107,153,STATE_153,manpower distributed: 1500986 -> 333552 (ratio=0.222)
1107,STATE_1107,153,STATE_153,TSR state 153 overlaid onto BSR state 1107
1107,STATE_1107,153,STATE_153,victory_points province 673 not in BSR state 1107
1107,STATE_1107,153,STATE_153,merge owner/controller/cores copied from strongest overlap candidate; review political union manually
1108,STATE_1108,,,new BSR state retained without TSR overlay
1109,STATE_1109,948,STATE_948,TSR state 948 overlaid onto BSR state 1109
1110,STATE_1110,558,STATE_558,manpower distributed: 19757000 -> 15805600 (ratio=0.800)
1110,STATE_1110,558,STATE_558,resources distributed from TSR2 state 558 ratio=0.800
1110,STATE_1110,558,STATE_558,TSR state 558 overlaid onto BSR state 1110
1111,STATE_1111,835,STATE_835,manpower distributed: 1500000 -> 750000 (ratio=0.500)
1111,STATE_1111,835,STATE_835,TSR state 835 overlaid onto BSR state 1111
1111,STATE_1111,835,STATE_835,victory_points province 7980 not in BSR state 1111
1111,STATE_1111,835,STATE_835,victory_points province 13249 not in BSR state 1111
1111,STATE_1111,835,STATE_835,merge owner/controller/cores copied from strongest overlap candidate; review political union manually
1112,STATE_1112,63,STATE_63,manpower distributed: 1124417 -> 160631 (ratio=0.143)
1112,STATE_1112,63,STATE_63,resources distributed from TSR2 state 63 ratio=0.143
1112,STATE_1112,63,STATE_63,TSR state 63 overlaid onto BSR state 1112
1112,STATE_1112,63,STATE_63,victory_points province 6282 not in BSR state 1112
1112,STATE_1112,63,STATE_63,victory_points province 11372 not in BSR state 1112
1112,STATE_1112,63,STATE_63,"province building 11372 not in BSR state 1112, needs province remap"
1112,STATE_1112,63,STATE_63,"province building 6282 not in BSR state 1112, needs province remap"
1113,STATE_1113,842,STATE_842,TSR state 842 overlaid onto BSR state 1113
1113,STATE_1113,842,STATE_842,victory_points province 13237 not in BSR state 1113
1113,STATE_1113,842,STATE_842,victory_points province 13238 not in BSR state 1113
1114,STATE_1114,38,Gävleborg,manpower distributed: 931955 -> 465978 (ratio=0.500)
1114,STATE_1114,38,Gävleborg,TSR state 38 overlaid onto BSR state 1114
1114,STATE_1114,38,Gävleborg,victory_points province 11091 not in BSR state 1114
1114,STATE_1114,38,Gävleborg,merge owner/controller/cores copied from strongest overlap candidate; review political union manually
1115,STATE_1115,915,Bohuslän,TSR state 915 overlaid onto BSR state 1115
1116,STATE_1116,1056,STATE_1056,manpower distributed: 136480 -> 90987 (ratio=0.667)
1116,STATE_1116,1056,STATE_1056,TSR state 1056 overlaid onto BSR state 1116
1116,STATE_1116,1056,STATE_1056,"province building 849 not in BSR state 1116, needs province remap"
1117,STATE_1117,,,new BSR state retained without TSR overlay
1118,STATE_1118,,,new BSR state retained without TSR overlay
1119,STATE_1119,87,STATE_87,manpower distributed: 2632000 -> 1504000 (ratio=0.571)
1119,STATE_1119,87,STATE_87,TSR state 87 overlaid onto BSR state 1119
1119,STATE_1119,87,STATE_87,victory_points province 9508 not in BSR state 1119
1119,STATE_1119,87,STATE_87,merge owner/controller/cores copied from strongest overlap candidate; review political union manually
1120,STATE_1120,,,new BSR state retained without TSR overlay
1121,STATE_1121,,,new BSR state retained without TSR overlay
1122,STATE_1122,406,Gurev,manpower distributed: 146494 -> 77102 (ratio=0.526)
1122,STATE_1122,406,Gurev,TSR state 406 overlaid onto BSR state 1122
1122,STATE_1122,406,Gurev,victory_points province 3618 not in BSR state 1122
1123,STATE_1123,407,STATE_407,manpower distributed: 268572 -> 96410 (ratio=0.359)
1123,STATE_1123,407,STATE_407,TSR state 407 overlaid onto BSR state 1123
1123,STATE_1123,407,STATE_407,victory_points province 11537 not in BSR state 1123
1124,STATE_1124,443,Sind,manpower distributed: 4524236 -> 1357271 (ratio=0.300)
1124,STATE_1124,443,Sind,TSR state 443 overlaid onto BSR state 1124
1124,STATE_1124,443,Sind,merge owner/controller/cores copied from strongest overlap candidate; review political union manually
1125,STATE_1125,193,Chernihiv,manpower distributed: 1373637 -> 98117 (ratio=0.071)
1125,STATE_1125,193,Chernihiv,TSR state 193 overlaid onto BSR state 1125
1126,STATE_1126,193,Chernihiv,manpower distributed: 1373637 -> 490585 (ratio=0.357)
1126,STATE_1126,193,Chernihiv,TSR state 193 overlaid onto BSR state 1126
1126,STATE_1126,193,Chernihiv,victory_points province 3568 not in BSR state 1126
1126,STATE_1126,193,Chernihiv,merge owner/controller/cores copied from strongest overlap candidate; review political union manually
1127,STATE_1127,226,Dnipropertovsk,manpower distributed: 2391047 -> 996270 (ratio=0.417)
1127,STATE_1127,226,Dnipropertovsk,resources distributed from TSR2 state 226 ratio=0.417
1127,STATE_1127,226,Dnipropertovsk,TSR state 226 overlaid onto BSR state 1127
1127,STATE_1127,226,Dnipropertovsk,victory_points province 11437 not in BSR state 1127
1127,STATE_1127,226,Dnipropertovsk,victory_points province 11561 not in BSR state 1127
1128,STATE_1128,897,STATE_897,manpower distributed: 1386000 -> 866250 (ratio=0.625)
1128,STATE_1128,897,STATE_897,TSR state 897 overlaid onto BSR state 1128
1129,STATE_1129,1005,STATE_1005,manpower distributed: 925226 -> 185045 (ratio=0.200)
1129,STATE_1129,1005,STATE_1005,resources distributed from TSR2 state 1005 ratio=0.200
1129,STATE_1129,1005,STATE_1005,TSR state 1005 overlaid onto BSR state 1129
1129,STATE_1129,1005,STATE_1005,victory_points province 10781 not in BSR state 1129
1130,STATE_1130,1007,STATE_1007,manpower distributed: 914775 -> 548865 (ratio=0.600)
1130,STATE_1130,1007,STATE_1007,resources distributed from TSR2 state 1007 ratio=0.600
1130,STATE_1130,1007,STATE_1007,TSR state 1007 overlaid onto BSR state 1130
1130,STATE_1130,1007,STATE_1007,victory_points province 12248 not in BSR state 1130
1130,STATE_1130,1007,STATE_1007,merge owner/controller/cores copied from strongest overlap candidate; review political union manually
1131,STATE_1131,1008,STATE_1008,manpower distributed: 562330 -> 224932 (ratio=0.400)
1131,STATE_1131,1008,STATE_1008,TSR state 1008 overlaid onto BSR state 1131
1131,STATE_1131,1008,STATE_1008,victory_points province 5064 not in BSR state 1131
1131,STATE_1131,1008,STATE_1008,merge owner/controller/cores copied from strongest overlap candidate; review political union manually
1132,STATE_1132,,,new BSR state retained without TSR overlay
1133,STATE_1133,794,STATE_794,manpower distributed: 387366 -> 166014 (ratio=0.429)
1133,STATE_1133,794,STATE_794,TSR state 794 overlaid onto BSR state 1133
1134,STATE_1134,795,STATE_795,manpower distributed: 729712 -> 638498 (ratio=0.875)
1134,STATE_1134,795,STATE_795,resources distributed from TSR2 state 795 ratio=0.875
1134,STATE_1134,795,STATE_795,TSR state 795 overlaid onto BSR state 1134
1134,STATE_1134,795,STATE_795,victory_points province 924 not in BSR state 1134
1135,STATE_1135,889,STATE_889,manpower distributed: 708190 -> 101170 (ratio=0.143)
1135,STATE_1135,889,STATE_889,resources distributed from TSR2 state 889 ratio=0.143
1135,STATE_1135,889,STATE_889,TSR state 889 overlaid onto BSR state 1135
1136,STATE_1136,889,STATE_889,manpower distributed: 708190 -> 303510 (ratio=0.429)
1136,STATE_1136,889,STATE_889,resources distributed from TSR2 state 889 ratio=0.429
1136,STATE_1136,889,STATE_889,TSR state 889 overlaid onto BSR state 1136
1136,STATE_1136,889,STATE_889,victory_points province 191 not in BSR state 1136
1136,STATE_1136,889,STATE_889,merge owner/controller/cores copied from strongest overlap candidate; review political union manually
1137,STATE_1137,538,STATE_538,manpower distributed: 1693974 -> 752877 (ratio=0.444)
1137,STATE_1137,538,STATE_538,resources distributed from TSR2 state 538 ratio=0.444
1137,STATE_1137,538,STATE_538,TSR state 538 overlaid onto BSR state 1137
1137,STATE_1137,538,STATE_538,victory_points province 988 not in BSR state 1137
1138,STATE_1138,831,Khiva,manpower distributed: 258430 -> 103372 (ratio=0.400)
1138,STATE_1138,831,Khiva,TSR state 831 overlaid onto BSR state 1138
1138,STATE_1138,831,Khiva,victory_points province 12465 not in BSR state 1138
1139,STATE_1139,731,STATE_731,manpower distributed: 1155700 -> 128411 (ratio=0.111)
1139,STATE_1139,731,STATE_731,resources distributed from TSR2 state 731 ratio=0.111
1139,STATE_1139,731,STATE_731,TSR state 731 overlaid onto BSR state 1139
1139,STATE_1139,731,STATE_731,victory_points province 11818 not in BSR state 1139
1139,STATE_1139,731,STATE_731,"province building 11818 not in BSR state 1139, needs province remap"
1140,STATE_1140,341,STATE_341,manpower distributed: 227467 -> 90987 (ratio=0.400)
1140,STATE_1140,341,STATE_341,TSR state 341 overlaid onto BSR state 1140
1141,STATE_1141,,,new BSR state retained without TSR overlay
1142,STATE_1142,212,STATE_212,manpower distributed: 1814936 -> 329988 (ratio=0.182)
1142,STATE_1142,212,STATE_212,resources distributed from TSR2 state 212 ratio=0.182
1142,STATE_1142,212,STATE_212,TSR state 212 overlaid onto BSR state 1142
1142,STATE_1142,212,STATE_212,victory_points province 6923 not in BSR state 1142
1142,STATE_1142,212,STATE_212,victory_points province 6814 not in BSR state 1142
1142,STATE_1142,212,STATE_212,victory_points province 9862 not in BSR state 1142
1143,STATE_1143,212,STATE_212,manpower distributed: 1814936 -> 329988 (ratio=0.182)
1143,STATE_1143,212,STATE_212,resources distributed from TSR2 state 212 ratio=0.182
1143,STATE_1143,212,STATE_212,TSR state 212 overlaid onto BSR state 1143
1143,STATE_1143,212,STATE_212,victory_points province 6923 not in BSR state 1143
1143,STATE_1143,212,STATE_212,victory_points province 6814 not in BSR state 1143
1143,STATE_1143,212,STATE_212,victory_points province 9862 not in BSR state 1143
1144,STATE_1144,273,Libyan Desert,manpower distributed: 42633 -> 10658 (ratio=0.250)
1144,STATE_1144,273,Libyan Desert,TSR state 273 overlaid onto BSR state 1144
1145,STATE_1145,273,Libyan Desert,manpower distributed: 42633 -> 2665 (ratio=0.062)
1145,STATE_1145,273,Libyan Desert,TSR state 273 overlaid onto BSR state 1145
1146,STATE_1146,273,Libyan Desert,manpower distributed: 42633 -> 5329 (ratio=0.125)
1146,STATE_1146,273,Libyan Desert,TSR state 273 overlaid onto BSR state 1146
1147,STATE_1147,962,STATE_962,TSR state 962 overlaid onto BSR state 1147
1148,STATE_1148,589,STATE_589,manpower distributed: 535191 -> 309847 (ratio=0.579)
1148,STATE_1148,589,STATE_589,TSR state 589 overlaid onto BSR state 1148
1148,STATE_1148,589,STATE_589,victory_points province 1668 not in BSR state 1148
1148,STATE_1148,589,STATE_589,merge owner/controller/cores copied from strongest overlap candidate; review political union manually
1149,STATE_1149,976,STATE_976,manpower distributed: 1500000 -> 1000000 (ratio=0.667)
1149,STATE_1149,976,STATE_976,resources distributed from TSR2 state 976 ratio=0.667
1149,STATE_1149,976,STATE_976,TSR state 976 overlaid onto BSR state 1149
1149,STATE_1149,976,STATE_976,victory_points province 3673 not in BSR state 1149
1149,STATE_1149,976,STATE_976,victory_points province 11612 not in BSR state 1149
1149,STATE_1149,976,STATE_976,merge owner/controller/cores copied from strongest overlap candidate; review political union manually
1150,STATE_1150,381,STATE_381,manpower distributed: 225564 -> 17351 (ratio=0.077)
1150,STATE_1150,381,STATE_381,resources distributed from TSR2 state 381 ratio=0.077
1150,STATE_1150,381,STATE_381,TSR state 381 overlaid onto BSR state 1150
1151,STATE_1151,150,KUOPIO,manpower distributed: 392400 -> 182186 (ratio=0.464)
1151,STATE_1151,150,KUOPIO,resources distributed from TSR2 state 150 ratio=0.464
1151,STATE_1151,150,KUOPIO,TSR state 150 overlaid onto BSR state 1151
1151,STATE_1151,150,KUOPIO,victory_points province 11141 not in BSR state 1151
1151,STATE_1151,150,KUOPIO,victory_points province 136 not in BSR state 1151
1151,STATE_1151,150,KUOPIO,victory_points province 3125 not in BSR state 1151
1151,STATE_1151,150,KUOPIO,merge owner/controller/cores copied from strongest overlap candidate; review political union manually
1152,STATE_1152,,,new BSR state retained without TSR overlay
1153,STATE_1153,,,new BSR state retained without TSR overlay
1154,STATE_1154,,,new BSR state retained without TSR overlay
1155,STATE_1155,856,STATE_856,manpower distributed: 500000 -> 83333 (ratio=0.167)
1155,STATE_1155,856,STATE_856,TSR state 856 overlaid onto BSR state 1155
1155,STATE_1155,856,STATE_856,victory_points province 12883 not in BSR state 1155
1155,STATE_1155,856,STATE_856,victory_points province 5037 not in BSR state 1155
1155,STATE_1155,856,STATE_856,"province building 12883 not in BSR state 1155, needs province remap"
1156,STATE_1156,184,STATE_184,manpower distributed: 382500 -> 95625 (ratio=0.250)
1156,STATE_1156,184,STATE_184,resources distributed from TSR2 state 184 ratio=0.250
1156,STATE_1156,184,STATE_184,TSR state 184 overlaid onto BSR state 1156
1157,STATE_1157,182,STATE_182,manpower distributed: 387900 -> 96975 (ratio=0.250)
1157,STATE_1157,182,STATE_182,TSR state 182 overlaid onto BSR state 1157
1157,STATE_1157,182,STATE_182,victory_points province 9940 not in BSR state 1157
1157,STATE_1157,182,STATE_182,victory_points province 12058 not in BSR state 1157
1157,STATE_1157,182,STATE_182,"province building 12058 not in BSR state 1157, needs province remap"
1157,STATE_1157,182,STATE_182,"province building 9940 not in BSR state 1157, needs province remap"
1158,STATE_1158,292,STATE_292,manpower distributed: 1000000 -> 750000 (ratio=0.750)
1158,STATE_1158,292,STATE_292,TSR state 292 overlaid onto BSR state 1158
1158,STATE_1158,292,STATE_292,merge owner/controller/cores copied from strongest overlap candidate; review political union manually
1159,STATE_1159,731,STATE_731,manpower distributed: 1155700 -> 256822 (ratio=0.222)
1159,STATE_1159,731,STATE_731,resources distributed from TSR2 state 731 ratio=0.222
1159,STATE_1159,731,STATE_731,TSR state 731 overlaid onto BSR state 1159
1159,STATE_1159,731,STATE_731,victory_points province 11818 not in BSR state 1159
1159,STATE_1159,731,STATE_731,"province building 11818 not in BSR state 1159, needs province remap"
1160,STATE_1160,731,STATE_731,manpower distributed: 1155700 -> 128411 (ratio=0.111)
1160,STATE_1160,731,STATE_731,resources distributed from TSR2 state 731 ratio=0.111
1160,STATE_1160,731,STATE_731,TSR state 731 overlaid onto BSR state 1160
1161,STATE_1161,,,new BSR state retained without TSR overlay
1162,STATE_1162,,,new BSR state retained without TSR overlay
1163,Karma,241,Gomel,manpower distributed: 943422 -> 725709 (ratio=0.769)
1163,Karma,241,Gomel,TSR state 241 overlaid onto BSR state 1163
1163,Karma,241,Gomel,victory_points province 9288 not in BSR state 1163
1164,STATE_1164,,,new BSR state retained without TSR overlay
1165,STATE_1165,,,new BSR state retained without TSR overlay
1166,STATE_1166,,,new BSR state retained without TSR overlay
1167,STATE_1167,,,new BSR state retained without TSR overlay
1168,STATE_1168,,,new BSR state retained without TSR overlay
1169,STATE_1169,,,new BSR state retained without TSR overlay
1170,STATE_1170,207,STATE_207,manpower distributed: 1217854 -> 110714 (ratio=0.091)
1170,STATE_1170,207,STATE_207,TSR state 207 overlaid onto BSR state 1170
1170,STATE_1170,207,STATE_207,victory_points province 11241 not in BSR state 1170
1171,STATE_1171,732,STATE_732,manpower distributed: 230000 -> 60526 (ratio=0.263)
1171,STATE_1171,732,STATE_732,TSR state 732 overlaid onto BSR state 1171
1171,STATE_1171,732,STATE_732,victory_points province 12583 not in BSR state 1171
1172,STATE_1172,,,new BSR state retained without TSR overlay
1173,STATE_1173,786,Mauritanian Desert,manpower distributed: 124200 -> 35486 (ratio=0.286)
1173,STATE_1173,786,Mauritanian Desert,TSR state 786 overlaid onto BSR state 1173
1174,STATE_1174,,,new BSR state retained without TSR overlay
1175,STATE_1175,358,STATE_358,manpower distributed: 12588061 -> 740474 (ratio=0.059)
1175,STATE_1175,358,STATE_358,resources distributed from TSR2 state 358 ratio=0.059
1175,STATE_1175,358,STATE_358,TSR state 358 overlaid onto BSR state 1175
1175,STATE_1175,358,STATE_358,victory_points province 11654 not in BSR state 1175
1176,STATE_1176,,,new BSR state retained without TSR overlay
1177,STATE_1177,,,new BSR state retained without TSR overlay
1178,STATE_1178,98,STATE_98,manpower distributed: 1412100 -> 627600 (ratio=0.444)
1178,STATE_1178,98,STATE_98,TSR state 98 overlaid onto BSR state 1178
1179,STATE_1179,48,STATE_48,manpower distributed: 1685989 -> 210749 (ratio=0.125)
1179,STATE_1179,48,STATE_48,resources distributed from TSR2 state 48 ratio=0.125
1179,STATE_1179,48,STATE_48,TSR state 48 overlaid onto BSR state 1179
1179,STATE_1179,48,STATE_48,victory_points province 949 not in BSR state 1179
1180,STATE_1180,91,Lwow,manpower distributed: 3227800 -> 968340 (ratio=0.300)
1180,STATE_1180,91,Lwow,TSR state 91 overlaid onto BSR state 1180
1180,STATE_1180,91,Lwow,victory_points province 11479 not in BSR state 1180
1181,STATE_1181,88,STATE_88,manpower distributed: 3692800 -> 263771 (ratio=0.071)
1181,STATE_1181,88,STATE_88,resources distributed from TSR2 state 88 ratio=0.071
1181,STATE_1181,88,STATE_88,TSR state 88 overlaid onto BSR state 1181
1181,STATE_1181,88,STATE_88,victory_points province 9427 not in BSR state 1181
1181,STATE_1181,88,STATE_88,victory_points province 442 not in BSR state 1181
1181,STATE_1181,88,STATE_88,victory_points province 9494 not in BSR state 1181
1182,STATE_1182,980,STATE_980,manpower distributed: 338130 -> 169065 (ratio=0.500)
1182,STATE_1182,980,STATE_980,resources distributed from TSR2 state 980 ratio=0.500
1182,STATE_1182,980,STATE_980,TSR state 980 overlaid onto BSR state 1182
1182,STATE_1182,980,STATE_980,"province building 9444 not in BSR state 1182, needs province remap"
1183,STATE_1183,28,Alsace-Lorraine,manpower distributed: 1915600 -> 239450 (ratio=0.125)
1183,STATE_1183,28,Alsace-Lorraine,resources distributed from TSR2 state 28 ratio=0.125
1183,STATE_1183,28,Alsace-Lorraine,TSR state 28 overlaid onto BSR state 1183
1183,STATE_1183,28,Alsace-Lorraine,victory_points province 678 not in BSR state 1183
1183,STATE_1183,28,Alsace-Lorraine,victory_points province 9503 not in BSR state 1183
1183,STATE_1183,28,Alsace-Lorraine,victory_points province 9559 not in BSR state 1183
1183,STATE_1183,28,Alsace-Lorraine,"province building 678 not in BSR state 1183, needs province remap"
1183,STATE_1183,28,Alsace-Lorraine,"province building 9559 not in BSR state 1183, needs province remap"
1184,STATE_1184,18,STATE_18,manpower distributed: 940808 -> 134401 (ratio=0.143)
1184,STATE_1184,18,STATE_18,TSR state 18 overlaid onto BSR state 1184
1184,STATE_1184,18,STATE_18,victory_points province 13011 not in BSR state 1184
1185,STATE_1185,20,Rhone,manpower distributed: 2973200 -> 457415 (ratio=0.154)
1185,STATE_1185,20,Rhone,resources distributed from TSR2 state 20 ratio=0.154
1185,STATE_1185,20,Rhone,TSR state 20 overlaid onto BSR state 1185
1185,STATE_1185,20,Rhone,victory_points province 6613 not in BSR state 1185
1186,STATE_1186,23,STATE_23,manpower distributed: 1603100 -> 480930 (ratio=0.300)
1186,STATE_1186,23,STATE_23,resources distributed from TSR2 state 23 ratio=0.300
1186,STATE_1186,23,STATE_23,TSR state 23 overlaid onto BSR state 1186
1186,STATE_1186,23,STATE_23,victory_points province 6657 not in BSR state 1186
1186,STATE_1186,23,STATE_23,"province building 6657 not in BSR state 1186, needs province remap"
1187,STATE_1187,884,Upper Nile,TSR state 884 overlaid onto BSR state 1187
1187,STATE_1187,884,Upper Nile,merge owner/controller/cores copied from strongest overlap candidate; review political union manually
1188,STATE_1188,1057,STATE_1057,TSR state 1057 overlaid onto BSR state 1188
1189,STATE_1189,105,STATE_105,manpower distributed: 895500 -> 358200 (ratio=0.400)
1189,STATE_1189,105,STATE_105,resources distributed from TSR2 state 105 ratio=0.400
1189,STATE_1189,105,STATE_105,TSR state 105 overlaid onto BSR state 1189
1189,STATE_1189,105,STATE_105,victory_points province 9809 not in BSR state 1189
1189,STATE_1189,105,STATE_105,victory_points province 9821 not in BSR state 1189
1189,STATE_1189,105,STATE_105,"province building 9809 not in BSR state 1189, needs province remap"
1189,STATE_1189,105,STATE_105,"province building 9821 not in BSR state 1189, needs province remap"
1190,STATE_1190,108,STATE_108,manpower distributed: 707000 -> 70700 (ratio=0.100)
1190,STATE_1190,108,STATE_108,resources distributed from TSR2 state 108 ratio=0.100
1190,STATE_1190,108,STATE_108,TSR state 108 overlaid onto BSR state 1190
1190,STATE_1190,108,STATE_108,victory_points province 9602 not in BSR state 1190
1191,STATE_1191,1013,STATE_1013,TSR state 1013 overlaid onto BSR state 1191
1192,STATE_1192,94,STATE_94,manpower distributed: 1232200 -> 77012 (ratio=0.062)
1192,STATE_1192,94,STATE_94,TSR state 94 overlaid onto BSR state 1192
1192,STATE_1192,94,STATE_94,victory_points province 560 not in BSR state 1192
1193,STATE_1193,157,STATE_157,manpower distributed: 2979335 -> 812546 (ratio=0.273)
1193,STATE_1193,157,STATE_157,TSR state 157 overlaid onto BSR state 1193
1193,STATE_1193,157,STATE_157,victory_points province 925 not in BSR state 1193
1193,STATE_1193,157,STATE_157,"province building 925 not in BSR state 1193, needs province remap"
1193,STATE_1193,157,STATE_157,merge owner/controller/cores copied from strongest overlap candidate; review political union manually
1194,STATE_1194,1063,STATE_1063,manpower distributed: 409311 -> 204656 (ratio=0.500)
1194,STATE_1194,1063,STATE_1063,TSR state 1063 overlaid onto BSR state 1194
1195,STATE_1195,377,STATE_377,manpower distributed: 435572 -> 62225 (ratio=0.143)
1195,STATE_1195,377,STATE_377,resources distributed from TSR2 state 377 ratio=0.143
1195,STATE_1195,377,STATE_377,TSR state 377 overlaid onto BSR state 1195
1196,STATE_1196,,,new BSR state retained without TSR overlay
1197,STATE_1197,548,STATE_548,manpower distributed: 3515625 -> 502232 (ratio=0.143)
1197,STATE_1197,548,STATE_548,resources distributed from TSR2 state 548 ratio=0.143
1197,STATE_1197,548,STATE_548,TSR state 548 overlaid onto BSR state 1197
1197,STATE_1197,548,STATE_548,victory_points province 12989 not in BSR state 1197
1198,STATE_1198,1064,STATE_1064,manpower distributed: 897127 -> 448564 (ratio=0.500)
1198,STATE_1198,1064,STATE_1064,TSR state 1064 overlaid onto BSR state 1198
1199,STATE_1199,376,STATE_376,manpower distributed: 423316 -> 28221 (ratio=0.067)
1199,STATE_1199,376,STATE_376,resources distributed from TSR2 state 376 ratio=0.067
1199,STATE_1199,376,STATE_376,TSR state 376 overlaid onto BSR state 1199
1199,STATE_1199,376,STATE_376,victory_points province 4975 not in BSR state 1199
1200,STATE_1200,376,STATE_376,manpower distributed: 423316 -> 84663 (ratio=0.200)
1200,STATE_1200,376,STATE_376,resources distributed from TSR2 state 376 ratio=0.200
1200,STATE_1200,376,STATE_376,TSR state 376 overlaid onto BSR state 1200
1200,STATE_1200,376,STATE_376,victory_points province 4975 not in BSR state 1200
1201,STATE_1201,76,STATE_76,manpower distributed: 2352700 -> 1176350 (ratio=0.500)
1201,STATE_1201,76,STATE_76,TSR state 76 overlaid onto BSR state 1201
1201,STATE_1201,76,STATE_76,victory_points province 6711 not in BSR state 1201
1202,STATE_1202,593,STATE_593,manpower distributed: 12700000 -> 4010526 (ratio=0.316)
1202,STATE_1202,593,STATE_593,resources distributed from TSR2 state 593 ratio=0.316
1202,STATE_1202,593,STATE_593,TSR state 593 overlaid onto BSR state 1202
1202,STATE_1202,593,STATE_593,victory_points province 9938 not in BSR state 1202
1202,STATE_1202,593,STATE_593,victory_points province 7108 not in BSR state 1202
1202,STATE_1202,593,STATE_593,"province building 9938 not in BSR state 1202, needs province remap"
1202,STATE_1202,593,STATE_593,merge owner/controller/cores copied from strongest overlap candidate; review political union manually
1203,STATE_1203,161,STATE_161,manpower distributed: 3202401 -> 711645 (ratio=0.222)
1203,STATE_1203,161,STATE_161,resources distributed from TSR2 state 161 ratio=0.222
1203,STATE_1203,161,STATE_161,TSR state 161 overlaid onto BSR state 1203
1203,STATE_1203,161,STATE_161,victory_points province 6606 not in BSR state 1203
1203,STATE_1203,161,STATE_161,victory_points province 6793 not in BSR state 1203
1203,STATE_1203,161,STATE_161,"province building 782 not in BSR state 1203, needs province remap"
1203,STATE_1203,161,STATE_161,merge owner/controller/cores copied from strongest overlap candidate; review political union manually
1204,STATE_1204,106,STATE_106,manpower distributed: 1030650 -> 171775 (ratio=0.167)
1204,STATE_1204,106,STATE_106,resources distributed from TSR2 state 106 ratio=0.167
1204,STATE_1204,106,STATE_106,TSR state 106 overlaid onto BSR state 1204
1204,STATE_1204,106,STATE_106,victory_points province 3882 not in BSR state 1204
1205,STATE_1205,95,STATE_95,manpower distributed: 1598900 -> 290709 (ratio=0.182)
1205,STATE_1205,95,STATE_95,TSR state 95 overlaid onto BSR state 1205
1205,STATE_1205,95,STATE_95,victory_points province 9304 not in BSR state 1205
1206,STATE_1206,681,Cape,manpower distributed: 1637178 -> 148834 (ratio=0.091)
1206,STATE_1206,681,Cape,TSR state 681 overlaid onto BSR state 1206
1206,STATE_1206,681,Cape,victory_points province 12589 not in BSR state 1206
1206,STATE_1206,681,Cape,"province building 12589 not in BSR state 1206, needs province remap"
1207,STATE_1207,681,Cape,manpower distributed: 1637178 -> 297669 (ratio=0.182)
1207,STATE_1207,681,Cape,TSR state 681 overlaid onto BSR state 1207
1207,STATE_1207,681,Cape,victory_points province 12589 not in BSR state 1207
1207,STATE_1207,681,Cape,"province building 12589 not in BSR state 1207, needs province remap"
1208,STATE_1208,275,Transvaal,manpower distributed: 3680363 -> 334578 (ratio=0.091)
1208,STATE_1208,275,Transvaal,resources distributed from TSR2 state 275 ratio=0.091
1208,STATE_1208,275,Transvaal,TSR state 275 overlaid onto BSR state 1208
1208,STATE_1208,275,Transvaal,victory_points province 10400 not in BSR state 1208
1208,STATE_1208,275,Transvaal,merge owner/controller/cores copied from strongest overlap candidate; review political union manually
1209,STATE_1209,681,Cape,manpower distributed: 1637178 -> 148834 (ratio=0.091)
1209,STATE_1209,681,Cape,TSR state 681 overlaid onto BSR state 1209
1209,STATE_1209,681,Cape,victory_points province 12589 not in BSR state 1209
1209,STATE_1209,681,Cape,"province building 12589 not in BSR state 1209, needs province remap"
1210,STATE_1210,681,Cape,manpower distributed: 1637178 -> 297669 (ratio=0.182)
1210,STATE_1210,681,Cape,TSR state 681 overlaid onto BSR state 1210
1210,STATE_1210,681,Cape,victory_points province 12589 not in BSR state 1210
1210,STATE_1210,681,Cape,"province building 12589 not in BSR state 1210, needs province remap"
1211,STATE_1211,681,Cape,manpower distributed: 1637178 -> 148834 (ratio=0.091)
1211,STATE_1211,681,Cape,TSR state 681 overlaid onto BSR state 1211
1211,STATE_1211,681,Cape,victory_points province 12589 not in BSR state 1211
1211,STATE_1211,681,Cape,"province building 12589 not in BSR state 1211, needs province remap"
1211,STATE_1211,681,Cape,merge owner/controller/cores copied from strongest overlap candidate; review political union manually
1212,STATE_1212,,,new BSR state retained without TSR overlay
1213,STATE_1213,719,Natal,manpower distributed: 3962157 -> 1320719 (ratio=0.333)
1213,STATE_1213,719,Natal,resources distributed from TSR2 state 719 ratio=0.333
1213,STATE_1213,719,Natal,TSR state 719 overlaid onto BSR state 1213
1213,STATE_1213,719,Natal,victory_points province 1468 not in BSR state 1213
1213,STATE_1213,719,Natal,victory_points province 4696 not in BSR state 1213
1213,STATE_1213,719,Natal,"province building 1468 not in BSR state 1213, needs province remap"
1213,STATE_1213,719,Natal,"province building 4696 not in BSR state 1213, needs province remap"
1213,STATE_1213,719,Natal,merge owner/controller/cores copied from strongest overlap candidate; review political union manually
1214,STATE_1214,,,new BSR state retained without TSR overlay
1215,STATE_1215,275,Transvaal,manpower distributed: 3680363 -> 334578 (ratio=0.091)
1215,STATE_1215,275,Transvaal,resources distributed from TSR2 state 275 ratio=0.091
1215,STATE_1215,275,Transvaal,TSR state 275 overlaid onto BSR state 1215
1215,STATE_1215,275,Transvaal,victory_points province 10400 not in BSR state 1215
1216,STATE_1216,275,Transvaal,manpower distributed: 3680363 -> 669157 (ratio=0.182)
1216,STATE_1216,275,Transvaal,resources distributed from TSR2 state 275 ratio=0.182
1216,STATE_1216,275,Transvaal,TSR state 275 overlaid onto BSR state 1216
1216,STATE_1216,275,Transvaal,victory_points province 10400 not in BSR state 1216
1217,STATE_1217,,,new BSR state retained without TSR overlay
1218,STATE_1218,719,Natal,manpower distributed: 3962157 -> 440240 (ratio=0.111)
1218,STATE_1218,719,Natal,resources distributed from TSR2 state 719 ratio=0.111
1218,STATE_1218,719,Natal,TSR state 719 overlaid onto BSR state 1218
1218,STATE_1218,719,Natal,victory_points province 4696 not in BSR state 1218
1218,STATE_1218,719,Natal,"province building 4696 not in BSR state 1218, needs province remap"
1219,STATE_1219,,,new BSR state retained without TSR overlay
1220,STATE_1220,1068,STATE_1068,TSR state 1068 overlaid onto BSR state 1220
1221,STATE_1221,275,Transvaal,manpower distributed: 3680363 -> 669157 (ratio=0.182)
1221,STATE_1221,275,Transvaal,resources distributed from TSR2 state 275 ratio=0.182
1221,STATE_1221,275,Transvaal,TSR state 275 overlaid onto BSR state 1221
1222,STATE_1222,229,STATE_229,manpower distributed: 2881049 -> 508420 (ratio=0.176)
1222,STATE_1222,229,STATE_229,resources distributed from TSR2 state 229 ratio=0.176
1222,STATE_1222,229,STATE_229,TSR state 229 overlaid onto BSR state 1222
1222,STATE_1222,229,STATE_229,victory_points province 7661 not in BSR state 1222
1223,STATE_1223,230,STATE_230,manpower distributed: 1250082 -> 250016 (ratio=0.200)
1223,STATE_1223,230,STATE_230,TSR state 230 overlaid onto BSR state 1223
1223,STATE_1223,230,STATE_230,victory_points province 12320 not in BSR state 1223
1223,STATE_1223,230,STATE_230,victory_points province 12441 not in BSR state 1223
1224,STATE_1224,,,new BSR state retained without TSR overlay
1225,STATE_1225,231,STATE_231,manpower distributed: 2457844 -> 491569 (ratio=0.200)
1225,STATE_1225,231,STATE_231,TSR state 231 overlaid onto BSR state 1225
1225,STATE_1225,231,STATE_231,victory_points province 1599 not in BSR state 1225
1225,STATE_1225,231,STATE_231,victory_points province 3653 not in BSR state 1225
1225,STATE_1225,231,STATE_231,"province building 3653 not in BSR state 1225, needs province remap"
1226,STATE_1226,231,STATE_231,manpower distributed: 2457844 -> 327713 (ratio=0.133)
1226,STATE_1226,231,STATE_231,TSR state 231 overlaid onto BSR state 1226
1226,STATE_1226,231,STATE_231,victory_points province 1599 not in BSR state 1226
1226,STATE_1226,231,STATE_231,victory_points province 3653 not in BSR state 1226
1226,STATE_1226,231,STATE_231,"province building 3653 not in BSR state 1226, needs province remap"
1226,STATE_1226,231,STATE_231,merge owner/controller/cores copied from strongest overlap candidate; review political union manually
1227,STATE_1227,231,STATE_231,manpower distributed: 2457844 -> 163856 (ratio=0.067)
1227,STATE_1227,231,STATE_231,TSR state 231 overlaid onto BSR state 1227
1227,STATE_1227,231,STATE_231,victory_points province 1599 not in BSR state 1227
1228,STATE_1228,934,STATE_934,manpower distributed: 246933 -> 164622 (ratio=0.667)
1228,STATE_1228,934,STATE_934,resources distributed from TSR2 state 934 ratio=0.667
1228,STATE_1228,934,STATE_934,TSR state 934 overlaid onto BSR state 1228
1229,STATE_1229,934,STATE_934,manpower distributed: 246933 -> 82311 (ratio=0.333)
1229,STATE_1229,934,STATE_934,resources distributed from TSR2 state 934 ratio=0.333
1229,STATE_1229,934,STATE_934,TSR state 934 overlaid onto BSR state 1229
1229,STATE_1229,934,STATE_934,victory_points province 9780 not in BSR state 1229
1230,STATE_1230,106,STATE_106,manpower distributed: 1030650 -> 171775 (ratio=0.167)
1230,STATE_1230,106,STATE_106,resources distributed from TSR2 state 106 ratio=0.167
1230,STATE_1230,106,STATE_106,TSR state 106 overlaid onto BSR state 1230
1230,STATE_1230,106,STATE_106,victory_points province 3882 not in BSR state 1230
1230,STATE_1230,106,STATE_106,merge owner/controller/cores copied from strongest overlap candidate; review political union manually
1231,STATE_1231,,,new BSR state retained without TSR overlay
1232,STATE_1232,454,Palestine,manpower distributed: 933142 -> 93314 (ratio=0.100)
1232,STATE_1232,454,Palestine,TSR state 454 overlaid onto BSR state 1232
1232,STATE_1232,454,Palestine,victory_points province 1086 not in BSR state 1232
1232,STATE_1232,454,Palestine,victory_points province 4206 not in BSR state 1232
1232,STATE_1232,454,Palestine,"province building 4206 not in BSR state 1232, needs province remap"
1233,STATE_1233,454,Palestine,manpower distributed: 933142 -> 373257 (ratio=0.400)
1233,STATE_1233,454,Palestine,TSR state 454 overlaid onto BSR state 1233
1233,STATE_1233,454,Palestine,victory_points province 1086 not in BSR state 1233
1233,STATE_1233,454,Palestine,victory_points province 4206 not in BSR state 1233
1233,STATE_1233,454,Palestine,victory_points province 1065 not in BSR state 1233
1233,STATE_1233,454,Palestine,"province building 4206 not in BSR state 1233, needs province remap"
1234,STATE_1234,1075,STATE_1075,TSR state 1075 overlaid onto BSR state 1234
1234,STATE_1234,1075,STATE_1075,building province 4301 not in BSR state 1234
1235,STATE_1235,,,new BSR state retained without TSR overlay
1236,STATE_1236,454,Palestine,manpower distributed: 933142 -> 93314 (ratio=0.100)
1236,STATE_1236,454,Palestine,TSR state 454 overlaid onto BSR state 1236
1236,STATE_1236,454,Palestine,victory_points province 4206 not in BSR state 1236
1236,STATE_1236,454,Palestine,victory_points province 1065 not in BSR state 1236
1236,STATE_1236,454,Palestine,"province building 4206 not in BSR state 1236, needs province remap"
1237,STATE_1237,446,Suez,manpower distributed: 131732 -> 65866 (ratio=0.500)
1237,STATE_1237,446,Suez,TSR state 446 overlaid onto BSR state 1237
1238,STATE_1238,,,new BSR state retained without TSR overlay
1239,STATE_1239,553,STATE_553,manpower distributed: 1104000 -> 368000 (ratio=0.333)
1239,STATE_1239,553,STATE_553,TSR state 553 overlaid onto BSR state 1239
1239,STATE_1239,553,STATE_553,victory_points province 792 not in BSR state 1239
1239,STATE_1239,553,STATE_553,"province building 792 not in BSR state 1239, needs province remap"
1240,STATE_1240,554,STATE_554,manpower distributed: 547797 -> 109559 (ratio=0.200)
1240,STATE_1240,554,STATE_554,TSR state 554 overlaid onto BSR state 1240
1240,STATE_1240,554,STATE_554,victory_points province 4111 not in BSR state 1240
1240,STATE_1240,554,STATE_554,victory_points province 4486 not in BSR state 1240
1241,STATE_1241,554,STATE_554,manpower distributed: 547797 -> 219119 (ratio=0.400)
1241,STATE_1241,554,STATE_554,TSR state 554 overlaid onto BSR state 1241
1241,STATE_1241,554,STATE_554,victory_points province 4111 not in BSR state 1241
1242,STATE_1242,677,STATE_677,manpower distributed: 1325594 -> 378741 (ratio=0.286)
1242,STATE_1242,677,STATE_677,TSR state 677 overlaid onto BSR state 1242
1242,STATE_1242,677,STATE_677,victory_points province 12473 not in BSR state 1242
1242,STATE_1242,677,STATE_677,victory_points province 1056 not in BSR state 1242
1243,STATE_1243,,,new BSR state retained without TSR overlay
1244,STATE_1244,676,STATE_676,manpower distributed: 1182741 -> 236548 (ratio=0.200)
1244,STATE_1244,676,STATE_676,resources distributed from TSR2 state 676 ratio=0.200
1244,STATE_1244,676,STATE_676,TSR state 676 overlaid onto BSR state 1244
1244,STATE_1244,676,STATE_676,victory_points province 10106 not in BSR state 1244
1244,STATE_1244,676,STATE_676,victory_points province 3916 not in BSR state 1244
1244,STATE_1244,676,STATE_676,victory_points province 6826 not in BSR state 1244
1244,STATE_1244,676,STATE_676,merge owner/controller/cores copied from strongest overlap candidate; review political union manually
1245,STATE_1245,676,STATE_676,manpower distributed: 1182741 -> 118274 (ratio=0.100)
1245,STATE_1245,676,STATE_676,resources distributed from TSR2 state 676 ratio=0.100
1245,STATE_1245,676,STATE_676,TSR state 676 overlaid onto BSR state 1245
1245,STATE_1245,676,STATE_676,victory_points province 10106 not in BSR state 1245
1245,STATE_1245,676,STATE_676,victory_points province 3916 not in BSR state 1245
1246,STATE_1246,676,STATE_676,manpower distributed: 1182741 -> 236548 (ratio=0.200)
1246,STATE_1246,676,STATE_676,resources distributed from TSR2 state 676 ratio=0.200
1246,STATE_1246,676,STATE_676,TSR state 676 overlaid onto BSR state 1246
1246,STATE_1246,676,STATE_676,victory_points province 10106 not in BSR state 1246
1246,STATE_1246,676,STATE_676,victory_points province 3916 not in BSR state 1246
1246,STATE_1246,676,STATE_676,victory_points province 6826 not in BSR state 1246
1247,STATE_1247,291,STATE_291,manpower distributed: 1044165 -> 417666 (ratio=0.400)
1247,STATE_1247,291,STATE_291,resources distributed from TSR2 state 291 ratio=0.400
1247,STATE_1247,291,STATE_291,TSR state 291 overlaid onto BSR state 1247
1247,STATE_1247,291,STATE_291,victory_points province 7994 not in BSR state 1247
1247,STATE_1247,291,STATE_291,merge owner/controller/cores copied from strongest overlap candidate; review political union manually
1248,STATE_1248,421,STATE_421,manpower distributed: 390139 -> 260093 (ratio=0.667)
1248,STATE_1248,421,STATE_421,TSR state 421 overlaid onto BSR state 1248
1249,STATE_1249,413,STATE_413,manpower distributed: 797356 -> 199339 (ratio=0.250)
1249,STATE_1249,413,STATE_413,resources distributed from TSR2 state 413 ratio=0.250
1249,STATE_1249,413,STATE_413,TSR state 413 overlaid onto BSR state 1249
1249,STATE_1249,413,STATE_413,victory_points province 7953 not in BSR state 1249
1249,STATE_1249,413,STATE_413,"province building 5005 not in BSR state 1249, needs province remap"
1250,STATE_1250,588,Semipalatinsk,manpower distributed: 429213 -> 107303 (ratio=0.250)
1250,STATE_1250,588,Semipalatinsk,resources distributed from TSR2 state 588 ratio=0.250
1250,STATE_1250,588,Semipalatinsk,TSR state 588 overlaid onto BSR state 1250
1250,STATE_1250,588,Semipalatinsk,victory_points province 12594 not in BSR state 1250
1251,STATE_1251,,,new BSR state retained without TSR overlay
1252,STATE_1252,,,new BSR state retained without TSR overlay
1253,STATE_1253,,,new BSR state retained without TSR overlay
1254,STATE_1254,1024,STATE_1024,TSR state 1024 overlaid onto BSR state 1254
1255,STATE_1255,,,new BSR state retained without TSR overlay
1256,STATE_1256,677,STATE_677,manpower distributed: 1325594 -> 378741 (ratio=0.286)
1256,STATE_1256,677,STATE_677,TSR state 677 overlaid onto BSR state 1256
1256,STATE_1256,677,STATE_677,victory_points province 12473 not in BSR state 1256
1256,STATE_1256,677,STATE_677,victory_points province 1088 not in BSR state 1256
1256,STATE_1256,677,STATE_677,"province building 1088 not in BSR state 1256, needs province remap"
1257,STATE_1257,,,new BSR state retained without TSR overlay
1258,STATE_1258,,,new BSR state retained without TSR overlay
1259,STATE_1259,,,new BSR state retained without TSR overlay
1260,STATE_1260,957,STATE_957,manpower distributed: 500000 -> 333333 (ratio=0.667)
1260,STATE_1260,957,STATE_957,resources distributed from TSR2 state 957 ratio=0.667
1260,STATE_1260,957,STATE_957,TSR state 957 overlaid onto BSR state 1260
1261,STATE_1261,487,STATE_487,manpower distributed: 334500 -> 60818 (ratio=0.182)
1261,STATE_1261,487,STATE_487,TSR state 487 overlaid onto BSR state 1261
1261,STATE_1261,487,STATE_487,merge owner/controller/cores copied from strongest overlap candidate; review political union manually
1262,STATE_1262,,,new BSR state retained without TSR overlay
1263,STATE_1263,229,STATE_229,manpower distributed: 2881049 -> 338947 (ratio=0.118)
1263,STATE_1263,229,STATE_229,resources distributed from TSR2 state 229 ratio=0.118
1263,STATE_1263,229,STATE_229,TSR state 229 overlaid onto BSR state 1263
1263,STATE_1263,229,STATE_229,victory_points province 7661 not in BSR state 1263
1263,STATE_1263,229,STATE_229,victory_points province 11674 not in BSR state 1263
1264,STATE_1264,676,STATE_676,manpower distributed: 1182741 -> 473096 (ratio=0.400)
1264,STATE_1264,676,STATE_676,resources distributed from TSR2 state 676 ratio=0.400
1264,STATE_1264,676,STATE_676,TSR state 676 overlaid onto BSR state 1264
1264,STATE_1264,676,STATE_676,victory_points province 10106 not in BSR state 1264
1264,STATE_1264,676,STATE_676,victory_points province 6826 not in BSR state 1264
1265,STATE_1265,,,new BSR state retained without TSR overlay
1266,STATE_1266,,,new BSR state retained without TSR overlay
1267,STATE_1267,137,STATE_137,manpower distributed: 1061607 -> 117956 (ratio=0.111)
1267,STATE_1267,137,STATE_137,TSR state 137 overlaid onto BSR state 1267
1267,STATE_1267,137,STATE_137,victory_points province 9680 not in BSR state 1267
1267,STATE_1267,137,STATE_137,victory_points province 6704 not in BSR state 1267
1267,STATE_1267,137,STATE_137,victory_points province 705 not in BSR state 1267
1267,STATE_1267,137,STATE_137,"province building 9680 not in BSR state 1267, needs province remap"
1268,STATE_1268,30,STATE_30,manpower distributed: 1388400 -> 504873 (ratio=0.364)
1268,STATE_1268,30,STATE_30,TSR state 30 overlaid onto BSR state 1268
1268,STATE_1268,30,STATE_30,victory_points province 11465 not in BSR state 1268
1269,STATE_1269,1076,STATE_1076,TSR state 1076 overlaid onto BSR state 1269
1270,STATE_1270,20,Rhone,manpower distributed: 2973200 -> 228708 (ratio=0.077)
1270,STATE_1270,20,Rhone,resources distributed from TSR2 state 20 ratio=0.077
1270,STATE_1270,20,Rhone,TSR state 20 overlaid onto BSR state 1270
1270,STATE_1270,20,Rhone,victory_points province 6613 not in BSR state 1270
1271,STATE_1271,,,new BSR state retained without TSR overlay
1272,STATE_1272,,,new BSR state retained without TSR overlay
1273,STATE_1273,742,STATE_742,manpower distributed: 230000 -> 19167 (ratio=0.083)
1273,STATE_1273,742,STATE_742,resources distributed from TSR2 state 742 ratio=0.083
1273,STATE_1273,742,STATE_742,TSR state 742 overlaid onto BSR state 1273
1273,STATE_1273,742,STATE_742,victory_points province 1384 not in BSR state 1273
1274,STATE_1274,447,STATE_447,manpower distributed: 3859239 -> 1653960 (ratio=0.429)
1274,STATE_1274,447,STATE_447,resources distributed from TSR2 state 447 ratio=0.429
1274,STATE_1274,447,STATE_447,TSR state 447 overlaid onto BSR state 1274
1274,STATE_1274,447,STATE_447,victory_points province 4076 not in BSR state 1274
1274,STATE_1274,447,STATE_447,victory_points province 1071 not in BSR state 1274
1274,STATE_1274,447,STATE_447,"province building 4076 not in BSR state 1274, needs province remap"
1274,STATE_1274,447,STATE_447,merge owner/controller/cores copied from strongest overlap candidate; review political union manually
1275,STATE_1275,67,STATE_67,manpower distributed: 1402591 -> 280518 (ratio=0.200)
1275,STATE_1275,67,STATE_67,resources distributed from TSR2 state 67 ratio=0.200
1275,STATE_1275,67,STATE_67,TSR state 67 overlaid onto BSR state 1275
1275,STATE_1275,67,STATE_67,victory_points province 9511 not in BSR state 1275
1276,STATE_1276,907,STATE_907,manpower distributed: 6454865 -> 3520835 (ratio=0.545)
1276,STATE_1276,907,STATE_907,TSR state 907 overlaid onto BSR state 1276
1276,STATE_1276,907,STATE_907,victory_points province 7011 not in BSR state 1276
1277,STATE_1277,456,Aswan,manpower distributed: 4224516 -> 844903 (ratio=0.200)
1277,STATE_1277,456,Aswan,TSR state 456 overlaid onto BSR state 1277
1277,STATE_1277,456,Aswan,victory_points province 12071 not in BSR state 1277
1277,STATE_1277,456,Aswan,victory_points province 11999 not in BSR state 1277
1278,STATE_1278,456,Aswan,manpower distributed: 4224516 -> 844903 (ratio=0.200)
1278,STATE_1278,456,Aswan,TSR state 456 overlaid onto BSR state 1278
1278,STATE_1278,456,Aswan,victory_points province 12071 not in BSR state 1278
1278,STATE_1278,456,Aswan,victory_points province 11974 not in BSR state 1278
1278,STATE_1278,456,Aswan,victory_points province 11999 not in BSR state 1278
1279,STATE_1279,456,Aswan,manpower distributed: 4224516 -> 1126538 (ratio=0.267)
1279,STATE_1279,456,Aswan,TSR state 456 overlaid onto BSR state 1279
1279,STATE_1279,456,Aswan,victory_points province 11974 not in BSR state 1279
1280,STATE_1280,,,new BSR state retained without TSR overlay
1281,STATE_1281,,,new BSR state retained without TSR overlay
1282,STATE_1282,,,new BSR state retained without TSR overlay
1283,STATE_1283,,,new BSR state retained without TSR overlay
1284,STATE_1284,,,new BSR state retained without TSR overlay
1285,STATE_1285,547,STATE_547,manpower distributed: 1085440 -> 217088 (ratio=0.200)
1285,STATE_1285,547,STATE_547,TSR state 547 overlaid onto BSR state 1285
1285,STATE_1285,547,STATE_547,victory_points province 1939 not in BSR state 1285
1286,STATE_1286,903,STATE_903,manpower distributed: 610560 -> 152640 (ratio=0.250)
1286,STATE_1286,903,STATE_903,TSR state 903 overlaid onto BSR state 1286
1287,STATE_1287,903,STATE_903,manpower distributed: 610560 -> 457920 (ratio=0.750)
1287,STATE_1287,903,STATE_903,TSR state 903 overlaid onto BSR state 1287
1288,STATE_1288,453,STATE_453,manpower distributed: 15359 -> 10971 (ratio=0.714)
1288,STATE_1288,453,STATE_453,TSR state 453 overlaid onto BSR state 1288
1288,STATE_1288,453,STATE_453,victory_points province 4161 not in BSR state 1288
1289,STATE_1289,,,new BSR state retained without TSR overlay
1290,STATE_1290,381,STATE_381,manpower distributed: 225564 -> 17351 (ratio=0.077)
1290,STATE_1290,381,STATE_381,resources distributed from TSR2 state 381 ratio=0.077
1290,STATE_1290,381,STATE_381,TSR state 381 overlaid onto BSR state 1290
1291,STATE_1291,1055,STATE_1055,manpower distributed: 538927 -> 153979 (ratio=0.286)
1291,STATE_1291,1055,STATE_1055,resources distributed from TSR2 state 1055 ratio=0.286
1291,STATE_1291,1055,STATE_1055,TSR state 1055 overlaid onto BSR state 1291
1291,STATE_1291,1055,STATE_1055,victory_points province 11811 not in BSR state 1291
1291,STATE_1291,1055,STATE_1055,victory_points province 947 not in BSR state 1291
1292,STATE_1292,1056,STATE_1056,manpower distributed: 136480 -> 45493 (ratio=0.333)
1292,STATE_1292,1056,STATE_1056,TSR state 1056 overlaid onto BSR state 1292
1293,STATE_1293,815,STATE_815,manpower distributed: 161450 -> 40362 (ratio=0.250)
1293,STATE_1293,815,STATE_815,TSR state 815 overlaid onto BSR state 1293
1293,STATE_1293,815,STATE_815,merge owner/controller/cores copied from strongest overlap candidate; review political union manually
1294,STATE_1294,,,new BSR state retained without TSR overlay
1295,STATE_1295,1050,STATE_1050,TSR state 1050 overlaid onto BSR state 1295
1296,STATE_1296,1095,STATE_1095,manpower distributed: 325000 -> 88636 (ratio=0.273)
1296,STATE_1296,1095,STATE_1095,TSR state 1095 overlaid onto BSR state 1296
1297,STATE_1297,,,new BSR state retained without TSR overlay
1298,STATE_1298,659,STATE_659,manpower distributed: 871202 -> 174240 (ratio=0.200)
1298,STATE_1298,659,STATE_659,TSR state 659 overlaid onto BSR state 1298
1299,STATE_1299,1015,STATE_1015,resources distributed from TSR2 state 1015 ratio=1.000
1299,STATE_1299,1015,STATE_1015,TSR state 1015 overlaid onto BSR state 1299
1299,STATE_1299,1015,STATE_1015,merge owner/controller/cores copied from strongest overlap candidate; review political union manually
1300,STATE_1300,510,STATE_510,manpower distributed: 1497169 -> 187146 (ratio=0.125)
1300,STATE_1300,510,STATE_510,resources distributed from TSR2 state 510 ratio=0.125
1300,STATE_1300,510,STATE_510,TSR state 510 overlaid onto BSR state 1300
1300,STATE_1300,510,STATE_510,victory_points province 11007 not in BSR state 1300
1300,STATE_1300,510,STATE_510,victory_points province 12964 not in BSR state 1300
1300,STATE_1300,510,STATE_510,merge owner/controller/cores copied from strongest overlap candidate; review political union manually
1301,STATE_1301,932,STATE_932,TSR state 932 overlaid onto BSR state 1301
1302,STATE_1302,803,STATE_803,manpower distributed: 210000 -> 70000 (ratio=0.333)
1302,STATE_1302,803,STATE_803,TSR state 803 overlaid onto BSR state 1302
1302,STATE_1302,803,STATE_803,victory_points province 11857 not in BSR state 1302
1303,STATE_1303,185,STATE_185,manpower distributed: 760900 -> 63408 (ratio=0.083)
1303,STATE_1303,185,STATE_185,resources distributed from TSR2 state 185 ratio=0.083
1303,STATE_1303,185,STATE_185,TSR state 185 overlaid onto BSR state 1303
1303,STATE_1303,185,STATE_185,victory_points province 10203 not in BSR state 1303
1303,STATE_1303,185,STATE_185,victory_points province 3914 not in BSR state 1303
1303,STATE_1303,185,STATE_185,victory_points province 1205 not in BSR state 1303
1303,STATE_1303,185,STATE_185,"province building 9805 not in BSR state 1303, needs province remap"
1304,STATE_1304,847,STATE_847,manpower distributed: 178429 -> 44607 (ratio=0.250)
1304,STATE_1304,847,STATE_847,TSR state 847 overlaid onto BSR state 1304
1305,STATE_1305,755,STATE_755,manpower distributed: 1000000 -> 181818 (ratio=0.182)
1305,STATE_1305,755,STATE_755,TSR state 755 overlaid onto BSR state 1305
1305,STATE_1305,755,STATE_755,victory_points province 10750 not in BSR state 1305
1306,STATE_1306,759,STATE_759,manpower distributed: 70000 -> 35000 (ratio=0.500)
1306,STATE_1306,759,STATE_759,TSR state 759 overlaid onto BSR state 1306
1306,STATE_1306,759,STATE_759,merge owner/controller/cores copied from strongest overlap candidate; review political union manually
1307,STATE_1307,1032,STATE_1032,TSR state 1032 overlaid onto BSR state 1307
1308,STATE_1308,,,new BSR state retained without TSR overlay
1309,STATE_1309,,,new BSR state retained without TSR overlay
1310,STATE_1310,,,new BSR state retained without TSR overlay
1311,STATE_1311,605,STATE_605,TSR state 605 overlaid onto BSR state 1311
1312,STATE_1312,,,new BSR state retained without TSR overlay
1313,STATE_1313,747,STATE_747,manpower distributed: 1000000 -> 100000 (ratio=0.100)
1313,STATE_1313,747,STATE_747,TSR state 747 overlaid onto BSR state 1313
1313,STATE_1313,747,STATE_747,victory_points province 7965 not in BSR state 1313
1313,STATE_1313,747,STATE_747,victory_points province 10863 not in BSR state 1313
1314,STATE_1314,1079,STATE_1079,manpower distributed: 110543 -> 24565 (ratio=0.222)
1314,STATE_1314,1079,STATE_1079,TSR state 1079 overlaid onto BSR state 1314
1314,STATE_1314,1079,STATE_1079,victory_points province 10505 not in BSR state 1314
1315,STATE_1315,594,STATE_594,manpower distributed: 3275000 -> 614062 (ratio=0.188)
1315,STATE_1315,594,STATE_594,resources distributed from TSR2 state 594 ratio=0.188
1315,STATE_1315,594,STATE_594,TSR state 594 overlaid onto BSR state 1315
1315,STATE_1315,594,STATE_594,victory_points province 7137 not in BSR state 1315
1315,STATE_1315,594,STATE_594,victory_points province 10459 not in BSR state 1315
1316,STATE_1316,599,STATE_599,manpower distributed: 8685200 -> 6012831 (ratio=0.692)
1316,STATE_1316,599,STATE_599,resources distributed from TSR2 state 599 ratio=0.692
1316,STATE_1316,599,STATE_599,TSR state 599 overlaid onto BSR state 1316
1317,STATE_1317,599,STATE_599,manpower distributed: 8685200 -> 2004277 (ratio=0.231)
1317,STATE_1317,599,STATE_599,resources distributed from TSR2 state 599 ratio=0.231
1317,STATE_1317,599,STATE_599,TSR state 599 overlaid onto BSR state 1317
1317,STATE_1317,599,STATE_599,victory_points province 10404 not in BSR state 1317
1317,STATE_1317,599,STATE_599,victory_points province 1597 not in BSR state 1317
1318,STATE_1318,618,Dzungaria,manpower distributed: 670800 -> 239571 (ratio=0.357)
1318,STATE_1318,618,Dzungaria,TSR state 618 overlaid onto BSR state 1318
1319,STATE_1319,786,Mauritanian Desert,manpower distributed: 124200 -> 17743 (ratio=0.143)
1319,STATE_1319,786,Mauritanian Desert,TSR state 786 overlaid onto BSR state 1319
1320,STATE_1320,,,new BSR state retained without TSR overlay
1321,STATE_1321,30,STATE_30,manpower distributed: 1388400 -> 378655 (ratio=0.273)
1321,STATE_1321,30,STATE_30,TSR state 30 overlaid onto BSR state 1321
1322,STATE_1322,,,new BSR state retained without TSR overlay
1323,STATE_1323,688,STATE_688,manpower distributed: 45900 -> 18360 (ratio=0.400)
1323,STATE_1323,688,STATE_688,resources distributed from TSR2 state 688 ratio=0.400
1323,STATE_1323,688,STATE_688,TSR state 688 overlaid onto BSR state 1323
1323,STATE_1323,688,STATE_688,victory_points province 5165 not in BSR state 1323
1324,STATE_1324,,,new BSR state retained without TSR overlay
1325,STATE_1325,71,STATE_71,manpower distributed: 1197800 -> 171114 (ratio=0.143)
1325,STATE_1325,71,STATE_71,resources distributed from TSR2 state 71 ratio=0.143
1325,STATE_1325,71,STATE_71,TSR state 71 overlaid onto BSR state 1325
1325,STATE_1325,71,STATE_71,victory_points province 3581 not in BSR state 1325
1326,STATE_1326,,,new BSR state retained without TSR overlay
1327,STATE_1327,662,STATE_662,manpower distributed: 13213 -> 7928 (ratio=0.600)
1327,STATE_1327,662,STATE_662,TSR state 662 overlaid onto BSR state 1327
1328,STATE_1328,65,STATE_65,manpower distributed: 5592576 -> 508416 (ratio=0.091)
1328,STATE_1328,65,STATE_65,resources distributed from TSR2 state 65 ratio=0.091
1328,STATE_1328,65,STATE_65,TSR state 65 overlaid onto BSR state 1328
1328,STATE_1328,65,STATE_65,victory_points province 514 not in BSR state 1328
1328,STATE_1328,65,STATE_65,victory_points province 3535 not in BSR state 1328
1328,STATE_1328,65,STATE_65,victory_points province 9471 not in BSR state 1328
1329,STATE_1329,64,STATE_64,manpower distributed: 7265029 -> 908129 (ratio=0.125)
1329,STATE_1329,64,STATE_64,TSR state 64 overlaid onto BSR state 1329
1329,STATE_1329,64,STATE_64,victory_points province 6521 not in BSR state 1329
1329,STATE_1329,64,STATE_64,victory_points province 3522 not in BSR state 1329
1329,STATE_1329,64,STATE_64,victory_points province 9496 not in BSR state 1329
1329,STATE_1329,64,STATE_64,"province building 3499 not in BSR state 1329, needs province remap"
1330,STATE_1330,999,STATE_999,manpower distributed: 1567516 -> 1140012 (ratio=0.727)
1330,STATE_1330,999,STATE_999,resources distributed from TSR2 state 999 ratio=0.727
1330,STATE_1330,999,STATE_999,TSR state 999 overlaid onto BSR state 1330
1330,STATE_1330,999,STATE_999,merge owner/controller/cores copied from strongest overlap candidate; review political union manually
1331,STATE_1331,,,new BSR state retained without TSR overlay
1332,STATE_1332,68,STATE_68,manpower distributed: 1250840 -> 178691 (ratio=0.143)
1332,STATE_1332,68,STATE_68,resources distributed from TSR2 state 68 ratio=0.143
1332,STATE_1332,68,STATE_68,TSR state 68 overlaid onto BSR state 1332
1332,STATE_1332,68,STATE_68,victory_points province 3473 not in BSR state 1332
1333,STATE_1333,63,STATE_63,manpower distributed: 1124417 -> 160631 (ratio=0.143)
1333,STATE_1333,63,STATE_63,resources distributed from TSR2 state 63 ratio=0.143
1333,STATE_1333,63,STATE_63,TSR state 63 overlaid onto BSR state 1333
1333,STATE_1333,63,STATE_63,victory_points province 6282 not in BSR state 1333
1333,STATE_1333,63,STATE_63,victory_points province 11372 not in BSR state 1333
1333,STATE_1333,63,STATE_63,"province building 11372 not in BSR state 1333, needs province remap"
1333,STATE_1333,63,STATE_63,"province building 6282 not in BSR state 1333, needs province remap"
1334,STATE_1334,51,STATE_51,manpower distributed: 6144743 -> 682749 (ratio=0.111)
1334,STATE_1334,51,STATE_51,resources distributed from TSR2 state 51 ratio=0.111
1334,STATE_1334,51,STATE_51,TSR state 51 overlaid onto BSR state 1334
1334,STATE_1334,51,STATE_51,victory_points province 6469 not in BSR state 1334
1334,STATE_1334,51,STATE_51,victory_points province 587 not in BSR state 1334
1335,STATE_1335,51,STATE_51,manpower distributed: 6144743 -> 2730997 (ratio=0.444)
1335,STATE_1335,51,STATE_51,resources distributed from TSR2 state 51 ratio=0.444
1335,STATE_1335,51,STATE_51,TSR state 51 overlaid onto BSR state 1335
1336,STATE_1336,,,new BSR state retained without TSR overlay
1337,STATE_1337,,,new BSR state retained without TSR overlay
1338,STATE_1338,,,new BSR state retained without TSR overlay
1339,STATE_1339,,,new BSR state retained without TSR overlay
1340,STATE_1340,,,new BSR state retained without TSR overlay
1341,STATE_1341,,,new BSR state retained without TSR overlay
1342,STATE_1342,,,new BSR state retained without TSR overlay
1343,STATE_1343,,,new BSR state retained without TSR overlay
1344,STATE_1344,592,STATE_592,manpower distributed: 17835200 -> 1621382 (ratio=0.091)
1344,STATE_1344,592,STATE_592,resources distributed from TSR2 state 592 ratio=0.091
1344,STATE_1344,592,STATE_592,TSR state 592 overlaid onto BSR state 1344
1344,STATE_1344,592,STATE_592,victory_points province 12077 not in BSR state 1344
1345,STATE_1345,514,Algerian Desert,manpower distributed: 207733 -> 12220 (ratio=0.059)
1345,STATE_1345,514,Algerian Desert,TSR state 514 overlaid onto BSR state 1345
1346,STATE_1346,,,new BSR state retained without TSR overlay
1347,STATE_1347,67,STATE_67,manpower distributed: 1402591 -> 280518 (ratio=0.200)
1347,STATE_1347,67,STATE_67,resources distributed from TSR2 state 67 ratio=0.200
1347,STATE_1347,67,STATE_67,TSR state 67 overlaid onto BSR state 1347
1347,STATE_1347,67,STATE_67,victory_points province 11467 not in BSR state 1347
1348,STATE_1348,67,STATE_67,manpower distributed: 1402591 -> 280518 (ratio=0.200)
1348,STATE_1348,67,STATE_67,resources distributed from TSR2 state 67 ratio=0.200
1348,STATE_1348,67,STATE_67,TSR state 67 overlaid onto BSR state 1348
1348,STATE_1348,67,STATE_67,victory_points province 11467 not in BSR state 1348
1348,STATE_1348,67,STATE_67,victory_points province 9511 not in BSR state 1348
1349,STATE_1349,,,new BSR state retained without TSR overlay
1350,STATE_1350,42,STATE_42,manpower distributed: 3027739 -> 336415 (ratio=0.111)
1350,STATE_1350,42,STATE_42,resources distributed from TSR2 state 42 ratio=0.111
1350,STATE_1350,42,STATE_42,TSR state 42 overlaid onto BSR state 1350
1350,STATE_1350,42,STATE_42,victory_points province 9575 not in BSR state 1350
1350,STATE_1350,42,STATE_42,victory_points province 11531 not in BSR state 1350
1351,STATE_1351,158,STATE_158,manpower distributed: 4765476 -> 280322 (ratio=0.059)
1351,STATE_1351,158,STATE_158,resources distributed from TSR2 state 158 ratio=0.059
1351,STATE_1351,158,STATE_158,TSR state 158 overlaid onto BSR state 1351
1351,STATE_1351,158,STATE_158,victory_points province 6788 not in BSR state 1351
1351,STATE_1351,158,STATE_158,victory_points province 6780 not in BSR state 1351
1351,STATE_1351,158,STATE_158,"province building 6788 not in BSR state 1351, needs province remap"
1352,STATE_1352,806,STATE_806,manpower distributed: 280723 -> 93574 (ratio=0.333)
1352,STATE_1352,806,STATE_806,TSR state 806 overlaid onto BSR state 1352
1352,STATE_1352,806,STATE_806,victory_points province 9710 not in BSR state 1352
1353,STATE_1353,806,STATE_806,manpower distributed: 280723 -> 93574 (ratio=0.333)
1353,STATE_1353,806,STATE_806,TSR state 806 overlaid onto BSR state 1353
1353,STATE_1353,806,STATE_806,victory_points province 9710 not in BSR state 1353
1354,STATE_1354,848,STATE_848,manpower distributed: 154354 -> 77177 (ratio=0.500)
1354,STATE_1354,848,STATE_848,TSR state 848 overlaid onto BSR state 1354
1355,STATE_1355,,,new BSR state retained without TSR overlay
1356,STATE_1356,641,STATE_641,manpower distributed: 105786 -> 52893 (ratio=0.500)
1356,STATE_1356,641,STATE_641,TSR state 641 overlaid onto BSR state 1356
1357,STATE_1357,891,STATE_891,manpower distributed: 640000 -> 128000 (ratio=0.200)
1357,STATE_1357,891,STATE_891,resources distributed from TSR2 state 891 ratio=0.200
1357,STATE_1357,891,STATE_891,TSR state 891 overlaid onto BSR state 1357
1358,STATE_1358,540,STATE_540,manpower distributed: 1600000 -> 228571 (ratio=0.143)
1358,STATE_1358,540,STATE_540,TSR state 540 overlaid onto BSR state 1358
1358,STATE_1358,540,STATE_540,victory_points province 8248 not in BSR state 1358
1358,STATE_1358,540,STATE_540,"province building 8248 not in BSR state 1358, needs province remap"
1359,STATE_1359,897,STATE_897,manpower distributed: 1386000 -> 519750 (ratio=0.375)
1359,STATE_1359,897,STATE_897,TSR state 897 overlaid onto BSR state 1359
1359,STATE_1359,897,STATE_897,"province building 2123 not in BSR state 1359, needs province remap"
1360,STATE_1360,,,new BSR state retained without TSR overlay
1361,STATE_1361,148,LAPPI,manpower distributed: 121737 -> 25187 (ratio=0.207)
1361,STATE_1361,148,LAPPI,resources distributed from TSR2 state 148 ratio=0.207
1361,STATE_1361,148,LAPPI,TSR state 148 overlaid onto BSR state 1361
1361,STATE_1361,148,LAPPI,victory_points province 11164 not in BSR state 1361
1361,STATE_1361,148,LAPPI,victory_points province 6087 not in BSR state 1361
1361,STATE_1361,148,LAPPI,victory_points province 6142 not in BSR state 1361
1362,STATE_1362,666,STATE_666,manpower distributed: 100222 -> 25056 (ratio=0.250)
1362,STATE_1362,666,STATE_666,resources distributed from TSR2 state 666 ratio=0.250
1362,STATE_1362,666,STATE_666,TSR state 666 overlaid onto BSR state 1362
1362,STATE_1362,666,STATE_666,victory_points province 9108 not in BSR state 1362
1362,STATE_1362,666,STATE_666,victory_points province 3095 not in BSR state 1362
1362,STATE_1362,666,STATE_666,victory_points province 11155 not in BSR state 1362
1362,STATE_1362,666,STATE_666,"province building 9108 not in BSR state 1362, needs province remap"
1363,STATE_1363,97,STATE_97,manpower distributed: 1157200 -> 128578 (ratio=0.111)
1363,STATE_1363,97,STATE_97,TSR state 97 overlaid onto BSR state 1363
1363,STATE_1363,97,STATE_97,victory_points province 11301 not in BSR state 1363
1363,STATE_1363,97,STATE_97,victory_points province 3393 not in BSR state 1363
1363,STATE_1363,97,STATE_97,victory_points province 3254 not in BSR state 1363
1364,STATE_1364,807,STATE_807,manpower distributed: 713370 -> 89171 (ratio=0.125)
1364,STATE_1364,807,STATE_807,TSR state 807 overlaid onto BSR state 1364
1364,STATE_1364,807,STATE_807,victory_points province 9263 not in BSR state 1364
1364,STATE_1364,807,STATE_807,victory_points province 279 not in BSR state 1364
1364,STATE_1364,807,STATE_807,"province building 9263 not in BSR state 1364, needs province remap"
1365,STATE_1365,,,new BSR state retained without TSR overlay
1366,STATE_1366,229,STATE_229,manpower distributed: 2881049 -> 338947 (ratio=0.118)
1366,STATE_1366,229,STATE_229,resources distributed from TSR2 state 229 ratio=0.118
1366,STATE_1366,229,STATE_229,TSR state 229 overlaid onto BSR state 1366
1366,STATE_1366,229,STATE_229,victory_points province 7661 not in BSR state 1366
1366,STATE_1366,229,STATE_229,victory_points province 11674 not in BSR state 1366
1367,STATE_1367,230,STATE_230,manpower distributed: 1250082 -> 125008 (ratio=0.100)
1367,STATE_1367,230,STATE_230,TSR state 230 overlaid onto BSR state 1367
1367,STATE_1367,230,STATE_230,victory_points province 12320 not in BSR state 1367
1368,STATE_1368,146,KARJALA,manpower distributed: 604427 -> 113330 (ratio=0.188)
1368,STATE_1368,146,KARJALA,TSR state 146 overlaid onto BSR state 1368
1368,STATE_1368,146,KARJALA,"province building 9100 not in BSR state 1368, needs province remap"
1369,STATE_1369,146,KARJALA,manpower distributed: 604427 -> 75553 (ratio=0.125)
1369,STATE_1369,146,KARJALA,TSR state 146 overlaid onto BSR state 1369
1369,STATE_1369,146,KARJALA,victory_points province 9206 not in BSR state 1369
1369,STATE_1369,146,KARJALA,"province building 9100 not in BSR state 1369, needs province remap"
1369,STATE_1369,146,KARJALA,"province building 9105 not in BSR state 1369, needs province remap"
1369,STATE_1369,146,KARJALA,"province building 9206 not in BSR state 1369, needs province remap"
1370,STATE_1370,179,STATE_179,manpower distributed: 777895 -> 172866 (ratio=0.222)
1370,STATE_1370,179,STATE_179,TSR state 179 overlaid onto BSR state 1370
1370,STATE_1370,179,STATE_179,victory_points province 3790 not in BSR state 1370
1370,STATE_1370,179,STATE_179,victory_points province 6880 not in BSR state 1370
1370,STATE_1370,179,STATE_179,victory_points province 6933 not in BSR state 1370
1370,STATE_1370,179,STATE_179,victory_points province 970 not in BSR state 1370
1370,STATE_1370,179,STATE_179,"province building 3790 not in BSR state 1370, needs province remap"
1371,STATE_1371,,,new BSR state retained without TSR overlay
1372,STATE_1372,,,new BSR state retained without TSR overlay
1373,STATE_1373,97,STATE_97,manpower distributed: 1157200 -> 128578 (ratio=0.111)
1373,STATE_1373,97,STATE_97,TSR state 97 overlaid onto BSR state 1373
1373,STATE_1373,97,STATE_97,victory_points province 11301 not in BSR state 1373
1373,STATE_1373,97,STATE_97,victory_points province 3393 not in BSR state 1373
1373,STATE_1373,97,STATE_97,victory_points province 3254 not in BSR state 1373
1374,STATE_1374,88,STATE_88,manpower distributed: 3692800 -> 263771 (ratio=0.071)
1374,STATE_1374,88,STATE_88,resources distributed from TSR2 state 88 ratio=0.071
1374,STATE_1374,88,STATE_88,TSR state 88 overlaid onto BSR state 1374
1374,STATE_1374,88,STATE_88,victory_points province 442 not in BSR state 1374
1374,STATE_1374,88,STATE_88,victory_points province 9494 not in BSR state 1374
1375,STATE_1375,95,STATE_95,manpower distributed: 1598900 -> 145355 (ratio=0.091)
1375,STATE_1375,95,STATE_95,TSR state 95 overlaid onto BSR state 1375
1375,STATE_1375,95,STATE_95,victory_points province 9304 not in BSR state 1375
1376,STATE_1376,664,STATE_664,manpower distributed: 854300 -> 284767 (ratio=0.333)
1376,STATE_1376,664,STATE_664,resources distributed from TSR2 state 664 ratio=0.333
1376,STATE_1376,664,STATE_664,TSR state 664 overlaid onto BSR state 1376
1377,STATE_1377,,,new BSR state retained without TSR overlay
1378,Northern Hungary,43,Northern Hungary,manpower distributed: 3750752 -> 2083751 (ratio=0.556)
1378,Northern Hungary,43,Northern Hungary,resources distributed from TSR2 state 43 ratio=0.556
1378,Northern Hungary,43,Northern Hungary,TSR state 43 overlaid onto BSR state 1378
1378,Northern Hungary,43,Northern Hungary,victory_points province 9660 not in BSR state 1378
1379,STATE_1379,154,STATE_154,manpower distributed: 2155383 -> 646615 (ratio=0.300)
1379,STATE_1379,154,STATE_154,TSR state 154 overlaid onto BSR state 1379
1379,STATE_1379,154,STATE_154,victory_points province 11659 not in BSR state 1379
1379,STATE_1379,154,STATE_154,victory_points province 11646 not in BSR state 1379
1379,STATE_1379,154,STATE_154,victory_points province 679 not in BSR state 1379
1380,STATE_1380,215,STATE_215,manpower distributed: 214858 -> 11614 (ratio=0.054)
1380,STATE_1380,215,STATE_215,resources distributed from TSR2 state 215 ratio=0.054
1380,STATE_1380,215,STATE_215,TSR state 215 overlaid onto BSR state 1380
1381,STATE_1381,146,KARJALA,manpower distributed: 604427 -> 37777 (ratio=0.062)
1381,STATE_1381,146,KARJALA,TSR state 146 overlaid onto BSR state 1381
1381,STATE_1381,146,KARJALA,victory_points province 9206 not in BSR state 1381
1381,STATE_1381,146,KARJALA,"province building 9105 not in BSR state 1381, needs province remap"
1381,STATE_1381,146,KARJALA,"province building 9206 not in BSR state 1381, needs province remap"
1382,STATE_1382,,,new BSR state retained without TSR overlay
1383,STATE_1383,96,STATE_96,manpower distributed: 726000 -> 207429 (ratio=0.286)
1383,STATE_1383,96,STATE_96,TSR state 96 overlaid onto BSR state 1383
1383,STATE_1383,96,STATE_96,victory_points province 406 not in BSR state 1383
1384,STATE_1384,94,STATE_94,manpower distributed: 1232200 -> 154025 (ratio=0.125)
1384,STATE_1384,94,STATE_94,TSR state 94 overlaid onto BSR state 1384
1384,STATE_1384,94,STATE_94,victory_points province 3392 not in BSR state 1384
1384,STATE_1384,94,STATE_94,victory_points province 560 not in BSR state 1384
1385,STATE_1385,93,STATE_93,manpower distributed: 1985600 -> 198560 (ratio=0.100)
1385,STATE_1385,93,STATE_93,TSR state 93 overlaid onto BSR state 1385
1385,STATE_1385,93,STATE_93,victory_points province 6557 not in BSR state 1385
1385,STATE_1385,93,STATE_93,victory_points province 422 not in BSR state 1385
1386,STATE_1386,91,Lwow,manpower distributed: 3227800 -> 322780 (ratio=0.100)
1386,STATE_1386,91,Lwow,TSR state 91 overlaid onto BSR state 1386
1386,STATE_1386,91,Lwow,victory_points province 11479 not in BSR state 1386
1387,STATE_1387,103,Dalmatia,manpower distributed: 1431700 -> 130155 (ratio=0.091)
1387,STATE_1387,103,Dalmatia,TSR state 103 overlaid onto BSR state 1387
1387,STATE_1387,103,Dalmatia,victory_points province 3924 not in BSR state 1387
1387,STATE_1387,103,Dalmatia,"province building 3924 not in BSR state 1387, needs province remap"
1388,STATE_1388,,,new BSR state retained without TSR overlay
1389,STATE_1389,,,new BSR state retained without TSR overlay
1390,STATE_1390,,,new BSR state retained without TSR overlay
1391,STATE_1391,158,STATE_158,manpower distributed: 4765476 -> 560644 (ratio=0.118)
1391,STATE_1391,158,STATE_158,resources distributed from TSR2 state 158 ratio=0.118
1391,STATE_1391,158,STATE_158,TSR state 158 overlaid onto BSR state 1391
1391,STATE_1391,158,STATE_158,victory_points province 6788 not in BSR state 1391
1391,STATE_1391,158,STATE_158,"province building 6788 not in BSR state 1391, needs province remap"
1392,STATE_1392,417,Hamadan,manpower distributed: 796396 -> 318558 (ratio=0.400)
1392,STATE_1392,417,Hamadan,resources distributed from TSR2 state 417 ratio=0.400
1392,STATE_1392,417,Hamadan,TSR state 417 overlaid onto BSR state 1392
1392,STATE_1392,417,Hamadan,victory_points province 8040 not in BSR state 1392
1392,STATE_1392,417,Hamadan,victory_points province 2065 not in BSR state 1392
1392,STATE_1392,417,Hamadan,merge owner/controller/cores copied from strongest overlap candidate; review political union manually
1393,STATE_1393,420,STATE_420,manpower distributed: 1314948 -> 375699 (ratio=0.286)
1393,STATE_1393,420,STATE_420,TSR state 420 overlaid onto BSR state 1393
1393,STATE_1393,420,STATE_420,victory_points province 4901 not in BSR state 1393
1394,STATE_1394,411,Isfahan,manpower distributed: 663954 -> 110659 (ratio=0.167)
1394,STATE_1394,411,Isfahan,resources distributed from TSR2 state 411 ratio=0.167
1394,STATE_1394,411,Isfahan,TSR state 411 overlaid onto BSR state 1394
1394,STATE_1394,411,Isfahan,victory_points province 2026 not in BSR state 1394
1394,STATE_1394,411,Isfahan,victory_points province 4928 not in BSR state 1394
1394,STATE_1394,411,Isfahan,merge owner/controller/cores copied from strongest overlap candidate; review political union manually
1395,STATE_1395,134,STATE_134,manpower distributed: 667100 -> 74122 (ratio=0.111)
1395,STATE_1395,134,STATE_134,TSR state 134 overlaid onto BSR state 1395
1395,STATE_1395,134,STATE_134,victory_points province 9303 not in BSR state 1395
1395,STATE_1395,134,STATE_134,victory_points province 11371 not in BSR state 1395
1396,STATE_1396,113,Leinster,manpower distributed: 1357600 -> 169700 (ratio=0.125)
1396,STATE_1396,113,Leinster,resources distributed from TSR2 state 113 ratio=0.125
1396,STATE_1396,113,Leinster,TSR state 113 overlaid onto BSR state 1396
1396,STATE_1396,113,Leinster,victory_points province 285 not in BSR state 1396
1396,STATE_1396,113,Leinster,victory_points province 303 not in BSR state 1396
1396,STATE_1396,113,Leinster,victory_points province 11293 not in BSR state 1396
1396,STATE_1396,113,Leinster,"province building 11293 not in BSR state 1396, needs province remap"
1397,STATE_1397,119,STATE_119,manpower distributed: 1198537 -> 342439 (ratio=0.286)
1397,STATE_1397,119,STATE_119,resources distributed from TSR2 state 119 ratio=0.286
1397,STATE_1397,119,STATE_119,TSR state 119 overlaid onto BSR state 1397
1397,STATE_1397,119,STATE_119,victory_points province 3379 not in BSR state 1397
1397,STATE_1397,119,STATE_119,"province building 3379 not in BSR state 1397, needs province remap"
1398,STATE_1398,119,STATE_119,manpower distributed: 1198537 -> 171220 (ratio=0.143)
1398,STATE_1398,119,STATE_119,resources distributed from TSR2 state 119 ratio=0.143
1398,STATE_1398,119,STATE_119,TSR state 119 overlaid onto BSR state 1398
1398,STATE_1398,119,STATE_119,victory_points province 3379 not in BSR state 1398
1398,STATE_1398,119,STATE_119,victory_points province 385 not in BSR state 1398
1398,STATE_1398,119,STATE_119,"province building 3379 not in BSR state 1398, needs province remap"
1399,STATE_1399,119,STATE_119,manpower distributed: 1198537 -> 171220 (ratio=0.143)
1399,STATE_1399,119,STATE_119,resources distributed from TSR2 state 119 ratio=0.143
1399,STATE_1399,119,STATE_119,TSR state 119 overlaid onto BSR state 1399
1399,STATE_1399,119,STATE_119,victory_points province 3379 not in BSR state 1399
1399,STATE_1399,119,STATE_119,victory_points province 385 not in BSR state 1399
1399,STATE_1399,119,STATE_119,"province building 3379 not in BSR state 1399, needs province remap"
1400,STATE_1400,,,new BSR state retained without TSR overlay
1401,STATE_1401,128,STATE_128,manpower distributed: 3685235 -> 1579386 (ratio=0.429)
1401,STATE_1401,128,STATE_128,resources distributed from TSR2 state 128 ratio=0.429
1401,STATE_1401,128,STATE_128,TSR state 128 overlaid onto BSR state 1401
1401,STATE_1401,128,STATE_128,victory_points province 9297 not in BSR state 1401
1401,STATE_1401,128,STATE_128,merge owner/controller/cores copied from strongest overlap candidate; review political union manually
1402,STATE_1402,504,STATE_504,manpower distributed: 229900 -> 153267 (ratio=0.667)
1402,STATE_1402,504,STATE_504,TSR state 504 overlaid onto BSR state 1402
1402,STATE_1402,504,STATE_504,victory_points province 12951 not in BSR state 1402
1403,STATE_1403,108,STATE_108,manpower distributed: 707000 -> 141400 (ratio=0.200)
1403,STATE_1403,108,STATE_108,resources distributed from TSR2 state 108 ratio=0.200
1403,STATE_1403,108,STATE_108,TSR state 108 overlaid onto BSR state 1403
1403,STATE_1403,108,STATE_108,victory_points province 9602 not in BSR state 1403
1404,STATE_1404,104,STATE_104,manpower distributed: 1910200 -> 112365 (ratio=0.059)
1404,STATE_1404,104,STATE_104,resources distributed from TSR2 state 104 ratio=0.059
1404,STATE_1404,104,STATE_104,TSR state 104 overlaid onto BSR state 1404
1404,STATE_1404,104,STATE_104,victory_points province 6983 not in BSR state 1404
1405,Cornwall,123,STATE_123,manpower distributed: 1221013 -> 407004 (ratio=0.333)
1405,Cornwall,123,STATE_123,TSR state 123 overlaid onto BSR state 1405
1405,Cornwall,123,STATE_123,victory_points province 540 not in BSR state 1405
1405,Cornwall,123,STATE_123,"province building 540 not in BSR state 1405, needs province remap"
1406,STATE_1406,92,STATE_92,manpower distributed: 2464600 -> 547689 (ratio=0.222)
1406,STATE_1406,92,STATE_92,resources distributed from TSR2 state 92 ratio=0.222
1406,STATE_1406,92,STATE_92,TSR state 92 overlaid onto BSR state 1406
1406,STATE_1406,92,STATE_92,victory_points province 11399 not in BSR state 1406
1407,STATE_1407,408,STATE_408,manpower distributed: 841465 -> 773238 (ratio=0.919)
1407,STATE_1407,408,STATE_408,resources distributed from TSR2 state 408 ratio=0.919
1407,STATE_1407,408,STATE_408,TSR state 408 overlaid onto BSR state 1407
1407,STATE_1407,408,STATE_408,victory_points province 957 not in BSR state 1407
1407,STATE_1407,408,STATE_408,"province building 957 not in BSR state 1407, needs province remap"
1408,STATE_1408,5,STATE_5,manpower distributed: 1238108 -> 112555 (ratio=0.091)
1408,STATE_1408,5,STATE_5,TSR state 5 overlaid onto BSR state 1408
1408,STATE_1408,5,STATE_5,victory_points province 6375 not in BSR state 1408
1409,STATE_1409,5,STATE_5,manpower distributed: 1238108 -> 225111 (ratio=0.182)
1409,STATE_1409,5,STATE_5,TSR state 5 overlaid onto BSR state 1409
1409,STATE_1409,5,STATE_5,victory_points province 6375 not in BSR state 1409
1410,STATE_1410,,,new BSR state retained without TSR overlay
1411,STATE_1411,,,new BSR state retained without TSR overlay
1412,STATE_1412,99,STATE_99,manpower distributed: 1254177 -> 456064 (ratio=0.364)
1412,STATE_1412,99,STATE_99,TSR state 99 overlaid onto BSR state 1412
1412,STATE_1412,99,STATE_99,victory_points province 6235 not in BSR state 1412
1412,STATE_1412,99,STATE_99,victory_points province 6364 not in BSR state 1412
1412,STATE_1412,99,STATE_99,"province building 394 not in BSR state 1412, needs province remap"
1412,STATE_1412,99,STATE_99,"province building 6364 not in BSR state 1412, needs province remap"
1413,STATE_1413,99,STATE_99,manpower distributed: 1254177 -> 228032 (ratio=0.182)
1413,STATE_1413,99,STATE_99,TSR state 99 overlaid onto BSR state 1413
1413,STATE_1413,99,STATE_99,victory_points province 6235 not in BSR state 1413
1413,STATE_1413,99,STATE_99,victory_points province 6364 not in BSR state 1413
1413,STATE_1413,99,STATE_99,victory_points province 3277 not in BSR state 1413
1413,STATE_1413,99,STATE_99,victory_points province 399 not in BSR state 1413
1413,STATE_1413,99,STATE_99,victory_points province 3206 not in BSR state 1413
1413,STATE_1413,99,STATE_99,"province building 399 not in BSR state 1413, needs province remap"
1413,STATE_1413,99,STATE_99,"province building 6364 not in BSR state 1413, needs province remap"
1414,STATE_1414,,,new BSR state retained without TSR overlay
1415,STATE_1415,50,Württemberg,manpower distributed: 3076854 -> 256404 (ratio=0.083)
1415,STATE_1415,50,Württemberg,resources distributed from TSR2 state 50 ratio=0.083
1415,STATE_1415,50,Württemberg,TSR state 50 overlaid onto BSR state 1415
1415,STATE_1415,50,Württemberg,victory_points province 9517 not in BSR state 1415
1415,STATE_1415,50,Württemberg,victory_points province 11499 not in BSR state 1415
1416,STATE_1416,,,new BSR state retained without TSR overlay
1417,STATE_1417,,,new BSR state retained without TSR overlay
1418,STATE_1418,473,STATE_473,manpower distributed: 638165 -> 87022 (ratio=0.136)
1418,STATE_1418,473,STATE_473,resources distributed from TSR2 state 473 ratio=0.136
1418,STATE_1418,473,STATE_473,TSR state 473 overlaid onto BSR state 1418
1418,STATE_1418,473,STATE_473,victory_points province 1408 not in BSR state 1418
1418,STATE_1418,473,STATE_473,"province building 1408 not in BSR state 1418, needs province remap"
1419,STATE_1419,471,STATE_471,manpower distributed: 27681 -> 9227 (ratio=0.333)
1419,STATE_1419,471,STATE_471,TSR state 471 overlaid onto BSR state 1419
1419,STATE_1419,471,STATE_471,"province building 10548 not in BSR state 1419, needs province remap"
1419,STATE_1419,471,STATE_471,merge owner/controller/cores copied from strongest overlap candidate; review political union manually
1420,STATE_1420,,,new BSR state retained without TSR overlay
1421,STATE_1421,104,STATE_104,manpower distributed: 1910200 -> 337094 (ratio=0.176)
1421,STATE_1421,104,STATE_104,resources distributed from TSR2 state 104 ratio=0.176
1421,STATE_1421,104,STATE_104,TSR state 104 overlaid onto BSR state 1421
1421,STATE_1421,104,STATE_104,victory_points province 11899 not in BSR state 1421
1421,STATE_1421,104,STATE_104,victory_points province 6983 not in BSR state 1421
1422,STATE_1422,127,Sussex,manpower distributed: 3193383 -> 532230 (ratio=0.167)
1422,STATE_1422,127,Sussex,resources distributed from TSR2 state 127 ratio=0.167
1422,STATE_1422,127,Sussex,TSR state 127 overlaid onto BSR state 1422
1422,STATE_1422,127,Sussex,victory_points province 9458 not in BSR state 1422
1422,STATE_1422,127,Sussex,"province building 9458 not in BSR state 1422, needs province remap"
1423,STATE_1423,971,Northern Dobruja,manpower distributed: 490000 -> 122500 (ratio=0.250)
1423,STATE_1423,971,Northern Dobruja,TSR state 971 overlaid onto BSR state 1423
1423,STATE_1423,971,Northern Dobruja,"province building 687 not in BSR state 1423, needs province remap"
1424,STATE_1424,807,STATE_807,manpower distributed: 713370 -> 89171 (ratio=0.125)
1424,STATE_1424,807,STATE_807,TSR state 807 overlaid onto BSR state 1424
1424,STATE_1424,807,STATE_807,victory_points province 9263 not in BSR state 1424
1424,STATE_1424,807,STATE_807,victory_points province 3295 not in BSR state 1424
1424,STATE_1424,807,STATE_807,"province building 9263 not in BSR state 1424, needs province remap"
1425,STATE_1425,807,STATE_807,manpower distributed: 713370 -> 89171 (ratio=0.125)
1425,STATE_1425,807,STATE_807,TSR state 807 overlaid onto BSR state 1425
1425,STATE_1425,807,STATE_807,victory_points province 3295 not in BSR state 1425
1425,STATE_1425,807,STATE_807,victory_points province 279 not in BSR state 1425
1426,STATE_1426,86,STATE_86,manpower distributed: 2106500 -> 234056 (ratio=0.111)
1426,STATE_1426,86,STATE_86,TSR state 86 overlaid onto BSR state 1426
1426,STATE_1426,86,STATE_86,victory_points province 6558 not in BSR state 1426
1426,STATE_1426,86,STATE_86,"province building 11232 not in BSR state 1426, needs province remap"
1426,STATE_1426,86,STATE_86,"province building 9532 not in BSR state 1426, needs province remap"
1426,STATE_1426,86,STATE_86,"province building 3381 not in BSR state 1426, needs province remap"
1427,STATE_1427,185,STATE_185,manpower distributed: 760900 -> 63408 (ratio=0.083)
1427,STATE_1427,185,STATE_185,resources distributed from TSR2 state 185 ratio=0.083
1427,STATE_1427,185,STATE_185,TSR state 185 overlaid onto BSR state 1427
1427,STATE_1427,185,STATE_185,victory_points province 10203 not in BSR state 1427
1427,STATE_1427,185,STATE_185,victory_points province 3914 not in BSR state 1427
1427,STATE_1427,185,STATE_185,victory_points province 1205 not in BSR state 1427
1427,STATE_1427,185,STATE_185,"province building 9805 not in BSR state 1427, needs province remap"
1428,STATE_1428,731,STATE_731,manpower distributed: 1155700 -> 256822 (ratio=0.222)
1428,STATE_1428,731,STATE_731,resources distributed from TSR2 state 731 ratio=0.222
1428,STATE_1428,731,STATE_731,TSR state 731 overlaid onto BSR state 1428
1428,STATE_1428,731,STATE_731,victory_points province 11818 not in BSR state 1428
1428,STATE_1428,731,STATE_731,"province building 11818 not in BSR state 1428, needs province remap"
1429,STATE_1429,,,new BSR state retained without TSR overlay
1430,STATE_1430,29,STATE_29,manpower distributed: 2976400 -> 372050 (ratio=0.125)
1430,STATE_1430,29,STATE_29,resources distributed from TSR2 state 29 ratio=0.125
1430,STATE_1430,29,STATE_29,TSR state 29 overlaid onto BSR state 1430
1430,STATE_1430,29,STATE_29,victory_points province 575 not in BSR state 1430
1430,STATE_1430,29,STATE_29,victory_points province 11548 not in BSR state 1430
1430,STATE_1430,29,STATE_29,"province building 575 not in BSR state 1430, needs province remap"
1430,STATE_1430,29,STATE_29,"province building 11606 not in BSR state 1430, needs province remap"
1430,STATE_1430,29,STATE_29,"province building 6504 not in BSR state 1430, needs province remap"
1430,STATE_1430,29,STATE_29,"province building 3476 not in BSR state 1430, needs province remap"
1430,STATE_1430,29,STATE_29,"province building 9500 not in BSR state 1430, needs province remap"
1431,STATE_1431,155,North Transdanubia,manpower distributed: 1465070 -> 146507 (ratio=0.100)
1431,STATE_1431,155,North Transdanubia,resources distributed from TSR2 state 155 ratio=0.100
1431,STATE_1431,155,North Transdanubia,TSR state 155 overlaid onto BSR state 1431
1431,STATE_1431,155,North Transdanubia,victory_points province 6720 not in BSR state 1431
1431,STATE_1431,155,North Transdanubia,victory_points province 686 not in BSR state 1431
1431,STATE_1431,155,North Transdanubia,merge owner/controller/cores copied from strongest overlap candidate; review political union manually
1432,STATE_1432,55,STATE_55,manpower distributed: 3798235 -> 542605 (ratio=0.143)
1432,STATE_1432,55,STATE_55,resources distributed from TSR2 state 55 ratio=0.143
1432,STATE_1432,55,STATE_55,TSR state 55 overlaid onto BSR state 1432
1432,STATE_1432,55,STATE_55,victory_points province 6488 not in BSR state 1432
1432,STATE_1432,55,STATE_55,victory_points province 564 not in BSR state 1432
1432,STATE_1432,55,STATE_55,victory_points province 11560 not in BSR state 1432
1433,STATE_1433,94,STATE_94,manpower distributed: 1232200 -> 231038 (ratio=0.188)
1433,STATE_1433,94,STATE_94,TSR state 94 overlaid onto BSR state 1433
1433,STATE_1433,94,STATE_94,victory_points province 3392 not in BSR state 1433
1433,STATE_1433,94,STATE_94,victory_points province 560 not in BSR state 1433
1434,STATE_1434,93,STATE_93,manpower distributed: 1985600 -> 397120 (ratio=0.200)
1434,STATE_1434,93,STATE_93,TSR state 93 overlaid onto BSR state 1434
1434,STATE_1434,93,STATE_93,victory_points province 6557 not in BSR state 1434
1434,STATE_1434,93,STATE_93,victory_points province 422 not in BSR state 1434
1435,STATE_1435,6,Flanders,manpower distributed: 2947700 -> 736925 (ratio=0.250)
1435,STATE_1435,6,Flanders,resources distributed from TSR2 state 6 ratio=0.250
1435,STATE_1435,6,Flanders,TSR state 6 overlaid onto BSR state 1435
1435,STATE_1435,6,Flanders,victory_points province 6560 not in BSR state 1435
1435,STATE_1435,6,Flanders,victory_points province 3576 not in BSR state 1435
1435,STATE_1435,6,Flanders,"province building 6560 not in BSR state 1435, needs province remap"
1436,STATE_1436,28,Alsace-Lorraine,manpower distributed: 1915600 -> 478900 (ratio=0.250)
1436,STATE_1436,28,Alsace-Lorraine,resources distributed from TSR2 state 28 ratio=0.250
1436,STATE_1436,28,Alsace-Lorraine,TSR state 28 overlaid onto BSR state 1436
1436,STATE_1436,28,Alsace-Lorraine,victory_points province 678 not in BSR state 1436
1436,STATE_1436,28,Alsace-Lorraine,victory_points province 9503 not in BSR state 1436
1436,STATE_1436,28,Alsace-Lorraine,victory_points province 9559 not in BSR state 1436
1436,STATE_1436,28,Alsace-Lorraine,"province building 678 not in BSR state 1436, needs province remap"
1436,STATE_1436,28,Alsace-Lorraine,"province building 9559 not in BSR state 1436, needs province remap"
1437,STATE_1437,230,STATE_230,manpower distributed: 1250082 -> 250016 (ratio=0.200)
1437,STATE_1437,230,STATE_230,TSR state 230 overlaid onto BSR state 1437
1437,STATE_1437,230,STATE_230,victory_points province 12320 not in BSR state 1437
1437,STATE_1437,230,STATE_230,victory_points province 12441 not in BSR state 1437
1438,STATE_1438,189,STATE_189,manpower distributed: 697100 -> 116183 (ratio=0.167)
1438,STATE_1438,189,STATE_189,resources distributed from TSR2 state 189 ratio=0.167
1438,STATE_1438,189,STATE_189,TSR state 189 overlaid onto BSR state 1438
1438,STATE_1438,189,STATE_189,victory_points province 9483 not in BSR state 1438
1439,STATE_1439,847,STATE_847,manpower distributed: 178429 -> 44607 (ratio=0.250)
1439,STATE_1439,847,STATE_847,TSR state 847 overlaid onto BSR state 1439
1440,STATE_1440,,,new BSR state retained without TSR overlay
1441,STATE_1441,95,STATE_95,manpower distributed: 1598900 -> 145355 (ratio=0.091)
1441,STATE_1441,95,STATE_95,TSR state 95 overlaid onto BSR state 1441
1441,STATE_1441,95,STATE_95,victory_points province 9304 not in BSR state 1441
1442,STATE_1442,486,STATE_486,manpower distributed: 213160 -> 30451 (ratio=0.143)
1442,STATE_1442,486,STATE_486,TSR state 486 overlaid onto BSR state 1442
1443,STATE_1443,763,STATE_763,manpower distributed: 2140234 -> 356706 (ratio=0.167)
1443,STATE_1443,763,STATE_763,TSR state 763 overlaid onto BSR state 1443
1443,STATE_1443,763,STATE_763,victory_points province 6332 not in BSR state 1443
1443,STATE_1443,763,STATE_763,"province building 6332 not in BSR state 1443, needs province remap"
1444,STATE_1444,227,STATE_227,manpower distributed: 3767336 -> 753467 (ratio=0.200)
1444,STATE_1444,227,STATE_227,resources distributed from TSR2 state 227 ratio=0.200
1444,STATE_1444,227,STATE_227,TSR state 227 overlaid onto BSR state 1444
1444,STATE_1444,227,STATE_227,victory_points province 6474 not in BSR state 1444
1444,STATE_1444,227,STATE_227,merge owner/controller/cores copied from strongest overlap candidate; review political union manually
1445,STATE_1445,228,Voroshilovgrad,manpower distributed: 2167411 -> 216741 (ratio=0.100)
1445,STATE_1445,228,Voroshilovgrad,TSR state 228 overlaid onto BSR state 1445
1445,STATE_1445,228,Voroshilovgrad,victory_points province 9461 not in BSR state 1445
1446,STATE_1446,225,Sumy,manpower distributed: 1338280 -> 121662 (ratio=0.091)
1446,STATE_1446,225,Sumy,TSR state 225 overlaid onto BSR state 1446
1446,STATE_1446,225,Sumy,victory_points province 3520 not in BSR state 1446
1446,STATE_1446,225,Sumy,victory_points province 9566 not in BSR state 1446
1447,STATE_1447,50,Württemberg,manpower distributed: 3076854 -> 512809 (ratio=0.167)
1447,STATE_1447,50,Württemberg,resources distributed from TSR2 state 50 ratio=0.167
1447,STATE_1447,50,Württemberg,TSR state 50 overlaid onto BSR state 1447
1447,STATE_1447,50,Württemberg,victory_points province 9517 not in BSR state 1447
1447,STATE_1447,50,Württemberg,victory_points province 11499 not in BSR state 1447
1448,STATE_1448,818,STATE_818,manpower distributed: 149000 -> 12417 (ratio=0.083)
1448,STATE_1448,818,STATE_818,TSR state 818 overlaid onto BSR state 1448
1448,STATE_1448,818,STATE_818,victory_points province 7843 not in BSR state 1448
1449,STATE_1449,,,new BSR state retained without TSR overlay
1450,STATE_1450,102,STATE_102,manpower distributed: 811050 -> 162210 (ratio=0.200)
1450,STATE_1450,102,STATE_102,TSR state 102 overlaid onto BSR state 1450
1450,STATE_1450,102,STATE_102,victory_points province 665 not in BSR state 1450
1451,STATE_1451,,,new BSR state retained without TSR overlay
1452,STATE_1452,,,new BSR state retained without TSR overlay
1453,STATE_1453,47,Thessaly,manpower distributed: 2312500 -> 770833 (ratio=0.333)
1453,STATE_1453,47,Thessaly,resources distributed from TSR2 state 47 ratio=0.333
1453,STATE_1453,47,Thessaly,TSR state 47 overlaid onto BSR state 1453
1453,STATE_1453,47,Thessaly,victory_points province 4109 not in BSR state 1453
1453,STATE_1453,47,Thessaly,victory_points province 7127 not in BSR state 1453
1453,STATE_1453,47,Thessaly,victory_points province 3988 not in BSR state 1453
1453,STATE_1453,47,Thessaly,"province building 4109 not in BSR state 1453, needs province remap"
1454,STATE_1454,12,STATE_12,resources distributed from TSR2 state 12 ratio=1.000
1454,STATE_1454,12,STATE_12,TSR state 12 overlaid onto BSR state 1454
1454,STATE_1454,12,STATE_12,merge owner/controller/cores copied from strongest overlap candidate; review political union manually
1455,STATE_1455,199,STATE_199,manpower distributed: 1424022 -> 474674 (ratio=0.333)
1455,STATE_1455,199,STATE_199,TSR state 199 overlaid onto BSR state 1455
1455,STATE_1455,199,STATE_199,victory_points province 3457 not in BSR state 1455
1455,STATE_1455,199,STATE_199,merge owner/controller/cores copied from strongest overlap candidate; review political union manually
1456,STATE_1456,362,STATE_362,manpower distributed: 2249080 -> 124949 (ratio=0.056)
1456,STATE_1456,362,STATE_362,resources distributed from TSR2 state 362 ratio=0.056
1456,STATE_1456,362,STATE_362,TSR state 362 overlaid onto BSR state 1456
1456,STATE_1456,362,STATE_362,victory_points province 788 not in BSR state 1456
1456,STATE_1456,362,STATE_362,victory_points province 10412 not in BSR state 1456
1456,STATE_1456,362,STATE_362,"province building 788 not in BSR state 1456, needs province remap"
1457,STATE_1457,153,STATE_153,manpower distributed: 1500986 -> 166776 (ratio=0.111)
1457,STATE_1457,153,STATE_153,TSR state 153 overlaid onto BSR state 1457
1457,STATE_1457,153,STATE_153,victory_points province 673 not in BSR state 1457
1458,STATE_1458,102,STATE_102,manpower distributed: 811050 -> 162210 (ratio=0.200)
1458,STATE_1458,102,STATE_102,TSR state 102 overlaid onto BSR state 1458
1459,STATE_1459,584,STATE_584,manpower distributed: 931458 -> 71651 (ratio=0.077)
1459,STATE_1459,584,STATE_584,TSR state 584 overlaid onto BSR state 1459
1459,STATE_1459,584,STATE_584,victory_points province 12333 not in BSR state 1459
1460,STATE_1460,584,STATE_584,manpower distributed: 931458 -> 143301 (ratio=0.154)
1460,STATE_1460,584,STATE_584,TSR state 584 overlaid onto BSR state 1460
1460,STATE_1460,584,STATE_584,victory_points province 12333 not in BSR state 1460
1461,STATE_1461,584,STATE_584,manpower distributed: 931458 -> 71651 (ratio=0.077)
1461,STATE_1461,584,STATE_584,TSR state 584 overlaid onto BSR state 1461
1461,STATE_1461,584,STATE_584,victory_points province 12333 not in BSR state 1461
1462,STATE_1462,584,STATE_584,manpower distributed: 931458 -> 394078 (ratio=0.423)
1462,STATE_1462,584,STATE_584,TSR state 584 overlaid onto BSR state 1462
1462,STATE_1462,584,STATE_584,victory_points province 12333 not in BSR state 1462
1462,STATE_1462,584,STATE_584,merge owner/controller/cores copied from strongest overlap candidate; review political union manually
1463,STATE_1463,405,Tashkent,manpower distributed: 4137910 -> 827582 (ratio=0.200)
1463,STATE_1463,405,Tashkent,TSR state 405 overlaid onto BSR state 1463
1463,STATE_1463,405,Tashkent,victory_points province 1459 not in BSR state 1463
1463,STATE_1463,405,Tashkent,victory_points province 10488 not in BSR state 1463
1463,STATE_1463,405,Tashkent,merge owner/controller/cores copied from strongest overlap candidate; review political union manually
1464,STATE_1464,830,Bukhara,manpower distributed: 2189596 -> 1970636 (ratio=0.900)
1464,STATE_1464,830,Bukhara,TSR state 830 overlaid onto BSR state 1464
1465,STATE_1465,832,STATE_832,manpower distributed: 133065 -> 99799 (ratio=0.750)
1465,STATE_1465,832,STATE_832,TSR state 832 overlaid onto BSR state 1465
1466,STATE_1466,584,STATE_584,manpower distributed: 931458 -> 107476 (ratio=0.115)
1466,STATE_1466,584,STATE_584,TSR state 584 overlaid onto BSR state 1466
1466,STATE_1466,584,STATE_584,victory_points province 12333 not in BSR state 1466
1467,STATE_1467,823,Karakalpakstan,manpower distributed: 258430 -> 107679 (ratio=0.417)
1467,STATE_1467,823,Karakalpakstan,TSR state 823 overlaid onto BSR state 1467
1467,STATE_1467,823,Karakalpakstan,victory_points province 1614 not in BSR state 1467
1467,STATE_1467,823,Karakalpakstan,merge owner/controller/cores copied from strongest overlap candidate; review political union manually
1468,STATE_1468,742,STATE_742,manpower distributed: 230000 -> 76667 (ratio=0.333)
1468,STATE_1468,742,STATE_742,resources distributed from TSR2 state 742 ratio=0.333
1468,STATE_1468,742,STATE_742,TSR state 742 overlaid onto BSR state 1468
1468,STATE_1468,742,STATE_742,victory_points province 1384 not in BSR state 1468
1469,STATE_1469,404,Kyzyl Orda,manpower distributed: 447020 -> 124172 (ratio=0.278)
1469,STATE_1469,404,Kyzyl Orda,TSR state 404 overlaid onto BSR state 1469
1469,STATE_1469,404,Kyzyl Orda,victory_points province 7597 not in BSR state 1469
1469,STATE_1469,404,Kyzyl Orda,merge owner/controller/cores copied from strongest overlap candidate; review political union manually
1470,STATE_1470,206,STATE_206,manpower distributed: 1163163 -> 348949 (ratio=0.300)
1470,STATE_1470,206,STATE_206,TSR state 206 overlaid onto BSR state 1470
1470,STATE_1470,206,STATE_206,victory_points province 11370 not in BSR state 1470
1470,STATE_1470,206,STATE_206,merge owner/controller/cores copied from strongest overlap candidate; review political union manually
1471,Mozyr,194,Mozyr,manpower distributed: 934632 -> 186926 (ratio=0.200)
1471,Mozyr,194,Mozyr,TSR state 194 overlaid onto BSR state 1471
1472,STATE_1472,52,STATE_52,manpower distributed: 2679413 -> 223284 (ratio=0.083)
1472,STATE_1472,52,STATE_52,resources distributed from TSR2 state 52 ratio=0.083
1472,STATE_1472,52,STATE_52,TSR state 52 overlaid onto BSR state 1472
1472,STATE_1472,52,STATE_52,victory_points province 692 not in BSR state 1472
1472,STATE_1472,52,STATE_52,victory_points province 708 not in BSR state 1472
1473,STATE_1473,59,STATE_59,manpower distributed: 2438286 -> 1490064 (ratio=0.611)
1473,STATE_1473,59,STATE_59,resources distributed from TSR2 state 59 ratio=0.611
1473,STATE_1473,59,STATE_59,TSR state 59 overlaid onto BSR state 1473
1473,STATE_1473,59,STATE_59,victory_points province 3326 not in BSR state 1473
1473,STATE_1473,59,STATE_59,victory_points province 374 not in BSR state 1473
1473,STATE_1473,59,STATE_59,"province building 6325 not in BSR state 1473, needs province remap"
1473,STATE_1473,59,STATE_59,"province building 374 not in BSR state 1473, needs province remap"
1474,STATE_1474,1004,STATE_1004,manpower distributed: 353246 -> 235497 (ratio=0.667)
1474,STATE_1474,1004,STATE_1004,TSR state 1004 overlaid onto BSR state 1474
1474,STATE_1474,1004,STATE_1004,merge owner/controller/cores copied from strongest overlap candidate; review political union manually
1475,STATE_1475,266,Tehran,manpower distributed: 3446250 -> 2757000 (ratio=0.800)
1475,STATE_1475,266,Tehran,resources distributed from TSR2 state 266 ratio=0.800
1475,STATE_1475,266,Tehran,TSR state 266 overlaid onto BSR state 1475
1475,STATE_1475,266,Tehran,victory_points province 10837 not in BSR state 1475
1476,STATE_1476,,,new BSR state retained without TSR overlay
1477,STATE_1477,588,Semipalatinsk,manpower distributed: 429213 -> 21461 (ratio=0.050)
1477,STATE_1477,588,Semipalatinsk,resources distributed from TSR2 state 588 ratio=0.050
1477,STATE_1477,588,Semipalatinsk,TSR state 588 overlaid onto BSR state 1477
1477,STATE_1477,588,Semipalatinsk,victory_points province 12594 not in BSR state 1477
1478,STATE_1478,14,STATE_14,manpower distributed: 2396600 -> 239660 (ratio=0.100)
1478,STATE_1478,14,STATE_14,TSR state 14 overlaid onto BSR state 1478
1478,STATE_1478,14,STATE_14,victory_points province 6536 not in BSR state 1478
1478,STATE_1478,14,STATE_14,victory_points province 9495 not in BSR state 1478
1478,STATE_1478,14,STATE_14,"province building 6536 not in BSR state 1478, needs province remap"
1478,STATE_1478,14,STATE_14,"province building 9510 not in BSR state 1478, needs province remap"
1479,STATE_1479,678,STATE_678,manpower distributed: 42 -> 10 (ratio=0.250)
1479,STATE_1479,678,STATE_678,TSR state 678 overlaid onto BSR state 1479
1480,STATE_1480,302,STATE_302,manpower distributed: 2044500 -> 146036 (ratio=0.071)
1480,STATE_1480,302,STATE_302,resources distributed from TSR2 state 302 ratio=0.071
1480,STATE_1480,302,STATE_302,TSR state 302 overlaid onto BSR state 1480
1480,STATE_1480,302,STATE_302,victory_points province 5230 not in BSR state 1480
1480,STATE_1480,302,STATE_302,victory_points province 12930 not in BSR state 1480
1481,STATE_1481,503,STATE_503,manpower distributed: 961350 -> 240338 (ratio=0.250)
1481,STATE_1481,503,STATE_503,resources distributed from TSR2 state 503 ratio=0.250
1481,STATE_1481,503,STATE_503,TSR state 503 overlaid onto BSR state 1481
1481,STATE_1481,503,STATE_503,victory_points province 4548 not in BSR state 1481
1481,STATE_1481,503,STATE_503,victory_points province 10405 not in BSR state 1481
1482,STATE_1482,29,STATE_29,manpower distributed: 2976400 -> 372050 (ratio=0.125)
1482,STATE_1482,29,STATE_29,resources distributed from TSR2 state 29 ratio=0.125
1482,STATE_1482,29,STATE_29,TSR state 29 overlaid onto BSR state 1482
1482,STATE_1482,29,STATE_29,victory_points province 575 not in BSR state 1482
1482,STATE_1482,29,STATE_29,victory_points province 11483 not in BSR state 1482
1482,STATE_1482,29,STATE_29,"province building 575 not in BSR state 1482, needs province remap"
1482,STATE_1482,29,STATE_29,"province building 11606 not in BSR state 1482, needs province remap"
1482,STATE_1482,29,STATE_29,"province building 6504 not in BSR state 1482, needs province remap"
1482,STATE_1482,29,STATE_29,"province building 3476 not in BSR state 1482, needs province remap"
1482,STATE_1482,29,STATE_29,"province building 9500 not in BSR state 1482, needs province remap"
1483,STATE_1483,,,new BSR state retained without TSR overlay
1484,STATE_1484,939,STATE_939,TSR state 939 overlaid onto BSR state 1484
1484,STATE_1484,939,STATE_939,victory_points province 5214 not in BSR state 1484
1485,STATE_1485,94,STATE_94,manpower distributed: 1232200 -> 77012 (ratio=0.062)
1485,STATE_1485,94,STATE_94,TSR state 94 overlaid onto BSR state 1485
1485,STATE_1485,94,STATE_94,victory_points province 3392 not in BSR state 1485
1485,STATE_1485,94,STATE_94,victory_points province 560 not in BSR state 1485
1486,STATE_1486,212,STATE_212,manpower distributed: 1814936 -> 164994 (ratio=0.091)
1486,STATE_1486,212,STATE_212,resources distributed from TSR2 state 212 ratio=0.091
1486,STATE_1486,212,STATE_212,TSR state 212 overlaid onto BSR state 1486
1486,STATE_1486,212,STATE_212,victory_points province 6923 not in BSR state 1486
1486,STATE_1486,212,STATE_212,victory_points province 6814 not in BSR state 1486
1486,STATE_1486,212,STATE_212,victory_points province 9862 not in BSR state 1486
1487,STATE_1487,229,STATE_229,manpower distributed: 2881049 -> 169473 (ratio=0.059)
1487,STATE_1487,229,STATE_229,resources distributed from TSR2 state 229 ratio=0.059
1487,STATE_1487,229,STATE_229,TSR state 229 overlaid onto BSR state 1487
1487,STATE_1487,229,STATE_229,victory_points province 11674 not in BSR state 1487
1488,STATE_1488,859,STATE_859,manpower distributed: 440000 -> 110000 (ratio=0.250)
1488,STATE_1488,859,STATE_859,resources distributed from TSR2 state 859 ratio=0.250
1488,STATE_1488,859,STATE_859,TSR state 859 overlaid onto BSR state 1488
1488,STATE_1488,859,STATE_859,victory_points province 12702 not in BSR state 1488
1488,STATE_1488,859,STATE_859,"province building 12702 not in BSR state 1488, needs province remap"
1489,STATE_1489,405,Tashkent,manpower distributed: 4137910 -> 827582 (ratio=0.200)
1489,STATE_1489,405,Tashkent,TSR state 405 overlaid onto BSR state 1489
1489,STATE_1489,405,Tashkent,victory_points province 1459 not in BSR state 1489
1490,STATE_1490,202,STATE_202,manpower distributed: 2495352 -> 453700 (ratio=0.182)
1490,STATE_1490,202,STATE_202,resources distributed from TSR2 state 202 ratio=0.182
1490,STATE_1490,202,STATE_202,TSR state 202 overlaid onto BSR state 1490
1490,STATE_1490,202,STATE_202,victory_points province 525 not in BSR state 1490
1490,STATE_1490,202,STATE_202,merge owner/controller/cores copied from strongest overlap candidate; review political union manually
1491,STATE_1491,202,STATE_202,manpower distributed: 2495352 -> 453700 (ratio=0.182)
1491,STATE_1491,202,STATE_202,resources distributed from TSR2 state 202 ratio=0.182
1491,STATE_1491,202,STATE_202,TSR state 202 overlaid onto BSR state 1491
1491,STATE_1491,202,STATE_202,victory_points province 525 not in BSR state 1491
1492,STATE_1492,900,STATE_900,manpower distributed: 1163674 -> 698204 (ratio=0.600)
1492,STATE_1492,900,STATE_900,resources distributed from TSR2 state 900 ratio=0.600
1492,STATE_1492,900,STATE_900,TSR state 900 overlaid onto BSR state 1492
1493,STATE_1493,773,Cameroon,manpower distributed: 2945782 -> 1262478 (ratio=0.429)
1493,STATE_1493,773,Cameroon,TSR state 773 overlaid onto BSR state 1493
1493,STATE_1493,773,Cameroon,victory_points province 2080 not in BSR state 1493
1494,STATE_1494,367,STATE_367,manpower distributed: 2646247 -> 330781 (ratio=0.125)
1494,STATE_1494,367,STATE_367,resources distributed from TSR2 state 367 ratio=0.125
1494,STATE_1494,367,STATE_367,TSR state 367 overlaid onto BSR state 1494
1494,STATE_1494,367,STATE_367,victory_points province 12735 not in BSR state 1494
1495,STATE_1495,370,STATE_370,manpower distributed: 2009820 -> 287117 (ratio=0.143)
1495,STATE_1495,370,STATE_370,TSR state 370 overlaid onto BSR state 1495
1496,STATE_1496,370,STATE_370,manpower distributed: 2009820 -> 430676 (ratio=0.214)
1496,STATE_1496,370,STATE_370,TSR state 370 overlaid onto BSR state 1496
1496,STATE_1496,370,STATE_370,victory_points province 4464 not in BSR state 1496
1496,STATE_1496,370,STATE_370,"province building 4464 not in BSR state 1496, needs province remap"
1497,STATE_1497,367,STATE_367,manpower distributed: 2646247 -> 1488514 (ratio=0.562)
1497,STATE_1497,367,STATE_367,resources distributed from TSR2 state 367 ratio=0.562
1497,STATE_1497,367,STATE_367,TSR state 367 overlaid onto BSR state 1497
1497,STATE_1497,367,STATE_367,victory_points province 7480 not in BSR state 1497
1497,STATE_1497,367,STATE_367,"province building 7480 not in BSR state 1497, needs province remap"
1498,STATE_1498,856,STATE_856,manpower distributed: 500000 -> 83333 (ratio=0.167)
1498,STATE_1498,856,STATE_856,TSR state 856 overlaid onto BSR state 1498
1498,STATE_1498,856,STATE_856,victory_points province 12883 not in BSR state 1498
1498,STATE_1498,856,STATE_856,victory_points province 5037 not in BSR state 1498
1498,STATE_1498,856,STATE_856,"province building 12883 not in BSR state 1498, needs province remap"
1499,STATE_1499,858,STATE_858,manpower distributed: 69 -> 17 (ratio=0.250)
1499,STATE_1499,858,STATE_858,TSR state 858 overlaid onto BSR state 1499
1500,STATE_1500,180,STATE_180,manpower distributed: 1904600 -> 1360429 (ratio=0.714)
1500,STATE_1500,180,STATE_180,resources distributed from TSR2 state 180 ratio=0.714
1500,STATE_1500,180,STATE_180,TSR state 180 overlaid onto BSR state 1500
1500,STATE_1500,180,STATE_180,victory_points province 9817 not in BSR state 1500
1500,STATE_1500,180,STATE_180,victory_points province 11673 not in BSR state 1500
1500,STATE_1500,180,STATE_180,"province building 9817 not in BSR state 1500, needs province remap"
1501,STATE_1501,795,STATE_795,manpower distributed: 729712 -> 91214 (ratio=0.125)
1501,STATE_1501,795,STATE_795,resources distributed from TSR2 state 795 ratio=0.125
1501,STATE_1501,795,STATE_795,TSR state 795 overlaid onto BSR state 1501
1501,STATE_1501,795,STATE_795,victory_points province 9869 not in BSR state 1501
1502,STATE_1502,179,STATE_179,manpower distributed: 777895 -> 86433 (ratio=0.111)
1502,STATE_1502,179,STATE_179,TSR state 179 overlaid onto BSR state 1502
1502,STATE_1502,179,STATE_179,victory_points province 3790 not in BSR state 1502
1502,STATE_1502,179,STATE_179,victory_points province 6880 not in BSR state 1502
1502,STATE_1502,179,STATE_179,victory_points province 6933 not in BSR state 1502
1502,STATE_1502,179,STATE_179,"province building 3790 not in BSR state 1502, needs province remap"
1503,STATE_1503,170,STATE_170,manpower distributed: 1417652 -> 83391 (ratio=0.059)
1503,STATE_1503,170,STATE_170,resources distributed from TSR2 state 170 ratio=0.059
1503,STATE_1503,170,STATE_170,TSR state 170 overlaid onto BSR state 1503
1503,STATE_1503,170,STATE_170,victory_points province 6902 not in BSR state 1503
1504,STATE_1504,,,new BSR state retained without TSR overlay
1505,STATE_1505,,,new BSR state retained without TSR overlay
1506,STATE_1506,58,STATE_58,manpower distributed: 3095630 -> 1031877 (ratio=0.333)
1506,STATE_1506,58,STATE_58,TSR state 58 overlaid onto BSR state 1506
1506,STATE_1506,58,STATE_58,victory_points province 6389 not in BSR state 1506
1506,STATE_1506,58,STATE_58,victory_points province 9347 not in BSR state 1506
1506,STATE_1506,58,STATE_58,"province building 6389 not in BSR state 1506, needs province remap"
1507,STATE_1507,1054,STATE_1054,manpower distributed: 690000 -> 552000 (ratio=0.800)
1507,STATE_1507,1054,STATE_1054,TSR state 1054 overlaid onto BSR state 1507
1507,STATE_1507,1054,STATE_1054,victory_points province 3696 not in BSR state 1507
1508,STATE_1508,63,STATE_63,manpower distributed: 1124417 -> 160631 (ratio=0.143)
1508,STATE_1508,63,STATE_63,resources distributed from TSR2 state 63 ratio=0.143
1508,STATE_1508,63,STATE_63,TSR state 63 overlaid onto BSR state 1508
1508,STATE_1508,63,STATE_63,victory_points province 6282 not in BSR state 1508
1508,STATE_1508,63,STATE_63,victory_points province 11372 not in BSR state 1508
1508,STATE_1508,63,STATE_63,"province building 11372 not in BSR state 1508, needs province remap"
1508,STATE_1508,63,STATE_63,"province building 6282 not in BSR state 1508, needs province remap"
1509,STATE_1509,62,STATE_62,manpower distributed: 1006221 -> 287492 (ratio=0.286)
1509,STATE_1509,62,STATE_62,TSR state 62 overlaid onto BSR state 1509
1509,STATE_1509,62,STATE_62,victory_points province 9388 not in BSR state 1509
1509,STATE_1509,62,STATE_62,victory_points province 3258 not in BSR state 1509
1510,STATE_1510,44,STATE_44,manpower distributed: 493867 -> 70552 (ratio=0.143)
1510,STATE_1510,44,STATE_44,resources distributed from TSR2 state 44 ratio=0.143
1510,STATE_1510,44,STATE_44,TSR state 44 overlaid onto BSR state 1510
1510,STATE_1510,44,STATE_44,victory_points province 9914 not in BSR state 1510
1510,STATE_1510,44,STATE_44,victory_points province 11767 not in BSR state 1510
1510,STATE_1510,44,STATE_44,victory_points province 13255 not in BSR state 1510
1510,STATE_1510,44,STATE_44,victory_points province 6900 not in BSR state 1510
1510,STATE_1510,44,STATE_44,"province building 11767 not in BSR state 1510, needs province remap"
1510,STATE_1510,44,STATE_44,"province building 13255 not in BSR state 1510, needs province remap"
1511,STATE_1511,,,new BSR state retained without TSR overlay
1512,STATE_1512,,,new BSR state retained without TSR overlay
1513,STATE_1513,47,Thessaly,manpower distributed: 2312500 -> 513889 (ratio=0.222)
1513,STATE_1513,47,Thessaly,resources distributed from TSR2 state 47 ratio=0.222
1513,STATE_1513,47,Thessaly,TSR state 47 overlaid onto BSR state 1513
1513,STATE_1513,47,Thessaly,victory_points province 4109 not in BSR state 1513
1513,STATE_1513,47,Thessaly,victory_points province 3973 not in BSR state 1513
1513,STATE_1513,47,Thessaly,victory_points province 7127 not in BSR state 1513
1513,STATE_1513,47,Thessaly,"province building 4109 not in BSR state 1513, needs province remap"
1514,STATE_1514,,,new BSR state retained without TSR overlay
1515,STATE_1515,845,STATE_845,manpower distributed: 2067296 -> 413459 (ratio=0.200)
1515,STATE_1515,845,STATE_845,resources distributed from TSR2 state 845 ratio=0.200
1515,STATE_1515,845,STATE_845,TSR state 845 overlaid onto BSR state 1515
1515,STATE_1515,845,STATE_845,victory_points province 9638 not in BSR state 1515
1515,STATE_1515,845,STATE_845,victory_points province 6666 not in BSR state 1515
1516,STATE_1516,,,new BSR state retained without TSR overlay
1517,STATE_1517,378,STATE_378,manpower distributed: 5677248 -> 99601 (ratio=0.018)
1517,STATE_1517,378,STATE_378,resources distributed from TSR2 state 378 ratio=0.018
1517,STATE_1517,378,STATE_378,TSR state 378 overlaid onto BSR state 1517
1517,STATE_1517,378,STATE_378,victory_points province 9814 not in BSR state 1517
1517,STATE_1517,378,STATE_378,victory_points province 1562 not in BSR state 1517
1517,STATE_1517,378,STATE_378,victory_points province 9671 not in BSR state 1517
1517,STATE_1517,378,STATE_378,victory_points province 9713 not in BSR state 1517
1517,STATE_1517,378,STATE_378,"province building 1562 not in BSR state 1517, needs province remap"
1517,STATE_1517,378,STATE_378,"province building 9671 not in BSR state 1517, needs province remap"
1517,STATE_1517,378,STATE_378,"province building 9814 not in BSR state 1517, needs province remap"
1517,STATE_1517,378,STATE_378,"province building 610 not in BSR state 1517, needs province remap"
1518,STATE_1518,378,STATE_378,manpower distributed: 5677248 -> 99601 (ratio=0.018)
1518,STATE_1518,378,STATE_378,resources distributed from TSR2 state 378 ratio=0.018
1518,STATE_1518,378,STATE_378,TSR state 378 overlaid onto BSR state 1518
1518,STATE_1518,378,STATE_378,victory_points province 1562 not in BSR state 1518
1518,STATE_1518,378,STATE_378,victory_points province 9671 not in BSR state 1518
1518,STATE_1518,378,STATE_378,victory_points province 9713 not in BSR state 1518
1518,STATE_1518,378,STATE_378,"province building 1562 not in BSR state 1518, needs province remap"
1518,STATE_1518,378,STATE_378,"province building 9671 not in BSR state 1518, needs province remap"
1518,STATE_1518,378,STATE_378,"province building 610 not in BSR state 1518, needs province remap"
1519,STATE_1519,42,STATE_42,manpower distributed: 3027739 -> 672831 (ratio=0.222)
1519,STATE_1519,42,STATE_42,resources distributed from TSR2 state 42 ratio=0.222
1519,STATE_1519,42,STATE_42,TSR state 42 overlaid onto BSR state 1519
1519,STATE_1519,42,STATE_42,victory_points province 11435 not in BSR state 1519
1519,STATE_1519,42,STATE_42,victory_points province 9575 not in BSR state 1519
1519,STATE_1519,42,STATE_42,victory_points province 11531 not in BSR state 1519
1520,STATE_1520,,,new BSR state retained without TSR overlay
1521,STATE_1521,,,new BSR state retained without TSR overlay
1522,STATE_1522,,,new BSR state retained without TSR overlay
1523,STATE_1523,1043,STATE_1043,TSR state 1043 overlaid onto BSR state 1523
1524,STATE_1524,515,STATE_515,manpower distributed: 1456356 -> 647269 (ratio=0.444)
1524,STATE_1524,515,STATE_515,TSR state 515 overlaid onto BSR state 1524
1525,STATE_1525,546,STATE_546,manpower distributed: 5299000 -> 1324750 (ratio=0.250)
1525,STATE_1525,546,STATE_546,resources distributed from TSR2 state 546 ratio=0.250
1525,STATE_1525,546,STATE_546,TSR state 546 overlaid onto BSR state 1525
1525,STATE_1525,546,STATE_546,victory_points province 2196 not in BSR state 1525
1525,STATE_1525,546,STATE_546,"province building 2196 not in BSR state 1525, needs province remap"
1526,STATE_1526,546,STATE_546,manpower distributed: 5299000 -> 529900 (ratio=0.100)
1526,STATE_1526,546,STATE_546,resources distributed from TSR2 state 546 ratio=0.100
1526,STATE_1526,546,STATE_546,TSR state 546 overlaid onto BSR state 1526
1526,STATE_1526,546,STATE_546,victory_points province 2196 not in BSR state 1526
1526,STATE_1526,546,STATE_546,"province building 2196 not in BSR state 1526, needs province remap"
1527,STATE_1527,771,Zambia,manpower distributed: 690045 -> 197156 (ratio=0.286)
1527,STATE_1527,771,Zambia,resources distributed from TSR2 state 771 ratio=0.286
1527,STATE_1527,771,Zambia,TSR state 771 overlaid onto BSR state 1527
1527,STATE_1527,771,Zambia,victory_points province 5199 not in BSR state 1527
1527,STATE_1527,771,Zambia,victory_points province 5221 not in BSR state 1527
1528,STATE_1528,981,Barotseland,manpower distributed: 690043 -> 517532 (ratio=0.750)
1528,STATE_1528,981,Barotseland,resources distributed from TSR2 state 981 ratio=0.750
1528,STATE_1528,981,Barotseland,TSR state 981 overlaid onto BSR state 1528
1529,STATE_1529,981,Barotseland,manpower distributed: 690043 -> 172511 (ratio=0.250)
1529,STATE_1529,981,Barotseland,resources distributed from TSR2 state 981 ratio=0.250
1529,STATE_1529,981,Barotseland,TSR state 981 overlaid onto BSR state 1529
1529,STATE_1529,981,Barotseland,victory_points province 697 not in BSR state 1529
1530,Zambia,771,Zambia,manpower distributed: 690045 -> 98578 (ratio=0.143)
1530,Zambia,771,Zambia,resources distributed from TSR2 state 771 ratio=0.143
1530,Zambia,771,Zambia,TSR state 771 overlaid onto BSR state 1530
1530,Zambia,771,Zambia,victory_points province 5199 not in BSR state 1530
1531,STATE_1531,545,STATE_545,manpower distributed: 1171336 -> 585668 (ratio=0.500)
1531,STATE_1531,545,STATE_545,TSR state 545 overlaid onto BSR state 1531
1531,STATE_1531,545,STATE_545,victory_points province 10929 not in BSR state 1531
1532,STATE_1532,495,STATE_495,manpower distributed: 159900 -> 3634 (ratio=0.023)
1532,STATE_1532,495,STATE_495,TSR state 495 overlaid onto BSR state 1532
1532,STATE_1532,495,STATE_495,victory_points province 10934 not in BSR state 1532
1532,STATE_1532,495,STATE_495,merge owner/controller/cores copied from strongest overlap candidate; review political union manually
1533,STATE_1533,,,new BSR state retained without TSR overlay
1534,STATE_1534,542,STATE_542,manpower distributed: 234000 -> 46800 (ratio=0.200)
1534,STATE_1534,542,STATE_542,resources distributed from TSR2 state 542 ratio=0.200
1534,STATE_1534,542,STATE_542,TSR state 542 overlaid onto BSR state 1534
1534,STATE_1534,542,STATE_542,victory_points province 8214 not in BSR state 1534
1535,STATE_1535,,,new BSR state retained without TSR overlay
1536,STATE_1536,542,STATE_542,manpower distributed: 234000 -> 46800 (ratio=0.200)
1536,STATE_1536,542,STATE_542,resources distributed from TSR2 state 542 ratio=0.200
1536,STATE_1536,542,STATE_542,TSR state 542 overlaid onto BSR state 1536
1537,STATE_1537,542,STATE_542,manpower distributed: 234000 -> 46800 (ratio=0.200)
1537,STATE_1537,542,STATE_542,resources distributed from TSR2 state 542 ratio=0.200
1537,STATE_1537,542,STATE_542,TSR state 542 overlaid onto BSR state 1537
1537,STATE_1537,542,STATE_542,victory_points province 8214 not in BSR state 1537
1538,STATE_1538,,,new BSR state retained without TSR overlay
1539,STATE_1539,889,STATE_889,manpower distributed: 708190 -> 303510 (ratio=0.429)
1539,STATE_1539,889,STATE_889,resources distributed from TSR2 state 889 ratio=0.429
1539,STATE_1539,889,STATE_889,TSR state 889 overlaid onto BSR state 1539
1539,STATE_1539,889,STATE_889,victory_points province 191 not in BSR state 1539
1540,STATE_1540,718,STATE_718,manpower distributed: 1656749 -> 1242562 (ratio=0.750)
1540,STATE_1540,718,STATE_718,resources distributed from TSR2 state 718 ratio=0.750
1540,STATE_1540,718,STATE_718,TSR state 718 overlaid onto BSR state 1540
1540,STATE_1540,718,STATE_718,victory_points province 1950 not in BSR state 1540
1541,STATE_1541,896,STATE_896,manpower distributed: 188600 -> 47150 (ratio=0.250)
1541,STATE_1541,896,STATE_896,TSR state 896 overlaid onto BSR state 1541
1542,STATE_1542,544,STATE_544,manpower distributed: 1226000 -> 919500 (ratio=0.750)
1542,STATE_1542,544,STATE_544,TSR state 544 overlaid onto BSR state 1542
1542,STATE_1542,544,STATE_544,victory_points province 8245 not in BSR state 1542
1542,STATE_1542,544,STATE_544,"province building 8245 not in BSR state 1542, needs province remap"
1542,STATE_1542,544,STATE_544,merge owner/controller/cores copied from strongest overlap candidate; review political union manually
1543,STATE_1543,541,STATE_541,manpower distributed: 254100 -> 84700 (ratio=0.333)
1543,STATE_1543,541,STATE_541,TSR state 541 overlaid onto BSR state 1543
1543,STATE_1543,541,STATE_541,victory_points province 4879 not in BSR state 1543
1543,STATE_1543,541,STATE_541,merge owner/controller/cores copied from strongest overlap candidate; review political union manually
1544,STATE_1544,894,STATE_894,TSR state 894 overlaid onto BSR state 1544
1544,STATE_1544,894,STATE_894,merge owner/controller/cores copied from strongest overlap candidate; review political union manually
1545,STATE_1545,998,STATE_998,manpower distributed: 966906 -> 138129 (ratio=0.143)
1545,STATE_1545,998,STATE_998,TSR state 998 overlaid onto BSR state 1545
1545,STATE_1545,998,STATE_998,victory_points province 4425 not in BSR state 1545
1546,STATE_1546,,,new BSR state retained without TSR overlay
1547,STATE_1547,,,new BSR state retained without TSR overlay
1548,STATE_1548,297,Equatorial Guinea,manpower distributed: 185000 -> 92500 (ratio=0.500)
1548,STATE_1548,297,Equatorial Guinea,TSR state 297 overlaid onto BSR state 1548
1548,STATE_1548,297,Equatorial Guinea,victory_points province 1903 not in BSR state 1548
1548,STATE_1548,297,Equatorial Guinea,"province building 1903 not in BSR state 1548, needs province remap"
1549,STATE_1549,,,new BSR state retained without TSR overlay
1550,STATE_1550,,,new BSR state retained without TSR overlay
1551,STATE_1551,,,new BSR state retained without TSR overlay
1552,STATE_1552,354,STATE_354,manpower distributed: 1031129 -> 429637 (ratio=0.417)
1552,STATE_1552,354,STATE_354,TSR state 354 overlaid onto BSR state 1552
1552,STATE_1552,354,STATE_354,victory_points province 9932 not in BSR state 1552
1552,STATE_1552,354,STATE_354,victory_points province 3979 not in BSR state 1552
1552,STATE_1552,354,STATE_354,victory_points province 9868 not in BSR state 1552
1552,STATE_1552,354,STATE_354,"province building 9932 not in BSR state 1552, needs province remap"
1553,STATE_1553,91,Lwow,manpower distributed: 3227800 -> 645560 (ratio=0.200)
1553,STATE_1553,91,Lwow,TSR state 91 overlaid onto BSR state 1553
1553,STATE_1553,91,Lwow,victory_points province 11479 not in BSR state 1553
1554,STATE_1554,976,STATE_976,manpower distributed: 1500000 -> 166667 (ratio=0.111)
1554,STATE_1554,976,STATE_976,resources distributed from TSR2 state 976 ratio=0.111
1554,STATE_1554,976,STATE_976,TSR state 976 overlaid onto BSR state 1554
1554,STATE_1554,976,STATE_976,victory_points province 9648 not in BSR state 1554
1554,STATE_1554,976,STATE_976,victory_points province 3673 not in BSR state 1554
1555,STATE_1555,93,STATE_93,manpower distributed: 1985600 -> 794240 (ratio=0.400)
1555,STATE_1555,93,STATE_93,TSR state 93 overlaid onto BSR state 1555
1555,STATE_1555,93,STATE_93,victory_points province 6557 not in BSR state 1555
1555,STATE_1555,93,STATE_93,victory_points province 422 not in BSR state 1555
1556,STATE_1556,,,new BSR state retained without TSR overlay
1557,STATE_1557,94,STATE_94,manpower distributed: 1232200 -> 231038 (ratio=0.188)
1557,STATE_1557,94,STATE_94,TSR state 94 overlaid onto BSR state 1557
1557,STATE_1557,94,STATE_94,victory_points province 3392 not in BSR state 1557
1558,STATE_1558,88,STATE_88,manpower distributed: 3692800 -> 1055086 (ratio=0.286)
1558,STATE_1558,88,STATE_88,resources distributed from TSR2 state 88 ratio=0.286
1558,STATE_1558,88,STATE_88,TSR state 88 overlaid onto BSR state 1558
1558,STATE_1558,88,STATE_88,victory_points province 9427 not in BSR state 1558
1558,STATE_1558,88,STATE_88,victory_points province 9494 not in BSR state 1558
1559,STATE_1559,36,STATE_36,manpower distributed: 2364000 -> 525333 (ratio=0.222)
1559,STATE_1559,36,STATE_36,TSR state 36 overlaid onto BSR state 1559
1559,STATE_1559,36,STATE_36,victory_points province 9363 not in BSR state 1559
1559,STATE_1559,36,STATE_36,victory_points province 9335 not in BSR state 1559
1559,STATE_1559,36,STATE_36,victory_points province 6336 not in BSR state 1559
1559,STATE_1559,36,STATE_36,"province building 6336 not in BSR state 1559, needs province remap"
1560,STATE_1560,86,STATE_86,manpower distributed: 2106500 -> 234056 (ratio=0.111)
1560,STATE_1560,86,STATE_86,TSR state 86 overlaid onto BSR state 1560
1560,STATE_1560,86,STATE_86,victory_points province 6558 not in BSR state 1560
1560,STATE_1560,86,STATE_86,"province building 9532 not in BSR state 1560, needs province remap"
1560,STATE_1560,86,STATE_86,"province building 3381 not in BSR state 1560, needs province remap"
1561,STATE_1561,807,STATE_807,manpower distributed: 713370 -> 89171 (ratio=0.125)
1561,STATE_1561,807,STATE_807,TSR state 807 overlaid onto BSR state 1561
1561,STATE_1561,807,STATE_807,victory_points province 9263 not in BSR state 1561
1561,STATE_1561,807,STATE_807,victory_points province 3295 not in BSR state 1561
1561,STATE_1561,807,STATE_807,victory_points province 279 not in BSR state 1561
1561,STATE_1561,807,STATE_807,"province building 9263 not in BSR state 1561, needs province remap"
1562,STATE_1562,463,STATE_463,manpower distributed: 67500 -> 9000 (ratio=0.133)
1562,STATE_1562,463,STATE_463,TSR state 463 overlaid onto BSR state 1562
1562,STATE_1562,463,STATE_463,victory_points province 13090 not in BSR state 1562
1562,STATE_1562,463,STATE_463,victory_points province 13091 not in BSR state 1562
1562,STATE_1562,463,STATE_463,"province building 13091 not in BSR state 1562, needs province remap"
1563,STATE_1563,784,STATE_784,manpower distributed: 517081 -> 129270 (ratio=0.250)
1563,STATE_1563,784,STATE_784,TSR state 784 overlaid onto BSR state 1563
1563,STATE_1563,784,STATE_784,victory_points province 3320 not in BSR state 1563
1564,STATE_1564,463,STATE_463,manpower distributed: 67500 -> 4500 (ratio=0.067)
1564,STATE_1564,463,STATE_463,TSR state 463 overlaid onto BSR state 1564
1564,STATE_1564,463,STATE_463,victory_points province 13090 not in BSR state 1564
1564,STATE_1564,463,STATE_463,victory_points province 13091 not in BSR state 1564
1564,STATE_1564,463,STATE_463,"province building 13091 not in BSR state 1564, needs province remap"
1565,STATE_1565,,,new BSR state retained without TSR overlay
1566,STATE_1566,377,STATE_377,manpower distributed: 435572 -> 93337 (ratio=0.214)
1566,STATE_1566,377,STATE_377,resources distributed from TSR2 state 377 ratio=0.214
1566,STATE_1566,377,STATE_377,TSR state 377 overlaid onto BSR state 1566
1566,STATE_1566,377,STATE_377,victory_points province 853 not in BSR state 1566
1567,STATE_1567,376,STATE_376,manpower distributed: 423316 -> 28221 (ratio=0.067)
1567,STATE_1567,376,STATE_376,resources distributed from TSR2 state 376 ratio=0.067
1567,STATE_1567,376,STATE_376,TSR state 376 overlaid onto BSR state 1567
1567,STATE_1567,376,STATE_376,victory_points province 4975 not in BSR state 1567
1568,STATE_1568,855,STATE_855,manpower distributed: 500000 -> 187500 (ratio=0.375)
1568,STATE_1568,855,STATE_855,TSR state 855 overlaid onto BSR state 1568
1569,Arabian Desert,457,Arabian Desert,manpower distributed: 2194 -> 1219 (ratio=0.556)
1569,Arabian Desert,457,Arabian Desert,TSR state 457 overlaid onto BSR state 1569
1569,Arabian Desert,457,Arabian Desert,victory_points province 12002 not in BSR state 1569
1570,STATE_1570,73,STATE_73,manpower distributed: 854300 -> 170860 (ratio=0.200)
1570,STATE_1570,73,STATE_73,TSR state 73 overlaid onto BSR state 1570
1570,STATE_1570,73,STATE_73,victory_points province 3548 not in BSR state 1570
1570,STATE_1570,73,STATE_73,victory_points province 11691 not in BSR state 1570
1571,STATE_1571,137,STATE_137,manpower distributed: 1061607 -> 589782 (ratio=0.556)
1571,STATE_1571,137,STATE_137,TSR state 137 overlaid onto BSR state 1571
1571,STATE_1571,137,STATE_137,victory_points province 3686 not in BSR state 1571
1571,STATE_1571,137,STATE_137,victory_points province 9680 not in BSR state 1571
1571,STATE_1571,137,STATE_137,victory_points province 6704 not in BSR state 1571
1571,STATE_1571,137,STATE_137,"province building 3686 not in BSR state 1571, needs province remap"
1571,STATE_1571,137,STATE_137,"province building 9680 not in BSR state 1571, needs province remap"
1572,STATE_1572,928,KYME,manpower distributed: 43457 -> 32593 (ratio=0.750)
1572,STATE_1572,928,KYME,TSR state 928 overlaid onto BSR state 1572
1572,STATE_1572,928,KYME,victory_points province 9183 not in BSR state 1572
1573,STATE_1573,819,STATE_819,manpower distributed: 88250 -> 6788 (ratio=0.077)
1573,STATE_1573,819,STATE_819,TSR state 819 overlaid onto BSR state 1573
1573,STATE_1573,819,STATE_819,victory_points province 12557 not in BSR state 1573
1574,STATE_1574,957,STATE_957,manpower distributed: 500000 -> 166667 (ratio=0.333)
1574,STATE_1574,957,STATE_957,resources distributed from TSR2 state 957 ratio=0.333
1574,STATE_1574,957,STATE_957,TSR state 957 overlaid onto BSR state 1574
1574,STATE_1574,957,STATE_957,victory_points province 12922 not in BSR state 1574
1574,STATE_1574,957,STATE_957,merge owner/controller/cores copied from strongest overlap candidate; review political union manually
1575,STATE_1575,513,Tlmecen,manpower distributed: 811486 -> 184429 (ratio=0.227)
1575,STATE_1575,513,Tlmecen,TSR state 513 overlaid onto BSR state 1575
1575,STATE_1575,513,Tlmecen,victory_points province 12034 not in BSR state 1575
1575,STATE_1575,513,Tlmecen,merge owner/controller/cores copied from strongest overlap candidate; review political union manually
1576,STATE_1576,950,STATE_950,manpower distributed: 1300000 -> 1040000 (ratio=0.800)
1576,STATE_1576,950,STATE_950,resources distributed from TSR2 state 950 ratio=0.800
1576,STATE_1576,950,STATE_950,TSR state 950 overlaid onto BSR state 1576
1576,STATE_1576,950,STATE_950,merge owner/controller/cores copied from strongest overlap candidate; review political union manually
1577,STATE_1577,459,Algiers,manpower distributed: 3089944 -> 2162961 (ratio=0.700)
1577,STATE_1577,459,Algiers,resources distributed from TSR2 state 459 ratio=0.700
1577,STATE_1577,459,Algiers,TSR state 459 overlaid onto BSR state 1577
1577,STATE_1577,459,Algiers,victory_points province 7132 not in BSR state 1577
1577,STATE_1577,459,Algiers,"province building 7132 not in BSR state 1577, needs province remap"
1577,STATE_1577,459,Algiers,merge owner/controller/cores copied from strongest overlap candidate; review political union manually
1578,STATE_1578,503,STATE_503,manpower distributed: 961350 -> 721012 (ratio=0.750)
1578,STATE_1578,503,STATE_503,resources distributed from TSR2 state 503 ratio=0.750
1578,STATE_1578,503,STATE_503,TSR state 503 overlaid onto BSR state 1578
1578,STATE_1578,503,STATE_503,merge owner/controller/cores copied from strongest overlap candidate; review political union manually
1579,STATE_1579,952,STATE_952,manpower distributed: 283605 -> 141802 (ratio=0.500)
1579,STATE_1579,952,STATE_952,TSR state 952 overlaid onto BSR state 1579
1579,STATE_1579,952,STATE_952,victory_points province 5228 not in BSR state 1579
1579,STATE_1579,952,STATE_952,"province building 5228 not in BSR state 1579, needs province remap"
1579,STATE_1579,952,STATE_952,merge owner/controller/cores copied from strongest overlap candidate; review political union manually
1580,STATE_1580,959,STATE_959,manpower distributed: 781311 -> 195328 (ratio=0.250)
1580,STATE_1580,959,STATE_959,TSR state 959 overlaid onto BSR state 1580
1580,STATE_1580,959,STATE_959,victory_points province 2224 not in BSR state 1580
1581,STATE_1581,17,Lorraine,manpower distributed: 1517500 -> 189688 (ratio=0.125)
1581,STATE_1581,17,Lorraine,resources distributed from TSR2 state 17 ratio=0.125
1581,STATE_1581,17,Lorraine,TSR state 17 overlaid onto BSR state 1581
1582,STATE_1582,785,STATE_785,manpower distributed: 1580000 -> 451429 (ratio=0.286)
1582,STATE_1582,785,STATE_785,resources distributed from TSR2 state 785 ratio=0.286
1582,STATE_1582,785,STATE_785,TSR state 785 overlaid onto BSR state 1582
1582,STATE_1582,785,STATE_785,victory_points province 11420 not in BSR state 1582
1583,STATE_1583,,,new BSR state retained without TSR overlay
1584,STATE_1584,,,new BSR state retained without TSR overlay
1585,STATE_1585,,,new BSR state retained without TSR overlay
1586,STATE_1586,454,Palestine,manpower distributed: 933142 -> 93314 (ratio=0.100)
1586,STATE_1586,454,Palestine,TSR state 454 overlaid onto BSR state 1586
1586,STATE_1586,454,Palestine,victory_points province 1086 not in BSR state 1586
1586,STATE_1586,454,Palestine,victory_points province 4206 not in BSR state 1586
1586,STATE_1586,454,Palestine,victory_points province 1065 not in BSR state 1586
1586,STATE_1586,454,Palestine,"province building 4206 not in BSR state 1586, needs province remap"
1587,STATE_1587,98,STATE_98,manpower distributed: 1412100 -> 156900 (ratio=0.111)
1587,STATE_1587,98,STATE_98,TSR state 98 overlaid onto BSR state 1587
1587,STATE_1587,98,STATE_98,victory_points province 3230 not in BSR state 1587
1588,STATE_1588,88,STATE_88,manpower distributed: 3692800 -> 263771 (ratio=0.071)
1588,STATE_1588,88,STATE_88,resources distributed from TSR2 state 88 ratio=0.071
1588,STATE_1588,88,STATE_88,TSR state 88 overlaid onto BSR state 1588
1588,STATE_1588,88,STATE_88,victory_points province 9427 not in BSR state 1588
1588,STATE_1588,88,STATE_88,victory_points province 442 not in BSR state 1588
1589,STATE_1589,92,STATE_92,manpower distributed: 2464600 -> 273844 (ratio=0.111)
1589,STATE_1589,92,STATE_92,resources distributed from TSR2 state 92 ratio=0.111
1589,STATE_1589,92,STATE_92,TSR state 92 overlaid onto BSR state 1589
1589,STATE_1589,92,STATE_92,victory_points province 11399 not in BSR state 1589
1590,STATE_1590,93,STATE_93,manpower distributed: 1985600 -> 198560 (ratio=0.100)
1590,STATE_1590,93,STATE_93,TSR state 93 overlaid onto BSR state 1590
1590,STATE_1590,93,STATE_93,victory_points province 6557 not in BSR state 1590
1591,STATE_1591,,,new BSR state retained without TSR overlay
1592,STATE_1592,,,new BSR state retained without TSR overlay
1593,STATE_1593,,,new BSR state retained without TSR overlay
1594,STATE_1594,101,STATE_101,manpower distributed: 18000 -> 3600 (ratio=0.200)
1594,STATE_1594,101,STATE_101,resources distributed from TSR2 state 101 ratio=0.200
1594,STATE_1594,101,STATE_101,TSR state 101 overlaid onto BSR state 1594
1594,STATE_1594,101,STATE_101,victory_points province 12512 not in BSR state 1594
1594,STATE_1594,101,STATE_101,"province building 12512 not in BSR state 1594, needs province remap"
1595,STATE_1595,184,STATE_184,manpower distributed: 382500 -> 95625 (ratio=0.250)
1595,STATE_1595,184,STATE_184,resources distributed from TSR2 state 184 ratio=0.250
1595,STATE_1595,184,STATE_184,TSR state 184 overlaid onto BSR state 1595
1595,STATE_1595,184,STATE_184,victory_points province 11905 not in BSR state 1595
1596,STATE_1596,161,STATE_161,manpower distributed: 3202401 -> 711645 (ratio=0.222)
1596,STATE_1596,161,STATE_161,resources distributed from TSR2 state 161 ratio=0.222
1596,STATE_1596,161,STATE_161,TSR state 161 overlaid onto BSR state 1596
1596,STATE_1596,161,STATE_161,victory_points province 6606 not in BSR state 1596
1596,STATE_1596,161,STATE_161,victory_points province 6793 not in BSR state 1596
1596,STATE_1596,161,STATE_161,victory_points province 9752 not in BSR state 1596
1596,STATE_1596,161,STATE_161,"province building 782 not in BSR state 1596, needs province remap"
1597,STATE_1597,276,Southern Ontario,manpower distributed: 3117017 -> 1125589 (ratio=0.361)
1597,STATE_1597,276,Southern Ontario,TSR state 276 overlaid onto BSR state 1597
1597,STATE_1597,276,Southern Ontario,victory_points province 3778 not in BSR state 1597
1598,STATE_1598,,,new BSR state retained without TSR overlay
1599,STATE_1599,88,STATE_88,manpower distributed: 3692800 -> 527543 (ratio=0.143)
1599,STATE_1599,88,STATE_88,resources distributed from TSR2 state 88 ratio=0.143
1599,STATE_1599,88,STATE_88,TSR state 88 overlaid onto BSR state 1599
1599,STATE_1599,88,STATE_88,victory_points province 9427 not in BSR state 1599
1599,STATE_1599,88,STATE_88,victory_points province 442 not in BSR state 1599
1599,STATE_1599,88,STATE_88,victory_points province 9494 not in BSR state 1599
1600,STATE_1600,763,STATE_763,manpower distributed: 2140234 -> 1070117 (ratio=0.500)
1600,STATE_1600,763,STATE_763,TSR state 763 overlaid onto BSR state 1600
1600,STATE_1600,763,STATE_763,victory_points province 6332 not in BSR state 1600
1600,STATE_1600,763,STATE_763,"province building 6332 not in BSR state 1600, needs province remap"
1601,STATE_1601,47,Thessaly,manpower distributed: 2312500 -> 256944 (ratio=0.111)
1601,STATE_1601,47,Thessaly,resources distributed from TSR2 state 47 ratio=0.111
1601,STATE_1601,47,Thessaly,TSR state 47 overlaid onto BSR state 1601
1601,STATE_1601,47,Thessaly,victory_points province 4109 not in BSR state 1601
1601,STATE_1601,47,Thessaly,victory_points province 3973 not in BSR state 1601
1601,STATE_1601,47,Thessaly,victory_points province 7127 not in BSR state 1601
1601,STATE_1601,47,Thessaly,victory_points province 3988 not in BSR state 1601
1601,STATE_1601,47,Thessaly,"province building 4109 not in BSR state 1601, needs province remap"
1601,STATE_1601,47,Thessaly,merge owner/controller/cores copied from strongest overlap candidate; review political union manually
1602,STATE_1602,94,STATE_94,manpower distributed: 1232200 -> 77012 (ratio=0.062)
1602,STATE_1602,94,STATE_94,TSR state 94 overlaid onto BSR state 1602
1602,STATE_1602,94,STATE_94,victory_points province 3392 not in BSR state 1602
1602,STATE_1602,94,STATE_94,victory_points province 560 not in BSR state 1602
1603,STATE_1603,,,new BSR state retained without TSR overlay
1604,STATE_1604,11,STATE_11,manpower distributed: 971940 -> 388776 (ratio=0.400)
1604,STATE_1604,11,STATE_11,TSR state 11 overlaid onto BSR state 1604
1604,STATE_1604,11,STATE_11,victory_points province 6296 not in BSR state 1604
1604,STATE_1604,11,STATE_11,victory_points province 9357 not in BSR state 1604
1604,STATE_1604,11,STATE_11,merge owner/controller/cores copied from strongest overlap candidate; review political union manually
1605,STATE_1605,487,STATE_487,manpower distributed: 334500 -> 30409 (ratio=0.091)
1605,STATE_1605,487,STATE_487,TSR state 487 overlaid onto BSR state 1605
1605,STATE_1605,487,STATE_487,victory_points province 2160 not in BSR state 1605
1606,STATE_1606,,,new BSR state retained without TSR overlay
1607,STATE_1607,682,STATE_682,manpower distributed: 139059 -> 5562 (ratio=0.040)
1607,STATE_1607,682,STATE_682,resources distributed from TSR2 state 682 ratio=0.040
1607,STATE_1607,682,STATE_682,TSR state 682 overlaid onto BSR state 1607
1608,STATE_1608,391,STATE_391,manpower distributed: 2563952 -> 256395 (ratio=0.100)
1608,STATE_1608,391,STATE_391,resources distributed from TSR2 state 391 ratio=0.100
1608,STATE_1608,391,STATE_391,TSR state 391 overlaid onto BSR state 1608
1608,STATE_1608,391,STATE_391,victory_points province 1866 not in BSR state 1608
1609,STATE_1609,,,new BSR state retained without TSR overlay
1610,STATE_1610,389,STATE_389,manpower distributed: 680844 -> 226948 (ratio=0.333)
1610,STATE_1610,389,STATE_389,resources distributed from TSR2 state 389 ratio=0.333
1610,STATE_1610,389,STATE_389,TSR state 389 overlaid onto BSR state 1610
1610,STATE_1610,389,STATE_389,victory_points province 1836 not in BSR state 1610
1611,STATE_1611,65,STATE_65,manpower distributed: 5592576 -> 508416 (ratio=0.091)
1611,STATE_1611,65,STATE_65,resources distributed from TSR2 state 65 ratio=0.091
1611,STATE_1611,65,STATE_65,TSR state 65 overlaid onto BSR state 1611
1611,STATE_1611,65,STATE_65,victory_points province 514 not in BSR state 1611
1611,STATE_1611,65,STATE_65,victory_points province 3535 not in BSR state 1611
1611,STATE_1611,65,STATE_65,victory_points province 9471 not in BSR state 1611
1612,STATE_1612,,,new BSR state retained without TSR overlay
1613,STATE_1613,,,new BSR state retained without TSR overlay
1614,STATE_1614,,,new BSR state retained without TSR overlay
1615,STATE_1615,371,STATE_371,manpower distributed: 2101592 -> 300227 (ratio=0.143)
1615,STATE_1615,371,STATE_371,resources distributed from TSR2 state 371 ratio=0.143
1615,STATE_1615,371,STATE_371,TSR state 371 overlaid onto BSR state 1615
1615,STATE_1615,371,STATE_371,victory_points province 7552 not in BSR state 1615
1615,STATE_1615,371,STATE_371,"province building 7552 not in BSR state 1615, needs province remap"
1616,STATE_1616,375,STATE_375,manpower distributed: 5824712 -> 356615 (ratio=0.061)
1616,STATE_1616,375,STATE_375,resources distributed from TSR2 state 375 ratio=0.061
1616,STATE_1616,375,STATE_375,TSR state 375 overlaid onto BSR state 1616
1616,STATE_1616,375,STATE_375,victory_points province 10337 not in BSR state 1616
1616,STATE_1616,375,STATE_375,victory_points province 3960 not in BSR state 1616
1616,STATE_1616,375,STATE_375,victory_points province 12782 not in BSR state 1616
1616,STATE_1616,375,STATE_375,"province building 10337 not in BSR state 1616, needs province remap"
1616,STATE_1616,375,STATE_375,"province building 6785 not in BSR state 1616, needs province remap"
1617,STATE_1617,66,STATE_66,manpower distributed: 3052726 -> 508788 (ratio=0.167)
1617,STATE_1617,66,STATE_66,resources distributed from TSR2 state 66 ratio=0.167
1617,STATE_1617,66,STATE_66,TSR state 66 overlaid onto BSR state 1617
1617,STATE_1617,66,STATE_66,victory_points province 9570 not in BSR state 1617
1617,STATE_1617,66,STATE_66,victory_points province 552 not in BSR state 1617
1618,STATE_1618,371,STATE_371,manpower distributed: 2101592 -> 150114 (ratio=0.071)
1618,STATE_1618,371,STATE_371,resources distributed from TSR2 state 371 ratio=0.071
1618,STATE_1618,371,STATE_371,TSR state 371 overlaid onto BSR state 1618
1619,STATE_1619,206,STATE_206,manpower distributed: 1163163 -> 232633 (ratio=0.200)
1619,STATE_1619,206,STATE_206,TSR state 206 overlaid onto BSR state 1619
1619,STATE_1619,206,STATE_206,victory_points province 11370 not in BSR state 1619
1619,STATE_1619,206,STATE_206,victory_points province 9289 not in BSR state 1619
1619,STATE_1619,206,STATE_206,merge owner/controller/cores copied from strongest overlap candidate; review political union manually
1620,STATE_1620,207,STATE_207,manpower distributed: 1217854 -> 110714 (ratio=0.091)
1620,STATE_1620,207,STATE_207,TSR state 207 overlaid onto BSR state 1620
1620,STATE_1620,207,STATE_207,victory_points province 11241 not in BSR state 1620
1621,STATE_1621,463,STATE_463,manpower distributed: 67500 -> 13500 (ratio=0.200)
1621,STATE_1621,463,STATE_463,TSR state 463 overlaid onto BSR state 1621
1621,STATE_1621,463,STATE_463,victory_points province 13090 not in BSR state 1621
1621,STATE_1621,463,STATE_463,victory_points province 13091 not in BSR state 1621
1621,STATE_1621,463,STATE_463,"province building 13091 not in BSR state 1621, needs province remap"
1622,STATE_1622,31,STATE_31,manpower distributed: 1825000 -> 202778 (ratio=0.111)
1622,STATE_1622,31,STATE_31,TSR state 31 overlaid onto BSR state 1622
1622,STATE_1622,31,STATE_31,victory_points province 6766 not in BSR state 1622
1623,STATE_1623,376,STATE_376,manpower distributed: 423316 -> 84663 (ratio=0.200)
1623,STATE_1623,376,STATE_376,resources distributed from TSR2 state 376 ratio=0.200
1623,STATE_1623,376,STATE_376,TSR state 376 overlaid onto BSR state 1623
1623,STATE_1623,376,STATE_376,victory_points province 4975 not in BSR state 1623
1624,STATE_1624,198,STATE_198,manpower distributed: 1893391 -> 315565 (ratio=0.167)
1624,STATE_1624,198,STATE_198,TSR state 198 overlaid onto BSR state 1624
1624,STATE_1624,198,STATE_198,victory_points province 476 not in BSR state 1624
1625,STATE_1625,1054,STATE_1054,manpower distributed: 690000 -> 138000 (ratio=0.200)
1625,STATE_1625,1054,STATE_1054,TSR state 1054 overlaid onto BSR state 1625
1626,Varsinais Suomi / Finland Proper,926,TURKU AND PORI,manpower distributed: 529300 -> 352867 (ratio=0.667)
1626,Varsinais Suomi / Finland Proper,926,TURKU AND PORI,TSR state 926 overlaid onto BSR state 1626
1626,Varsinais Suomi / Finland Proper,926,TURKU AND PORI,victory_points province 3117 not in BSR state 1626
1626,Varsinais Suomi / Finland Proper,926,TURKU AND PORI,merge owner/controller/cores copied from strongest overlap candidate; review political union manually
1627,Savo / Tavastland / Tavastia,927,HÄME,manpower distributed: 404500 -> 288929 (ratio=0.714)
1627,Savo / Tavastland / Tavastia,927,HÄME,TSR state 927 overlaid onto BSR state 1627
1627,Savo / Tavastland / Tavastia,927,HÄME,merge owner/controller/cores copied from strongest overlap candidate; review political union manually
1628,Savo / Tavastland / Tavastia,929,OULU,manpower distributed: 318000 -> 119250 (ratio=0.375)
1628,Savo / Tavastland / Tavastia,929,OULU,TSR state 929 overlaid onto BSR state 1628
1628,Savo / Tavastland / Tavastia,929,OULU,victory_points province 3073 not in BSR state 1628
1628,Savo / Tavastland / Tavastia,929,OULU,merge owner/controller/cores copied from strongest overlap candidate; review political union manually
1629,Savo / Tavastland / Tavastia,929,OULU,manpower distributed: 318000 -> 106000 (ratio=0.333)
1629,Savo / Tavastland / Tavastia,929,OULU,TSR state 929 overlaid onto BSR state 1629
1629,Savo / Tavastland / Tavastia,929,OULU,victory_points province 158 not in BSR state 1629
1629,Savo / Tavastland / Tavastia,929,OULU,merge owner/controller/cores copied from strongest overlap candidate; review political union manually
1630,Savo / Tavastland / Tavastia,148,LAPPI,manpower distributed: 121737 -> 33583 (ratio=0.276)
1630,Savo / Tavastland / Tavastia,148,LAPPI,resources distributed from TSR2 state 148 ratio=0.276
1630,Savo / Tavastland / Tavastia,148,LAPPI,TSR state 148 overlaid onto BSR state 1630
1630,Savo / Tavastland / Tavastia,148,LAPPI,victory_points province 6087 not in BSR state 1630
1630,Savo / Tavastland / Tavastia,148,LAPPI,victory_points province 11125 not in BSR state 1630
1630,Savo / Tavastland / Tavastia,148,LAPPI,victory_points province 6142 not in BSR state 1630
1630,Savo / Tavastland / Tavastia,148,LAPPI,merge owner/controller/cores copied from strongest overlap candidate; review political union manually
1631,Vaasa,149,VAASA,manpower distributed: 594860 -> 132191 (ratio=0.222)
1631,Vaasa,149,VAASA,TSR state 149 overlaid onto BSR state 1631
1631,Vaasa,149,VAASA,victory_points province 6013 not in BSR state 1631
1631,Vaasa,149,VAASA,victory_points province 6141 not in BSR state 1631
1631,Vaasa,149,VAASA,merge owner/controller/cores copied from strongest overlap candidate; review political union manually
1632,STATE_1632,382,STATE_382,manpower distributed: 1035790 -> 121858 (ratio=0.118)
1632,STATE_1632,382,STATE_382,resources distributed from TSR2 state 382 ratio=0.118
1632,STATE_1632,382,STATE_382,TSR state 382 overlaid onto BSR state 1632
1632,STATE_1632,382,STATE_382,victory_points province 1827 not in BSR state 1632
1633,STATE_1633,,,new BSR state retained without TSR overlay
1634,STATE_1634,,,new BSR state retained without TSR overlay
1635,STATE_1635,,,new BSR state retained without TSR overlay
1636,STATE_1636,,,new BSR state retained without TSR overlay
1637,STATE_1637,142,STATE_142,manpower distributed: 484520 -> 121130 (ratio=0.250)
1637,STATE_1637,142,STATE_142,resources distributed from TSR2 state 142 ratio=0.250
1637,STATE_1637,142,STATE_142,TSR state 142 overlaid onto BSR state 1637
1637,STATE_1637,142,STATE_142,victory_points province 53 not in BSR state 1637
1637,STATE_1637,142,STATE_142,victory_points province 122 not in BSR state 1637
1637,STATE_1637,142,STATE_142,"province building 53 not in BSR state 1637, needs province remap"
1637,STATE_1637,142,STATE_142,"province building 122 not in BSR state 1637, needs province remap"
1637,STATE_1637,142,STATE_142,merge owner/controller/cores copied from strongest overlap candidate; review political union manually
1638,STATE_1638,920,STATE_920,manpower distributed: 211532 -> 38460 (ratio=0.182)
1638,STATE_1638,920,STATE_920,resources distributed from TSR2 state 920 ratio=0.182
1638,STATE_1638,920,STATE_920,TSR state 920 overlaid onto BSR state 1638
1638,STATE_1638,920,STATE_920,victory_points province 3136 not in BSR state 1638
1638,STATE_1638,920,STATE_920,merge owner/controller/cores copied from strongest overlap candidate; review political union manually
1639,STATE_1639,,,new BSR state retained without TSR overlay
1640,STATE_1640,385,STATE_385,manpower distributed: 953785 -> 248813 (ratio=0.261)
1640,STATE_1640,385,STATE_385,TSR state 385 overlaid onto BSR state 1640
1640,STATE_1640,385,STATE_385,victory_points province 3513 not in BSR state 1640
1640,STATE_1640,385,STATE_385,"province building 12211 not in BSR state 1640, needs province remap"
1641,STATE_1641,387,STATE_387,manpower distributed: 445031 -> 102699 (ratio=0.231)
1641,STATE_1641,387,STATE_387,resources distributed from TSR2 state 387 ratio=0.231
1641,STATE_1641,387,STATE_387,TSR state 387 overlaid onto BSR state 1641
1641,STATE_1641,387,STATE_387,victory_points province 9616 not in BSR state 1641
1642,STATE_1642,,,new BSR state retained without TSR overlay
1643,STATE_1643,,,new BSR state retained without TSR overlay
1644,STATE_1644,687,STATE_687,manpower distributed: 309000 -> 103000 (ratio=0.333)
1644,STATE_1644,687,STATE_687,resources distributed from TSR2 state 687 ratio=0.333
1644,STATE_1644,687,STATE_687,TSR state 687 overlaid onto BSR state 1644
1644,STATE_1644,687,STATE_687,victory_points province 4982 not in BSR state 1644
1644,STATE_1644,687,STATE_687,"province building 4982 not in BSR state 1644, needs province remap"
1645,STATE_1645,,,new BSR state retained without TSR overlay
1646,STATE_1646,,,new BSR state retained without TSR overlay
1647,STATE_1647,,,new BSR state retained without TSR overlay
1648,STATE_1648,357,STATE_357,manpower distributed: 8404713 -> 262647 (ratio=0.031)
1648,STATE_1648,357,STATE_357,resources distributed from TSR2 state 357 ratio=0.031
1648,STATE_1648,357,STATE_357,TSR state 357 overlaid onto BSR state 1648
1648,STATE_1648,357,STATE_357,victory_points province 6732 not in BSR state 1648
1648,STATE_1648,357,STATE_357,victory_points province 12459 not in BSR state 1648
1648,STATE_1648,357,STATE_357,victory_points province 9832 not in BSR state 1648
1648,STATE_1648,357,STATE_357,"province building 6732 not in BSR state 1648, needs province remap"
1648,STATE_1648,357,STATE_357,"province building 9832 not in BSR state 1648, needs province remap"
1649,STATE_1649,385,STATE_385,manpower distributed: 953785 -> 373220 (ratio=0.391)
1649,STATE_1649,385,STATE_385,TSR state 385 overlaid onto BSR state 1649
1650,STATE_1650,,,new BSR state retained without TSR overlay
1651,STATE_1651,,,new BSR state retained without TSR overlay
1652,STATE_1652,381,STATE_381,manpower distributed: 225564 -> 17351 (ratio=0.077)
1652,STATE_1652,381,STATE_381,resources distributed from TSR2 state 381 ratio=0.077
1652,STATE_1652,381,STATE_381,TSR state 381 overlaid onto BSR state 1652
1653,STATE_1653,,,new BSR state retained without TSR overlay
1654,STATE_1654,22,Languedoc,manpower distributed: 1691200 -> 768727 (ratio=0.455)
1654,STATE_1654,22,Languedoc,resources distributed from TSR2 state 22 ratio=0.455
1654,STATE_1654,22,Languedoc,TSR state 22 overlaid onto BSR state 1654
1654,STATE_1654,22,Languedoc,victory_points province 9898 not in BSR state 1654
1654,STATE_1654,22,Languedoc,merge owner/controller/cores copied from strongest overlap candidate; review political union manually
1655,STATE_1655,63,STATE_63,manpower distributed: 1124417 -> 80316 (ratio=0.071)
1655,STATE_1655,63,STATE_63,resources distributed from TSR2 state 63 ratio=0.071
1655,STATE_1655,63,STATE_63,TSR state 63 overlaid onto BSR state 1655
1655,STATE_1655,63,STATE_63,victory_points province 6282 not in BSR state 1655
1655,STATE_1655,63,STATE_63,victory_points province 11372 not in BSR state 1655
1655,STATE_1655,63,STATE_63,"province building 11372 not in BSR state 1655, needs province remap"
1655,STATE_1655,63,STATE_63,"province building 6282 not in BSR state 1655, needs province remap"
1656,STATE_1656,95,STATE_95,manpower distributed: 1598900 -> 145355 (ratio=0.091)
1656,STATE_1656,95,STATE_95,TSR state 95 overlaid onto BSR state 1656
1656,STATE_1656,95,STATE_95,victory_points province 9304 not in BSR state 1656
1657,STATE_1657,919,STATE_919,resources distributed from TSR2 state 919 ratio=1.000
1657,STATE_1657,919,STATE_919,TSR state 919 overlaid onto BSR state 1657
1657,STATE_1657,919,STATE_919,merge owner/controller/cores copied from strongest overlap candidate; review political union manually
1658,STATE_1658,466,STATE_466,manpower distributed: 8860 -> 2769 (ratio=0.312)
1658,STATE_1658,466,STATE_466,resources distributed from TSR2 state 466 ratio=0.312
1658,STATE_1658,466,STATE_466,TSR state 466 overlaid onto BSR state 1658
1658,STATE_1658,466,STATE_466,"province building 3691 not in BSR state 1658, needs province remap"
1659,STATE_1659,332,STATE_332,manpower distributed: 22179 -> 3168 (ratio=0.143)
1659,STATE_1659,332,STATE_332,TSR state 332 overlaid onto BSR state 1659
1659,STATE_1659,332,STATE_332,"province building 12503 not in BSR state 1659, needs province remap"
1660,STATE_1660,,,new BSR state retained without TSR overlay
1661,STATE_1661,339,STATE_339,manpower distributed: 1401889 -> 420567 (ratio=0.300)
1661,STATE_1661,339,STATE_339,resources distributed from TSR2 state 339 ratio=0.300
1661,STATE_1661,339,STATE_339,TSR state 339 overlaid onto BSR state 1661
1661,STATE_1661,339,STATE_339,victory_points province 928 not in BSR state 1661
1662,STATE_1662,340,STATE_340,manpower distributed: 538926 -> 89821 (ratio=0.167)
1662,STATE_1662,340,STATE_340,resources distributed from TSR2 state 340 ratio=0.167
1662,STATE_1662,340,STATE_340,TSR state 340 overlaid onto BSR state 1662
1662,STATE_1662,340,STATE_340,victory_points province 9799 not in BSR state 1662
1662,STATE_1662,340,STATE_340,merge owner/controller/cores copied from strongest overlap candidate; review political union manually
1663,STATE_1663,343,Afyon,manpower distributed: 1298543 -> 236099 (ratio=0.182)
1663,STATE_1663,343,Afyon,resources distributed from TSR2 state 343 ratio=0.182
1663,STATE_1663,343,Afyon,TSR state 343 overlaid onto BSR state 1663
1663,STATE_1663,343,Afyon,victory_points province 10041 not in BSR state 1663
1663,STATE_1663,343,Afyon,victory_points province 9878 not in BSR state 1663
1663,STATE_1663,343,Afyon,victory_points province 3856 not in BSR state 1663
1663,STATE_1663,343,Afyon,merge owner/controller/cores copied from strongest overlap candidate; review political union manually
1664,STATE_1664,344,STATE_344,TSR state 344 overlaid onto BSR state 1664
1665,STATE_1665,,,new BSR state retained without TSR overlay
1666,STATE_1666,1074,STATE_1074,TSR state 1074 overlaid onto BSR state 1666
1666,STATE_1666,1074,STATE_1074,building province 13405 not in BSR state 1666
1667,STATE_1667,472,STATE_472,manpower distributed: 27681 -> 1977 (ratio=0.071)
1667,STATE_1667,472,STATE_472,TSR state 472 overlaid onto BSR state 1667
1668,STATE_1668,472,STATE_472,manpower distributed: 27681 -> 1977 (ratio=0.071)
1668,STATE_1668,472,STATE_472,TSR state 472 overlaid onto BSR state 1668
1669,STATE_1669,865,STATE_865,manpower distributed: 65605 -> 14579 (ratio=0.222)
1669,STATE_1669,865,STATE_865,TSR state 865 overlaid onto BSR state 1669
1670,STATE_1670,867,STATE_867,manpower distributed: 10000 -> 5000 (ratio=0.500)
1670,STATE_1670,867,STATE_867,TSR state 867 overlaid onto BSR state 1670
1671,STATE_1671,866,STATE_866,manpower distributed: 10000 -> 2000 (ratio=0.200)
1671,STATE_1671,866,STATE_866,TSR state 866 overlaid onto BSR state 1671
1672,STATE_1672,866,STATE_866,manpower distributed: 10000 -> 6000 (ratio=0.600)
1672,STATE_1672,866,STATE_866,TSR state 866 overlaid onto BSR state 1672
1672,STATE_1672,866,STATE_866,merge owner/controller/cores copied from strongest overlap candidate; review political union manually
1673,STATE_1673,,,new BSR state retained without TSR overlay
1674,STATE_1674,,,new BSR state retained without TSR overlay
1675,STATE_1675,339,STATE_339,manpower distributed: 1401889 -> 140189 (ratio=0.100)
1675,STATE_1675,339,STATE_339,resources distributed from TSR2 state 339 ratio=0.100
1675,STATE_1675,339,STATE_339,TSR state 339 overlaid onto BSR state 1675
1675,STATE_1675,339,STATE_339,victory_points province 4112 not in BSR state 1675
1675,STATE_1675,339,STATE_339,victory_points province 928 not in BSR state 1675
1675,STATE_1675,339,STATE_339,"province building 4112 not in BSR state 1675, needs province remap"
1676,STATE_1676,379,STATE_379,manpower distributed: 91057 -> 6504 (ratio=0.071)
1676,STATE_1676,379,STATE_379,resources distributed from TSR2 state 379 ratio=0.071
1676,STATE_1676,379,STATE_379,TSR state 379 overlaid onto BSR state 1676
1677,STATE_1677,,,new BSR state retained without TSR overlay
1678,STATE_1678,356,Kastamonu,manpower distributed: 860589 -> 156471 (ratio=0.182)
1678,STATE_1678,356,Kastamonu,TSR state 356 overlaid onto BSR state 1678
1678,STATE_1678,356,Kastamonu,victory_points province 6938 not in BSR state 1678
1679,STATE_1679,4,STATE_4,manpower distributed: 2297983 -> 689395 (ratio=0.300)
1679,STATE_1679,4,STATE_4,resources distributed from TSR2 state 4 ratio=0.300
1679,STATE_1679,4,STATE_4,TSR state 4 overlaid onto BSR state 1679
1679,STATE_1679,4,STATE_4,victory_points province 11666 not in BSR state 1679
1679,STATE_1679,4,STATE_4,victory_points province 732 not in BSR state 1679
1680,STATE_1680,,,new BSR state retained without TSR overlay
1681,STATE_1681,261,STATE_261,manpower distributed: 6646694 -> 797603 (ratio=0.120)
1681,STATE_1681,261,STATE_261,resources distributed from TSR2 state 261 ratio=0.120
1681,STATE_1681,261,STATE_261,TSR state 261 overlaid onto BSR state 1681
1681,STATE_1681,261,STATE_261,victory_points province 6855 not in BSR state 1681
1682,STATE_1682,360,STATE_360,manpower distributed: 9631346 -> 825544 (ratio=0.086)
1682,STATE_1682,360,STATE_360,resources distributed from TSR2 state 360 ratio=0.086
1682,STATE_1682,360,STATE_360,TSR state 360 overlaid onto BSR state 1682
1682,STATE_1682,360,STATE_360,victory_points province 11800 not in BSR state 1682
1683,STATE_1683,360,STATE_360,manpower distributed: 9631346 -> 3026994 (ratio=0.314)
1683,STATE_1683,360,STATE_360,resources distributed from TSR2 state 360 ratio=0.314
1683,STATE_1683,360,STATE_360,TSR state 360 overlaid onto BSR state 1683
1683,STATE_1683,360,STATE_360,victory_points province 6845 not in BSR state 1683
1683,STATE_1683,360,STATE_360,"province building 6845 not in BSR state 1683, needs province remap"
1684,STATE_1684,358,STATE_358,manpower distributed: 12588061 -> 5183319 (ratio=0.412)
1684,STATE_1684,358,STATE_358,resources distributed from TSR2 state 358 ratio=0.412
1684,STATE_1684,358,STATE_358,TSR state 358 overlaid onto BSR state 1684
1684,STATE_1684,358,STATE_358,victory_points province 3878 not in BSR state 1684
1684,STATE_1684,358,STATE_358,"province building 3878 not in BSR state 1684, needs province remap"
1685,STATE_1685,,,new BSR state retained without TSR overlay
1686,STATE_1686,682,STATE_682,manpower distributed: 139059 -> 66748 (ratio=0.480)
1686,STATE_1686,682,STATE_682,resources distributed from TSR2 state 682 ratio=0.480
1686,STATE_1686,682,STATE_682,TSR state 682 overlaid onto BSR state 1686
1686,STATE_1686,682,STATE_682,victory_points province 7899 not in BSR state 1686
1687,STATE_1687,862,STATE_862,manpower distributed: 80000 -> 33333 (ratio=0.417)
1687,STATE_1687,862,STATE_862,TSR state 862 overlaid onto BSR state 1687
1687,STATE_1687,862,STATE_862,merge owner/controller/cores copied from strongest overlap candidate; review political union manually
1688,STATE_1688,502,STATE_502,manpower distributed: 2959600 -> 682985 (ratio=0.231)
1688,STATE_1688,502,STATE_502,resources distributed from TSR2 state 502 ratio=0.231
1688,STATE_1688,502,STATE_502,TSR state 502 overlaid onto BSR state 1688
1689,STATE_1689,378,STATE_378,manpower distributed: 5677248 -> 199202 (ratio=0.035)
1689,STATE_1689,378,STATE_378,resources distributed from TSR2 state 378 ratio=0.035
1689,STATE_1689,378,STATE_378,TSR state 378 overlaid onto BSR state 1689
1689,STATE_1689,378,STATE_378,victory_points province 9814 not in BSR state 1689
1689,STATE_1689,378,STATE_378,victory_points province 1562 not in BSR state 1689
1689,STATE_1689,378,STATE_378,victory_points province 9713 not in BSR state 1689
1689,STATE_1689,378,STATE_378,"province building 1562 not in BSR state 1689, needs province remap"
1689,STATE_1689,378,STATE_378,"province building 9814 not in BSR state 1689, needs province remap"
1689,STATE_1689,378,STATE_378,"province building 610 not in BSR state 1689, needs province remap"
1690,STATE_1690,378,STATE_378,manpower distributed: 5677248 -> 398403 (ratio=0.070)
1690,STATE_1690,378,STATE_378,resources distributed from TSR2 state 378 ratio=0.070
1690,STATE_1690,378,STATE_378,TSR state 378 overlaid onto BSR state 1690
1690,STATE_1690,378,STATE_378,victory_points province 9814 not in BSR state 1690
1690,STATE_1690,378,STATE_378,victory_points province 1562 not in BSR state 1690
1690,STATE_1690,378,STATE_378,victory_points province 9671 not in BSR state 1690
1690,STATE_1690,378,STATE_378,victory_points province 9713 not in BSR state 1690
1690,STATE_1690,378,STATE_378,"province building 1562 not in BSR state 1690, needs province remap"
1690,STATE_1690,378,STATE_378,"province building 9671 not in BSR state 1690, needs province remap"
1690,STATE_1690,378,STATE_378,"province building 9814 not in BSR state 1690, needs province remap"
1690,STATE_1690,378,STATE_378,"province building 610 not in BSR state 1690, needs province remap"
1691,STATE_1691,378,STATE_378,manpower distributed: 5677248 -> 398403 (ratio=0.070)
1691,STATE_1691,378,STATE_378,resources distributed from TSR2 state 378 ratio=0.070
1691,STATE_1691,378,STATE_378,TSR state 378 overlaid onto BSR state 1691
1691,STATE_1691,378,STATE_378,victory_points province 9814 not in BSR state 1691
1691,STATE_1691,378,STATE_378,victory_points province 1562 not in BSR state 1691
1691,STATE_1691,378,STATE_378,victory_points province 9671 not in BSR state 1691
1691,STATE_1691,378,STATE_378,victory_points province 9713 not in BSR state 1691
1691,STATE_1691,378,STATE_378,"province building 1562 not in BSR state 1691, needs province remap"
1691,STATE_1691,378,STATE_378,"province building 9671 not in BSR state 1691, needs province remap"
1691,STATE_1691,378,STATE_378,"province building 9814 not in BSR state 1691, needs province remap"
1691,STATE_1691,378,STATE_378,"province building 610 not in BSR state 1691, needs province remap"
1692,STATE_1692,378,STATE_378,manpower distributed: 5677248 -> 298803 (ratio=0.053)
1692,STATE_1692,378,STATE_378,resources distributed from TSR2 state 378 ratio=0.053
1692,STATE_1692,378,STATE_378,TSR state 378 overlaid onto BSR state 1692
1692,STATE_1692,378,STATE_378,victory_points province 9814 not in BSR state 1692
1692,STATE_1692,378,STATE_378,victory_points province 1562 not in BSR state 1692
1692,STATE_1692,378,STATE_378,victory_points province 9671 not in BSR state 1692
1692,STATE_1692,378,STATE_378,victory_points province 9713 not in BSR state 1692
1692,STATE_1692,378,STATE_378,"province building 1562 not in BSR state 1692, needs province remap"
1692,STATE_1692,378,STATE_378,"province building 9671 not in BSR state 1692, needs province remap"
1692,STATE_1692,378,STATE_378,"province building 9814 not in BSR state 1692, needs province remap"
1692,STATE_1692,378,STATE_378,"province building 610 not in BSR state 1692, needs province remap"
1693,STATE_1693,378,STATE_378,manpower distributed: 5677248 -> 298803 (ratio=0.053)
1693,STATE_1693,378,STATE_378,resources distributed from TSR2 state 378 ratio=0.053
1693,STATE_1693,378,STATE_378,TSR state 378 overlaid onto BSR state 1693
1693,STATE_1693,378,STATE_378,victory_points province 9814 not in BSR state 1693
1693,STATE_1693,378,STATE_378,victory_points province 9671 not in BSR state 1693
1693,STATE_1693,378,STATE_378,victory_points province 9713 not in BSR state 1693
1693,STATE_1693,378,STATE_378,"province building 9671 not in BSR state 1693, needs province remap"
1693,STATE_1693,378,STATE_378,"province building 9814 not in BSR state 1693, needs province remap"
1693,STATE_1693,378,STATE_378,"province building 610 not in BSR state 1693, needs province remap"
1694,STATE_1694,378,STATE_378,manpower distributed: 5677248 -> 398403 (ratio=0.070)
1694,STATE_1694,378,STATE_378,resources distributed from TSR2 state 378 ratio=0.070
1694,STATE_1694,378,STATE_378,TSR state 378 overlaid onto BSR state 1694
1694,STATE_1694,378,STATE_378,victory_points province 9814 not in BSR state 1694
1694,STATE_1694,378,STATE_378,victory_points province 1562 not in BSR state 1694
1694,STATE_1694,378,STATE_378,victory_points province 9671 not in BSR state 1694
1694,STATE_1694,378,STATE_378,victory_points province 9713 not in BSR state 1694
1694,STATE_1694,378,STATE_378,"province building 1562 not in BSR state 1694, needs province remap"
1694,STATE_1694,378,STATE_378,"province building 9671 not in BSR state 1694, needs province remap"
1694,STATE_1694,378,STATE_378,"province building 9814 not in BSR state 1694, needs province remap"
1694,STATE_1694,378,STATE_378,"province building 610 not in BSR state 1694, needs province remap"
1695,STATE_1695,378,STATE_378,manpower distributed: 5677248 -> 298803 (ratio=0.053)
1695,STATE_1695,378,STATE_378,resources distributed from TSR2 state 378 ratio=0.053
1695,STATE_1695,378,STATE_378,TSR state 378 overlaid onto BSR state 1695
1695,STATE_1695,378,STATE_378,victory_points province 9814 not in BSR state 1695
1695,STATE_1695,378,STATE_378,victory_points province 1562 not in BSR state 1695
1695,STATE_1695,378,STATE_378,victory_points province 9671 not in BSR state 1695
1695,STATE_1695,378,STATE_378,victory_points province 9713 not in BSR state 1695
1695,STATE_1695,378,STATE_378,"province building 1562 not in BSR state 1695, needs province remap"
1695,STATE_1695,378,STATE_378,"province building 9671 not in BSR state 1695, needs province remap"
1695,STATE_1695,378,STATE_378,"province building 9814 not in BSR state 1695, needs province remap"
1695,STATE_1695,378,STATE_378,"province building 610 not in BSR state 1695, needs province remap"
1696,STATE_1696,378,STATE_378,manpower distributed: 5677248 -> 199202 (ratio=0.035)
1696,STATE_1696,378,STATE_378,resources distributed from TSR2 state 378 ratio=0.035
1696,STATE_1696,378,STATE_378,TSR state 378 overlaid onto BSR state 1696
1696,STATE_1696,378,STATE_378,victory_points province 9814 not in BSR state 1696
1696,STATE_1696,378,STATE_378,victory_points province 1562 not in BSR state 1696
1696,STATE_1696,378,STATE_378,victory_points province 9671 not in BSR state 1696
1696,STATE_1696,378,STATE_378,victory_points province 9713 not in BSR state 1696
1696,STATE_1696,378,STATE_378,"province building 1562 not in BSR state 1696, needs province remap"
1696,STATE_1696,378,STATE_378,"province building 9671 not in BSR state 1696, needs province remap"
1696,STATE_1696,378,STATE_378,"province building 9814 not in BSR state 1696, needs province remap"
1696,STATE_1696,378,STATE_378,"province building 610 not in BSR state 1696, needs province remap"
1697,STATE_1697,375,STATE_375,manpower distributed: 5824712 -> 356615 (ratio=0.061)
1697,STATE_1697,375,STATE_375,resources distributed from TSR2 state 375 ratio=0.061
1697,STATE_1697,375,STATE_375,TSR state 375 overlaid onto BSR state 1697
1697,STATE_1697,375,STATE_375,victory_points province 10337 not in BSR state 1697
1697,STATE_1697,375,STATE_375,victory_points province 3960 not in BSR state 1697
1697,STATE_1697,375,STATE_375,victory_points province 12782 not in BSR state 1697
1697,STATE_1697,375,STATE_375,"province building 10337 not in BSR state 1697, needs province remap"
1697,STATE_1697,375,STATE_375,"province building 6785 not in BSR state 1697, needs province remap"
1698,STATE_1698,375,STATE_375,manpower distributed: 5824712 -> 356615 (ratio=0.061)
1698,STATE_1698,375,STATE_375,resources distributed from TSR2 state 375 ratio=0.061
1698,STATE_1698,375,STATE_375,TSR state 375 overlaid onto BSR state 1698
1698,STATE_1698,375,STATE_375,victory_points province 10337 not in BSR state 1698
1698,STATE_1698,375,STATE_375,victory_points province 3960 not in BSR state 1698
1698,STATE_1698,375,STATE_375,victory_points province 12782 not in BSR state 1698
1698,STATE_1698,375,STATE_375,"province building 10337 not in BSR state 1698, needs province remap"
1698,STATE_1698,375,STATE_375,"province building 6785 not in BSR state 1698, needs province remap"
1699,STATE_1699,375,STATE_375,manpower distributed: 5824712 -> 832102 (ratio=0.143)
1699,STATE_1699,375,STATE_375,resources distributed from TSR2 state 375 ratio=0.143
1699,STATE_1699,375,STATE_375,TSR state 375 overlaid onto BSR state 1699
1699,STATE_1699,375,STATE_375,victory_points province 10337 not in BSR state 1699
1699,STATE_1699,375,STATE_375,victory_points province 3960 not in BSR state 1699
1699,STATE_1699,375,STATE_375,victory_points province 12782 not in BSR state 1699
1699,STATE_1699,375,STATE_375,"province building 10337 not in BSR state 1699, needs province remap"
1699,STATE_1699,375,STATE_375,"province building 6785 not in BSR state 1699, needs province remap"
1700,STATE_1700,63,STATE_63,manpower distributed: 1124417 -> 80316 (ratio=0.071)
1700,STATE_1700,63,STATE_63,resources distributed from TSR2 state 63 ratio=0.071
1700,STATE_1700,63,STATE_63,TSR state 63 overlaid onto BSR state 1700
1700,STATE_1700,63,STATE_63,victory_points province 6282 not in BSR state 1700
1700,STATE_1700,63,STATE_63,victory_points province 11372 not in BSR state 1700
1700,STATE_1700,63,STATE_63,"province building 11372 not in BSR state 1700, needs province remap"
1700,STATE_1700,63,STATE_63,"province building 6282 not in BSR state 1700, needs province remap"
1701,STATE_1701,63,STATE_63,manpower distributed: 1124417 -> 160631 (ratio=0.143)
1701,STATE_1701,63,STATE_63,resources distributed from TSR2 state 63 ratio=0.143
1701,STATE_1701,63,STATE_63,TSR state 63 overlaid onto BSR state 1701
1701,STATE_1701,63,STATE_63,victory_points province 6282 not in BSR state 1701
1701,STATE_1701,63,STATE_63,victory_points province 11372 not in BSR state 1701
1701,STATE_1701,63,STATE_63,"province building 11372 not in BSR state 1701, needs province remap"
1701,STATE_1701,63,STATE_63,"province building 6282 not in BSR state 1701, needs province remap"
1702,STATE_1702,68,STATE_68,manpower distributed: 1250840 -> 178691 (ratio=0.143)
1702,STATE_1702,68,STATE_68,resources distributed from TSR2 state 68 ratio=0.143
1702,STATE_1702,68,STATE_68,TSR state 68 overlaid onto BSR state 1702
1702,STATE_1702,68,STATE_68,victory_points province 3473 not in BSR state 1702
1703,STATE_1703,,,new BSR state retained without TSR overlay
1704,STATE_1704,348,Kayseri,manpower distributed: 858452 -> 381534 (ratio=0.444)
1704,STATE_1704,348,Kayseri,resources distributed from TSR2 state 348 ratio=0.444
1704,STATE_1704,348,Kayseri,TSR state 348 overlaid onto BSR state 1704
1704,STATE_1704,348,Kayseri,victory_points province 3870 not in BSR state 1704
1705,STATE_1705,66,STATE_66,manpower distributed: 3052726 -> 763182 (ratio=0.250)
1705,STATE_1705,66,STATE_66,resources distributed from TSR2 state 66 ratio=0.250
1705,STATE_1705,66,STATE_66,TSR state 66 overlaid onto BSR state 1705
1705,STATE_1705,66,STATE_66,victory_points province 9570 not in BSR state 1705
1706,STATE_1706,66,STATE_66,manpower distributed: 3052726 -> 254394 (ratio=0.083)
1706,STATE_1706,66,STATE_66,resources distributed from TSR2 state 66 ratio=0.083
1706,STATE_1706,66,STATE_66,TSR state 66 overlaid onto BSR state 1706
1706,STATE_1706,66,STATE_66,victory_points province 9570 not in BSR state 1706
1706,STATE_1706,66,STATE_66,victory_points province 552 not in BSR state 1706
1707,STATE_1707,342,Antalya,manpower distributed: 362689 -> 90672 (ratio=0.250)
1707,STATE_1707,342,Antalya,resources distributed from TSR2 state 342 ratio=0.250
1707,STATE_1707,342,Antalya,TSR state 342 overlaid onto BSR state 1707
1707,STATE_1707,342,Antalya,victory_points province 1005 not in BSR state 1707
1707,STATE_1707,342,Antalya,"province building 1005 not in BSR state 1707, needs province remap"
1708,STATE_1708,130,STATE_130,manpower distributed: 4762495 -> 1587498 (ratio=0.333)
1708,STATE_1708,130,STATE_130,resources distributed from TSR2 state 130 ratio=0.333
1708,STATE_1708,130,STATE_130,TSR state 130 overlaid onto BSR state 1708
1708,STATE_1708,130,STATE_130,victory_points province 9379 not in BSR state 1708
1708,STATE_1708,130,STATE_130,victory_points province 11297 not in BSR state 1708
1708,STATE_1708,130,STATE_130,victory_points province 9315 not in BSR state 1708
1708,STATE_1708,130,STATE_130,"province building 11297 not in BSR state 1708, needs province remap"
1709,STATE_1709,123,STATE_123,manpower distributed: 1221013 -> 407004 (ratio=0.333)
1709,STATE_1709,123,STATE_123,TSR state 123 overlaid onto BSR state 1709
1709,STATE_1709,123,STATE_123,victory_points province 540 not in BSR state 1709
1709,STATE_1709,123,STATE_123,victory_points province 6526 not in BSR state 1709
1709,STATE_1709,123,STATE_123,"province building 540 not in BSR state 1709, needs province remap"
1709,STATE_1709,123,STATE_123,merge owner/controller/cores copied from strongest overlap candidate; review political union manually
1710,STATE_1710,9,STATE_9,manpower distributed: 4492600 -> 320900 (ratio=0.071)
1710,STATE_1710,9,STATE_9,resources distributed from TSR2 state 9 ratio=0.071
1710,STATE_1710,9,STATE_9,TSR state 9 overlaid onto BSR state 1710
1710,STATE_1710,9,STATE_9,victory_points province 11542 not in BSR state 1710
1710,STATE_1710,9,STATE_9,victory_points province 6418 not in BSR state 1710
1710,STATE_1710,9,STATE_9,victory_points province 9569 not in BSR state 1710
1710,STATE_1710,9,STATE_9,merge owner/controller/cores copied from strongest overlap candidate; review political union manually
1711,STATE_1711,,,new BSR state retained without TSR overlay
1712,STATE_1712,92,STATE_92,manpower distributed: 2464600 -> 821533 (ratio=0.333)
1712,STATE_1712,92,STATE_92,resources distributed from TSR2 state 92 ratio=0.333
1712,STATE_1712,92,STATE_92,TSR state 92 overlaid onto BSR state 1712
1713,STATE_1713,,,new BSR state retained without TSR overlay
1714,STATE_1714,,,new BSR state retained without TSR overlay
1715,STATE_1715,170,STATE_170,manpower distributed: 1417652 -> 416956 (ratio=0.294)
1715,STATE_1715,170,STATE_170,resources distributed from TSR2 state 170 ratio=0.294
1715,STATE_1715,170,STATE_170,TSR state 170 overlaid onto BSR state 1715
1715,STATE_1715,170,STATE_170,victory_points province 6902 not in BSR state 1715
1716,STATE_1716,41,STATE_41,manpower distributed: 2064659 -> 476460 (ratio=0.231)
1716,STATE_1716,41,STATE_41,resources distributed from TSR2 state 41 ratio=0.231
1716,STATE_1716,41,STATE_41,TSR state 41 overlaid onto BSR state 1716
1716,STATE_1716,41,STATE_41,victory_points province 3938 not in BSR state 1716
1716,STATE_1716,41,STATE_41,victory_points province 858 not in BSR state 1716
1717,STATE_1717,793,STATE_793,manpower distributed: 527697 -> 150771 (ratio=0.286)
1717,STATE_1717,793,STATE_793,TSR state 793 overlaid onto BSR state 1717
1717,STATE_1717,793,STATE_793,victory_points province 3945 not in BSR state 1717
1718,STATE_1718,177,STATE_177,manpower distributed: 365500 -> 121833 (ratio=0.333)
1718,STATE_1718,177,STATE_177,TSR state 177 overlaid onto BSR state 1718
1718,STATE_1718,177,STATE_177,victory_points province 9793 not in BSR state 1718
1718,STATE_1718,177,STATE_177,"province building 9793 not in BSR state 1718, needs province remap"
1718,STATE_1718,177,STATE_177,"province building 7114 not in BSR state 1718, needs province remap"
1719,STATE_1719,168,STATE_168,manpower distributed: 1007605 -> 549603 (ratio=0.545)
1719,STATE_1719,168,STATE_168,TSR state 168 overlaid onto BSR state 1719
1719,STATE_1719,168,STATE_168,victory_points province 10024 not in BSR state 1719
1719,STATE_1719,168,STATE_168,"province building 10024 not in BSR state 1719, needs province remap"
1720,STATE_1720,166,STATE_166,manpower distributed: 668365 -> 243042 (ratio=0.364)
1720,STATE_1720,166,STATE_166,resources distributed from TSR2 state 166 ratio=0.364
1720,STATE_1720,166,STATE_166,TSR state 166 overlaid onto BSR state 1720
1720,STATE_1720,166,STATE_166,victory_points province 3816 not in BSR state 1720
1720,STATE_1720,166,STATE_166,victory_points province 7213 not in BSR state 1720
1720,STATE_1720,166,STATE_166,merge owner/controller/cores copied from strongest overlap candidate; review political union manually
1721,STATE_1721,794,STATE_794,manpower distributed: 387366 -> 193683 (ratio=0.500)
1721,STATE_1721,794,STATE_794,TSR state 794 overlaid onto BSR state 1721
1721,STATE_1721,794,STATE_794,victory_points province 3954 not in BSR state 1721
1722,STATE_1722,790,STATE_790,manpower distributed: 1197252 -> 399084 (ratio=0.333)
1722,STATE_1722,790,STATE_790,resources distributed from TSR2 state 790 ratio=0.333
1722,STATE_1722,790,STATE_790,TSR state 790 overlaid onto BSR state 1722
1722,STATE_1722,790,STATE_790,victory_points province 11707 not in BSR state 1722
1722,STATE_1722,790,STATE_790,"province building 11707 not in BSR state 1722, needs province remap"
1723,STATE_1723,176,STATE_176,manpower distributed: 739760 -> 227618 (ratio=0.308)
1723,STATE_1723,176,STATE_176,TSR state 176 overlaid onto BSR state 1723
1723,STATE_1723,176,STATE_176,victory_points province 885 not in BSR state 1723
1724,STATE_1724,41,STATE_41,manpower distributed: 2064659 -> 1111739 (ratio=0.538)
1724,STATE_1724,41,STATE_41,resources distributed from TSR2 state 41 ratio=0.538
1724,STATE_1724,41,STATE_41,TSR state 41 overlaid onto BSR state 1724
1724,STATE_1724,41,STATE_41,victory_points province 3938 not in BSR state 1724
1725,STATE_1725,790,STATE_790,manpower distributed: 1197252 -> 133028 (ratio=0.111)
1725,STATE_1725,790,STATE_790,resources distributed from TSR2 state 790 ratio=0.111
1725,STATE_1725,790,STATE_790,TSR state 790 overlaid onto BSR state 1725
1725,STATE_1725,790,STATE_790,victory_points province 11707 not in BSR state 1725
1725,STATE_1725,790,STATE_790,"province building 11707 not in BSR state 1725, needs province remap"
1726,STATE_1726,430,STATE_430,manpower distributed: 31973300 -> 18510858 (ratio=0.579)
1726,STATE_1726,430,STATE_430,TSR state 430 overlaid onto BSR state 1726
1726,STATE_1726,430,STATE_430,victory_points province 11929 not in BSR state 1726
1726,STATE_1726,430,STATE_430,"province building 11968 not in BSR state 1726, needs province remap"
1727,STATE_1727,,,new BSR state retained without TSR overlay
1728,STATE_1728,807,STATE_807,manpower distributed: 713370 -> 89171 (ratio=0.125)
1728,STATE_1728,807,STATE_807,TSR state 807 overlaid onto BSR state 1728
1728,STATE_1728,807,STATE_807,victory_points province 9263 not in BSR state 1728
1728,STATE_1728,807,STATE_807,victory_points province 3295 not in BSR state 1728
1728,STATE_1728,807,STATE_807,victory_points province 279 not in BSR state 1728
1728,STATE_1728,807,STATE_807,"province building 9263 not in BSR state 1728, needs province remap"
1729,STATE_1729,70,STATE_70,manpower distributed: 1230500 -> 878929 (ratio=0.714)
1729,STATE_1729,70,STATE_70,resources distributed from TSR2 state 70 ratio=0.714
1729,STATE_1729,70,STATE_70,TSR state 70 overlaid onto BSR state 1729
1729,STATE_1729,70,STATE_70,victory_points province 9692 not in BSR state 1729
1729,STATE_1729,70,STATE_70,merge owner/controller/cores copied from strongest overlap candidate; review political union manually
1730,STATE_1730,20,Rhone,manpower distributed: 2973200 -> 228708 (ratio=0.077)
1730,STATE_1730,20,Rhone,resources distributed from TSR2 state 20 ratio=0.077
1730,STATE_1730,20,Rhone,TSR state 20 overlaid onto BSR state 1730
1730,STATE_1730,20,Rhone,victory_points province 6613 not in BSR state 1730
1731,STATE_1731,1048,Moselgebiet,manpower distributed: 300000 -> 150000 (ratio=0.500)
1731,STATE_1731,1048,Moselgebiet,TSR state 1048 overlaid onto BSR state 1731
1731,STATE_1731,1048,Moselgebiet,victory_points province 11516 not in BSR state 1731
1731,STATE_1731,1048,Moselgebiet,"province building 11516 not in BSR state 1731, needs province remap"
1732,STATE_1732,18,STATE_18,manpower distributed: 940808 -> 134401 (ratio=0.143)
1732,STATE_1732,18,STATE_18,TSR state 18 overlaid onto BSR state 1732
1732,STATE_1732,18,STATE_18,victory_points province 13011 not in BSR state 1732
1732,STATE_1732,18,STATE_18,victory_points province 3560 not in BSR state 1732
1733,STATE_1733,17,Lorraine,manpower distributed: 1517500 -> 189688 (ratio=0.125)
1733,STATE_1733,17,Lorraine,resources distributed from TSR2 state 17 ratio=0.125
1733,STATE_1733,17,Lorraine,TSR state 17 overlaid onto BSR state 1733
1733,STATE_1733,17,Lorraine,victory_points province 9642 not in BSR state 1733
1734,STATE_1734,17,Lorraine,manpower distributed: 1517500 -> 189688 (ratio=0.125)
1734,STATE_1734,17,Lorraine,resources distributed from TSR2 state 17 ratio=0.125
1734,STATE_1734,17,Lorraine,TSR state 17 overlaid onto BSR state 1734
1734,STATE_1734,17,Lorraine,victory_points province 9642 not in BSR state 1734
1734,STATE_1734,17,Lorraine,merge owner/controller/cores copied from strongest overlap candidate; review political union manually
1735,impassable = yes #we do a substantial amount of trolling,,,new BSR state retained without TSR overlay
1736,impassable = yes #we do a substantial amount of trolling,,,new BSR state retained without TSR overlay
1737,STATE_1737,88,STATE_88,manpower distributed: 3692800 -> 527543 (ratio=0.143)
1737,STATE_1737,88,STATE_88,resources distributed from TSR2 state 88 ratio=0.143
1737,STATE_1737,88,STATE_88,TSR state 88 overlaid onto BSR state 1737
1737,STATE_1737,88,STATE_88,victory_points province 9427 not in BSR state 1737
1737,STATE_1737,88,STATE_88,victory_points province 442 not in BSR state 1737
1737,STATE_1737,88,STATE_88,victory_points province 9494 not in BSR state 1737
1738,STATE_1738,618,Dzungaria,manpower distributed: 670800 -> 47914 (ratio=0.071)
1738,STATE_1738,618,Dzungaria,TSR state 618 overlaid onto BSR state 1738
1738,STATE_1738,618,Dzungaria,victory_points province 4823 not in BSR state 1738
1739,STATE_1739,617,STATE_617,manpower distributed: 1080500 -> 90042 (ratio=0.083)
1739,STATE_1739,617,STATE_617,TSR state 617 overlaid onto BSR state 1739
1739,STATE_1739,617,STATE_617,victory_points province 4709 not in BSR state 1739
1739,STATE_1739,617,STATE_617,victory_points province 10545 not in BSR state 1739
1739,STATE_1739,617,STATE_617,victory_points province 4682 not in BSR state 1739
1739,STATE_1739,617,STATE_617,merge owner/controller/cores copied from strongest overlap candidate; review political union manually
1740,STATE_1740,322,STATE_322,manpower distributed: 1722000 -> 861000 (ratio=0.500)
1740,STATE_1740,322,STATE_322,resources distributed from TSR2 state 322 ratio=0.500
1740,STATE_1740,322,STATE_322,TSR state 322 overlaid onto BSR state 1740
1740,STATE_1740,322,STATE_322,merge owner/controller/cores copied from strongest overlap candidate; review political union manually
1741,STATE_1741,758,STATE_758,manpower distributed: 1000000 -> 166667 (ratio=0.167)
1741,STATE_1741,758,STATE_758,TSR state 758 overlaid onto BSR state 1741
1742,STATE_1742,,,new BSR state retained without TSR overlay
1743,STATE_1743,604,STATE_604,manpower distributed: 1196100 -> 398700 (ratio=0.333)
1743,STATE_1743,604,STATE_604,TSR state 604 overlaid onto BSR state 1743
1744,STATE_1744,,,new BSR state retained without TSR overlay
1745,STATE_1745,,,new BSR state retained without TSR overlay
1746,STATE_1746,,,new BSR state retained without TSR overlay
1747,STATE_1747,747,STATE_747,manpower distributed: 1000000 -> 100000 (ratio=0.100)
1747,STATE_1747,747,STATE_747,TSR state 747 overlaid onto BSR state 1747
1747,STATE_1747,747,STATE_747,victory_points province 7965 not in BSR state 1747
1747,STATE_1747,747,STATE_747,victory_points province 10863 not in BSR state 1747
1748,STATE_1748,,,new BSR state retained without TSR overlay
1749,STATE_1749,747,STATE_747,manpower distributed: 1000000 -> 200000 (ratio=0.200)
1749,STATE_1749,747,STATE_747,TSR state 747 overlaid onto BSR state 1749
1749,STATE_1749,747,STATE_747,victory_points province 7965 not in BSR state 1749
1750,STATE_1750,325,STATE_325,manpower distributed: 10994500 -> 610806 (ratio=0.056)
1750,STATE_1750,325,STATE_325,resources distributed from TSR2 state 325 ratio=0.056
1750,STATE_1750,325,STATE_325,TSR state 325 overlaid onto BSR state 1750
1750,STATE_1750,325,STATE_325,victory_points province 1319 not in BSR state 1750
1750,STATE_1750,325,STATE_325,victory_points province 4501 not in BSR state 1750
1750,STATE_1750,325,STATE_325,victory_points province 12262 not in BSR state 1750
1750,STATE_1750,325,STATE_325,victory_points province 5072 not in BSR state 1750
1750,STATE_1750,325,STATE_325,merge owner/controller/cores copied from strongest overlap candidate; review political union manually
1751,STATE_1751,1046,STATE_1046,TSR state 1046 overlaid onto BSR state 1751
1752,STATE_1752,,,new BSR state retained without TSR overlay
1753,STATE_1753,616,STATE_616,manpower distributed: 1077600 -> 134700 (ratio=0.125)
1753,STATE_1753,616,STATE_616,resources distributed from TSR2 state 616 ratio=0.125
1753,STATE_1753,616,STATE_616,TSR state 616 overlaid onto BSR state 1753
1753,STATE_1753,616,STATE_616,victory_points province 8127 not in BSR state 1753
1753,STATE_1753,616,STATE_616,victory_points province 5031 not in BSR state 1753
1754,STATE_1754,34,STATE_34,manpower distributed: 3043170 -> 1521585 (ratio=0.500)
1754,STATE_1754,34,STATE_34,resources distributed from TSR2 state 34 ratio=0.500
1754,STATE_1754,34,STATE_34,TSR state 34 overlaid onto BSR state 1754
1754,STATE_1754,34,STATE_34,victory_points province 3516 not in BSR state 1754
1754,STATE_1754,34,STATE_34,victory_points province 11519 not in BSR state 1754
1755,STATE_1755,157,STATE_157,manpower distributed: 2979335 -> 541697 (ratio=0.182)
1755,STATE_1755,157,STATE_157,TSR state 157 overlaid onto BSR state 1755
1755,STATE_1755,157,STATE_157,victory_points province 925 not in BSR state 1755
1755,STATE_1755,157,STATE_157,"province building 925 not in BSR state 1755, needs province remap"
1755,STATE_1755,157,STATE_157,"province building 6831 not in BSR state 1755, needs province remap"
1756,STATE_1756,161,STATE_161,manpower distributed: 3202401 -> 711645 (ratio=0.222)
1756,STATE_1756,161,STATE_161,resources distributed from TSR2 state 161 ratio=0.222
1756,STATE_1756,161,STATE_161,TSR state 161 overlaid onto BSR state 1756
1756,STATE_1756,161,STATE_161,victory_points province 6793 not in BSR state 1756
1756,STATE_1756,161,STATE_161,victory_points province 9752 not in BSR state 1756
1756,STATE_1756,161,STATE_161,"province building 782 not in BSR state 1756, needs province remap"
1757,STATE_1757,157,STATE_157,manpower distributed: 2979335 -> 270849 (ratio=0.091)
1757,STATE_1757,157,STATE_157,TSR state 157 overlaid onto BSR state 1757
1757,STATE_1757,157,STATE_157,victory_points province 925 not in BSR state 1757
1757,STATE_1757,157,STATE_157,"province building 925 not in BSR state 1757, needs province remap"
1757,STATE_1757,157,STATE_157,"province building 6831 not in BSR state 1757, needs province remap"
1758,STATE_1758,162,STATE_162,manpower distributed: 3084933 -> 560897 (ratio=0.182)
1758,STATE_1758,162,STATE_162,TSR state 162 overlaid onto BSR state 1758
1758,STATE_1758,162,STATE_162,victory_points province 9907 not in BSR state 1758
1758,STATE_1758,162,STATE_162,victory_points province 6973 not in BSR state 1758
1758,STATE_1758,162,STATE_162,victory_points province 11833 not in BSR state 1758
1758,STATE_1758,162,STATE_162,victory_points province 6946 not in BSR state 1758
1758,STATE_1758,162,STATE_162,"province building 6973 not in BSR state 1758, needs province remap"
1758,STATE_1758,162,STATE_162,"province building 11833 not in BSR state 1758, needs province remap"
1759,Languedoc,22,Languedoc,manpower distributed: 1691200 -> 153745 (ratio=0.091)
1759,Languedoc,22,Languedoc,resources distributed from TSR2 state 22 ratio=0.091
1759,Languedoc,22,Languedoc,TSR state 22 overlaid onto BSR state 1759
1759,Languedoc,22,Languedoc,victory_points province 9898 not in BSR state 1759
1760,STATE_1760,22,Languedoc,manpower distributed: 1691200 -> 307491 (ratio=0.182)
1760,STATE_1760,22,Languedoc,resources distributed from TSR2 state 22 ratio=0.182
1760,STATE_1760,22,Languedoc,TSR state 22 overlaid onto BSR state 1760
1760,STATE_1760,22,Languedoc,victory_points province 9898 not in BSR state 1760
1761,STATE_1761,31,STATE_31,manpower distributed: 1825000 -> 101389 (ratio=0.056)
1761,STATE_1761,31,STATE_31,TSR state 31 overlaid onto BSR state 1761
1761,STATE_1761,31,STATE_31,victory_points province 6766 not in BSR state 1761
1762,STATE_1762,925,STATE_925,manpower distributed: 142100 -> 35525 (ratio=0.250)
1762,STATE_1762,925,STATE_925,resources distributed from TSR2 state 925 ratio=0.250
1762,STATE_1762,925,STATE_925,TSR state 925 overlaid onto BSR state 1762
1763,STATE_1763,,,new BSR state retained without TSR overlay
1764,STATE_1764,50,Württemberg,manpower distributed: 3076854 -> 769214 (ratio=0.250)
1764,STATE_1764,50,Württemberg,resources distributed from TSR2 state 50 ratio=0.250
1764,STATE_1764,50,Württemberg,TSR state 50 overlaid onto BSR state 1764
1764,STATE_1764,50,Württemberg,victory_points province 9517 not in BSR state 1764
1764,STATE_1764,50,Württemberg,victory_points province 11499 not in BSR state 1764
1765,STATE_1765,,,new BSR state retained without TSR overlay
1766,STATE_1766,,,new BSR state retained without TSR overlay
1767,STATE_1767,55,STATE_55,manpower distributed: 3798235 -> 271302 (ratio=0.071)
1767,STATE_1767,55,STATE_55,resources distributed from TSR2 state 55 ratio=0.071
1767,STATE_1767,55,STATE_55,TSR state 55 overlaid onto BSR state 1767
1767,STATE_1767,55,STATE_55,victory_points province 6488 not in BSR state 1767
1767,STATE_1767,55,STATE_55,victory_points province 564 not in BSR state 1767
1767,STATE_1767,55,STATE_55,victory_points province 6444 not in BSR state 1767
1767,STATE_1767,55,STATE_55,victory_points province 11560 not in BSR state 1767
1768,STATE_1768,91,Lwow,manpower distributed: 3227800 -> 322780 (ratio=0.100)
1768,STATE_1768,91,Lwow,TSR state 91 overlaid onto BSR state 1768
1768,STATE_1768,91,Lwow,victory_points province 11479 not in BSR state 1768
1769,STATE_1769,89,STATE_89,manpower distributed: 2180300 -> 311471 (ratio=0.143)
1769,STATE_1769,89,STATE_89,TSR state 89 overlaid onto BSR state 1769
1769,STATE_1769,89,STATE_89,victory_points province 11411 not in BSR state 1769
1770,STATE_1770,,,new BSR state retained without TSR overlay
1771,STATE_1771,199,STATE_199,manpower distributed: 1424022 -> 474674 (ratio=0.333)
1771,STATE_1771,199,STATE_199,TSR state 199 overlaid onto BSR state 1771
1771,STATE_1771,199,STATE_199,victory_points province 3457 not in BSR state 1771
1772,STATE_1772,199,STATE_199,manpower distributed: 1424022 -> 237337 (ratio=0.167)
1772,STATE_1772,199,STATE_199,TSR state 199 overlaid onto BSR state 1772
1772,STATE_1772,199,STATE_199,victory_points province 3457 not in BSR state 1772
1773,STATE_1773,1087,STATE_1087,TSR state 1087 overlaid onto BSR state 1773
1774,Gomel,241,Gomel,manpower distributed: 943422 -> 72571 (ratio=0.077)
1774,Gomel,241,Gomel,TSR state 241 overlaid onto BSR state 1774
1774,Gomel,241,Gomel,victory_points province 9288 not in BSR state 1774
1775,STATE_1775,87,STATE_87,manpower distributed: 2632000 -> 376000 (ratio=0.143)
1775,STATE_1775,87,STATE_87,TSR state 87 overlaid onto BSR state 1775
1775,STATE_1775,87,STATE_87,victory_points province 9508 not in BSR state 1775
1775,STATE_1775,87,STATE_87,merge owner/controller/cores copied from strongest overlap candidate; review political union manually
1776,STATE_1776,,,new BSR state retained without TSR overlay
1777,STATE_1777,755,STATE_755,manpower distributed: 1000000 -> 181818 (ratio=0.182)
1777,STATE_1777,755,STATE_755,TSR state 755 overlaid onto BSR state 1777
1777,STATE_1777,755,STATE_755,victory_points province 10750 not in BSR state 1777
1778,STATE_1778,754,STATE_754,manpower distributed: 400000 -> 80000 (ratio=0.200)
1778,STATE_1778,754,STATE_754,TSR state 754 overlaid onto BSR state 1778
1778,STATE_1778,754,STATE_754,victory_points province 11448 not in BSR state 1778
1779,STATE_1779,754,STATE_754,manpower distributed: 400000 -> 80000 (ratio=0.200)
1779,STATE_1779,754,STATE_754,TSR state 754 overlaid onto BSR state 1779
1779,STATE_1779,754,STATE_754,victory_points province 12732 not in BSR state 1779
1779,STATE_1779,754,STATE_754,victory_points province 11448 not in BSR state 1779
1780,STATE_1780,283,STATE_283,TSR state 283 overlaid onto BSR state 1780
1781,STATE_1781,754,STATE_754,manpower distributed: 400000 -> 40000 (ratio=0.100)
1781,STATE_1781,754,STATE_754,TSR state 754 overlaid onto BSR state 1781
1781,STATE_1781,754,STATE_754,victory_points province 12732 not in BSR state 1781
1782,STATE_1782,,,new BSR state retained without TSR overlay
1783,STATE_1783,,,new BSR state retained without TSR overlay
1784,STATE_1784,756,STATE_756,manpower distributed: 550000 -> 91667 (ratio=0.167)
1784,STATE_1784,756,STATE_756,TSR state 756 overlaid onto BSR state 1784
1784,STATE_1784,756,STATE_756,victory_points province 7971 not in BSR state 1784
1784,STATE_1784,756,STATE_756,merge owner/controller/cores copied from strongest overlap candidate; review political union manually
1785,STATE_1785,756,STATE_756,manpower distributed: 550000 -> 458333 (ratio=0.833)
1785,STATE_1785,756,STATE_756,TSR state 756 overlaid onto BSR state 1785
1786,STATE_1786,285,STATE_285,manpower distributed: 2563100 -> 61026 (ratio=0.024)
1786,STATE_1786,285,STATE_285,resources distributed from TSR2 state 285 ratio=0.024
1786,STATE_1786,285,STATE_285,TSR state 285 overlaid onto BSR state 1786
1786,STATE_1786,285,STATE_285,victory_points province 12406 not in BSR state 1786
1786,STATE_1786,285,STATE_285,victory_points province 7520 not in BSR state 1786
1786,STATE_1786,285,STATE_285,"province building 12406 not in BSR state 1786, needs province remap"
1786,STATE_1786,285,STATE_285,"province building 7520 not in BSR state 1786, needs province remap"
1787,STATE_1787,,,new BSR state retained without TSR overlay
1788,STATE_1788,,,new BSR state retained without TSR overlay
1789,STATE_1789,,,new BSR state retained without TSR overlay
1790,STATE_1790,,,new BSR state retained without TSR overlay
1791,STATE_1791,,,new BSR state retained without TSR overlay
1792,STATE_1792,,,new BSR state retained without TSR overlay
1793,STATE_1793,,,new BSR state retained without TSR overlay
1794,STATE_1794,325,STATE_325,manpower distributed: 10994500 -> 610806 (ratio=0.056)
1794,STATE_1794,325,STATE_325,resources distributed from TSR2 state 325 ratio=0.056
1794,STATE_1794,325,STATE_325,TSR state 325 overlaid onto BSR state 1794
1794,STATE_1794,325,STATE_325,victory_points province 1319 not in BSR state 1794
1794,STATE_1794,325,STATE_325,victory_points province 4501 not in BSR state 1794
1794,STATE_1794,325,STATE_325,victory_points province 5072 not in BSR state 1794
1794,STATE_1794,325,STATE_325,merge owner/controller/cores copied from strongest overlap candidate; review political union manually
1795,STATE_1795,,,new BSR state retained without TSR overlay
1796,STATE_1796,510,STATE_510,manpower distributed: 1497169 -> 561438 (ratio=0.375)
1796,STATE_1796,510,STATE_510,resources distributed from TSR2 state 510 ratio=0.375
1796,STATE_1796,510,STATE_510,TSR state 510 overlaid onto BSR state 1796
1796,STATE_1796,510,STATE_510,victory_points province 11007 not in BSR state 1796
1796,STATE_1796,510,STATE_510,victory_points province 1449 not in BSR state 1796
1797,STATE_1797,510,STATE_510,manpower distributed: 1497169 -> 187146 (ratio=0.125)
1797,STATE_1797,510,STATE_510,resources distributed from TSR2 state 510 ratio=0.125
1797,STATE_1797,510,STATE_510,TSR state 510 overlaid onto BSR state 1797
1797,STATE_1797,510,STATE_510,victory_points province 12964 not in BSR state 1797
1797,STATE_1797,510,STATE_510,victory_points province 1449 not in BSR state 1797
1798,STATE_1798,26,Auveregne,manpower distributed: 877800 -> 79800 (ratio=0.091)
1798,STATE_1798,26,Auveregne,resources distributed from TSR2 state 26 ratio=0.091
1798,STATE_1798,26,Auveregne,TSR state 26 overlaid onto BSR state 1798
1798,STATE_1798,26,Auveregne,victory_points province 3594 not in BSR state 1798
1798,STATE_1798,26,Auveregne,merge owner/controller/cores copied from strongest overlap candidate; review political union manually
1799,STATE_1799,27,Bourgogne,manpower distributed: 1370800 -> 228467 (ratio=0.167)
1799,STATE_1799,27,Bourgogne,resources distributed from TSR2 state 27 ratio=0.167
1799,STATE_1799,27,Bourgogne,TSR state 27 overlaid onto BSR state 1799
1799,STATE_1799,27,Bourgogne,victory_points province 3652 not in BSR state 1799
1799,STATE_1799,27,Bourgogne,merge owner/controller/cores copied from strongest overlap candidate; review political union manually
1800,STATE_1800,20,Rhone,manpower distributed: 2973200 -> 457415 (ratio=0.154)
1800,STATE_1800,20,Rhone,resources distributed from TSR2 state 20 ratio=0.154
1800,STATE_1800,20,Rhone,TSR state 20 overlaid onto BSR state 1800
1801,STATE_1801,21,Bouches-du-Rhône (Formerly Provence before Var split off),manpower distributed: 1670310 -> 334062 (ratio=0.200)
1801,STATE_1801,21,Bouches-du-Rhône (Formerly Provence before Var split off),resources distributed from TSR2 state 21 ratio=0.200
1801,STATE_1801,21,Bouches-du-Rhône (Formerly Provence before Var split off),TSR state 21 overlaid onto BSR state 1801
1801,STATE_1801,21,Bouches-du-Rhône (Formerly Provence before Var split off),victory_points province 11834 not in BSR state 1801
1801,STATE_1801,21,Bouches-du-Rhône (Formerly Provence before Var split off),"province building 11834 not in BSR state 1801, needs province remap"
1801,STATE_1801,21,Bouches-du-Rhône (Formerly Provence before Var split off),merge owner/controller/cores copied from strongest overlap candidate; review political union manually
1802,STATE_1802,158,STATE_158,manpower distributed: 4765476 -> 560644 (ratio=0.118)
1802,STATE_1802,158,STATE_158,resources distributed from TSR2 state 158 ratio=0.118
1802,STATE_1802,158,STATE_158,TSR state 158 overlaid onto BSR state 1802
1802,STATE_1802,158,STATE_158,victory_points province 6788 not in BSR state 1802
1802,STATE_1802,158,STATE_158,victory_points province 6780 not in BSR state 1802
1802,STATE_1802,158,STATE_158,"province building 6788 not in BSR state 1802, needs province remap"
1803,STATE_1803,72,STATE_72,manpower distributed: 152000 -> 76000 (ratio=0.500)
1803,STATE_1803,72,STATE_72,resources distributed from TSR2 state 72 ratio=0.500
1803,STATE_1803,72,STATE_72,TSR state 72 overlaid onto BSR state 1803
1804,STATE_1804,62,STATE_62,manpower distributed: 1006221 -> 143746 (ratio=0.143)
1804,STATE_1804,62,STATE_62,TSR state 62 overlaid onto BSR state 1804
1804,STATE_1804,62,STATE_62,victory_points province 9388 not in BSR state 1804
1804,STATE_1804,62,STATE_62,victory_points province 3258 not in BSR state 1804
1805,STATE_1805,59,STATE_59,manpower distributed: 2438286 -> 541841 (ratio=0.222)
1805,STATE_1805,59,STATE_59,resources distributed from TSR2 state 59 ratio=0.222
1805,STATE_1805,59,STATE_59,TSR state 59 overlaid onto BSR state 1805
1805,STATE_1805,59,STATE_59,victory_points province 3326 not in BSR state 1805
1805,STATE_1805,59,STATE_59,victory_points province 6298 not in BSR state 1805
1805,STATE_1805,59,STATE_59,victory_points province 6377 not in BSR state 1805
1806,STATE_1806,956,STATE_956,manpower distributed: 2997169 -> 2140835 (ratio=0.714)
1806,STATE_1806,956,STATE_956,resources distributed from TSR2 state 956 ratio=0.714
1806,STATE_1806,956,STATE_956,TSR state 956 overlaid onto BSR state 1806
1806,STATE_1806,956,STATE_956,merge owner/controller/cores copied from strongest overlap candidate; review political union manually
1807,STATE_1807,977,Antwerpen,manpower distributed: 1800000 -> 450000 (ratio=0.250)
1807,STATE_1807,977,Antwerpen,resources distributed from TSR2 state 977 ratio=0.250
1807,STATE_1807,977,Antwerpen,TSR state 977 overlaid onto BSR state 1807
1807,STATE_1807,977,Antwerpen,victory_points province 6598 not in BSR state 1807
1807,STATE_1807,977,Antwerpen,victory_points province 13068 not in BSR state 1807
1807,STATE_1807,977,Antwerpen,"province building 6598 not in BSR state 1807, needs province remap"
1808,STATE_1808,977,Antwerpen,manpower distributed: 1800000 -> 900000 (ratio=0.500)
1808,STATE_1808,977,Antwerpen,resources distributed from TSR2 state 977 ratio=0.500
1808,STATE_1808,977,Antwerpen,TSR state 977 overlaid onto BSR state 1808
1808,STATE_1808,977,Antwerpen,victory_points province 6598 not in BSR state 1808
1808,STATE_1808,977,Antwerpen,"province building 6598 not in BSR state 1808, needs province remap"
1809,Pampas,278,Pampas,manpower distributed: 5596366 -> 4197274 (ratio=0.750)
1809,Pampas,278,Pampas,TSR state 278 overlaid onto BSR state 1809
1809,Pampas,278,Pampas,victory_points province 12364 not in BSR state 1809
1809,Pampas,278,Pampas,victory_points province 7621 not in BSR state 1809
1809,Pampas,278,Pampas,"province building 12364 not in BSR state 1809, needs province remap"
1809,Pampas,278,Pampas,"province building 7621 not in BSR state 1809, needs province remap"
1810,STATE_1810,,,new BSR state retained without TSR overlay
1811,STATE_1811,5,STATE_5,manpower distributed: 1238108 -> 225111 (ratio=0.182)
1811,STATE_1811,5,STATE_5,TSR state 5 overlaid onto BSR state 1811
1811,STATE_1811,5,STATE_5,victory_points province 6375 not in BSR state 1811
1812,STATE_1812,,,new BSR state retained without TSR overlay
1813,STATE_1813,773,Cameroon,manpower distributed: 2945782 -> 420826 (ratio=0.143)
1813,STATE_1813,773,Cameroon,TSR state 773 overlaid onto BSR state 1813
1813,STATE_1813,773,Cameroon,victory_points province 2080 not in BSR state 1813
1813,STATE_1813,773,Cameroon,"province building 6039 not in BSR state 1813, needs province remap"
1814,Mali (previously French West Africa),899,STATE_899,TSR state 899 overlaid onto BSR state 1814
1815,Mali (previously French West Africa),898,STATE_898,TSR state 898 overlaid onto BSR state 1815
1816,Guinea,780,Guinea,manpower distributed: 195041 -> 97520 (ratio=0.500)
1816,Guinea,780,Guinea,TSR state 780 overlaid onto BSR state 1816
1816,Guinea,780,Guinea,victory_points province 1909 not in BSR state 1816
1816,Guinea,780,Guinea,"province building 1909 not in BSR state 1816, needs province remap"
1817,STATE_1817,422,STATE_422,manpower distributed: 5500000 -> 2062500 (ratio=0.375)
1817,STATE_1817,422,STATE_422,resources distributed from TSR2 state 422 ratio=0.375
1817,STATE_1817,422,STATE_422,TSR state 422 overlaid onto BSR state 1817
1817,STATE_1817,422,STATE_422,"province building 7260 not in BSR state 1817, needs province remap"
1818,STATE_1818,1005,STATE_1005,manpower distributed: 925226 -> 555136 (ratio=0.600)
1818,STATE_1818,1005,STATE_1005,resources distributed from TSR2 state 1005 ratio=0.600
1818,STATE_1818,1005,STATE_1005,TSR state 1005 overlaid onto BSR state 1818
1818,STATE_1818,1005,STATE_1005,merge owner/controller/cores copied from strongest overlap candidate; review political union manually
1819,STATE_1819,,,new BSR state retained without TSR overlay
1820,STATE_1820,,,new BSR state retained without TSR overlay
1821,STATE_1821,1005,STATE_1005,manpower distributed: 925226 -> 185045 (ratio=0.200)
1821,STATE_1821,1005,STATE_1005,resources distributed from TSR2 state 1005 ratio=0.200
1821,STATE_1821,1005,STATE_1005,TSR state 1005 overlaid onto BSR state 1821
1821,STATE_1821,1005,STATE_1005,victory_points province 10781 not in BSR state 1821
1821,STATE_1821,1005,STATE_1005,merge owner/controller/cores copied from strongest overlap candidate; review political union manually
1822,STATE_1822,1006,STATE_1006,manpower distributed: 949599 -> 474800 (ratio=0.500)
1822,STATE_1822,1006,STATE_1006,TSR state 1006 overlaid onto BSR state 1822
1822,STATE_1822,1006,STATE_1006,victory_points province 12831 not in BSR state 1822
1822,STATE_1822,1006,STATE_1006,merge owner/controller/cores copied from strongest overlap candidate; review political union manually
1823,STATE_1823,60,STATE_60,manpower distributed: 3005214 -> 1001738 (ratio=0.333)
1823,STATE_1823,60,STATE_60,resources distributed from TSR2 state 60 ratio=0.333
1823,STATE_1823,60,STATE_60,TSR state 60 overlaid onto BSR state 1823
1823,STATE_1823,60,STATE_60,victory_points province 3561 not in BSR state 1823
1823,STATE_1823,60,STATE_60,victory_points province 538 not in BSR state 1823
1824,STATE_1824,,,new BSR state retained without TSR overlay
1825,STATE_1825,659,STATE_659,manpower distributed: 871202 -> 174240 (ratio=0.200)
1825,STATE_1825,659,STATE_659,TSR state 659 overlaid onto BSR state 1825
1826,STATE_1826,678,STATE_678,manpower distributed: 42 -> 10 (ratio=0.250)
1826,STATE_1826,678,STATE_678,TSR state 678 overlaid onto BSR state 1826
1827,STATE_1827,,,new BSR state retained without TSR overlay
1828,STATE_1828,404,Kyzyl Orda,manpower distributed: 447020 -> 74503 (ratio=0.167)
1828,STATE_1828,404,Kyzyl Orda,TSR state 404 overlaid onto BSR state 1828
1828,STATE_1828,404,Kyzyl Orda,victory_points province 7597 not in BSR state 1828
1829,Magallanes,507,Magallanes,manpower distributed: 34346 -> 20608 (ratio=0.600)
1829,Magallanes,507,Magallanes,resources distributed from TSR2 state 507 ratio=0.600
1829,Magallanes,507,Magallanes,TSR state 507 overlaid onto BSR state 1829
1830,STATE_1830,,,new BSR state retained without TSR overlay
1831,STATE_1831,,,new BSR state retained without TSR overlay
1832,STATE_1832,,,new BSR state retained without TSR overlay
1833,STATE_1833,,,new BSR state retained without TSR overlay
1834,STATE_1834,489,Zulia,manpower distributed: 1576373 -> 450392 (ratio=0.286)
1834,STATE_1834,489,Zulia,resources distributed from TSR2 state 489 ratio=0.286
1834,STATE_1834,489,Zulia,TSR state 489 overlaid onto BSR state 1834
1835,STATE_1835,307,Miranda,manpower distributed: 1335010 -> 242729 (ratio=0.182)
1835,STATE_1835,307,Miranda,resources distributed from TSR2 state 307 ratio=0.182
1835,STATE_1835,307,Miranda,TSR state 307 overlaid onto BSR state 1835
1835,STATE_1835,307,Miranda,victory_points province 8113 not in BSR state 1835
1835,STATE_1835,307,Miranda,"province building 8113 not in BSR state 1835, needs province remap"
1835,STATE_1835,307,Miranda,"province building 10912 not in BSR state 1835, needs province remap"
1836,STATE_1836,488,STATE_488,manpower distributed: 245642 -> 30705 (ratio=0.125)
1836,STATE_1836,488,STATE_488,TSR state 488 overlaid onto BSR state 1836
1836,STATE_1836,488,STATE_488,victory_points province 10879 not in BSR state 1836
1837,STATE_1837,488,STATE_488,manpower distributed: 245642 -> 30705 (ratio=0.125)
1837,STATE_1837,488,STATE_488,TSR state 488 overlaid onto BSR state 1837
1837,STATE_1837,488,STATE_488,victory_points province 10879 not in BSR state 1837
1838,STATE_1838,278,Pampas,manpower distributed: 5596366 -> 839455 (ratio=0.150)
1838,STATE_1838,278,Pampas,TSR state 278 overlaid onto BSR state 1838
1838,STATE_1838,278,Pampas,victory_points province 12364 not in BSR state 1838
1838,STATE_1838,278,Pampas,"province building 12364 not in BSR state 1838, needs province remap"
1838,STATE_1838,278,Pampas,"province building 1639 not in BSR state 1838, needs province remap"
1839,STATE_1839,29,STATE_29,manpower distributed: 2976400 -> 744100 (ratio=0.250)
1839,STATE_1839,29,STATE_29,resources distributed from TSR2 state 29 ratio=0.250
1839,STATE_1839,29,STATE_29,TSR state 29 overlaid onto BSR state 1839
1839,STATE_1839,29,STATE_29,victory_points province 575 not in BSR state 1839
1839,STATE_1839,29,STATE_29,victory_points province 11483 not in BSR state 1839
1839,STATE_1839,29,STATE_29,victory_points province 11548 not in BSR state 1839
1839,STATE_1839,29,STATE_29,"province building 575 not in BSR state 1839, needs province remap"
1839,STATE_1839,29,STATE_29,"province building 11606 not in BSR state 1839, needs province remap"
1839,STATE_1839,29,STATE_29,"province building 3476 not in BSR state 1839, needs province remap"
1839,STATE_1839,29,STATE_29,"province building 9500 not in BSR state 1839, needs province remap"
1840,STATE_1840,877,Verkhoyansk,manpower distributed: 13055 -> 10879 (ratio=0.833)
1840,STATE_1840,877,Verkhoyansk,TSR state 877 overlaid onto BSR state 1840
1840,STATE_1840,877,Verkhoyansk,merge owner/controller/cores copied from strongest overlap candidate; review political union manually
1841,STATE_1841,,,new BSR state retained without TSR overlay
1842,STATE_1842,21,Bouches-du-Rhône (Formerly Provence before Var split off),manpower distributed: 1670310 -> 668124 (ratio=0.400)
1842,STATE_1842,21,Bouches-du-Rhône (Formerly Provence before Var split off),resources distributed from TSR2 state 21 ratio=0.400
1842,STATE_1842,21,Bouches-du-Rhône (Formerly Provence before Var split off),TSR state 21 overlaid onto BSR state 1842
1842,STATE_1842,21,Bouches-du-Rhône (Formerly Provence before Var split off),victory_points province 11834 not in BSR state 1842
1842,STATE_1842,21,Bouches-du-Rhône (Formerly Provence before Var split off),"province building 11834 not in BSR state 1842, needs province remap"
1843,STATE_1843,479,STATE_479,manpower distributed: 1032988 -> 737849 (ratio=0.714)
1843,STATE_1843,479,STATE_479,resources distributed from TSR2 state 479 ratio=0.714
1843,STATE_1843,479,STATE_479,TSR state 479 overlaid onto BSR state 1843
1843,STATE_1843,479,STATE_479,victory_points province 4956 not in BSR state 1843
1844,STATE_1844,476,STATE_476,manpower distributed: 1663331 -> 997999 (ratio=0.600)
1844,STATE_1844,476,STATE_476,resources distributed from TSR2 state 476 ratio=0.600
1844,STATE_1844,476,STATE_476,TSR state 476 overlaid onto BSR state 1844
1844,STATE_1844,476,STATE_476,victory_points province 10889 not in BSR state 1844
1844,STATE_1844,476,STATE_476,victory_points province 2021 not in BSR state 1844
1844,STATE_1844,476,STATE_476,"province building 10889 not in BSR state 1844, needs province remap"
1845,STATE_1845,277,STATE_277,manpower distributed: 3424403 -> 1369761 (ratio=0.400)
1845,STATE_1845,277,STATE_277,resources distributed from TSR2 state 277 ratio=0.400
1845,STATE_1845,277,STATE_277,TSR state 277 overlaid onto BSR state 1845
1845,STATE_1845,277,STATE_277,victory_points province 1965 not in BSR state 1845
1846,STATE_1846,485,STATE_485,manpower distributed: 1598311 -> 319662 (ratio=0.200)
1846,STATE_1846,485,STATE_485,resources distributed from TSR2 state 485 ratio=0.200
1846,STATE_1846,485,STATE_485,TSR state 485 overlaid onto BSR state 1846
1846,STATE_1846,485,STATE_485,victory_points province 4887 not in BSR state 1846
1846,STATE_1846,485,STATE_485,victory_points province 8032 not in BSR state 1846
1846,STATE_1846,485,STATE_485,"province building 8032 not in BSR state 1846, needs province remap"
1847,STATE_1847,855,STATE_855,manpower distributed: 500000 -> 125000 (ratio=0.250)
1847,STATE_1847,855,STATE_855,TSR state 855 overlaid onto BSR state 1847
1847,STATE_1847,855,STATE_855,merge owner/controller/cores copied from strongest overlap candidate; review political union manually
1848,STATE_1848,481,Durango,manpower distributed: 1255094 -> 418365 (ratio=0.333)
1848,STATE_1848,481,Durango,resources distributed from TSR2 state 481 ratio=0.333
1848,STATE_1848,481,Durango,TSR state 481 overlaid onto BSR state 1848
1848,STATE_1848,481,Durango,victory_points province 7921 not in BSR state 1848
1849,STATE_1849,475,STATE_475,manpower distributed: 805874 -> 268625 (ratio=0.333)
1849,STATE_1849,475,STATE_475,TSR state 475 overlaid onto BSR state 1849
1849,STATE_1849,475,STATE_475,victory_points province 1900 not in BSR state 1849
1850,STATE_1850,,,new BSR state retained without TSR overlay
1851,STATE_1851,313,STATE_313,manpower distributed: 1771000 -> 442750 (ratio=0.250)
1851,STATE_1851,313,STATE_313,resources distributed from TSR2 state 313 ratio=0.250
1851,STATE_1851,313,STATE_313,TSR state 313 overlaid onto BSR state 1851
1851,STATE_1851,313,STATE_313,victory_points province 10886 not in BSR state 1851
1851,STATE_1851,313,STATE_313,"province building 10886 not in BSR state 1851, needs province remap"
1851,STATE_1851,313,STATE_313,"province building 13085 not in BSR state 1851, needs province remap"
1852,STATE_1852,,,new BSR state retained without TSR overlay
1853,STATE_1853,687,STATE_687,manpower distributed: 309000 -> 103000 (ratio=0.333)
1853,STATE_1853,687,STATE_687,resources distributed from TSR2 state 687 ratio=0.333
1853,STATE_1853,687,STATE_687,TSR state 687 overlaid onto BSR state 1853
1853,STATE_1853,687,STATE_687,victory_points province 4982 not in BSR state 1853
1853,STATE_1853,687,STATE_687,"province building 4982 not in BSR state 1853, needs province remap"
1854,STATE_1854,,,new BSR state retained without TSR overlay
1855,STATE_1855,,,new BSR state retained without TSR overlay
1856,STATE_1856,,,new BSR state retained without TSR overlay
1857,STATE_1857,,,new BSR state retained without TSR overlay
1858,STATE_1858,,,new BSR state retained without TSR overlay
1859,STATE_1859,388,STATE_388,manpower distributed: 537605 -> 93497 (ratio=0.174)
1859,STATE_1859,388,STATE_388,resources distributed from TSR2 state 388 ratio=0.174
1859,STATE_1859,388,STATE_388,TSR state 388 overlaid onto BSR state 1859
1859,STATE_1859,388,STATE_388,victory_points province 4860 not in BSR state 1859
1860,STATE_1860,390,STATE_390,manpower distributed: 692849 -> 346424 (ratio=0.500)
1860,STATE_1860,390,STATE_390,TSR state 390 overlaid onto BSR state 1860
1861,STATE_1861,384,STATE_384,manpower distributed: 1377962 -> 529985 (ratio=0.385)
1861,STATE_1861,384,STATE_384,TSR state 384 overlaid onto BSR state 1861
1861,STATE_1861,384,STATE_384,victory_points province 12586 not in BSR state 1861
1862,STATE_1862,381,STATE_381,manpower distributed: 225564 -> 86755 (ratio=0.385)
1862,STATE_1862,381,STATE_381,resources distributed from TSR2 state 381 ratio=0.385
1862,STATE_1862,381,STATE_381,TSR state 381 overlaid onto BSR state 1862
1863,STATE_1863,389,STATE_389,manpower distributed: 680844 -> 170211 (ratio=0.250)
1863,STATE_1863,389,STATE_389,resources distributed from TSR2 state 389 ratio=0.250
1863,STATE_1863,389,STATE_389,TSR state 389 overlaid onto BSR state 1863
1863,STATE_1863,389,STATE_389,victory_points province 1836 not in BSR state 1863
1864,STATE_1864,,,new BSR state retained without TSR overlay
1865,STATE_1865,152,STATE_152,manpower distributed: 675377 -> 225126 (ratio=0.333)
1865,STATE_1865,152,STATE_152,resources distributed from TSR2 state 152 ratio=0.333
1865,STATE_1865,152,STATE_152,TSR state 152 overlaid onto BSR state 1865
1865,STATE_1865,152,STATE_152,victory_points province 688 not in BSR state 1865
1865,STATE_1865,152,STATE_152,victory_points province 9665 not in BSR state 1865
1866,STATE_1866,54,STATE_54,manpower distributed: 2508159 -> 836053 (ratio=0.333)
1866,STATE_1866,54,STATE_54,resources distributed from TSR2 state 54 ratio=0.333
1866,STATE_1866,54,STATE_54,TSR state 54 overlaid onto BSR state 1866
1866,STATE_1866,54,STATE_54,victory_points province 11544 not in BSR state 1866
1866,STATE_1866,54,STATE_54,victory_points province 9557 not in BSR state 1866
1867,STATE_1867,313,STATE_313,manpower distributed: 1771000 -> 442750 (ratio=0.250)
1867,STATE_1867,313,STATE_313,resources distributed from TSR2 state 313 ratio=0.250
1867,STATE_1867,313,STATE_313,TSR state 313 overlaid onto BSR state 1867
1867,STATE_1867,313,STATE_313,victory_points province 10886 not in BSR state 1867
1867,STATE_1867,313,STATE_313,"province building 10886 not in BSR state 1867, needs province remap"
1867,STATE_1867,313,STATE_313,"province building 13085 not in BSR state 1867, needs province remap"
1868,STATE_1868,807,STATE_807,manpower distributed: 713370 -> 89171 (ratio=0.125)
1868,STATE_1868,807,STATE_807,TSR state 807 overlaid onto BSR state 1868
1868,STATE_1868,807,STATE_807,victory_points province 9263 not in BSR state 1868
1868,STATE_1868,807,STATE_807,victory_points province 3295 not in BSR state 1868
1868,STATE_1868,807,STATE_807,victory_points province 279 not in BSR state 1868
1868,STATE_1868,807,STATE_807,"province building 9263 not in BSR state 1868, needs province remap"
1869,STATE_1869,,,new BSR state retained without TSR overlay
1870,STATE_1870,,,new BSR state retained without TSR overlay
1871,STATE_1871,317,STATE_317,manpower distributed: 683000 -> 341500 (ratio=0.500)
1871,STATE_1871,317,STATE_317,resources distributed from TSR2 state 317 ratio=0.500
1871,STATE_1871,317,STATE_317,TSR state 317 overlaid onto BSR state 1871
1871,STATE_1871,317,STATE_317,victory_points province 12738 not in BSR state 1871
1871,STATE_1871,317,STATE_317,"province building 12738 not in BSR state 1871, needs province remap"
1872,STATE_1872,160,STATE_160,manpower distributed: 3963151 -> 990788 (ratio=0.250)
1872,STATE_1872,160,STATE_160,resources distributed from TSR2 state 160 ratio=0.250
1872,STATE_1872,160,STATE_160,TSR state 160 overlaid onto BSR state 1872
1872,STATE_1872,160,STATE_160,victory_points province 11584 not in BSR state 1872
1872,STATE_1872,160,STATE_160,victory_points province 3604 not in BSR state 1872
1872,STATE_1872,160,STATE_160,victory_points province 603 not in BSR state 1872
1872,STATE_1872,160,STATE_160,"province building 11584 not in BSR state 1872, needs province remap"
1872,STATE_1872,160,STATE_160,merge owner/controller/cores copied from strongest overlap candidate; review political union manually
1873,STATE_1873,376,STATE_376,manpower distributed: 423316 -> 28221 (ratio=0.067)
1873,STATE_1873,376,STATE_376,resources distributed from TSR2 state 376 ratio=0.067
1873,STATE_1873,376,STATE_376,TSR state 376 overlaid onto BSR state 1873
1873,STATE_1873,376,STATE_376,victory_points province 4975 not in BSR state 1873
1874,STATE_1874,377,STATE_377,manpower distributed: 435572 -> 62225 (ratio=0.143)
1874,STATE_1874,377,STATE_377,resources distributed from TSR2 state 377 ratio=0.143
1874,STATE_1874,377,STATE_377,TSR state 377 overlaid onto BSR state 1874
1874,STATE_1874,377,STATE_377,victory_points province 853 not in BSR state 1874
1875,STATE_1875,380,STATE_380,manpower distributed: 507846 -> 36275 (ratio=0.071)
1875,STATE_1875,380,STATE_380,resources distributed from TSR2 state 380 ratio=0.071
1875,STATE_1875,380,STATE_380,TSR state 380 overlaid onto BSR state 1875
1875,STATE_1875,380,STATE_380,victory_points province 4865 not in BSR state 1875
1876,STATE_1876,28,Alsace-Lorraine,manpower distributed: 1915600 -> 239450 (ratio=0.125)
1876,STATE_1876,28,Alsace-Lorraine,resources distributed from TSR2 state 28 ratio=0.125
1876,STATE_1876,28,Alsace-Lorraine,TSR state 28 overlaid onto BSR state 1876
1876,STATE_1876,28,Alsace-Lorraine,victory_points province 678 not in BSR state 1876
1876,STATE_1876,28,Alsace-Lorraine,victory_points province 9503 not in BSR state 1876
1876,STATE_1876,28,Alsace-Lorraine,victory_points province 9559 not in BSR state 1876
1876,STATE_1876,28,Alsace-Lorraine,"province building 678 not in BSR state 1876, needs province remap"
1876,STATE_1876,28,Alsace-Lorraine,"province building 9559 not in BSR state 1876, needs province remap"
1877,STATE_1877,785,STATE_785,manpower distributed: 1580000 -> 677143 (ratio=0.429)
1877,STATE_1877,785,STATE_785,resources distributed from TSR2 state 785 ratio=0.429
1877,STATE_1877,785,STATE_785,TSR state 785 overlaid onto BSR state 1877
1877,STATE_1877,785,STATE_785,victory_points province 11420 not in BSR state 1877
1878,STATE_1878,56,STATE_56,manpower distributed: 2058467 -> 205847 (ratio=0.100)
1878,STATE_1878,56,STATE_56,TSR state 56 overlaid onto BSR state 1878
1878,STATE_1878,56,STATE_56,victory_points province 11360 not in BSR state 1878
1878,STATE_1878,56,STATE_56,victory_points province 11388 not in BSR state 1878
1878,STATE_1878,56,STATE_56,merge owner/controller/cores copied from strongest overlap candidate; review political union manually
1879,STATE_1879,988,STATE_988,manpower distributed: 512000 -> 256000 (ratio=0.500)
1879,STATE_1879,988,STATE_988,TSR state 988 overlaid onto BSR state 1879
1879,STATE_1879,988,STATE_988,victory_points province 5105 not in BSR state 1879
1880,STATE_1880,1012,STATE_1012,manpower distributed: 480164 -> 320109 (ratio=0.667)
1880,STATE_1880,1012,STATE_1012,TSR state 1012 overlaid onto BSR state 1880
1881,STATE_1881,444,STATE_444,manpower distributed: 364000 -> 72800 (ratio=0.200)
1881,STATE_1881,444,STATE_444,resources distributed from TSR2 state 444 ratio=0.200
1881,STATE_1881,444,STATE_444,TSR state 444 overlaid onto BSR state 1881
1881,STATE_1881,444,STATE_444,victory_points province 12774 not in BSR state 1881
1882,STATE_1882,,,new BSR state retained without TSR overlay
1883,STATE_1883,,,new BSR state retained without TSR overlay
1884,STATE_1884,325,STATE_325,manpower distributed: 10994500 -> 7329667 (ratio=0.667)
1884,STATE_1884,325,STATE_325,resources distributed from TSR2 state 325 ratio=0.667
1884,STATE_1884,325,STATE_325,TSR state 325 overlaid onto BSR state 1884
1884,STATE_1884,325,STATE_325,victory_points province 1319 not in BSR state 1884
1884,STATE_1884,325,STATE_325,victory_points province 12262 not in BSR state 1884
1884,STATE_1884,325,STATE_325,victory_points province 5072 not in BSR state 1884
1885,STATE_1885,303,Lima,manpower distributed: 3563249 -> 509036 (ratio=0.143)
1885,STATE_1885,303,Lima,resources distributed from TSR2 state 303 ratio=0.143
1885,STATE_1885,303,Lima,TSR state 303 overlaid onto BSR state 1885
1885,STATE_1885,303,Lima,victory_points province 12997 not in BSR state 1885
1885,STATE_1885,303,Lima,"province building 12997 not in BSR state 1885, needs province remap"
1886,STATE_1886,313,STATE_313,manpower distributed: 1771000 -> 442750 (ratio=0.250)
1886,STATE_1886,313,STATE_313,resources distributed from TSR2 state 313 ratio=0.250
1886,STATE_1886,313,STATE_313,TSR state 313 overlaid onto BSR state 1886
1886,STATE_1886,313,STATE_313,victory_points province 10886 not in BSR state 1886
1886,STATE_1886,313,STATE_313,"province building 10886 not in BSR state 1886, needs province remap"
1887,STATE_1887,312,STATE_312,manpower distributed: 859761 -> 286587 (ratio=0.333)
1887,STATE_1887,312,STATE_312,resources distributed from TSR2 state 312 ratio=0.333
1887,STATE_1887,312,STATE_312,TSR state 312 overlaid onto BSR state 1887
1887,STATE_1887,312,STATE_312,victory_points province 12865 not in BSR state 1887
1887,STATE_1887,312,STATE_312,"province building 12865 not in BSR state 1887, needs province remap"
1888,STATE_1888,314,STATE_314,manpower distributed: 1437611 -> 718806 (ratio=0.500)
1888,STATE_1888,314,STATE_314,resources distributed from TSR2 state 314 ratio=0.500
1888,STATE_1888,314,STATE_314,TSR state 314 overlaid onto BSR state 1888
1888,STATE_1888,314,STATE_314,victory_points province 12823 not in BSR state 1888
1888,STATE_1888,314,STATE_314,"province building 12823 not in BSR state 1888, needs province remap"
1889,STATE_1889,391,STATE_391,manpower distributed: 2563952 -> 128198 (ratio=0.050)
1889,STATE_1889,391,STATE_391,resources distributed from TSR2 state 391 ratio=0.050
1889,STATE_1889,391,STATE_391,TSR state 391 overlaid onto BSR state 1889
1889,STATE_1889,391,STATE_391,victory_points province 1866 not in BSR state 1889
1890,STATE_1890,,,new BSR state retained without TSR overlay
1891,STATE_1891,497,STATE_497,TSR state 497 overlaid onto BSR state 1891
1892,STATE_1892,937,STATE_937,TSR state 937 overlaid onto BSR state 1892
1893,STATE_1893,935,STATE_935,TSR state 935 overlaid onto BSR state 1893
1893,STATE_1893,935,STATE_935,merge owner/controller/cores copied from strongest overlap candidate; review political union manually
1894,STATE_1894,936,STATE_936,manpower distributed: 2282000 -> 978000 (ratio=0.429)
1894,STATE_1894,936,STATE_936,TSR state 936 overlaid onto BSR state 1894
1895,STATE_1895,936,STATE_936,manpower distributed: 2282000 -> 652000 (ratio=0.286)
1895,STATE_1895,936,STATE_936,TSR state 936 overlaid onto BSR state 1895
1895,STATE_1895,936,STATE_936,victory_points province 5168 not in BSR state 1895
1895,STATE_1895,936,STATE_936,"province building 5168 not in BSR state 1895, needs province remap"
1896,STATE_1896,936,STATE_936,manpower distributed: 2282000 -> 489000 (ratio=0.214)
1896,STATE_1896,936,STATE_936,TSR state 936 overlaid onto BSR state 1896
1896,STATE_1896,936,STATE_936,victory_points province 5168 not in BSR state 1896
1896,STATE_1896,936,STATE_936,"province building 5168 not in BSR state 1896, needs province remap"
1897,STATE_1897,499,STATE_499,manpower distributed: 4233900 -> 264619 (ratio=0.062)
1897,STATE_1897,499,STATE_499,resources distributed from TSR2 state 499 ratio=0.062
1897,STATE_1897,499,STATE_499,TSR state 499 overlaid onto BSR state 1897
1897,STATE_1897,499,STATE_499,victory_points province 10946 not in BSR state 1897
1897,STATE_1897,499,STATE_499,"province building 10946 not in BSR state 1897, needs province remap"
1898,STATE_1898,941,STATE_941,TSR state 941 overlaid onto BSR state 1898
1899,Minas Gerais,943,STATE_943,TSR state 943 overlaid onto BSR state 1899
1900,STATE_1900,502,STATE_502,manpower distributed: 2959600 -> 455323 (ratio=0.154)
1900,STATE_1900,502,STATE_502,resources distributed from TSR2 state 502 ratio=0.154
1900,STATE_1900,502,STATE_502,TSR state 502 overlaid onto BSR state 1900
1900,STATE_1900,502,STATE_502,victory_points province 10447 not in BSR state 1900
1900,STATE_1900,502,STATE_502,"province building 10447 not in BSR state 1900, needs province remap"
1901,STATE_1901,938,STATE_938,manpower distributed: 975050 -> 121881 (ratio=0.125)
1901,STATE_1901,938,STATE_938,resources distributed from TSR2 state 938 ratio=0.125
1901,STATE_1901,938,STATE_938,TSR state 938 overlaid onto BSR state 1901
1901,STATE_1901,938,STATE_938,victory_points province 12853 not in BSR state 1901
1901,STATE_1901,938,STATE_938,"province building 12853 not in BSR state 1901, needs province remap"
1901,STATE_1901,938,STATE_938,merge owner/controller/cores copied from strongest overlap candidate; review political union manually
1902,STATE_1902,966,STATE_966,TSR state 966 overlaid onto BSR state 1902
1902,STATE_1902,966,STATE_966,merge owner/controller/cores copied from strongest overlap candidate; review political union manually
1903,STATE_1903,909,STATE_909,manpower distributed: 152520 -> 101680 (ratio=0.667)
1903,STATE_1903,909,STATE_909,TSR state 909 overlaid onto BSR state 1903
1904,STATE_1904,,,new BSR state retained without TSR overlay
1905,STATE_1905,66,STATE_66,manpower distributed: 3052726 -> 254394 (ratio=0.083)
1905,STATE_1905,66,STATE_66,resources distributed from TSR2 state 66 ratio=0.083
1905,STATE_1905,66,STATE_66,TSR state 66 overlaid onto BSR state 1905
1905,STATE_1905,66,STATE_66,victory_points province 9570 not in BSR state 1905
1905,STATE_1905,66,STATE_66,victory_points province 552 not in BSR state 1905
1906,STATE_1906,512,STATE_512,manpower distributed: 471000 -> 157000 (ratio=0.333)
1906,STATE_1906,512,STATE_512,resources distributed from TSR2 state 512 ratio=0.333
1906,STATE_1906,512,STATE_512,TSR state 512 overlaid onto BSR state 1906
1906,STATE_1906,512,STATE_512,victory_points province 12321 not in BSR state 1906
1907,STATE_1907,512,STATE_512,manpower distributed: 471000 -> 209333 (ratio=0.444)
1907,STATE_1907,512,STATE_512,resources distributed from TSR2 state 512 ratio=0.444
1907,STATE_1907,512,STATE_512,TSR state 512 overlaid onto BSR state 1907
1907,STATE_1907,512,STATE_512,victory_points province 12306 not in BSR state 1907
1907,STATE_1907,512,STATE_512,merge owner/controller/cores copied from strongest overlap candidate; review political union manually
1908,STATE_1908,,,new BSR state retained without TSR overlay
1909,STATE_1909,301,STATE_301,manpower distributed: 890100 -> 178020 (ratio=0.200)
1909,STATE_1909,301,STATE_301,TSR state 301 overlaid onto BSR state 1909
1909,STATE_1909,301,STATE_301,victory_points province 2152 not in BSR state 1909
1909,STATE_1909,301,STATE_301,victory_points province 2194 not in BSR state 1909
1910,STATE_1910,1072,STATE_1072,manpower distributed: 1138242 -> 426841 (ratio=0.375)
1910,STATE_1910,1072,STATE_1072,resources distributed from TSR2 state 1072 ratio=0.375
1910,STATE_1910,1072,STATE_1072,TSR state 1072 overlaid onto BSR state 1910
1910,STATE_1910,1072,STATE_1072,victory_points province 13417 not in BSR state 1910
1910,STATE_1910,1072,STATE_1072,"province building 13417 not in BSR state 1910, needs province remap"
1911,STATE_1911,672,STATE_672,manpower distributed: 8254900 -> 1737874 (ratio=0.211)
1911,STATE_1911,672,STATE_672,resources distributed from TSR2 state 672 ratio=0.211
1911,STATE_1911,672,STATE_672,TSR state 672 overlaid onto BSR state 1911
1911,STATE_1911,672,STATE_672,victory_points province 12268 not in BSR state 1911
1911,STATE_1911,672,STATE_672,"province building 12268 not in BSR state 1911, needs province remap"
1911,STATE_1911,672,STATE_672,merge owner/controller/cores copied from strongest overlap candidate; review political union manually
1912,STATE_1912,1071,STATE_1071,manpower distributed: 3126543 -> 735657 (ratio=0.235)
1912,STATE_1912,1071,STATE_1071,resources distributed from TSR2 state 1071 ratio=0.235
1912,STATE_1912,1071,STATE_1071,TSR state 1071 overlaid onto BSR state 1912
1912,STATE_1912,1071,STATE_1071,victory_points province 4652 not in BSR state 1912
1912,STATE_1912,1071,STATE_1071,"province building 12113 not in BSR state 1912, needs province remap"
1912,STATE_1912,1071,STATE_1071,"province building 4652 not in BSR state 1912, needs province remap"
1912,STATE_1912,1071,STATE_1071,merge owner/controller/cores copied from strongest overlap candidate; review political union manually
1913,STATE_1913,1071,STATE_1071,manpower distributed: 3126543 -> 1839143 (ratio=0.588)
1913,STATE_1913,1071,STATE_1071,resources distributed from TSR2 state 1071 ratio=0.588
1913,STATE_1913,1071,STATE_1071,TSR state 1071 overlaid onto BSR state 1913
1913,STATE_1913,1071,STATE_1071,victory_points province 12212 not in BSR state 1913
1913,STATE_1913,1071,STATE_1071,"province building 12113 not in BSR state 1913, needs province remap"
1913,STATE_1913,1071,STATE_1071,merge owner/controller/cores copied from strongest overlap candidate; review political union manually
1914,STATE_1914,672,STATE_672,manpower distributed: 8254900 -> 2606811 (ratio=0.316)
1914,STATE_1914,672,STATE_672,resources distributed from TSR2 state 672 ratio=0.316
1914,STATE_1914,672,STATE_672,TSR state 672 overlaid onto BSR state 1914
1914,STATE_1914,672,STATE_672,victory_points province 12268 not in BSR state 1914
1914,STATE_1914,672,STATE_672,"province building 12268 not in BSR state 1914, needs province remap"
1915,STATE_1915,1069,STATE_1069,resources distributed from TSR2 state 1069 ratio=1.000
1915,STATE_1915,1069,STATE_1069,TSR state 1069 overlaid onto BSR state 1915
1915,STATE_1915,1069,STATE_1069,merge owner/controller/cores copied from strongest overlap candidate; review political union manually
1916,STATE_1916,335,Java,manpower distributed: 41718200 -> 8343640 (ratio=0.200)
1916,STATE_1916,335,Java,resources distributed from TSR2 state 335 ratio=0.200
1916,STATE_1916,335,Java,TSR state 335 overlaid onto BSR state 1916
1917,STATE_1917,1080,Batavia/Jakarta,manpower distributed: 3845381 -> 1281794 (ratio=0.333)
1917,STATE_1917,1080,Batavia/Jakarta,TSR state 1080 overlaid onto BSR state 1917
1918,STATE_1918,1073,STATE_1073,manpower distributed: 27368215 -> 7202162 (ratio=0.263)
1918,STATE_1918,1073,STATE_1073,resources distributed from TSR2 state 1073 ratio=0.263
1918,STATE_1918,1073,STATE_1073,TSR state 1073 overlaid onto BSR state 1918
1918,STATE_1918,1073,STATE_1073,victory_points province 13423 not in BSR state 1918
1918,STATE_1918,1073,STATE_1073,victory_points province 13424 not in BSR state 1918
1918,STATE_1918,1073,STATE_1073,victory_points province 13425 not in BSR state 1918
1918,STATE_1918,1073,STATE_1073,victory_points province 13426 not in BSR state 1918
1918,STATE_1918,1073,STATE_1073,victory_points province 13422 not in BSR state 1918
1918,STATE_1918,1073,STATE_1073,"province building 13422 not in BSR state 1918, needs province remap"
1918,STATE_1918,1073,STATE_1073,"province building 13425 not in BSR state 1918, needs province remap"
1918,STATE_1918,1073,STATE_1073,merge owner/controller/cores copied from strongest overlap candidate; review political union manually
1919,STATE_1919,1073,STATE_1073,manpower distributed: 27368215 -> 11523459 (ratio=0.421)
1919,STATE_1919,1073,STATE_1073,resources distributed from TSR2 state 1073 ratio=0.421
1919,STATE_1919,1073,STATE_1073,TSR state 1073 overlaid onto BSR state 1919
1919,STATE_1919,1073,STATE_1073,victory_points province 13423 not in BSR state 1919
1919,STATE_1919,1073,STATE_1073,victory_points province 13424 not in BSR state 1919
1919,STATE_1919,1073,STATE_1073,victory_points province 13425 not in BSR state 1919
1919,STATE_1919,1073,STATE_1073,victory_points province 13426 not in BSR state 1919
1919,STATE_1919,1073,STATE_1073,victory_points province 13422 not in BSR state 1919
1919,STATE_1919,1073,STATE_1073,"province building 13422 not in BSR state 1919, needs province remap"
1919,STATE_1919,1073,STATE_1073,"province building 13425 not in BSR state 1919, needs province remap"
1920,STATE_1920,64,STATE_64,manpower distributed: 7265029 -> 908129 (ratio=0.125)
1920,STATE_1920,64,STATE_64,TSR state 64 overlaid onto BSR state 1920
1920,STATE_1920,64,STATE_64,victory_points province 6521 not in BSR state 1920
1920,STATE_1920,64,STATE_64,victory_points province 3522 not in BSR state 1920
1920,STATE_1920,64,STATE_64,"province building 3499 not in BSR state 1920, needs province remap"
1921,STATE_1921,612,STATE_612,manpower distributed: 566000 -> 40429 (ratio=0.071)
1921,STATE_1921,612,STATE_612,resources distributed from TSR2 state 612 ratio=0.071
1921,STATE_1921,612,STATE_612,TSR state 612 overlaid onto BSR state 1921
1921,STATE_1921,612,STATE_612,victory_points province 10372 not in BSR state 1921
1921,STATE_1921,612,STATE_612,victory_points province 12448 not in BSR state 1921
1922,STATE_1922,,,new BSR state retained without TSR overlay
1923,STATE_1923,887,STATE_887,manpower distributed: 302020 -> 201347 (ratio=0.667)
1923,STATE_1923,887,STATE_887,TSR state 887 overlaid onto BSR state 1923
1923,STATE_1923,887,STATE_887,merge owner/controller/cores copied from strongest overlap candidate; review political union manually
1924,STATE_1924,778,Upper Volta,manpower distributed: 3186184 -> 531031 (ratio=0.167)
1924,STATE_1924,778,Upper Volta,TSR state 778 overlaid onto BSR state 1924
1924,STATE_1924,778,Upper Volta,victory_points province 10836 not in BSR state 1924
1925,STATE_1925,778,Upper Volta,manpower distributed: 3186184 -> 1062061 (ratio=0.333)
1925,STATE_1925,778,Upper Volta,TSR state 778 overlaid onto BSR state 1925
1925,STATE_1925,778,Upper Volta,victory_points province 10836 not in BSR state 1925
1926,STATE_1926,65,STATE_65,manpower distributed: 5592576 -> 508416 (ratio=0.091)
1926,STATE_1926,65,STATE_65,resources distributed from TSR2 state 65 ratio=0.091
1926,STATE_1926,65,STATE_65,TSR state 65 overlaid onto BSR state 1926
1926,STATE_1926,65,STATE_65,victory_points province 514 not in BSR state 1926
1926,STATE_1926,65,STATE_65,victory_points province 3535 not in BSR state 1926
1926,STATE_1926,65,STATE_65,victory_points province 9471 not in BSR state 1926
1927,STATE_1927,,,new BSR state retained without TSR overlay
1928,STATE_1928,334,STATE_334,manpower distributed: 2160400 -> 1296240 (ratio=0.600)
1928,STATE_1928,334,STATE_334,resources distributed from TSR2 state 334 ratio=0.600
1928,STATE_1928,334,STATE_334,TSR state 334 overlaid onto BSR state 1928
1928,STATE_1928,334,STATE_334,"province building 13298 not in BSR state 1928, needs province remap"
1928,STATE_1928,334,STATE_334,merge owner/controller/cores copied from strongest overlap candidate; review political union manually
1929,STATE_1929,1077,STATE_1077,manpower distributed: 1412581 -> 552749 (ratio=0.391)
1929,STATE_1929,1077,STATE_1077,resources distributed from TSR2 state 1077 ratio=0.391
1929,STATE_1929,1077,STATE_1077,TSR state 1077 overlaid onto BSR state 1929
1929,STATE_1929,1077,STATE_1077,victory_points province 12225 not in BSR state 1929
1929,STATE_1929,1077,STATE_1077,victory_points province 10325 not in BSR state 1929
1929,STATE_1929,1077,STATE_1077,victory_points province 7415 not in BSR state 1929
1929,STATE_1929,1077,STATE_1077,"province building 10325 not in BSR state 1929, needs province remap"
1929,STATE_1929,1077,STATE_1077,merge owner/controller/cores copied from strongest overlap candidate; review political union manually
1930,STATE_1930,668,STATE_668,manpower distributed: 579100 -> 173730 (ratio=0.300)
1930,STATE_1930,668,STATE_668,TSR state 668 overlaid onto BSR state 1930
1930,STATE_1930,668,STATE_668,"province building 1351 not in BSR state 1930, needs province remap"
1930,STATE_1930,668,STATE_668,"province building 7413 not in BSR state 1930, needs province remap"
1931,STATE_1931,1078,STATE_1078,TSR state 1078 overlaid onto BSR state 1931
1932,STATE_1932,,,new BSR state retained without TSR overlay
1933,STATE_1933,,,new BSR state retained without TSR overlay
1934,STATE_1934,28,Alsace-Lorraine,manpower distributed: 1915600 -> 239450 (ratio=0.125)
1934,STATE_1934,28,Alsace-Lorraine,resources distributed from TSR2 state 28 ratio=0.125
1934,STATE_1934,28,Alsace-Lorraine,TSR state 28 overlaid onto BSR state 1934
1934,STATE_1934,28,Alsace-Lorraine,victory_points province 678 not in BSR state 1934
1934,STATE_1934,28,Alsace-Lorraine,victory_points province 9503 not in BSR state 1934
1934,STATE_1934,28,Alsace-Lorraine,"province building 678 not in BSR state 1934, needs province remap"
1935,STATE_1935,458,STATE_458,manpower distributed: 1982940 -> 495735 (ratio=0.250)
1935,STATE_1935,458,STATE_458,resources distributed from TSR2 state 458 ratio=0.250
1935,STATE_1935,458,STATE_458,TSR state 458 overlaid onto BSR state 1935
1935,STATE_1935,458,STATE_458,victory_points province 9994 not in BSR state 1935
1935,STATE_1935,458,STATE_458,victory_points province 11921 not in BSR state 1935
1935,STATE_1935,458,STATE_458,"province building 9994 not in BSR state 1935, needs province remap"
1936,STATE_1936,665,STATE_665,manpower distributed: 427824 -> 71304 (ratio=0.167)
1936,STATE_1936,665,STATE_665,TSR state 665 overlaid onto BSR state 1936
1937,STATE_1937,665,STATE_665,manpower distributed: 427824 -> 71304 (ratio=0.167)
1937,STATE_1937,665,STATE_665,TSR state 665 overlaid onto BSR state 1937
1937,STATE_1937,665,STATE_665,victory_points province 7005 not in BSR state 1937
1938,STATE_1938,671,STATE_671,manpower distributed: 8528000 -> 1895111 (ratio=0.222)
1938,STATE_1938,671,STATE_671,resources distributed from TSR2 state 671 ratio=0.222
1938,STATE_1938,671,STATE_671,TSR state 671 overlaid onto BSR state 1938
1938,STATE_1938,671,STATE_671,victory_points province 4075 not in BSR state 1938
1938,STATE_1938,671,STATE_671,victory_points province 9948 not in BSR state 1938
1938,STATE_1938,671,STATE_671,"province building 1185 not in BSR state 1938, needs province remap"
1939,STATE_1939,78,STATE_78,manpower distributed: 2296800 -> 459360 (ratio=0.200)
1939,STATE_1939,78,STATE_78,TSR state 78 overlaid onto BSR state 1939
1940,STATE_1940,766,STATE_766,manpower distributed: 566600 -> 283300 (ratio=0.500)
1940,STATE_1940,766,STATE_766,TSR state 766 overlaid onto BSR state 1940
1940,STATE_1940,766,STATE_766,victory_points province 6727 not in BSR state 1940
1940,STATE_1940,766,STATE_766,"province building 6727 not in BSR state 1940, needs province remap"
1941,STATE_1941,,,new BSR state retained without TSR overlay
1942,STATE_1942,807,STATE_807,manpower distributed: 713370 -> 89171 (ratio=0.125)
1942,STATE_1942,807,STATE_807,TSR state 807 overlaid onto BSR state 1942
1942,STATE_1942,807,STATE_807,victory_points province 9263 not in BSR state 1942
1942,STATE_1942,807,STATE_807,victory_points province 3295 not in BSR state 1942
1942,STATE_1942,807,STATE_807,victory_points province 279 not in BSR state 1942
1942,STATE_1942,807,STATE_807,"province building 9263 not in BSR state 1942, needs province remap"
1943,STATE_1943,100,STATE_100,manpower distributed: 115870 -> 33106 (ratio=0.286)
1943,STATE_1943,100,STATE_100,TSR state 100 overlaid onto BSR state 1943
1943,STATE_1943,100,STATE_100,victory_points province 12674 not in BSR state 1943
1943,STATE_1943,100,STATE_100,"province building 12674 not in BSR state 1943, needs province remap"
1944,STATE_1944,771,Zambia,manpower distributed: 690045 -> 98578 (ratio=0.143)
1944,STATE_1944,771,Zambia,resources distributed from TSR2 state 771 ratio=0.143
1944,STATE_1944,771,Zambia,TSR state 771 overlaid onto BSR state 1944
1944,STATE_1944,771,Zambia,victory_points province 5199 not in BSR state 1944
1944,STATE_1944,771,Zambia,victory_points province 5221 not in BSR state 1944
1945,STATE_1945,,,new BSR state retained without TSR overlay
1946,Mysore,425,Mysore,manpower distributed: 6552000 -> 3822000 (ratio=0.583)
1946,Mysore,425,Mysore,resources distributed from TSR2 state 425 ratio=0.583
1946,Mysore,425,Mysore,TSR state 425 overlaid onto BSR state 1946
1946,Mysore,425,Mysore,victory_points province 7244 not in BSR state 1946
1946,Mysore,425,Mysore,"province building 7244 not in BSR state 1946, needs province remap"
1947,Madras,,,new BSR state retained without TSR overlay
1948,Mysore,,,new BSR state retained without TSR overlay
1949,Mysore,425,Mysore,manpower distributed: 6552000 -> 1092000 (ratio=0.167)
1949,Mysore,425,Mysore,resources distributed from TSR2 state 425 ratio=0.167
1949,Mysore,425,Mysore,TSR state 425 overlaid onto BSR state 1949
1949,Mysore,425,Mysore,victory_points province 8011 not in BSR state 1949
1949,Mysore,425,Mysore,victory_points province 4315 not in BSR state 1949
1949,Mysore,425,Mysore,victory_points province 7244 not in BSR state 1949
1949,Mysore,425,Mysore,"province building 7244 not in BSR state 1949, needs province remap"
1950,STATE_1950,669,STATE_669,manpower distributed: 314300 -> 248132 (ratio=0.789)
1950,STATE_1950,669,STATE_669,TSR state 669 overlaid onto BSR state 1950
1951,STATE_1951,669,STATE_669,manpower distributed: 314300 -> 33084 (ratio=0.105)
1951,STATE_1951,669,STATE_669,TSR state 669 overlaid onto BSR state 1951
1951,STATE_1951,669,STATE_669,victory_points province 12371 not in BSR state 1951
1951,STATE_1951,669,STATE_669,"province building 12371 not in BSR state 1951, needs province remap"
1952,STATE_1952,,,new BSR state retained without TSR overlay
1953,STATE_1953,,,new BSR state retained without TSR overlay
1954,STATE_1954,50,Württemberg,manpower distributed: 3076854 -> 256404 (ratio=0.083)
1954,STATE_1954,50,Württemberg,resources distributed from TSR2 state 50 ratio=0.083
1954,STATE_1954,50,Württemberg,TSR state 50 overlaid onto BSR state 1954
1954,STATE_1954,50,Württemberg,victory_points province 11499 not in BSR state 1954
1955,STATE_1955,,,new BSR state retained without TSR overlay
1956,STATE_1956,,,new BSR state retained without TSR overlay
1957,STATE_1957,,,new BSR state retained without TSR overlay
1958,STATE_1958,,,new BSR state retained without TSR overlay
1959,STATE_1959,891,STATE_891,manpower distributed: 640000 -> 256000 (ratio=0.400)
1959,STATE_1959,891,STATE_891,resources distributed from TSR2 state 891 ratio=0.400
1959,STATE_1959,891,STATE_891,TSR state 891 overlaid onto BSR state 1959
1960,STATE_1960,,,new BSR state retained without TSR overlay
1961,STATE_1961,770,STATE_770,manpower distributed: 1603975 -> 400994 (ratio=0.250)
1961,STATE_1961,770,STATE_770,TSR state 770 overlaid onto BSR state 1961
1961,STATE_1961,770,STATE_770,victory_points province 12986 not in BSR state 1961
1962,STATE_1962,494,STATE_494,manpower distributed: 735826 -> 420472 (ratio=0.571)
1962,STATE_1962,494,STATE_494,TSR state 494 overlaid onto BSR state 1962
1962,STATE_1962,494,STATE_494,victory_points province 2226 not in BSR state 1962
1963,STATE_1963,,,new BSR state retained without TSR overlay
1964,STATE_1964,54,STATE_54,manpower distributed: 2508159 -> 209013 (ratio=0.083)
1964,STATE_1964,54,STATE_54,resources distributed from TSR2 state 54 ratio=0.083
1964,STATE_1964,54,STATE_54,TSR state 54 overlaid onto BSR state 1964
1964,STATE_1964,54,STATE_54,victory_points province 11544 not in BSR state 1964
1964,STATE_1964,54,STATE_54,victory_points province 6421 not in BSR state 1964
1965,STATE_1965,978,Baden,manpower distributed: 2056854 -> 587673 (ratio=0.286)
1965,STATE_1965,978,Baden,resources distributed from TSR2 state 978 ratio=0.286
1965,STATE_1965,978,Baden,TSR state 978 overlaid onto BSR state 1965
1965,STATE_1965,978,Baden,victory_points province 11640 not in BSR state 1965
1965,STATE_1965,978,Baden,victory_points province 6712 not in BSR state 1965
1966,STATE_1966,,,new BSR state retained without TSR overlay
1967,STATE_1967,,,new BSR state retained without TSR overlay
1968,STATE_1968,827,STATE_827,TSR state 827 overlaid onto BSR state 1968
1969,STATE_1969,97,STATE_97,manpower distributed: 1157200 -> 128578 (ratio=0.111)
1969,STATE_1969,97,STATE_97,TSR state 97 overlaid onto BSR state 1969
1969,STATE_1969,97,STATE_97,victory_points province 11301 not in BSR state 1969
1969,STATE_1969,97,STATE_97,victory_points province 3393 not in BSR state 1969
1969,STATE_1969,97,STATE_97,victory_points province 3254 not in BSR state 1969
1970,STATE_1970,163,STATE_163,TSR state 163 overlaid onto BSR state 1970
1971,STATE_1971,,,new BSR state retained without TSR overlay
1972,STATE_1972,97,STATE_97,manpower distributed: 1157200 -> 128578 (ratio=0.111)
1972,STATE_1972,97,STATE_97,TSR state 97 overlaid onto BSR state 1972
1972,STATE_1972,97,STATE_97,victory_points province 11301 not in BSR state 1972
1972,STATE_1972,97,STATE_97,victory_points province 3393 not in BSR state 1972
1972,STATE_1972,97,STATE_97,victory_points province 3254 not in BSR state 1972
1973,STATE_1973,86,STATE_86,manpower distributed: 2106500 -> 234056 (ratio=0.111)
1973,STATE_1973,86,STATE_86,TSR state 86 overlaid onto BSR state 1973
1973,STATE_1973,86,STATE_86,victory_points province 6558 not in BSR state 1973
1973,STATE_1973,86,STATE_86,"province building 11232 not in BSR state 1973, needs province remap"
1973,STATE_1973,86,STATE_86,"province building 9532 not in BSR state 1973, needs province remap"
1973,STATE_1973,86,STATE_86,"province building 3381 not in BSR state 1973, needs province remap"
1974,STATE_1974,36,STATE_36,manpower distributed: 2364000 -> 525333 (ratio=0.222)
1974,STATE_1974,36,STATE_36,TSR state 36 overlaid onto BSR state 1974
1974,STATE_1974,36,STATE_36,victory_points province 6241 not in BSR state 1974
1974,STATE_1974,36,STATE_36,victory_points province 9363 not in BSR state 1974
1974,STATE_1974,36,STATE_36,victory_points province 6336 not in BSR state 1974
1974,STATE_1974,36,STATE_36,"province building 6336 not in BSR state 1974, needs province remap"
1975,STATE_1975,36,STATE_36,manpower distributed: 2364000 -> 262667 (ratio=0.111)
1975,STATE_1975,36,STATE_36,TSR state 36 overlaid onto BSR state 1975
1975,STATE_1975,36,STATE_36,victory_points province 6241 not in BSR state 1975
1975,STATE_1975,36,STATE_36,victory_points province 9363 not in BSR state 1975
1975,STATE_1975,36,STATE_36,victory_points province 9335 not in BSR state 1975
1975,STATE_1975,36,STATE_36,victory_points province 6336 not in BSR state 1975
1975,STATE_1975,36,STATE_36,"province building 6336 not in BSR state 1975, needs province remap"
1976,STATE_1976,35,STATE_35,manpower distributed: 1449000 -> 207000 (ratio=0.143)
1976,STATE_1976,35,STATE_35,resources distributed from TSR2 state 35 ratio=0.143
1976,STATE_1976,35,STATE_35,TSR state 35 overlaid onto BSR state 1976
1976,STATE_1976,35,STATE_35,victory_points province 3262 not in BSR state 1976
1976,STATE_1976,35,STATE_35,victory_points province 6496 not in BSR state 1976
1976,STATE_1976,35,STATE_35,victory_points province 11562 not in BSR state 1976
1977,STATE_1977,715,STATE_715,manpower distributed: 3643373 -> 173494 (ratio=0.048)
1977,STATE_1977,715,STATE_715,TSR state 715 overlaid onto BSR state 1977
1978,STATE_1978,610,Jehol,manpower distributed: 1975377 -> 804783 (ratio=0.407)
1978,STATE_1978,610,Jehol,resources distributed from TSR2 state 610 ratio=0.407
1978,STATE_1978,610,Jehol,TSR state 610 overlaid onto BSR state 1978
1978,STATE_1978,610,Jehol,victory_points province 11801 not in BSR state 1978
1978,STATE_1978,610,Jehol,victory_points province 934 not in BSR state 1978
1978,STATE_1978,610,Jehol,merge owner/controller/cores copied from strongest overlap candidate; review political union manually
1979,STATE_1979,843,STATE_843,manpower distributed: 650000 -> 325000 (ratio=0.500)
1979,STATE_1979,843,STATE_843,TSR state 843 overlaid onto BSR state 1979
1979,STATE_1979,843,STATE_843,victory_points province 5097 not in BSR state 1979
1979,STATE_1979,843,STATE_843,merge owner/controller/cores copied from strongest overlap candidate; review political union manually
1980,STATE_1980,,,new BSR state retained without TSR overlay
1981,STATE_1981,,,new BSR state retained without TSR overlay
1982,STATE_1982,,,new BSR state retained without TSR overlay
1983,STATE_1983,,,new BSR state retained without TSR overlay
1984,STATE_1984,,,new BSR state retained without TSR overlay
1985,STATE_1985,974,South Transdanubia,manpower distributed: 732535 -> 366268 (ratio=0.500)
1985,STATE_1985,974,South Transdanubia,resources distributed from TSR2 state 974 ratio=0.500
1985,STATE_1985,974,South Transdanubia,TSR state 974 overlaid onto BSR state 1985
1985,STATE_1985,974,South Transdanubia,victory_points province 682 not in BSR state 1985
1986,STATE_1986,973,STATE_973,manpower distributed: 580000 -> 193333 (ratio=0.333)
1986,STATE_1986,973,STATE_973,TSR state 973 overlaid onto BSR state 1986
1986,STATE_1986,973,STATE_973,victory_points province 6700 not in BSR state 1986
1987,STATE_1987,45,STATE_45,manpower distributed: 838621 -> 335448 (ratio=0.400)
1987,STATE_1987,45,STATE_45,TSR state 45 overlaid onto BSR state 1987
1987,STATE_1987,45,STATE_45,victory_points province 619 not in BSR state 1987
1987,STATE_1987,45,STATE_45,victory_points province 9608 not in BSR state 1987
1988,STATE_1988,764,STATE_764,manpower distributed: 585579 -> 146395 (ratio=0.250)
1988,STATE_1988,764,STATE_764,TSR state 764 overlaid onto BSR state 1988
1988,STATE_1988,764,STATE_764,victory_points province 3614 not in BSR state 1988
1989,STATE_1989,980,STATE_980,manpower distributed: 338130 -> 84532 (ratio=0.250)
1989,STATE_1989,980,STATE_980,resources distributed from TSR2 state 980 ratio=0.250
1989,STATE_1989,980,STATE_980,TSR state 980 overlaid onto BSR state 1989
1989,STATE_1989,980,STATE_980,victory_points province 9418 not in BSR state 1989
1989,STATE_1989,980,STATE_980,"province building 9418 not in BSR state 1989, needs province remap"
1990,STATE_1990,980,STATE_980,manpower distributed: 338130 -> 84532 (ratio=0.250)
1990,STATE_1990,980,STATE_980,resources distributed from TSR2 state 980 ratio=0.250
1990,STATE_1990,980,STATE_980,TSR state 980 overlaid onto BSR state 1990
1990,STATE_1990,980,STATE_980,victory_points province 9418 not in BSR state 1990
1990,STATE_1990,980,STATE_980,"province building 9418 not in BSR state 1990, needs province remap"
1990,STATE_1990,980,STATE_980,"province building 9444 not in BSR state 1990, needs province remap"
1991,STATE_1991,,,new BSR state retained without TSR overlay
1992,STATE_1992,814,STATE_814,manpower distributed: 219740 -> 54935 (ratio=0.250)
1992,STATE_1992,814,STATE_814,TSR state 814 overlaid onto BSR state 1992
1993,STATE_1993,207,STATE_207,manpower distributed: 1217854 -> 221428 (ratio=0.182)
1993,STATE_1993,207,STATE_207,TSR state 207 overlaid onto BSR state 1993
1993,STATE_1993,207,STATE_207,victory_points province 11241 not in BSR state 1993
1994,STATE_1994,207,STATE_207,manpower distributed: 1217854 -> 110714 (ratio=0.091)
1994,STATE_1994,207,STATE_207,TSR state 207 overlaid onto BSR state 1994
1994,STATE_1994,207,STATE_207,victory_points province 11241 not in BSR state 1994
1995,STATE_1995,194,Mozyr,manpower distributed: 934632 -> 280390 (ratio=0.300)
1995,STATE_1995,194,Mozyr,TSR state 194 overlaid onto BSR state 1995
1995,STATE_1995,194,Mozyr,victory_points province 6232 not in BSR state 1995
1996,STATE_1996,201,STATE_201,manpower distributed: 1417834 -> 236306 (ratio=0.167)
1996,STATE_1996,201,STATE_201,TSR state 201 overlaid onto BSR state 1996
1996,STATE_1996,201,STATE_201,victory_points province 6593 not in BSR state 1996
1997,STATE_1997,784,STATE_784,manpower distributed: 517081 -> 129270 (ratio=0.250)
1997,STATE_1997,784,STATE_784,TSR state 784 overlaid onto BSR state 1997
1997,STATE_1997,784,STATE_784,victory_points province 3320 not in BSR state 1997
1998,STATE_1998,359,STATE_359,manpower distributed: 4041332 -> 1010333 (ratio=0.250)
1998,STATE_1998,359,STATE_359,TSR state 359 overlaid onto BSR state 1998
1998,STATE_1998,359,STATE_359,victory_points province 6882 not in BSR state 1998
1999,STATE_1999,359,STATE_359,manpower distributed: 4041332 -> 1515500 (ratio=0.375)
1999,STATE_1999,359,STATE_359,TSR state 359 overlaid onto BSR state 1999
1999,STATE_1999,359,STATE_359,victory_points province 6882 not in BSR state 1999
2000,STATE_2000,,,new BSR state retained without TSR overlay
2001,STATE_2001,,,new BSR state retained without TSR overlay
2002,STATE_2002,341,STATE_341,manpower distributed: 227467 -> 45493 (ratio=0.200)
2002,STATE_2002,341,STATE_341,TSR state 341 overlaid onto BSR state 2002
2002,STATE_2002,341,STATE_341,victory_points province 11842 not in BSR state 2002
2003,STATE_2003,104,STATE_104,manpower distributed: 1910200 -> 112365 (ratio=0.059)
2003,STATE_2003,104,STATE_104,resources distributed from TSR2 state 104 ratio=0.059
2003,STATE_2003,104,STATE_104,TSR state 104 overlaid onto BSR state 2003
2003,STATE_2003,104,STATE_104,victory_points province 11899 not in BSR state 2003
2003,STATE_2003,104,STATE_104,victory_points province 6983 not in BSR state 2003
2003,STATE_2003,104,STATE_104,merge owner/controller/cores copied from strongest overlap candidate; review political union manually
2004,STATE_2004,104,STATE_104,manpower distributed: 1910200 -> 112365 (ratio=0.059)
2004,STATE_2004,104,STATE_104,resources distributed from TSR2 state 104 ratio=0.059
2004,STATE_2004,104,STATE_104,TSR state 104 overlaid onto BSR state 2004
2004,STATE_2004,104,STATE_104,victory_points province 11899 not in BSR state 2004
2004,STATE_2004,104,STATE_104,victory_points province 6983 not in BSR state 2004
2005,STATE_2005,,,new BSR state retained without TSR overlay
2006,STATE_2006,,,new BSR state retained without TSR overlay
2007,STATE_2007,231,STATE_231,manpower distributed: 2457844 -> 163856 (ratio=0.067)
2007,STATE_2007,231,STATE_231,TSR state 231 overlaid onto BSR state 2007
2007,STATE_2007,231,STATE_231,victory_points province 1599 not in BSR state 2007
2007,STATE_2007,231,STATE_231,victory_points province 3653 not in BSR state 2007
2007,STATE_2007,231,STATE_231,"province building 3653 not in BSR state 2007, needs province remap"
2008,STATE_2008,,,new BSR state retained without TSR overlay
2009,STATE_2009,232,Dagestan,manpower distributed: 1358292 -> 169786 (ratio=0.125)
2009,STATE_2009,232,Dagestan,resources distributed from TSR2 state 232 ratio=0.125
2009,STATE_2009,232,Dagestan,TSR state 232 overlaid onto BSR state 2009
2009,STATE_2009,232,Dagestan,victory_points province 6701 not in BSR state 2009
2009,STATE_2009,232,Dagestan,victory_points province 7624 not in BSR state 2009
2010,STATE_2010,232,Dagestan,manpower distributed: 1358292 -> 84893 (ratio=0.062)
2010,STATE_2010,232,Dagestan,resources distributed from TSR2 state 232 ratio=0.062
2010,STATE_2010,232,Dagestan,TSR state 232 overlaid onto BSR state 2010
2010,STATE_2010,232,Dagestan,victory_points province 6701 not in BSR state 2010
2010,STATE_2010,232,Dagestan,victory_points province 7624 not in BSR state 2010
2011,STATE_2011,104,STATE_104,manpower distributed: 1910200 -> 112365 (ratio=0.059)
2011,STATE_2011,104,STATE_104,resources distributed from TSR2 state 104 ratio=0.059
2011,STATE_2011,104,STATE_104,TSR state 104 overlaid onto BSR state 2011
2011,STATE_2011,104,STATE_104,victory_points province 11899 not in BSR state 2011
2011,STATE_2011,104,STATE_104,victory_points province 6983 not in BSR state 2011
2012,STATE_2012,109,Croatia,manpower distributed: 2224400 -> 202218 (ratio=0.091)
2012,STATE_2012,109,Croatia,resources distributed from TSR2 state 109 ratio=0.091
2012,STATE_2012,109,Croatia,TSR state 109 overlaid onto BSR state 2012
2012,STATE_2012,109,Croatia,victory_points province 11581 not in BSR state 2012
2013,STATE_2013,601,STATE_601,manpower distributed: 368200 -> 92050 (ratio=0.250)
2013,STATE_2013,601,STATE_601,resources distributed from TSR2 state 601 ratio=0.250
2013,STATE_2013,601,STATE_601,TSR state 601 overlaid onto BSR state 2013
2014,STATE_2014,63,STATE_63,manpower distributed: 1124417 -> 80316 (ratio=0.071)
2014,STATE_2014,63,STATE_63,resources distributed from TSR2 state 63 ratio=0.071
2014,STATE_2014,63,STATE_63,TSR state 63 overlaid onto BSR state 2014
2014,STATE_2014,63,STATE_63,victory_points province 6282 not in BSR state 2014
2014,STATE_2014,63,STATE_63,"province building 6282 not in BSR state 2014, needs province remap"
2015,STATE_2015,,,new BSR state retained without TSR overlay
2016,STATE_2016,159,STATE_159,manpower distributed: 5597704 -> 559770 (ratio=0.100)
2016,STATE_2016,159,STATE_159,TSR state 159 overlaid onto BSR state 2016
2016,STATE_2016,159,STATE_159,victory_points province 3780 not in BSR state 2016
2016,STATE_2016,159,STATE_159,victory_points province 773 not in BSR state 2016
2017,STATE_2017,157,STATE_157,manpower distributed: 2979335 -> 812546 (ratio=0.273)
2017,STATE_2017,157,STATE_157,TSR state 157 overlaid onto BSR state 2017
2017,STATE_2017,157,STATE_157,victory_points province 925 not in BSR state 2017
2017,STATE_2017,157,STATE_157,"province building 925 not in BSR state 2017, needs province remap"
2017,STATE_2017,157,STATE_157,"province building 6831 not in BSR state 2017, needs province remap"
2018,STATE_2018,27,Bourgogne,manpower distributed: 1370800 -> 228467 (ratio=0.167)
2018,STATE_2018,27,Bourgogne,resources distributed from TSR2 state 27 ratio=0.167
2018,STATE_2018,27,Bourgogne,TSR state 27 overlaid onto BSR state 2018
2018,STATE_2018,27,Bourgogne,victory_points province 3652 not in BSR state 2018
2018,STATE_2018,27,Bourgogne,merge owner/controller/cores copied from strongest overlap candidate; review political union manually
2019,STATE_2019,189,STATE_189,manpower distributed: 697100 -> 116183 (ratio=0.167)
2019,STATE_2019,189,STATE_189,resources distributed from TSR2 state 189 ratio=0.167
2019,STATE_2019,189,STATE_189,TSR state 189 overlaid onto BSR state 2019
2019,STATE_2019,189,STATE_189,victory_points province 9483 not in BSR state 2019
2019,STATE_2019,189,STATE_189,victory_points province 6314 not in BSR state 2019
2019,STATE_2019,189,STATE_189,"province building 6314 not in BSR state 2019, needs province remap"
2020,STATE_2020,,,new BSR state retained without TSR overlay
2021,STATE_2021,,,new BSR state retained without TSR overlay
2022,STATE_2022,,,new BSR state retained without TSR overlay
2023,STATE_2023,610,Jehol,manpower distributed: 1975377 -> 512135 (ratio=0.259)
2023,STATE_2023,610,Jehol,resources distributed from TSR2 state 610 ratio=0.259
2023,STATE_2023,610,Jehol,TSR state 610 overlaid onto BSR state 2023
2023,STATE_2023,610,Jehol,victory_points province 934 not in BSR state 2023
2024,STATE_2024,126,STATE_126,manpower distributed: 9824296 -> 2456074 (ratio=0.250)
2024,STATE_2024,126,STATE_126,TSR state 126 overlaid onto BSR state 2024
2024,STATE_2024,126,STATE_126,"province building 11374 not in BSR state 2024, needs province remap"
2025,STATE_2025,931,STATE_931,manpower distributed: 745101 -> 372550 (ratio=0.500)
2025,STATE_2025,931,STATE_931,resources distributed from TSR2 state 931 ratio=0.500
2025,STATE_2025,931,STATE_931,TSR state 931 overlaid onto BSR state 2025
2026,STATE_2026,931,STATE_931,manpower distributed: 745101 -> 372550 (ratio=0.500)
2026,STATE_2026,931,STATE_931,resources distributed from TSR2 state 931 ratio=0.500
2026,STATE_2026,931,STATE_931,TSR state 931 overlaid onto BSR state 2026
2026,STATE_2026,931,STATE_931,victory_points province 11332 not in BSR state 2026
2027,STATE_2027,1033,STATE_1033,manpower distributed: 4145000 -> 1036250 (ratio=0.250)
2027,STATE_2027,1033,STATE_1033,TSR state 1033 overlaid onto BSR state 2027
2027,STATE_2027,1033,STATE_1033,victory_points province 10004 not in BSR state 2027
2027,STATE_2027,1033,STATE_1033,"province building 10004 not in BSR state 2027, needs province remap"
2028,STATE_2028,,,new BSR state retained without TSR overlay
2029,STATE_2029,86,STATE_86,manpower distributed: 2106500 -> 234056 (ratio=0.111)
2029,STATE_2029,86,STATE_86,TSR state 86 overlaid onto BSR state 2029
2029,STATE_2029,86,STATE_86,victory_points province 6558 not in BSR state 2029
2029,STATE_2029,86,STATE_86,"province building 11232 not in BSR state 2029, needs province remap"
2029,STATE_2029,86,STATE_86,"province building 9532 not in BSR state 2029, needs province remap"
2029,STATE_2029,86,STATE_86,"province building 3381 not in BSR state 2029, needs province remap"
2030,STATE_2030,,,new BSR state retained without TSR overlay
2031,STATE_2031,86,STATE_86,manpower distributed: 2106500 -> 234056 (ratio=0.111)
2031,STATE_2031,86,STATE_86,TSR state 86 overlaid onto BSR state 2031
2031,STATE_2031,86,STATE_86,victory_points province 6558 not in BSR state 2031
2031,STATE_2031,86,STATE_86,"province building 11232 not in BSR state 2031, needs province remap"
2031,STATE_2031,86,STATE_86,"province building 9532 not in BSR state 2031, needs province remap"
2032,STATE_2032,68,STATE_68,manpower distributed: 1250840 -> 178691 (ratio=0.143)
2032,STATE_2032,68,STATE_68,resources distributed from TSR2 state 68 ratio=0.143
2032,STATE_2032,68,STATE_68,TSR state 68 overlaid onto BSR state 2032
2032,STATE_2032,68,STATE_68,victory_points province 3473 not in BSR state 2032
2033,STATE_2033,64,STATE_64,manpower distributed: 7265029 -> 454064 (ratio=0.062)
2033,STATE_2033,64,STATE_64,TSR state 64 overlaid onto BSR state 2033
2033,STATE_2033,64,STATE_64,victory_points province 6521 not in BSR state 2033
2033,STATE_2033,64,STATE_64,victory_points province 3522 not in BSR state 2033
2033,STATE_2033,64,STATE_64,victory_points province 9496 not in BSR state 2033
2033,STATE_2033,64,STATE_64,"province building 3499 not in BSR state 2033, needs province remap"
2034,STATE_2034,68,STATE_68,manpower distributed: 1250840 -> 178691 (ratio=0.143)
2034,STATE_2034,68,STATE_68,resources distributed from TSR2 state 68 ratio=0.143
2034,STATE_2034,68,STATE_68,TSR state 68 overlaid onto BSR state 2034
2034,STATE_2034,68,STATE_68,victory_points province 3473 not in BSR state 2034
2035,STATE_2035,68,STATE_68,manpower distributed: 1250840 -> 178691 (ratio=0.143)
2035,STATE_2035,68,STATE_68,resources distributed from TSR2 state 68 ratio=0.143
2035,STATE_2035,68,STATE_68,TSR state 68 overlaid onto BSR state 2035
2035,STATE_2035,68,STATE_68,victory_points province 3473 not in BSR state 2035
2036,STATE_2036,65,STATE_65,manpower distributed: 5592576 -> 508416 (ratio=0.091)
2036,STATE_2036,65,STATE_65,resources distributed from TSR2 state 65 ratio=0.091
2036,STATE_2036,65,STATE_65,TSR state 65 overlaid onto BSR state 2036
2036,STATE_2036,65,STATE_65,victory_points province 514 not in BSR state 2036
2036,STATE_2036,65,STATE_65,victory_points province 3535 not in BSR state 2036
2036,STATE_2036,65,STATE_65,victory_points province 9471 not in BSR state 2036
2037,STATE_2037,272,STATE_272,manpower distributed: 1638000 -> 273000 (ratio=0.167)
2037,STATE_2037,272,STATE_272,resources distributed from TSR2 state 272 ratio=0.167
2037,STATE_2037,272,STATE_272,TSR state 272 overlaid onto BSR state 2037
2037,STATE_2037,272,STATE_272,victory_points province 4948 not in BSR state 2037
2037,STATE_2037,272,STATE_272,"province building 4948 not in BSR state 2037, needs province remap"
2038,STATE_2038,16,STATE_16,manpower distributed: 5732062 -> 1910687 (ratio=0.333)
2038,STATE_2038,16,STATE_16,TSR state 16 overlaid onto BSR state 2038
2038,STATE_2038,16,STATE_16,victory_points province 11506 not in BSR state 2038
2038,STATE_2038,16,STATE_16,"province building 9534 not in BSR state 2038, needs province remap"
2038,STATE_2038,16,STATE_16,merge owner/controller/cores copied from strongest overlap candidate; review political union manually
2039,STATE_2039,1062,STATE_1062,manpower distributed: 429992 -> 85998 (ratio=0.200)
2039,STATE_2039,1062,STATE_1062,TSR state 1062 overlaid onto BSR state 2039
2040,STATE_2040,27,Bourgogne,manpower distributed: 1370800 -> 114233 (ratio=0.083)
2040,STATE_2040,27,Bourgogne,resources distributed from TSR2 state 27 ratio=0.083
2040,STATE_2040,27,Bourgogne,TSR state 27 overlaid onto BSR state 2040
2040,STATE_2040,27,Bourgogne,victory_points province 3652 not in BSR state 2040
2041,STATE_2041,17,Lorraine,manpower distributed: 1517500 -> 189688 (ratio=0.125)
2041,STATE_2041,17,Lorraine,resources distributed from TSR2 state 17 ratio=0.125
2041,STATE_2041,17,Lorraine,TSR state 17 overlaid onto BSR state 2041
2041,STATE_2041,17,Lorraine,victory_points province 9642 not in BSR state 2041
2042,STATE_2042,27,Bourgogne,manpower distributed: 1370800 -> 114233 (ratio=0.083)
2042,STATE_2042,27,Bourgogne,resources distributed from TSR2 state 27 ratio=0.083
2042,STATE_2042,27,Bourgogne,TSR state 27 overlaid onto BSR state 2042
2042,STATE_2042,27,Bourgogne,victory_points province 3652 not in BSR state 2042
2043,STATE_2043,27,Bourgogne,manpower distributed: 1370800 -> 228467 (ratio=0.167)
2043,STATE_2043,27,Bourgogne,resources distributed from TSR2 state 27 ratio=0.167
2043,STATE_2043,27,Bourgogne,TSR state 27 overlaid onto BSR state 2043
2043,STATE_2043,27,Bourgogne,victory_points province 3652 not in BSR state 2043
2044,STATE_2044,27,Bourgogne,manpower distributed: 1370800 -> 114233 (ratio=0.083)
2044,STATE_2044,27,Bourgogne,resources distributed from TSR2 state 27 ratio=0.083
2044,STATE_2044,27,Bourgogne,TSR state 27 overlaid onto BSR state 2044
2044,STATE_2044,27,Bourgogne,victory_points province 3652 not in BSR state 2044
