bsr_state_id,bsr_state_name,selected_tsr_state_id,selected_tsr_state_name,selected_mapping_type,selected_confidence,alternative_mapping_count,selection_notes
1,Corsica,1,Corsica,same_id_same_area,1.000,1,province_overlap=3
2,STATE_2,2,Latium,split,1.000,1,split; province_overlap=2; tsr_overlap_rank=2/4; bsr_source_count=1
3,STATE_3,847,STATE_847,merge,0.500,3,split+merge; province_overlap=2; tsr_overlap_rank=1/3; bsr_source_count=3
4,STATE_4,4,STATE_4,split,1.000,1,split; province_overlap=5; tsr_overlap_rank=1/3; bsr_source_count=1
5,STATE_5,5,STATE_5,split,1.000,1,split; province_overlap=6; tsr_overlap_rank=1/4; bsr_source_count=1
6,Flanders,6,Flanders,merge,0.750,2,split+merge; province_overlap=3; tsr_overlap_rank=1/2; bsr_source_count=2
7,STATE_7,7,STATE_7,split,1.000,1,split; province_overlap=4; tsr_overlap_rank=1/2; bsr_source_count=1
8,STATE_8,8,STATE_8,merge,0.500,2,merge; province_overlap=1; bsr_source_count=2
9,STATE_9,9,STATE_9,split,0.929,2,split; province_overlap=13; tsr_overlap_rank=1/2; bsr_source_count=1
10,STATE_10,10,STATE_10,merge,0.500,3,split+merge; province_overlap=3; tsr_overlap_rank=2/4; bsr_source_count=3
11,STATE_11,815,STATE_815,merge,0.600,2,split+merge; province_overlap=3; tsr_overlap_rank=1/4; bsr_source_count=2
12,STATE_12,808,STATE_808,split,1.000,1,split; province_overlap=1; tsr_overlap_rank=2/2; bsr_source_count=1
13,STATE_13,812,STATE_812,merge,1.000,3,merge; province_overlap=4; bsr_source_count=3
14,STATE_14,14,STATE_14,split,0.900,1,split; province_overlap=9; tsr_overlap_rank=1/2; bsr_source_count=1
15,STATE_15,15,STATE_15,same_id_same_area,1.000,1,province_overlap=11
16,STATE_16,16,STATE_16,merge,0.667,2,split+merge; province_overlap=2; tsr_overlap_rank=1/2; bsr_source_count=2
17,STATE_17,17,Lorraine,split,0.600,3,split; province_overlap=3; tsr_overlap_rank=1/6; bsr_source_count=1
18,STATE_18,1062,STATE_1062,split,0.750,2,split; province_overlap=3; tsr_overlap_rank=1/3; bsr_source_count=1
19,STATE_19,19,STATE_19,merge,1.000,2,merge; province_overlap=5; bsr_source_count=2
20,STATE_20,20,Rhone,merge,0.833,2,split+merge; province_overlap=5; tsr_overlap_rank=1/7; bsr_source_count=2
21,STATE_21,21,Bouches-du-Rhône (Formerly Provence before Var split off),split,1.000,1,split; province_overlap=2; tsr_overlap_rank=2/3; bsr_source_count=1
22,Languedoc,22,Languedoc,split,0.750,1,split; province_overlap=3; tsr_overlap_rank=2/4; bsr_source_count=1
23,STATE_23,23,STATE_23,merge,0.875,2,split+merge; province_overlap=7; tsr_overlap_rank=1/2; bsr_source_count=2
24,STATE_24,24,STATE_24,merge,0.600,2,split+merge; province_overlap=3; tsr_overlap_rank=1/4; bsr_source_count=2
25,STATE_25,25,STATE_25,merge,0.923,3,split+merge; province_overlap=12; tsr_overlap_rank=1/2; bsr_source_count=3
26,STATE_26,26,Auveregne,split,1.000,1,split; province_overlap=10; tsr_overlap_rank=1/2; bsr_source_count=1
27,STATE_27,27,Bourgogne,split,1.000,1,split; province_overlap=2; tsr_overlap_rank=1/8; bsr_source_count=1
28,STATE_28,978,Baden,merge,0.750,2,split+merge; province_overlap=3; tsr_overlap_rank=1/4; bsr_source_count=2
29,STATE_29,29,STATE_29,split,1.000,1,split; province_overlap=3; tsr_overlap_rank=1/5; bsr_source_count=1
30,STATE_30,30,STATE_30,split,1.000,1,split; province_overlap=3; tsr_overlap_rank=3/4; bsr_source_count=1
31,STATE_31,31,STATE_31,merge,0.909,2,split+merge; province_overlap=10; tsr_overlap_rank=1/7; bsr_source_count=2
32,STATE_32,32,STATE_32,split,1.000,1,split; province_overlap=4; tsr_overlap_rank=1/3; bsr_source_count=1
33,STATE_33,33,STATE_33,merge,0.778,2,split+merge; province_overlap=7; tsr_overlap_rank=1/2; bsr_source_count=2
34,STATE_34,34,STATE_34,split,1.000,1,split; province_overlap=2; tsr_overlap_rank=2/2; bsr_source_count=1
35,STATE_35,35,STATE_35,split,1.000,1,split; province_overlap=2; tsr_overlap_rank=1/5; bsr_source_count=1
36,STATE_36,36,STATE_36,split,1.000,1,split; province_overlap=1; tsr_overlap_rank=4/5; bsr_source_count=1
37,STATE_37,37,STATE_37,same_id_same_area,1.000,1,province_overlap=4
38,STATE_38,918,Västerbotten,merge,1.000,2,merge; province_overlap=34; bsr_source_count=2
39,STATE_39,39,(South Tyrol) Alto Adige,split,1.000,1,split; province_overlap=3; tsr_overlap_rank=1/3; bsr_source_count=1
40,Barnaul,40,Barnaul,same_id_same_area,1.000,1,province_overlap=12
41,STATE_41,41,STATE_41,split,0.500,1,split; province_overlap=3; tsr_overlap_rank=2/3; bsr_source_count=1
42,STATE_42,42,STATE_42,split,1.000,1,split; province_overlap=3; tsr_overlap_rank=1/5; bsr_source_count=1
43,Northern Hungary,43,Northern Hungary,split,1.000,1,split; province_overlap=4; tsr_overlap_rank=2/2; bsr_source_count=1
44,STATE_44,44,STATE_44,split,0.600,3,split; province_overlap=3; tsr_overlap_rank=1/3; bsr_source_count=1
45,STATE_45,45,STATE_45,split,1.000,1,split; province_overlap=2; tsr_overlap_rank=1/3; bsr_source_count=1
46,STATE_46,46,Muntenia,split,1.000,1,split; province_overlap=9; tsr_overlap_rank=1/3; bsr_source_count=1
47,STATE_47,47,Thessaly,split,1.000,1,split; province_overlap=1; tsr_overlap_rank=3/6; bsr_source_count=1
48,STATE_48,48,STATE_48,split,1.000,1,split; province_overlap=5; tsr_overlap_rank=1/3; bsr_source_count=1
49,STATE_49,49,Ankara,split,1.000,1,split; province_overlap=5; tsr_overlap_rank=1/4; bsr_source_count=1
50,STATE_50,50,Württemberg,split,1.000,1,split; province_overlap=3; tsr_overlap_rank=2/6; bsr_source_count=1
51,STATE_51,51,STATE_51,split,1.000,1,split; province_overlap=1; tsr_overlap_rank=5/5; bsr_source_count=1
52,STATE_52,52,STATE_52,split,1.000,1,split; province_overlap=9; tsr_overlap_rank=1/4; bsr_source_count=1
53,STATE_53,53,STATE_53,split,1.000,1,split; province_overlap=7; tsr_overlap_rank=1/2; bsr_source_count=1
54,STATE_54,54,STATE_54,merge,0.875,2,split+merge; province_overlap=7; tsr_overlap_rank=1/3; bsr_source_count=2
55,STATE_55,55,STATE_55,split,1.000,1,split; province_overlap=7; tsr_overlap_rank=1/6; bsr_source_count=1
56,STATE_56,56,STATE_56,merge,0.857,2,split+merge; province_overlap=6; tsr_overlap_rank=1/3; bsr_source_count=2
57,STATE_57,57,STATE_57,split,1.000,1,split; province_overlap=7; tsr_overlap_rank=1/3; bsr_source_count=1
58,STATE_58,58,STATE_58,split,1.000,1,split; province_overlap=3; tsr_overlap_rank=1/3; bsr_source_count=1
59,STATE_59,58,STATE_58,split,1.000,1,split; province_overlap=1; tsr_overlap_rank=3/3; bsr_source_count=1
60,STATE_60,60,STATE_60,split,1.000,1,split; province_overlap=6; tsr_overlap_rank=1/2; bsr_source_count=1
61,STATE_61,61,STATE_61,merge,1.000,2,merge; province_overlap=6; bsr_source_count=2
62,STATE_62,62,STATE_62,split,1.000,1,split; province_overlap=2; tsr_overlap_rank=2/4; bsr_source_count=1
63,STATE_63,63,STATE_63,split,1.000,1,split; province_overlap=2; tsr_overlap_rank=1/9; bsr_source_count=1
64,STATE_64,,,new_bsr_state,1.000,1,no TSR overlay candidate
65,STATE_65,65,STATE_65,split,1.000,1,split; province_overlap=2; tsr_overlap_rank=2/6; bsr_source_count=1
66,STATE_66,66,STATE_66,split,0.667,1,split; province_overlap=2; tsr_overlap_rank=2/7; bsr_source_count=1
67,STATE_67,67,STATE_67,split,1.000,1,split; province_overlap=1; tsr_overlap_rank=5/5; bsr_source_count=1
68,STATE_68,68,STATE_68,split,1.000,1,split; province_overlap=2; tsr_overlap_rank=1/6; bsr_source_count=1
69,STATE_69,69,STATE_69,split,1.000,1,split; province_overlap=6; tsr_overlap_rank=1/2; bsr_source_count=1
70,STATE_70,70,STATE_70,split,1.000,1,split; province_overlap=1; tsr_overlap_rank=3/3; bsr_source_count=1
71,STATE_71,71,STATE_71,split,1.000,1,split; province_overlap=3; tsr_overlap_rank=2/3; bsr_source_count=1
72,STATE_72,72,STATE_72,split,1.000,1,split; province_overlap=1; tsr_overlap_rank=1/2; bsr_source_count=1
73,STATE_73,73,STATE_73,split,1.000,1,split; province_overlap=4; tsr_overlap_rank=1/2; bsr_source_count=1
74,STATE_74,74,STATE_74,split,1.000,1,split; province_overlap=3; tsr_overlap_rank=1/2; bsr_source_count=1
75,STATE_75,75,STATE_75,same_id_same_area,1.000,1,province_overlap=7
76,STATE_76,76,STATE_76,split,0.750,3,split; province_overlap=6; tsr_overlap_rank=2/2; bsr_source_count=1
77,STATE_77,77,STATE_77,same_id_same_area,1.000,1,province_overlap=2
78,STATE_78,78,STATE_78,split,1.000,1,split; province_overlap=7; tsr_overlap_rank=1/3; bsr_source_count=1
79,STATE_79,79,STATE_79,split,1.000,1,split; province_overlap=12; tsr_overlap_rank=1/3; bsr_source_count=1
80,STATE_80,80,STATE_80,same_id_same_area,1.000,1,province_overlap=2
81,STATE_81,81,STATE_81,same_id_same_area,1.000,1,province_overlap=8
82,STATE_82,82,STATE_82,same_id_same_area,1.000,1,province_overlap=6
83,STATE_83,83,STATE_83,same_id_same_area,1.000,1,province_overlap=4
84,STATE_84,84,STATE_84,same_id_same_area,1.000,1,province_overlap=11
85,STATE_85,85,STATE_85,same_id_same_area,1.000,1,province_overlap=1
86,STATE_86,86,STATE_86,split,1.000,1,split; province_overlap=4; tsr_overlap_rank=1/6; bsr_source_count=1
87,STATE_87,87,STATE_87,split,0.500,1,split; province_overlap=1; tsr_overlap_rank=2/4; bsr_source_count=1
88,STATE_88,88,STATE_88,split,0.250,2,split; province_overlap=1; tsr_overlap_rank=4/9; bsr_source_count=1
89,STATE_89,89,STATE_89,split,1.000,1,split; province_overlap=4; tsr_overlap_rank=1/3; bsr_source_count=1
90,STATE_90,90,Kielce,merge,0.714,2,split+merge; province_overlap=5; tsr_overlap_rank=1/2; bsr_source_count=2
91,Lwow,91,Lwow,merge,0.600,2,split+merge; province_overlap=3; tsr_overlap_rank=2/5; bsr_source_count=2
92,STATE_92,92,STATE_92,merge,0.500,2,split+merge; province_overlap=3; tsr_overlap_rank=1/4; bsr_source_count=2
93,STATE_93,93,STATE_93,split,0.667,1,split; province_overlap=2; tsr_overlap_rank=2/5; bsr_source_count=1
94,STATE_94,94,STATE_94,split,1.000,1,split; province_overlap=3; tsr_overlap_rank=1/9; bsr_source_count=1
95,STATE_95,95,STATE_95,merge,0.800,2,split+merge; province_overlap=4; tsr_overlap_rank=1/6; bsr_source_count=2
96,STATE_96,96,STATE_96,merge,0.714,2,split+merge; province_overlap=5; tsr_overlap_rank=1/2; bsr_source_count=2
97,STATE_97,97,STATE_97,split,1.000,1,split; province_overlap=4; tsr_overlap_rank=1/6; bsr_source_count=1
98,STATE_98,98,STATE_98,split,0.667,2,split; province_overlap=2; tsr_overlap_rank=2/5; bsr_source_count=1
99,STATE_99,99,STATE_99,split,0.667,1,split; province_overlap=2; tsr_overlap_rank=3/3; bsr_source_count=1
100,STATE_100,100,STATE_100,split,0.167,1,split; province_overlap=1; tsr_overlap_rank=2/2; bsr_source_count=1
101,STATE_101,101,STATE_101,split,0.800,2,split; province_overlap=4; tsr_overlap_rank=1/2; bsr_source_count=1
102,STATE_102,853,STATE_853,same_name,1.000,1,province_overlap=2
103,STATE_103,103,Dalmatia,split,1.000,1,split; province_overlap=2; tsr_overlap_rank=2/4; bsr_source_count=1
104,STATE_104,104,STATE_104,split,1.000,1,split; province_overlap=3; tsr_overlap_rank=2/8; bsr_source_count=1
105,STATE_105,105,STATE_105,split,1.000,1,split; province_overlap=2; tsr_overlap_rank=2/3; bsr_source_count=1
106,STATE_106,106,STATE_106,split,1.000,1,split; province_overlap=4; tsr_overlap_rank=1/3; bsr_source_count=1
107,STATE_107,107,STATE_107,merge,0.875,2,split+merge; province_overlap=7; tsr_overlap_rank=1/2; bsr_source_count=2
108,STATE_108,802,STATE_802,merge,0.667,2,split+merge; province_overlap=2; tsr_overlap_rank=1/3; bsr_source_count=2
109,STATE_109,109,Croatia,split,1.000,1,split; province_overlap=7; tsr_overlap_rank=1/4; bsr_source_count=1
110,STATE_110,110,STATE_110,same_id_same_area,1.000,1,province_overlap=8
111,Uusimaa,111,UUSIMA,split,1.000,1,split; province_overlap=6; tsr_overlap_rank=1/3; bsr_source_count=1
112,STATE_112,112,STATE_112,same_id_same_area,1.000,1,province_overlap=5
113,Leinster,113,Leinster,split,1.000,1,split; province_overlap=7; tsr_overlap_rank=1/2; bsr_source_count=1
114,STATE_114,114,STATE_114,same_id_same_area,1.000,1,province_overlap=8
115,STATE_115,115,STATE_115,same_id_same_area,0.900,1,province_overlap=9
116,STATE_116,116,STATE_116,same_id_same_area,1.000,1,province_overlap=1
117,STATE_117,117,Campania,merge,0.833,2,split+merge; province_overlap=5; tsr_overlap_rank=1/2; bsr_source_count=2
118,STATE_118,118,STATE_118,same_id_same_area,1.000,1,province_overlap=1
119,STATE_119,119,STATE_119,split,1.000,1,split; province_overlap=2; tsr_overlap_rank=2/4; bsr_source_count=1
120,STATE_120,120,STATE_120,same_id_same_area,1.000,1,province_overlap=14
121,Lothian,121,Lothian,same_id_same_area,1.000,1,province_overlap=6
122,STATE_122,122,STATE_122,same_id_same_area,1.000,1,province_overlap=8
123,STATE_123,123,STATE_123,split,1.000,1,split; province_overlap=2; tsr_overlap_rank=3/3; bsr_source_count=1
124,STATE_124,124,STATE_124,same_id_same_area,1.000,1,province_overlap=2
125,STATE_125,125,STATE_125,same_id_same_area,1.000,1,province_overlap=7
126,STATE_126,126,STATE_126,split,1.000,1,split; province_overlap=3; tsr_overlap_rank=1/2; bsr_source_count=1
127,Sussex,127,Sussex,split,1.000,1,split; province_overlap=5; tsr_overlap_rank=1/2; bsr_source_count=1
128,STATE_128,128,STATE_128,split,1.000,1,split; province_overlap=3; tsr_overlap_rank=2/3; bsr_source_count=1
129,STATE_129,129,STATE_129,split,1.000,1,split; province_overlap=4; tsr_overlap_rank=1/2; bsr_source_count=1
130,STATE_130,130,STATE_130,merge,0.667,2,split+merge; province_overlap=6; tsr_overlap_rank=1/2; bsr_source_count=2
131,STATE_131,131,STATE_131,same_id_same_area,1.000,1,province_overlap=3
132,Lancashire,132,Lancashire,merge,0.750,2,split+merge; province_overlap=3; tsr_overlap_rank=1/2; bsr_source_count=2
133,Lanark,133,Lanark,same_id_same_area,1.000,1,province_overlap=8
134,STATE_134,134,STATE_134,split,1.000,1,split; province_overlap=8; tsr_overlap_rank=1/2; bsr_source_count=1
135,STATE_135,135,STATE_135,same_id_same_area,1.000,1,province_overlap=10
136,STATE_136,136,STATE_136,same_id_same_area,1.000,1,province_overlap=7
137,STATE_137,137,STATE_137,split,1.000,1,split; province_overlap=3; tsr_overlap_rank=2/3; bsr_source_count=1
138,STATE_138,138,STATE_138,split,1.000,1,split; province_overlap=9; tsr_overlap_rank=1/2; bsr_source_count=1
139,STATE_139,139,STATE_139,merge,1.000,1,merge; province_overlap=13; bsr_source_count=2
140,STATE_140,140,Västra Götaland,split,1.000,1,split; province_overlap=7; tsr_overlap_rank=1/2; bsr_source_count=1
141,STATE_141,141,Svealand,split,1.000,1,split; province_overlap=12; tsr_overlap_rank=1/2; bsr_source_count=1
142,STATE_142,142,STATE_142,merge,0.895,2,split+merge; province_overlap=17; tsr_overlap_rank=1/3; bsr_source_count=2
143,STATE_143,143,STATE_143,merge,0.941,3,split+merge; province_overlap=16; tsr_overlap_rank=1/2; bsr_source_count=3
144,STATE_144,925,STATE_925,merge,0.882,2,split+merge; province_overlap=15; tsr_overlap_rank=1/2; bsr_source_count=2
145,STATE_145,145,ÅLAND,same_id_same_area,1.000,1,province_overlap=1
146,STATE_146,146,KARJALA,split,1.000,1,split; province_overlap=9; tsr_overlap_rank=1/4; bsr_source_count=1
147,STATE_147,147,SALLA,same_id_same_area,1.000,1,province_overlap=3
148,STATE_148,148,LAPPI,split,1.000,1,split; province_overlap=15; tsr_overlap_rank=1/3; bsr_source_count=1
149,Pohjanmaa,149,VAASA,merge,0.714,3,split+merge; province_overlap=10; tsr_overlap_rank=1/4; bsr_source_count=3
150,Savo,150,KUOPIO,merge,0.688,3,split+merge; province_overlap=11; tsr_overlap_rank=2/5; bsr_source_count=3
151,STATE_151,151,STATE_151,merge,0.500,2,split+merge; province_overlap=2; tsr_overlap_rank=2/3; bsr_source_count=2
152,STATE_152,152,STATE_152,split,1.000,1,split; province_overlap=2; tsr_overlap_rank=1/4; bsr_source_count=1
153,STATE_153,153,STATE_153,merge,0.800,2,split+merge; province_overlap=4; tsr_overlap_rank=1/4; bsr_source_count=2
154,STATE_154,154,STATE_154,split,1.000,1,split; province_overlap=7; tsr_overlap_rank=1/2; bsr_source_count=1
155,STATE_155,155,North Transdanubia,split,1.000,1,split; province_overlap=7; tsr_overlap_rank=1/3; bsr_source_count=1
156,STATE_156,156,STATE_156,same_id_same_area,1.000,1,province_overlap=5
157,STATE_157,157,STATE_157,split,1.000,1,split; province_overlap=2; tsr_overlap_rank=3/5; bsr_source_count=1
158,STATE_158,158,STATE_158,split,1.000,1,split; province_overlap=4; tsr_overlap_rank=2/6; bsr_source_count=1
159,STATE_159,159,STATE_159,split,1.000,1,split; province_overlap=5; tsr_overlap_rank=1/4; bsr_source_count=1
160,STATE_160,160,STATE_160,split,1.000,1,split; province_overlap=4; tsr_overlap_rank=1/3; bsr_source_count=1
161,STATE_161,161,STATE_161,split,1.000,1,split; province_overlap=3; tsr_overlap_rank=1/4; bsr_source_count=1
162,STATE_162,162,STATE_162,split,1.000,1,split; province_overlap=8; tsr_overlap_rank=1/3; bsr_source_count=1
163,STATE_163,,,new_bsr_state,1.000,1,no TSR overlay candidate
164,STATE_164,164,STATE_164,same_id_same_area,1.000,1,province_overlap=2
165,STATE_165,165,STATE_165,same_id_same_area,1.000,1,province_overlap=14
166,STATE_166,166,STATE_166,split,1.000,1,split; province_overlap=7; tsr_overlap_rank=1/2; bsr_source_count=1
167,STATE_167,167,STATE_167,same_id_same_area,1.000,1,province_overlap=10
168,STATE_168,168,STATE_168,split,1.000,1,split; province_overlap=5; tsr_overlap_rank=2/2; bsr_source_count=1
169,STATE_169,169,STATE_169,same_id_same_area,1.000,1,province_overlap=14
170,STATE_170,170,STATE_170,split,0.917,1,split; province_overlap=11; tsr_overlap_rank=1/3; bsr_source_count=1
171,STATE_171,171,STATE_171,merge,1.000,2,merge; province_overlap=13; bsr_source_count=2
172,STATE_172,172,STATE_172,same_id_same_area,1.000,1,province_overlap=5
173,STATE_173,173,STATE_173,same_id_same_area,1.000,1,province_overlap=11
174,STATE_174,174,STATE_174,same_id_same_area,1.000,1,province_overlap=13
175,STATE_175,175,STATE_175,same_id_same_area,1.000,1,province_overlap=10
176,STATE_176,176,STATE_176,split,1.000,1,split; province_overlap=9; tsr_overlap_rank=1/2; bsr_source_count=1
177,STATE_177,177,STATE_177,split,1.000,1,split; province_overlap=2; tsr_overlap_rank=1/2; bsr_source_count=1
178,STATE_178,178,STATE_178,same_id_same_area,1.000,1,province_overlap=1
179,STATE_179,179,STATE_179,split,1.000,1,split; province_overlap=6; tsr_overlap_rank=1/3; bsr_source_count=1
180,STATE_180,180,STATE_180,split,1.000,1,split; province_overlap=2; tsr_overlap_rank=2/2; bsr_source_count=1
181,STATE_181,181,STATE_181,same_id_same_area,1.000,1,province_overlap=8
182,STATE_182,182,STATE_182,split,1.000,1,split; province_overlap=3; tsr_overlap_rank=1/2; bsr_source_count=1
183,STATE_183,183,STATE_183,split,1.000,1,split; province_overlap=1; tsr_overlap_rank=2/2; bsr_source_count=1
184,STATE_184,184,STATE_184,merge,0.333,2,split+merge; province_overlap=1; tsr_overlap_rank=3/4; bsr_source_count=2
185,STATE_185,185,STATE_185,merge,0.800,2,split+merge; province_overlap=4; tsr_overlap_rank=1/7; bsr_source_count=2
186,STATE_186,186,STATE_186,same_id_same_area,1.000,1,province_overlap=7
187,STATE_187,187,STATE_187,split,1.000,1,split; province_overlap=1; tsr_overlap_rank=1/3; bsr_source_count=1
188,STATE_188,188,STATE_188,same_id_same_area,1.000,1,province_overlap=1
189,STATE_189,189,STATE_189,merge,0.667,2,split+merge; province_overlap=4; tsr_overlap_rank=1/3; bsr_source_count=2
190,STATE_190,190,STATE_190,merge,1.000,2,merge; province_overlap=6; bsr_source_count=2
191,STATE_191,191,STATE_191,merge,1.000,3,merge; province_overlap=5; bsr_source_count=3
192,STATE_192,192,STATE_192,merge,1.000,2,merge; province_overlap=6; bsr_source_count=2
193,STATE_193,193,Chernihiv,split,1.000,1,split; province_overlap=5; tsr_overlap_rank=1/5; bsr_source_count=1
194,Mozyr,194,Mozyr,split,0.714,3,split; province_overlap=5; tsr_overlap_rank=1/3; bsr_source_count=1
195,STATE_195,195,STATE_195,same_id_same_area,1.000,1,province_overlap=2
196,STATE_196,196,STATE_196,split,1.000,1,split; province_overlap=7; tsr_overlap_rank=1/2; bsr_source_count=1
197,STATE_197,197,STATE_197,merge,1.000,2,merge; province_overlap=8; bsr_source_count=2
198,STATE_198,198,STATE_198,split,1.000,1,split; province_overlap=2; tsr_overlap_rank=2/4; bsr_source_count=1
199,STATE_199,199,STATE_199,split,1.000,1,split; province_overlap=1; tsr_overlap_rank=3/4; bsr_source_count=1
200,Zaporozhe,200,Zaporozhe,same_id_same_area,1.000,1,province_overlap=9
201,STATE_201,201,STATE_201,merge,0.750,2,split+merge; province_overlap=9; tsr_overlap_rank=1/2; bsr_source_count=2
202,STATE_202,202,STATE_202,split,1.000,1,split; province_overlap=2; tsr_overlap_rank=3/5; bsr_source_count=1
203,STATE_203,203,STATE_203,split,1.000,1,split; province_overlap=10; tsr_overlap_rank=1/3; bsr_source_count=1
204,STATE_204,204,Bobruysk,merge,0.500,2,split+merge; province_overlap=4; tsr_overlap_rank=1/4; bsr_source_count=2
205,Kaluga,205,Kaluga,same_id_same_area,1.000,1,province_overlap=16
206,STATE_206,206,STATE_206,merge,0.600,2,split+merge; province_overlap=3; tsr_overlap_rank=1/4; bsr_source_count=2
207,STATE_207,207,STATE_207,split,1.000,1,split; province_overlap=5; tsr_overlap_rank=1/6; bsr_source_count=1
208,STATE_208,208,Luga,same_id_same_area,0.900,2,province_overlap=8
209,STATE_209,209,Pskov,same_id_same_area,0.917,2,province_overlap=11
210,Nevel,210,Nevel,same_id_same_area,1.000,1,province_overlap=7
211,STATE_211,211,STATE_211,split,1.000,1,split; province_overlap=4; tsr_overlap_rank=1/2; bsr_source_count=1
212,STATE_212,212,STATE_212,split,1.000,1,split; province_overlap=6; tsr_overlap_rank=1/4; bsr_source_count=1
213,STATE_213,213,STATE_213,same_id_same_area,1.000,1,province_overlap=20
214,STATE_214,,,new_bsr_state,1.000,4,no TSR overlay candidate
215,STATE_215,215,STATE_215,split,0.636,2,split; province_overlap=7; tsr_overlap_rank=3/5; bsr_source_count=1
216,STATE_216,216,STATE_216,merge,0.950,2,merge; province_overlap=19; bsr_source_count=2
217,STATE_217,217,STATE_217,same_id_same_area,1.000,1,province_overlap=5
218,STATE_218,218,STATE_218,same_name,0.750,2,province_overlap=6
219,STATE_219,219,STATE_219,same_id_same_area,1.000,2,province_overlap=25
220,STATE_220,220,STATE_220,same_id_same_area,1.000,1,province_overlap=14
221,STATE_221,221,STATE_221,merge,1.000,2,merge; province_overlap=11; bsr_source_count=2
222,STATE_222,222,STATE_222,same_id_same_area,1.000,1,province_overlap=13
223,STATE_223,223,STATE_223,same_id_same_area,1.000,1,province_overlap=14
224,STATE_224,224,STATE_224,same_id_same_area,1.000,1,province_overlap=10
225,STATE_225,225,Sumy,merge,0.909,2,split+merge; province_overlap=10; tsr_overlap_rank=1/2; bsr_source_count=2
226,STATE_226,226,Dnipropertovsk,split,1.000,1,split; province_overlap=7; tsr_overlap_rank=1/2; bsr_source_count=1
227,STATE_227,227,STATE_227,split,1.000,1,split; province_overlap=8; tsr_overlap_rank=1/2; bsr_source_count=1
228,Voroshilovgrad,228,Voroshilovgrad,split,0.889,1,split; province_overlap=8; tsr_overlap_rank=1/3; bsr_source_count=1
229,STATE_229,229,STATE_229,split,1.000,1,split; province_overlap=7; tsr_overlap_rank=1/6; bsr_source_count=1
230,STATE_230,230,STATE_230,split,1.000,1,split; province_overlap=3; tsr_overlap_rank=1/4; bsr_source_count=1
231,STATE_231,231,STATE_231,split,1.000,1,split; province_overlap=3; tsr_overlap_rank=3/7; bsr_source_count=1
232,STATE_232,232,Dagestan,split,0.400,2,split; province_overlap=2; tsr_overlap_rank=4/5; bsr_source_count=1
233,STATE_233,233,STATE_233,same_id_same_area,1.000,1,province_overlap=4
234,STATE_234,234,STATE_234,same_id_same_area,0.900,2,province_overlap=13
235,STATE_235,235,STATE_235,same_id_same_area,1.000,2,province_overlap=21
236,STATE_236,236,STATE_236,same_id_same_area,1.000,1,province_overlap=11
237,STATE_237,237,STATE_237,same_id_same_area,0.909,2,province_overlap=20
238,STATE_238,238,STATE_238,same_id_same_area,1.000,3,province_overlap=17
239,STATE_239,239,STATE_239,same_id_same_area,0.900,2,province_overlap=19
240,Belgorod,240,Belgorod,same_id_same_area,1.000,1,province_overlap=12
241,Gomel,241,Gomel,split,1.000,1,split; province_overlap=1; tsr_overlap_rank=2/3; bsr_source_count=1
242,STATE_242,,,new_bsr_state,1.000,2,no TSR overlay candidate
243,STATE_243,243,STATE_243,same_name,0.750,2,province_overlap=4
244,STATE_244,244,Volkhov,same_id_same_area,1.000,1,province_overlap=7
245,STATE_245,245,Millerovo,same_id_same_area,0.917,2,province_overlap=11
246,STATE_246,246,STATE_246,same_id_same_area,1.000,1,province_overlap=20
247,STATE_247,247,STATE_247,same_id_same_area,1.000,1,province_overlap=17
248,STATE_248,248,STATE_248,same_id_same_area,1.000,1,province_overlap=23
249,STATE_249,249,STATE_249,same_id_same_area,1.000,1,province_overlap=25
250,STATE_250,250,STATE_250,same_id_same_area,0.923,2,province_overlap=12
251,STATE_251,251,STATE_251,same_id_same_area,1.000,1,province_overlap=18
252,STATE_252,252,STATE_252,same_id_same_area,0.973,3,province_overlap=36
253,STATE_253,253,STATE_253,same_id_same_area,1.000,1,province_overlap=31
254,STATE_254,254,STATE_254,same_id_same_area,1.000,1,province_overlap=24
255,STATE_255,255,STATE_255,same_id_same_area,1.000,2,province_overlap=32
256,STATE_256,833,STATE_833,same_name,0.941,5,province_overlap=16
257,Tambov,257,Tambov,same_id_same_area,1.000,1,province_overlap=19
258,STATE_258,258,STATE_258,same_id_same_area,1.000,1,province_overlap=12
259,STATE_259,259,Poltava,merge,0.900,3,split+merge; province_overlap=9; tsr_overlap_rank=1/2; bsr_source_count=3
260,Voronezh,260,Voronezh,same_id_same_area,0.950,1,province_overlap=19
261,STATE_261,261,STATE_261,split,1.000,1,split; province_overlap=21; tsr_overlap_rank=1/2; bsr_source_count=1
262,STATE_262,,,new_bsr_state,1.000,2,no TSR overlay candidate
263,STATE_263,263,STATE_263,same_name,0.750,3,province_overlap=6
264,STATE_264,264,STATE_264,same_id_same_area,1.000,1,province_overlap=27
265,STATE_265,265,STATE_265,same_id_same_area,0.900,2,province_overlap=18
266,Tehran,266,Tehran,split,1.000,1,split; province_overlap=1; tsr_overlap_rank=2/2; bsr_source_count=1
267,STATE_267,267,Kabul,merge,0.600,2,split+merge; province_overlap=3; tsr_overlap_rank=1/3; bsr_source_count=2
268,STATE_268,268,STATE_268,same_id_same_area,1.000,1,province_overlap=2
269,STATE_269,269,STATE_269,same_id_same_area,1.000,1,province_overlap=8
270,STATE_270,270,STATE_270,same_id_same_area,1.000,1,province_overlap=1
271,STATE_271,271,STATE_271,merge,0.750,5,merge; province_overlap=3; bsr_source_count=9
272,STATE_272,272,STATE_272,split,1.000,1,split; province_overlap=5; tsr_overlap_rank=1/2; bsr_source_count=1
273,STATE_273,273,Libyan Desert,split,1.000,1,split; province_overlap=3; tsr_overlap_rank=3/7; bsr_source_count=1
274,STATE_274,274,STATE_274,split,1.000,1,split; province_overlap=5; tsr_overlap_rank=1/2; bsr_source_count=1
275,STATE_275,275,Transvaal,split,1.000,1,split; province_overlap=4; tsr_overlap_rank=1/6; bsr_source_count=1
276,STATE_276,276,Southern Ontario,split,1.000,1,split; province_overlap=22; tsr_overlap_rank=1/2; bsr_source_count=1
277,STATE_277,277,STATE_277,split,1.000,1,split; province_overlap=3; tsr_overlap_rank=1/2; bsr_source_count=1
278,Pampas,278,Pampas,split,1.000,1,split; province_overlap=2; tsr_overlap_rank=3/3; bsr_source_count=1
279,Santiago,279,Santiago,split,0.833,1,split; province_overlap=5; tsr_overlap_rank=1/2; bsr_source_count=1
280,STATE_280,280,STATE_280,merge,0.667,3,split+merge; province_overlap=4; tsr_overlap_rank=1/3; bsr_source_count=3
281,STATE_281,281,STATE_281,same_id_same_area,1.000,1,province_overlap=1
282,STATE_282,282,Kanto,split,1.000,1,split; province_overlap=5; tsr_overlap_rank=2/2; bsr_source_count=1
283,STATE_283,1045,STATE_1045,same_name,1.000,2,province_overlap=2
284,North Island,1101,Auckland,merge,1.000,2,merge; province_overlap=16; bsr_source_count=2
285,STATE_285,285,STATE_285,split,1.000,1,split; province_overlap=37; tsr_overlap_rank=1/3; bsr_source_count=1
286,STATE_286,1088,STATE_1088,split,0.875,2,split; province_overlap=7; tsr_overlap_rank=1/2; bsr_source_count=1
287,STATE_287,287,STATE_287,same_id_same_area,1.000,1,province_overlap=6
288,STATE_288,288,STATE_288,merge,1.000,6,merge; province_overlap=11; bsr_source_count=6
289,STATE_289,289,STATE_289,merge,1.000,3,merge; province_overlap=10; bsr_source_count=3
290,STATE_290,,,new_bsr_state,1.000,2,no TSR overlay candidate
291,STATE_291,1011,STATE_1011,merge,0.600,2,split+merge; province_overlap=3; tsr_overlap_rank=1/3; bsr_source_count=2
292,STATE_292,854,STATE_854,merge,1.000,6,merge; province_overlap=5; bsr_source_count=6
293,STATE_293,293,STATE_293,split,1.000,1,split; province_overlap=3; tsr_overlap_rank=1/2; bsr_source_count=1
294,STATE_294,294,STATE_294,merge,1.000,2,merge; province_overlap=5; bsr_source_count=2
295,STATE_295,888,STATE_888,merge,0.750,3,split+merge; province_overlap=6; tsr_overlap_rank=1/3; bsr_source_count=2
296,Guinea-Bissau,296,Guinea-Bissau,same_id_same_area,1.000,1,province_overlap=2
297,Malabo,297,Equatorial Guinea,split,1.000,1,split; province_overlap=1; tsr_overlap_rank=2/2; bsr_source_count=1
298,STATE_298,298,STATE_298,same_id_same_area,1.000,1,province_overlap=2
299,STATE_299,,,new_bsr_state,1.000,1,no TSR overlay candidate
300,STATE_300,946,STATE_946,merge,1.000,3,merge; province_overlap=5; bsr_source_count=3
301,STATE_301,301,STATE_301,split,1.000,1,split; province_overlap=4; tsr_overlap_rank=1/2; bsr_source_count=1
302,STATE_302,302,STATE_302,split,1.000,1,split; province_overlap=10; tsr_overlap_rank=1/3; bsr_source_count=1
303,Lima,303,Lima,split,1.000,1,split; province_overlap=6; tsr_overlap_rank=1/2; bsr_source_count=1
304,STATE_304,304,STATE_304,split,1.000,1,split; province_overlap=2; tsr_overlap_rank=2/2; bsr_source_count=1
305,STATE_305,305,STATE_305,split,1.000,1,split; province_overlap=6; tsr_overlap_rank=1/2; bsr_source_count=1
306,Cundinamarca,306,Cundinamarca,same_id_same_area,1.000,1,province_overlap=7
307,Miranda,307,Miranda,split,1.000,1,split; province_overlap=9; tsr_overlap_rank=1/2; bsr_source_count=1
308,STATE_308,308,STATE_308,same_id_same_area,1.000,1,province_overlap=2
309,STATE_309,309,STATE_309,same_id_same_area,1.000,1,province_overlap=3
310,STATE_310,310,STATE_310,same_id_same_area,1.000,1,province_overlap=2
311,STATE_311,311,STATE_311,same_id_same_area,1.000,1,province_overlap=1
312,STATE_312,312,STATE_312,split,1.000,1,split; province_overlap=2; tsr_overlap_rank=1/2; bsr_source_count=1
313,STATE_313,313,STATE_313,split,1.000,1,split; province_overlap=1; tsr_overlap_rank=3/4; bsr_source_count=1
314,STATE_314,314,STATE_314,split,1.000,1,split; province_overlap=1; tsr_overlap_rank=2/2; bsr_source_count=1
315,STATE_315,315,STATE_315,same_id_same_area,1.000,1,province_overlap=10
316,STATE_316,316,STATE_316,same_id_same_area,1.000,1,province_overlap=3
317,STATE_317,317,STATE_317,split,1.000,1,split; province_overlap=1; tsr_overlap_rank=2/2; bsr_source_count=1
318,STATE_318,318,STATE_318,same_id_same_area,1.000,1,province_overlap=3
319,STATE_319,319,STATE_319,same_id_same_area,1.000,1,province_overlap=4
320,STATE_320,320,STATE_320,same_id_same_area,1.000,1,province_overlap=1
321,STATE_321,321,STATE_321,same_id_same_area,1.000,1,province_overlap=1
322,STATE_322,322,STATE_322,split,1.000,1,split; province_overlap=4; tsr_overlap_rank=2/2; bsr_source_count=1
323,STATE_323,323,STATE_323,same_id_same_area,1.000,1,province_overlap=7
324,STATE_324,324,STATE_324,same_id_same_area,1.000,1,province_overlap=2
325,STATE_325,325,STATE_325,split,1.000,1,split; province_overlap=4; tsr_overlap_rank=2/4; bsr_source_count=1
326,STATE_326,326,STATE_326,same_id_same_area,1.000,1,province_overlap=1
327,Luzon,327,Manila,merge,0.667,2,split+merge; province_overlap=6; tsr_overlap_rank=1/3; bsr_source_count=2
328,STATE_328,328,Kirin,split,1.000,1,split; province_overlap=9; tsr_overlap_rank=3/4; bsr_source_count=1
329,STATE_329,329,STATE_329,same_id_same_area,1.000,2,province_overlap=12
330,STATE_330,330,STATE_330,merge,0.750,2,split+merge; province_overlap=6; tsr_overlap_rank=2/2; bsr_source_count=2
331,STATE_331,331,STATE_331,same_id_same_area,1.000,1,province_overlap=5
332,STATE_332,332,STATE_332,split,1.000,1,split; province_overlap=4; tsr_overlap_rank=1/2; bsr_source_count=1
333,STATE_333,333,STATE_333,merge,1.000,2,merge; province_overlap=9; bsr_source_count=3
334,STATE_334,1077,STATE_1077,merge,0.875,2,split+merge; province_overlap=14; tsr_overlap_rank=1/2; bsr_source_count=2
335,STATE_335,335,Java,merge,0.667,2,split+merge; province_overlap=6; tsr_overlap_rank=1/3; bsr_source_count=2
336,STATE_336,1085,STATE_1085,merge,1.000,5,merge; province_overlap=5; bsr_source_count=6
337,STATE_337,337,STATE_337,same_id_same_area,1.000,1,province_overlap=1
338,STATE_338,338,STATE_338,split,1.000,1,split; province_overlap=4; tsr_overlap_rank=1/3; bsr_source_count=1
339,STATE_339,339,STATE_339,merge,0.750,2,split+merge; province_overlap=6; tsr_overlap_rank=1/3; bsr_source_count=2
340,STATE_340,1055,STATE_1055,merge,0.750,2,split+merge; province_overlap=3; tsr_overlap_rank=1/3; bsr_source_count=2
341,STATE_341,797,STATE_797,same_name,1.000,1,province_overlap=1
342,STATE_342,342,Antalya,split,1.000,1,split; province_overlap=4; tsr_overlap_rank=1/4; bsr_source_count=1
343,STATE_343,346,STATE_346,merge,0.500,3,split+merge; province_overlap=2; tsr_overlap_rank=2/5; bsr_source_count=3
344,STATE_344,345,STATE_345,merge,0.500,2,split+merge; province_overlap=3; tsr_overlap_rank=2/3; bsr_source_count=2
345,STATE_345,345,STATE_345,split,1.000,1,split; province_overlap=3; tsr_overlap_rank=3/3; bsr_source_count=1
346,STATE_346,346,STATE_346,split,1.000,1,split; province_overlap=7; tsr_overlap_rank=1/5; bsr_source_count=1
347,STATE_347,347,STATE_347,same_id_same_area,1.000,1,province_overlap=7
348,STATE_348,348,Kayseri,merge,0.500,2,split+merge; province_overlap=1; tsr_overlap_rank=3/4; bsr_source_count=2
349,STATE_349,349,STATE_349,merge,0.857,2,split+merge; province_overlap=6; tsr_overlap_rank=1/2; bsr_source_count=2
350,STATE_350,1060,STATE_1060,same_name,1.000,2,province_overlap=4
351,STATE_351,351,Vologda,province_overlap,0.741,3,province_overlap=43
352,STATE_352,352,STATE_352,merge,0.500,2,split+merge; province_overlap=1; tsr_overlap_rank=2/2; bsr_source_count=2
353,STATE_353,800,Van,split,1.000,1,split; province_overlap=6; tsr_overlap_rank=1/4; bsr_source_count=1
354,STATE_354,354,STATE_354,split,1.000,1,split; province_overlap=4; tsr_overlap_rank=2/4; bsr_source_count=1
355,STATE_355,355,STATE_355,split,1.000,1,split; province_overlap=3; tsr_overlap_rank=2/3; bsr_source_count=1
356,STATE_356,356,Kastamonu,split,1.000,1,split; province_overlap=7; tsr_overlap_rank=1/3; bsr_source_count=1
357,STATE_357,357,STATE_357,split,1.000,1,split; province_overlap=7; tsr_overlap_rank=1/8; bsr_source_count=1
358,STATE_358,358,STATE_358,split,1.000,1,split; province_overlap=17; tsr_overlap_rank=1/3; bsr_source_count=1
359,STATE_359,359,STATE_359,split,1.000,1,split; province_overlap=3; tsr_overlap_rank=1/3; bsr_source_count=1
360,STATE_360,360,STATE_360,split,1.000,1,split; province_overlap=21; tsr_overlap_rank=1/3; bsr_source_count=1
361,STATE_361,361,STATE_361,split,1.000,1,split; province_overlap=1; tsr_overlap_rank=2/3; bsr_source_count=1
362,STATE_362,362,STATE_362,split,1.000,1,split; province_overlap=17; tsr_overlap_rank=1/2; bsr_source_count=1
363,STATE_363,363,STATE_363,same_id_same_area,1.000,1,province_overlap=20
364,STATE_364,364,STATE_364,same_id_same_area,1.000,1,province_overlap=12
365,STATE_365,365,STATE_365,same_id_same_area,1.000,1,province_overlap=19
366,STATE_366,366,STATE_366,same_id_same_area,1.000,1,province_overlap=16
367,STATE_367,367,STATE_367,split,1.000,1,split; province_overlap=5; tsr_overlap_rank=2/3; bsr_source_count=1
368,STATE_368,368,STATE_368,same_id_same_area,1.000,1,province_overlap=15
369,STATE_369,369,STATE_369,same_id_same_area,1.000,1,province_overlap=14
370,STATE_370,370,STATE_370,split,1.000,1,split; province_overlap=9; tsr_overlap_rank=1/3; bsr_source_count=1
371,STATE_371,371,STATE_371,split,1.000,1,split; province_overlap=4; tsr_overlap_rank=2/5; bsr_source_count=1
372,STATE_372,372,STATE_372,same_id_same_area,1.000,1,province_overlap=14
373,STATE_373,373,STATE_373,same_id_same_area,1.000,1,province_overlap=18
374,STATE_374,374,STATE_374,split,1.000,1,split; province_overlap=15; tsr_overlap_rank=1/2; bsr_source_count=1
375,STATE_375,375,STATE_375,split,1.000,1,split; province_overlap=12; tsr_overlap_rank=2/8; bsr_source_count=1
376,STATE_376,376,STATE_376,split,0.800,1,split; province_overlap=4; tsr_overlap_rank=1/7; bsr_source_count=1
377,STATE_377,377,STATE_377,split,1.000,1,split; province_overlap=7; tsr_overlap_rank=1/4; bsr_source_count=1
378,STATE_378,378,STATE_378,split,1.000,1,split; province_overlap=5; tsr_overlap_rank=2/13; bsr_source_count=1
379,STATE_379,379,STATE_379,split,1.000,1,split; province_overlap=9; tsr_overlap_rank=1/3; bsr_source_count=1
380,STATE_380,380,STATE_380,split,1.000,1,split; province_overlap=12; tsr_overlap_rank=1/2; bsr_source_count=1
381,STATE_381,381,STATE_381,split,0.667,3,split; province_overlap=4; tsr_overlap_rank=2/6; bsr_source_count=1
382,STATE_382,382,STATE_382,split,1.000,1,split; province_overlap=5; tsr_overlap_rank=2/4; bsr_source_count=1
383,STATE_383,383,STATE_383,split,1.000,1,split; province_overlap=14; tsr_overlap_rank=1/2; bsr_source_count=1
384,STATE_384,384,STATE_384,split,1.000,1,split; province_overlap=8; tsr_overlap_rank=1/2; bsr_source_count=1
385,STATE_385,385,STATE_385,split,1.000,1,split; province_overlap=8; tsr_overlap_rank=2/3; bsr_source_count=1
386,STATE_386,386,Washington State,same_id_same_area,1.000,1,province_overlap=22
387,STATE_387,387,STATE_387,split,1.000,1,split; province_overlap=10; tsr_overlap_rank=1/2; bsr_source_count=1
388,STATE_388,388,STATE_388,split,0.941,1,split; province_overlap=16; tsr_overlap_rank=1/3; bsr_source_count=1
389,STATE_389,389,STATE_389,split,1.000,1,split; province_overlap=5; tsr_overlap_rank=1/3; bsr_source_count=1
390,STATE_390,390,STATE_390,split,1.000,1,split; province_overlap=6; tsr_overlap_rank=2/2; bsr_source_count=1
391,STATE_391,391,STATE_391,split,1.000,1,split; province_overlap=11; tsr_overlap_rank=1/4; bsr_source_count=1
392,STATE_392,392,STATE_392,same_id_same_area,1.000,1,province_overlap=16
393,STATE_393,393,STATE_393,split,1.000,1,split; province_overlap=19; tsr_overlap_rank=1/2; bsr_source_count=1
394,STATE_394,394,STATE_394,same_id_same_area,1.000,1,province_overlap=18
395,STATE_395,395,STATE_395,same_id_same_area,1.000,1,province_overlap=24
396,STATE_396,396,STATE_396,same_id_same_area,1.000,1,province_overlap=17
397,STATE_397,397,STATE_397,merge,0.864,2,merge; province_overlap=19; bsr_source_count=3
398,STATE_398,398,STATE_398,same_id_same_area,1.000,1,province_overlap=29
399,STATE_399,399,STATE_399,same_id_same_area,1.000,2,province_overlap=16
400,STATE_400,400,STATE_400,same_id_same_area,1.000,1,province_overlap=40
401,STATE_401,401,Balakovo,same_id_same_area,1.000,3,province_overlap=17
402,STATE_402,402,STATE_402,merge,0.880,2,split+merge; province_overlap=22; tsr_overlap_rank=1/3; bsr_source_count=2
403,Tyumen,403,Tyumen,same_id_same_area,1.000,1,province_overlap=19
404,STATE_404,881,Karagandy,merge,0.864,3,split+merge; province_overlap=19; tsr_overlap_rank=1/3; bsr_source_count=3
405,STATE_405,405,Tashkent,split,1.000,1,split; province_overlap=2; tsr_overlap_rank=1/3; bsr_source_count=1
406,STATE_406,406,Gurev,split,1.000,1,split; province_overlap=9; tsr_overlap_rank=2/2; bsr_source_count=1
407,STATE_407,407,STATE_407,split,1.000,1,split; province_overlap=25; tsr_overlap_rank=1/2; bsr_source_count=1
408,STATE_408,408,STATE_408,split,1.000,1,split; province_overlap=1; tsr_overlap_rank=2/2; bsr_source_count=1
409,STATE_409,409,STATE_409,split,1.000,1,split; province_overlap=24; tsr_overlap_rank=1/2; bsr_source_count=1
410,STATE_410,410,STATE_410,split,1.000,1,split; province_overlap=5; tsr_overlap_rank=1/2; bsr_source_count=1
411,STATE_411,1002,STATE_1002,merge,1.000,2,merge; province_overlap=3; bsr_source_count=2
412,STATE_412,412,STATE_412,merge,0.900,3,merge; province_overlap=9; bsr_source_count=3
413,STATE_413,413,STATE_413,split,1.000,1,split; province_overlap=2; tsr_overlap_rank=1/3; bsr_source_count=1
414,STATE_414,1003,STATE_1003,merge,1.000,3,merge; province_overlap=5; bsr_source_count=3
415,STATE_415,1009,STATE_1009,merge,0.800,2,split+merge; province_overlap=4; tsr_overlap_rank=1/2; bsr_source_count=2
416,STATE_416,416,STATE_416,merge,0.800,2,split+merge; province_overlap=4; tsr_overlap_rank=1/2; bsr_source_count=2
417,STATE_417,417,Hamadan,merge,0.667,2,split+merge; province_overlap=2; tsr_overlap_rank=1/3; bsr_source_count=2
418,STATE_418,418,STATE_418,split,1.000,1,split; province_overlap=6; tsr_overlap_rank=1/2; bsr_source_count=1
419,STATE_419,1000,STATE_1000,merge,1.000,2,merge; province_overlap=5; bsr_source_count=2
420,STATE_420,420,STATE_420,split,0.800,1,split; province_overlap=4; tsr_overlap_rank=1/3; bsr_source_count=1
421,STATE_421,1001,STATE_1001,same_name,1.000,1,province_overlap=4
422,STATE_422,422,STATE_422,split,1.000,1,split; province_overlap=5; tsr_overlap_rank=1/2; bsr_source_count=1
423,Madurai,423,STATE_423,same_id_same_area,0.900,2,province_overlap=18
424,Madras,424,Madras,same_id_same_area,1.000,2,province_overlap=15
425,Mysore,425,Mysore,split,0.600,2,split; province_overlap=3; tsr_overlap_rank=2/3; bsr_source_count=1
426,Orissa,426,Orissa,same_id_same_area,0.900,2,province_overlap=17
427,STATE_427,427,STATE_427,same_name,0.750,4,province_overlap=12
428,STATE_428,428,STATE_428,same_id_same_area,1.000,2,province_overlap=14
429,STATE_429,429,Bombay,province_overlap,0.750,3,province_overlap=12
430,STATE_430,430,STATE_430,merge,0.889,2,split+merge; province_overlap=8; tsr_overlap_rank=2/2; bsr_source_count=2
431,STATE_431,431,STATE_431,same_id_same_area,1.000,1,province_overlap=10
432,STATE_432,990,STATE_990,same_name,1.000,4,province_overlap=3
433,STATE_433,433,STATE_433,same_id_same_area,1.000,2,province_overlap=14
434,STATE_434,434,STATE_434,same_id_same_area,1.000,1,province_overlap=4
435,STATE_435,435,STATE_435,same_id_same_area,1.000,1,province_overlap=15
436,Jabalpur,436,"Central provinces, was Jabalpur",same_id_same_area,0.900,2,province_overlap=16
437,Indore,437,STATE_437,same_id_same_area,1.000,2,province_overlap=10
438,STATE_438,438,STATE_438,same_id_same_area,0.900,3,province_overlap=20
439,STATE_439,439,STATE_439,same_name,0.750,2,province_overlap=2
440,STATE_440,440,STATE_440,same_id_same_area,0.900,2,province_overlap=11
441,STATE_441,441,STATE_441,same_id_same_area,0.900,2,province_overlap=6
442,STATE_442,987,manpower = 217974,merge,1.000,3,merge; province_overlap=4; bsr_source_count=3
443,STATE_443,443,Sind,split,1.000,1,split; province_overlap=7; tsr_overlap_rank=1/2; bsr_source_count=1
444,STATE_444,444,STATE_444,split,1.000,1,split; province_overlap=4; tsr_overlap_rank=1/2; bsr_source_count=1
445,STATE_445,445,STATE_445,merge,1.000,2,merge; province_overlap=4; bsr_source_count=2
446,STATE_446,907,STATE_907,split,0.571,1,split; province_overlap=4; tsr_overlap_rank=2/3; bsr_source_count=1
447,STATE_447,447,STATE_447,split,0.800,1,split; province_overlap=4; tsr_overlap_rank=1/2; bsr_source_count=1
448,STATE_448,448,STATE_448,same_id_same_area,1.000,1,province_overlap=8
449,STATE_449,449,El Agheila,split,1.000,1,split; province_overlap=5; tsr_overlap_rank=1/2; bsr_source_count=1
450,STATE_450,450,STATE_450,merge,1.000,2,merge; province_overlap=4; bsr_source_count=2
451,STATE_451,451,STATE_451,same_id_same_area,1.000,1,province_overlap=8
452,STATE_452,452,STATE_452,split,1.000,1,split; province_overlap=8; tsr_overlap_rank=1/2; bsr_source_count=1
453,STATE_453,453,STATE_453,split,1.000,1,split; province_overlap=2; tsr_overlap_rank=2/2; bsr_source_count=1
454,STATE_454,454,Palestine,split,0.667,2,split; province_overlap=2; tsr_overlap_rank=2/5; bsr_source_count=1
455,STATE_455,455,STATE_455,same_id_same_area,1.000,1,province_overlap=8
456,STATE_456,456,Aswan,split,0.556,1,split; province_overlap=5; tsr_overlap_rank=1/4; bsr_source_count=1
457,Arabian Desert,457,Arabian Desert,split,1.000,1,split; province_overlap=4; tsr_overlap_rank=2/2; bsr_source_count=1
458,STATE_458,458,STATE_458,split,1.000,1,split; province_overlap=9; tsr_overlap_rank=1/2; bsr_source_count=1
459,STATE_459,513,Tlmecen,merge,0.667,2,split+merge; province_overlap=6; tsr_overlap_rank=1/5; bsr_source_count=2
460,STATE_460,460,Constantine,merge,1.000,2,merge; province_overlap=11; bsr_source_count=2
461,STATE_461,461,STATE_461,same_id_same_area,1.000,1,province_overlap=17
462,STATE_462,462,STATE_462,same_id_same_area,1.000,1,province_overlap=14
463,STATE_463,463,STATE_463,split,1.000,1,split; province_overlap=9; tsr_overlap_rank=1/4; bsr_source_count=1
464,STATE_464,464,STATE_464,same_id_same_area,1.000,1,province_overlap=8
465,STATE_465,465,STATE_465,same_id_same_area,1.000,1,province_overlap=8
466,STATE_466,860,STATE_860,merge,0.857,4,merge; province_overlap=6; bsr_source_count=4
467,STATE_467,467,STATE_467,merge,0.917,2,merge; province_overlap=11; bsr_source_count=2
468,STATE_468,468,Saint Lawrence,split,1.000,1,split; province_overlap=4; tsr_overlap_rank=2/2; bsr_source_count=1
469,STATE_469,469,STATE_469,merge,1.000,2,merge; province_overlap=14; bsr_source_count=2
470,STATE_470,470,STATE_470,merge,1.000,2,merge; province_overlap=17; bsr_source_count=2
471,STATE_471,864,STATE_864,same_name,1.000,1,province_overlap=3
472,STATE_472,472,STATE_472,split,0.417,2,split; province_overlap=5; tsr_overlap_rank=1/4; bsr_source_count=1
473,STATE_473,473,STATE_473,merge,0.773,2,split+merge; province_overlap=17; tsr_overlap_rank=1/3; bsr_source_count=2
474,STATE_474,474,STATE_474,same_id_same_area,1.000,1,province_overlap=3
475,STATE_475,475,STATE_475,split,1.000,1,split; province_overlap=2; tsr_overlap_rank=1/2; bsr_source_count=1
476,STATE_476,476,STATE_476,split,1.000,1,split; province_overlap=2; tsr_overlap_rank=2/2; bsr_source_count=1
477,STATE_477,477,STATE_477,same_id_same_area,1.000,1,province_overlap=4
478,Jalisco,478,Jalisco,split,1.000,1,split; province_overlap=5; tsr_overlap_rank=1/2; bsr_source_count=1
479,STATE_479,479,STATE_479,merge,0.400,4,split+merge; province_overlap=2; tsr_overlap_rank=2/2; bsr_source_count=4
480,STATE_480,480,STATE_480,split,1.000,1,split; province_overlap=8; tsr_overlap_rank=1/2; bsr_source_count=1
481,Durango,481,Durango,split,1.000,1,split; province_overlap=5; tsr_overlap_rank=1/3; bsr_source_count=1
482,STATE_482,482,STATE_482,same_id_same_area,1.000,1,province_overlap=11
483,STATE_483,483,STATE_483,same_id_same_area,1.000,1,province_overlap=10
484,STATE_484,484,STATE_484,same_id_same_area,1.000,1,province_overlap=9
485,STATE_485,485,STATE_485,split,1.000,1,split; province_overlap=4; tsr_overlap_rank=1/2; bsr_source_count=1
486,STATE_486,486,STATE_486,split,0.857,1,split; province_overlap=6; tsr_overlap_rank=1/2; bsr_source_count=1
487,STATE_487,487,STATE_487,split,1.000,1,split; province_overlap=8; tsr_overlap_rank=1/3; bsr_source_count=1
488,STATE_488,488,STATE_488,split,1.000,1,split; province_overlap=5; tsr_overlap_rank=1/3; bsr_source_count=1
489,Zulia,489,Zulia,split,1.000,1,split; province_overlap=5; tsr_overlap_rank=1/2; bsr_source_count=1
490,STATE_490,490,STATE_490,same_id_same_area,1.000,1,province_overlap=2
491,STATE_491,491,STATE_491,split,1.000,1,split; province_overlap=1; tsr_overlap_rank=2/2; bsr_source_count=1
492,STATE_492,492,STATE_492,merge,0.833,1,merge; province_overlap=5; bsr_source_count=2
493,STATE_493,493,STATE_493,same_id_same_area,1.000,1,province_overlap=11
494,STATE_494,491,STATE_491,merge,0.600,2,split+merge; province_overlap=3; tsr_overlap_rank=1/2; bsr_source_count=2
495,STATE_495,961,STATE_961,merge,1.000,6,merge; province_overlap=1; bsr_source_count=5
496,Minas Gerais,496,Minas Gerais,split,1.000,1,split; province_overlap=22; tsr_overlap_rank=1/2; bsr_source_count=1
497,STATE_497,938,STATE_938,split,1.000,1,split; province_overlap=4; tsr_overlap_rank=1/3; bsr_source_count=1
498,STATE_498,498,STATE_498,same_id_same_area,1.000,1,province_overlap=2
499,STATE_499,499,STATE_499,split,1.000,1,split; province_overlap=15; tsr_overlap_rank=1/2; bsr_source_count=1
500,STATE_500,500,STATE_500,merge,1.000,2,merge; province_overlap=4; bsr_source_count=2
501,STATE_501,501,STATE_501,same_id_same_area,1.000,1,province_overlap=14
502,STATE_502,502,STATE_502,split,0.727,1,split; province_overlap=8; tsr_overlap_rank=1/3; bsr_source_count=1
503,STATE_503,944,STATE_944,split,1.000,1,split; province_overlap=5; tsr_overlap_rank=1/2; bsr_source_count=1
504,STATE_504,280,STATE_280,merge,0.750,2,split+merge; province_overlap=3; tsr_overlap_rank=2/3; bsr_source_count=2
505,STATE_505,505,STATE_505,split,1.000,1,split; province_overlap=5; tsr_overlap_rank=1/2; bsr_source_count=1
506,STATE_506,952,STATE_952,split,1.000,1,split; province_overlap=2; tsr_overlap_rank=2/2; bsr_source_count=1
507,Magallanes,949,Aysen,merge,0.833,2,merge; province_overlap=5; bsr_source_count=2
508,Tucuman,960,STATE_960,merge,1.000,2,merge; province_overlap=4; bsr_source_count=2
509,Chaco Australis,509,Chaco Australis,merge,1.000,2,merge; province_overlap=8; bsr_source_count=2
510,STATE_510,510,STATE_510,split,1.000,1,split; province_overlap=3; tsr_overlap_rank=2/4; bsr_source_count=1
511,Mendoza,511,Mendoza,merge,1.000,3,merge; province_overlap=5; bsr_source_count=3
512,STATE_512,954,STATE_954,merge,0.800,2,merge; province_overlap=4; bsr_source_count=2
513,STATE_513,513,Tlmecen,merge,0.625,2,split+merge; province_overlap=5; tsr_overlap_rank=2/5; bsr_source_count=2
514,STATE_514,514,Algerian Desert,split,1.000,1,split; province_overlap=3; tsr_overlap_rank=2/4; bsr_source_count=1
515,STATE_515,515,STATE_515,split,1.000,1,split; province_overlap=4; tsr_overlap_rank=1/2; bsr_source_count=1
516,STATE_516,,,new_bsr_state,1.000,3,no TSR overlay candidate
517,STATE_517,517,STATE_517,same_id_same_area,1.000,1,province_overlap=14
518,STATE_518,518,STATE_518,same_id_same_area,1.000,1,province_overlap=6
519,STATE_519,519,STATE_519,same_id_same_area,1.000,1,province_overlap=15
520,STATE_520,520,STATE_520,same_id_same_area,1.000,1,province_overlap=25
521,STATE_521,521,STATE_521,merge,1.000,3,merge; province_overlap=31; bsr_source_count=3
522,STATE_522,522,STATE_522,same_id_same_area,1.000,1,province_overlap=20
523,STATE_523,523,STATE_523,merge,1.000,2,merge; province_overlap=21; bsr_source_count=2
524,STATE_524,524,STATE_524,same_id_same_area,1.000,1,province_overlap=10
525,STATE_525,525,STATE_525,split,1.000,1,split; province_overlap=3; tsr_overlap_rank=1/2; bsr_source_count=1
526,STATE_526,526,STATE_526,split,1.000,1,split; province_overlap=2; tsr_overlap_rank=1/2; bsr_source_count=1
527,STATE_527,527,STATE_527,merge,0.667,2,split+merge; province_overlap=12; tsr_overlap_rank=1/3; bsr_source_count=2
528,STATE_528,528,North Kyushu,split,1.000,1,split; province_overlap=7; tsr_overlap_rank=1/3; bsr_source_count=1
529,Chugoku,529,"San'yo, formerly Chugoku",merge,1.000,2,merge; province_overlap=7; bsr_source_count=2
530,STATE_530,530,Shikoku,split,1.000,1,split; province_overlap=4; tsr_overlap_rank=1/2; bsr_source_count=1
531,STATE_531,531,Kansai,split,1.000,1,split; province_overlap=9; tsr_overlap_rank=1/2; bsr_source_count=1
532,Tokai,532,Tokai,same_id_same_area,1.000,1,province_overlap=9
533,STATE_533,533,North Tohoku,merge,1.000,2,merge; province_overlap=11; bsr_source_count=2
534,Hokuriku,534,"was Hokuriku, is actually Kōshin'etsu",split,1.000,1,split; province_overlap=6; tsr_overlap_rank=1/2; bsr_source_count=1
535,Koshinetsu,535,"was Koshinetsu, is actually Hokuriku",merge,1.000,2,merge; province_overlap=4; bsr_source_count=2
536,STATE_536,536,STATE_536,same_id_same_area,1.000,1,province_overlap=12
537,STATE_537,537,STATE_537,same_id_same_area,1.000,1,province_overlap=3
538,STATE_538,538,STATE_538,merge,0.714,3,split+merge; province_overlap=5; tsr_overlap_rank=1/2; bsr_source_count=3
539,STATE_539,539,STATE_539,same_id_same_area,1.000,1,province_overlap=4
540,STATE_540,892,STATE_892,merge,1.000,3,merge; province_overlap=6; bsr_source_count=3
541,STATE_541,893,STATE_893,merge,1.000,2,merge; province_overlap=5; bsr_source_count=2
542,STATE_542,542,STATE_542,split,1.000,1,split; province_overlap=2; tsr_overlap_rank=1/4; bsr_source_count=1
543,STATE_543,543,STATE_543,same_id_same_area,1.000,1,province_overlap=10
544,STATE_544,544,STATE_544,split,1.000,1,split; province_overlap=1; tsr_overlap_rank=2/2; bsr_source_count=1
545,STATE_545,545,STATE_545,split,1.000,1,split; province_overlap=3; tsr_overlap_rank=1/2; bsr_source_count=1
546,STATE_546,546,STATE_546,split,1.000,1,split; province_overlap=11; tsr_overlap_rank=1/3; bsr_source_count=1
547,STATE_547,904,STATE_904,merge,1.000,4,merge; province_overlap=3; bsr_source_count=3
548,STATE_548,548,STATE_548,split,1.000,1,split; province_overlap=5; tsr_overlap_rank=1/2; bsr_source_count=1
549,STATE_549,549,"Kurdufan / was ""Sudan""",split,1.000,1,split; province_overlap=5; tsr_overlap_rank=1/3; bsr_source_count=1
550,STATE_550,550,STATE_550,same_id_same_area,1.000,1,province_overlap=6
551,STATE_551,551,STATE_551,merge,1.000,4,merge; province_overlap=13; bsr_source_count=3
552,STATE_552,552,STATE_552,merge,0.800,3,merge; province_overlap=8; bsr_source_count=2
553,STATE_553,553,STATE_553,split,1.000,1,split; province_overlap=2; tsr_overlap_rank=1/2; bsr_source_count=1
554,STATE_554,554,STATE_554,split,1.000,1,split; province_overlap=2; tsr_overlap_rank=1/3; bsr_source_count=1
555,Kuril Islands,555,Kuril Islands,same_id_same_area,1.000,1,province_overlap=3
556,Mali (previously French West Africa),556,STATE_556,same_id_same_area,1.000,1,province_overlap=4
557,Mauritania,557,Mauritania,same_id_same_area,1.000,1,province_overlap=5
558,STATE_558,902,STATE_902,merge,1.000,4,merge; province_overlap=7; bsr_source_count=4
559,STATE_559,559,STATE_559,split,1.000,1,split; province_overlap=8; tsr_overlap_rank=1/2; bsr_source_count=1
560,STATE_560,560,Nikolayevsk,split,1.000,1,split; province_overlap=11; tsr_overlap_rank=1/2; bsr_source_count=1
561,STATE_561,561,Amur,split,1.000,1,split; province_overlap=8; tsr_overlap_rank=1/2; bsr_source_count=1
562,Okhotsk,562,Okhotsk,merge,1.000,2,merge; province_overlap=11; bsr_source_count=2
563,STATE_563,563,Chita,merge,1.000,4,merge; province_overlap=21; bsr_source_count=2
564,Ulan Ude,564,Ulan Ude,same_id_same_area,0.900,2,province_overlap=10
565,Bodaybo,565,Bodaybo,same_name,0.750,2,province_overlap=4
566,Irktusk,566,Irktusk,same_id_same_area,0.900,2,province_overlap=9
567,STATE_567,567,Bratsk,same_id_same_area,1.000,1,province_overlap=17
568,Krasnoyarsk,568,Krasnoyarsk,same_id_same_area,1.000,1,province_overlap=6
569,Kemerovo,569,Khakassia,same_id_same_area,1.000,1,province_overlap=13
570,Novosibirsk,570,Novosibirsk,same_id_same_area,1.000,1,province_overlap=16
571,Omsk,571,Omsk,same_id_same_area,1.000,1,province_overlap=11
572,Chelyabinsk,572,Chelyabinsk,same_id_same_area,0.900,2,province_overlap=8
573,Zlatoust,573,Zlatoust,same_name,0.750,2,province_overlap=6
574,STATE_574,574,Yakutsk,same_id_same_area,1.000,3,province_overlap=24
575,Kirensk,575,Kirensk,same_id_same_area,1.000,2,province_overlap=13
576,Yeniseisk,576,Yeniseisk,same_id_same_area,1.000,1,province_overlap=16
577,STATE_577,577,STATE_577,same_id_same_area,1.000,1,province_overlap=20
578,Tomsk,578,Tomsk,same_id_same_area,1.000,1,province_overlap=21
579,Salekhard,579,Salekhard,same_id_same_area,1.000,1,province_overlap=8
580,Tobolsk,580,Tobolsk,same_id_same_area,1.000,2,province_overlap=19
581,STATE_581,581,STATE_581,split,0.600,3,split; province_overlap=3; tsr_overlap_rank=1/2; bsr_source_count=1
582,STATE_582,582,STATE_582,same_id_same_area,0.900,2,province_overlap=8
583,STATE_583,583,STATE_583,split,1.000,1,split; province_overlap=17; tsr_overlap_rank=1/3; bsr_source_count=1
584,STATE_584,584,STATE_584,split,1.000,1,split; province_overlap=4; tsr_overlap_rank=3/6; bsr_source_count=1
585,STATE_585,585,Navoiy,merge,0.667,3,merge; province_overlap=4; bsr_source_count=3
586,STATE_586,586,STATE_586,merge,1.000,2,merge; province_overlap=10; bsr_source_count=2
587,STATE_587,587,STATE_587,same_id_same_area,1.000,1,province_overlap=12
588,STATE_588,882,Pavlodar,merge,1.000,2,merge; province_overlap=9; bsr_source_count=2
589,STATE_589,589,STATE_589,merge,0.750,2,split+merge; province_overlap=6; tsr_overlap_rank=2/2; bsr_source_count=2
590,Akmolinsk,590,Akmolinsk,merge,1.000,2,merge; province_overlap=28; bsr_source_count=2
591,STATE_591,591,STATE_591,same_id_same_area,1.000,1,province_overlap=5
592,STATE_592,592,STATE_592,merge,0.889,2,split+merge; province_overlap=8; tsr_overlap_rank=1/3; bsr_source_count=2
593,STATE_593,593,STATE_593,split,1.000,1,split; province_overlap=13; tsr_overlap_rank=1/2; bsr_source_count=1
594,STATE_594,1033,STATE_1033,split,1.000,1,split; province_overlap=5; tsr_overlap_rank=1/3; bsr_source_count=1
595,STATE_595,595,STATE_595,same_id_same_area,1.000,1,province_overlap=24
596,STATE_596,596,STATE_596,same_id_same_area,1.000,1,province_overlap=22
597,STATE_597,,,new_bsr_state,1.000,4,no TSR overlay candidate
598,STATE_598,598,STATE_598,same_name,0.750,3,province_overlap=9
599,STATE_599,594,STATE_594,split,0.929,2,split; province_overlap=13; tsr_overlap_rank=1/2; bsr_source_count=1
600,STATE_600,600,STATE_600,same_id_same_area,0.931,2,province_overlap=27
601,STATE_601,601,STATE_601,split,1.000,1,split; province_overlap=3; tsr_overlap_rank=1/3; bsr_source_count=1
602,STATE_602,602,STATE_602,same_id_same_area,0.947,2,province_overlap=18
603,STATE_603,603,STATE_603,same_id_same_area,0.900,2,province_overlap=7
604,STATE_604,604,STATE_604,split,1.000,1,split; province_overlap=3; tsr_overlap_rank=1/3; bsr_source_count=1
605,STATE_605,,,new_bsr_state,1.000,1,no TSR overlay candidate
606,STATE_606,606,STATE_606,same_id_same_area,0.900,3,province_overlap=14
607,STATE_607,607,STATE_607,same_id_same_area,1.000,1,province_overlap=20
608,STATE_608,608,STATE_608,same_id_same_area,1.000,1,province_overlap=6
609,STATE_609,609,East Hebei,same_id_same_area,0.900,3,province_overlap=6
610,STATE_610,610,Jehol,merge,0.889,2,split+merge; province_overlap=8; tsr_overlap_rank=2/3; bsr_source_count=2
611,STATE_611,611,South Chahar,merge,0.600,1,split+merge; province_overlap=3; tsr_overlap_rank=2/2; bsr_source_count=2
612,STATE_612,612,STATE_612,merge,0.786,2,split+merge; province_overlap=11; tsr_overlap_rank=1/2; bsr_source_count=2
613,STATE_613,613,Shanghai,same_id_same_area,1.000,1,province_overlap=2
614,Hebei,614,Hebei,same_id_same_area,0.929,3,province_overlap=13
615,STATE_615,615,STATE_615,merge,1.000,2,merge; province_overlap=22; bsr_source_count=2
616,STATE_616,1040,STATE_1040,merge,1.000,2,merge; province_overlap=6; bsr_source_count=2
617,STATE_617,617,STATE_617,merge,0.917,5,split+merge; province_overlap=11; tsr_overlap_rank=1/2; bsr_source_count=5
618,STATE_618,618,Dzungaria,split,1.000,1,split; province_overlap=3; tsr_overlap_rank=3/5; bsr_source_count=1
619,STATE_619,619,Yarkand,split,1.000,1,split; province_overlap=4; tsr_overlap_rank=1/2; bsr_source_count=1
620,STATE_620,620,STATE_620,same_id_same_area,0.900,2,province_overlap=8
621,STATE_621,621,STATE_621,split,1.000,1,split; province_overlap=8; tsr_overlap_rank=1/2; bsr_source_count=1
622,STATE_622,622,STATE_622,same_name,0.750,3,province_overlap=2
623,STATE_623,623,Luzon,merge,1.000,3,merge; province_overlap=11; bsr_source_count=3
624,STATE_624,624,Central Islands,merge,1.000,2,merge; province_overlap=6; bsr_source_count=2
625,STATE_625,625,STATE_625,same_id_same_area,1.000,1,province_overlap=5
626,STATE_626,626,STATE_626,same_id_same_area,1.000,1,province_overlap=3
627,STATE_627,1026,STATE_1026,merge,1.000,3,merge; province_overlap=11; bsr_source_count=3
628,STATE_628,628,STATE_628,same_id_same_area,1.000,1,province_overlap=9
629,STATE_629,629,STATE_629,same_id_same_area,1.000,1,province_overlap=5
630,STATE_630,630,STATE_630,same_id_same_area,1.000,1,province_overlap=1
631,STATE_631,631,STATE_631,same_id_same_area,1.000,1,province_overlap=1
632,STATE_632,632,STATE_632,same_id_same_area,1.000,1,province_overlap=1
633,STATE_633,633,STATE_633,same_id_same_area,1.000,1,province_overlap=9
634,STATE_634,634,STATE_634,same_id_same_area,1.000,1,province_overlap=10
635,STATE_635,635,STATE_635,same_id_same_area,1.000,1,province_overlap=6
636,STATE_636,636,STATE_636,same_id_same_area,1.000,1,province_overlap=3
637,STATE_637,637,Kamchatka,same_id_same_area,1.000,1,province_overlap=7
638,STATE_638,638,STATE_638,same_id_same_area,1.000,1,province_overlap=1
639,STATE_639,639,STATE_639,same_id_same_area,1.000,1,province_overlap=5
640,STATE_640,998,STATE_998,merge,0.714,3,split+merge; province_overlap=10; tsr_overlap_rank=1/2; bsr_source_count=3
641,STATE_641,641,STATE_641,split,0.500,1,split; province_overlap=1; tsr_overlap_rank=2/2; bsr_source_count=1
642,STATE_642,642,STATE_642,same_id_same_area,1.000,1,province_overlap=1
643,STATE_643,643,STATE_643,same_id_same_area,1.000,1,province_overlap=4
644,STATE_644,644,Kolyma,merge,1.000,4,merge; province_overlap=6; bsr_source_count=2
645,STATE_645,645,STATE_645,same_id_same_area,1.000,1,province_overlap=1
646,STATE_646,646,STATE_646,same_id_same_area,1.000,1,province_overlap=3
647,STATE_647,647,STATE_647,same_id_same_area,1.000,1,province_overlap=2
648,STATE_648,648,STATE_648,same_id_same_area,1.000,1,province_overlap=1
649,STATE_649,649,STATE_649,same_id_same_area,1.000,1,province_overlap=1
650,STATE_650,650,STATE_650,same_id_same_area,1.000,1,province_overlap=1
651,Ufa,651,Ufa,same_id_same_area,1.000,1,province_overlap=18
652,STATE_652,652,STATE_652,same_id_same_area,1.000,1,province_overlap=22
653,Sverdlovsk,,,new_bsr_state,1.000,2,no TSR overlay candidate
654,Gorno-Altaysk,654,Gorno-Altaysk,same_id_same_area,1.000,1,province_overlap=5
655,STATE_655,655,STATE_655,same_id_same_area,1.000,1,province_overlap=3
656,STATE_656,,,new_bsr_state,1.000,1,no TSR overlay candidate
657,Birobidzhan,657,Birobidzhan,same_id_same_area,1.000,1,province_overlap=19
658,STATE_658,658,STATE_658,same_id_same_area,1.000,1,province_overlap=4
659,STATE_659,659,STATE_659,merge,0.750,1,split+merge; province_overlap=3; tsr_overlap_rank=1/3; bsr_source_count=2
660,STATE_660,660,STATE_660,split,1.000,1,split; province_overlap=7; tsr_overlap_rank=1/2; bsr_source_count=1
661,STATE_661,661,STATE_661,split,1.000,1,split; province_overlap=9; tsr_overlap_rank=1/2; bsr_source_count=1
662,STATE_662,662,STATE_662,merge,0.667,2,split+merge; province_overlap=2; tsr_overlap_rank=2/2; bsr_source_count=2
663,STATE_663,663,STATE_663,split,1.000,1,split; province_overlap=12; tsr_overlap_rank=1/2; bsr_source_count=1
664,STATE_664,664,STATE_664,split,1.000,1,split; province_overlap=4; tsr_overlap_rank=1/2; bsr_source_count=1
665,STATE_665,665,STATE_665,split,1.000,1,split; province_overlap=6; tsr_overlap_rank=1/3; bsr_source_count=1
666,STATE_666,666,STATE_666,split,1.000,1,split; province_overlap=23; tsr_overlap_rank=1/2; bsr_source_count=1
667,STATE_667,667,STATE_667,merge,0.417,1,merge; province_overlap=5; bsr_source_count=3
668,STATE_668,668,STATE_668,split,1.000,1,split; province_overlap=7; tsr_overlap_rank=1/2; bsr_source_count=1
669,STATE_669,1079,STATE_1079,merge,0.857,2,split+merge; province_overlap=6; tsr_overlap_rank=1/2; bsr_source_count=2
670,STATE_670,670,STATE_670,split,1.000,1,split; province_overlap=13; tsr_overlap_rank=1/3; bsr_source_count=1
671,STATE_671,671,STATE_671,split,1.000,1,split; province_overlap=4; tsr_overlap_rank=2/3; bsr_source_count=1
672,STATE_672,1070,STATE_1070,split,1.000,1,split; province_overlap=8; tsr_overlap_rank=1/4; bsr_source_count=1
673,STATE_673,673,STATE_673,same_id_same_area,1.000,1,province_overlap=12
674,STATE_674,1096,STATE_1096,same_name,1.000,1,province_overlap=9
675,STATE_675,675,STATE_675,same_name,0.750,2,province_overlap=2
676,STATE_676,676,STATE_676,split,0.500,1,split; province_overlap=1; tsr_overlap_rank=5/5; bsr_source_count=1
677,STATE_677,677,STATE_677,split,1.000,1,split; province_overlap=3; tsr_overlap_rank=1/3; bsr_source_count=1
678,STATE_678,678,STATE_678,merge,0.500,2,split+merge; province_overlap=1; tsr_overlap_rank=3/3; bsr_source_count=2
679,STATE_679,856,STATE_856,merge,0.400,3,split+merge; province_overlap=2; tsr_overlap_rank=2/4; bsr_source_count=2
680,STATE_680,680,STATE_680,merge,1.000,2,merge; province_overlap=4; bsr_source_count=2
681,STATE_681,681,Cape,split,0.667,2,split; province_overlap=2; tsr_overlap_rank=3/8; bsr_source_count=1
682,STATE_682,682,STATE_682,split,1.000,1,split; province_overlap=9; tsr_overlap_rank=2/4; bsr_source_count=1
683,STATE_683,683,STATE_683,merge,0.333,2,merge; province_overlap=2; bsr_source_count=2
684,STATE_684,684,STATE_684,same_id_same_area,1.000,1,province_overlap=11
685,STATE_685,685,STATE_685,same_id_same_area,1.000,1,province_overlap=1
686,STATE_686,686,STATE_686,split,1.000,1,split; province_overlap=1; tsr_overlap_rank=1/2; bsr_source_count=1
687,STATE_687,687,STATE_687,split,0.500,1,split; province_overlap=1; tsr_overlap_rank=3/3; bsr_source_count=1
688,STATE_688,688,STATE_688,split,1.000,1,split; province_overlap=3; tsr_overlap_rank=1/2; bsr_source_count=1
689,STATE_689,689,STATE_689,same_id_same_area,1.000,1,province_overlap=2
690,STATE_690,690,STATE_690,same_id_same_area,1.000,1,province_overlap=3
691,STATE_691,691,STATE_691,same_id_same_area,1.000,1,province_overlap=2
692,STATE_692,692,STATE_692,same_id_same_area,1.000,1,province_overlap=4
693,STATE_693,693,STATE_693,same_id_same_area,1.000,1,province_overlap=2
694,STATE_694,694,STATE_694,same_id_same_area,1.000,1,province_overlap=3
695,STATE_695,695,STATE_695,same_id_same_area,1.000,1,province_overlap=1
696,STATE_696,696,STATE_696,same_id_same_area,1.000,1,province_overlap=1
697,STATE_697,697,STATE_697,same_id_same_area,1.000,1,province_overlap=1
698,STATE_698,698,STATE_698,same_id_same_area,1.000,1,province_overlap=1
699,STATE_699,699,STATE_699,split,1.000,1,split; province_overlap=5; tsr_overlap_rank=1/2; bsr_source_count=1
700,STATE_700,700,STATE_700,same_id_same_area,1.000,1,province_overlap=2
701,STATE_701,701,STATE_701,same_id_same_area,1.000,1,province_overlap=2
702,STATE_702,702,STATE_702,same_id_same_area,1.000,1,province_overlap=1
703,STATE_703,703,STATE_703,same_id_same_area,1.000,1,province_overlap=1
704,STATE_704,704,STATE_704,same_id_same_area,1.000,1,province_overlap=1
705,STATE_705,705,STATE_705,same_id_same_area,1.000,1,province_overlap=1
706,STATE_706,706,STATE_706,same_id_same_area,1.000,1,province_overlap=1
707,STATE_707,707,STATE_707,same_id_same_area,1.000,1,province_overlap=1
708,STATE_708,708,STATE_708,same_id_same_area,1.000,1,province_overlap=1
709,STATE_709,709,STATE_709,same_id_same_area,1.000,1,province_overlap=1
710,STATE_710,710,STATE_710,same_id_same_area,1.000,1,province_overlap=1
711,STATE_711,711,STATE_711,same_id_same_area,1.000,1,province_overlap=1
712,STATE_712,712,STATE_712,same_id_same_area,1.000,1,province_overlap=1
713,STATE_713,713,STATE_713,same_id_same_area,1.000,1,province_overlap=1
714,STATE_714,714,STATE_714,merge,0.917,2,split+merge; province_overlap=22; tsr_overlap_rank=1/3; bsr_source_count=2
715,STATE_715,715,STATE_715,merge,0.667,2,split+merge; province_overlap=6; tsr_overlap_rank=2/6; bsr_source_count=2
716,STATE_716,716,STATE_716,split,1.000,1,split; province_overlap=14; tsr_overlap_rank=1/4; bsr_source_count=1
717,STATE_717,717,STATE_717,split,0.957,2,split; province_overlap=22; tsr_overlap_rank=1/2; bsr_source_count=1
718,STATE_718,890,STATE_890,merge,1.000,2,merge; province_overlap=7; bsr_source_count=2
719,STATE_719,719,Natal,split,0.667,2,split; province_overlap=2; tsr_overlap_rank=2/4; bsr_source_count=1
720,STATE_720,720,STATE_720,same_id_same_area,1.000,1,province_overlap=1
721,STATE_721,721,STATE_721,same_id_same_area,1.000,1,province_overlap=5
722,STATE_722,722,PETSAMO,same_id_same_area,1.000,1,province_overlap=4
723,STATE_723,723,STATE_723,merge,1.000,3,merge; province_overlap=6; bsr_source_count=3
724,STATE_724,724,STATE_724,split,1.000,1,split; province_overlap=15; tsr_overlap_rank=1/2; bsr_source_count=1
725,STATE_725,725,STATE_725,same_id_same_area,1.000,1,province_overlap=1
726,STATE_726,726,STATE_726,same_id_same_area,1.000,1,province_overlap=1
727,STATE_727,727,STATE_727,same_id_same_area,1.000,1,province_overlap=3
728,STATE_728,728,STATE_728,same_id_same_area,1.000,1,province_overlap=1
729,STATE_729,729,STATE_729,same_id_same_area,1.000,1,province_overlap=1
730,STATE_730,730,STATE_730,same_id_same_area,1.000,1,province_overlap=1
731,STATE_731,731,STATE_731,merge,0.667,2,split+merge; province_overlap=2; tsr_overlap_rank=3/6; bsr_source_count=2
732,STATE_732,732,STATE_732,split,1.000,1,split; province_overlap=11; tsr_overlap_rank=1/2; bsr_source_count=1
733,STATE_733,733,STATE_733,same_id_same_area,1.000,1,province_overlap=2
734,STATE_734,734,STATE_734,same_id_same_area,1.000,1,province_overlap=1
735,STATE_735,1066,STATE_1066,same_name,1.000,2,province_overlap=3
736,STATE_736,852,Dalmatia,split,1.000,1,split; province_overlap=1; tsr_overlap_rank=2/2; bsr_source_count=1
737,STATE_737,737,STATE_737,same_id_same_area,1.000,1,province_overlap=16
738,STATE_738,738,STATE_738,same_id_same_area,1.000,1,province_overlap=1
739,STATE_739,739,STATE_739,same_id_same_area,1.000,1,province_overlap=1
740,STATE_740,740,STATE_740,same_id_same_area,1.000,1,province_overlap=5
741,STATE_741,741,STATE_741,split,1.000,1,split; province_overlap=11; tsr_overlap_rank=1/4; bsr_source_count=1
742,STATE_742,742,STATE_742,split,1.000,1,split; province_overlap=7; tsr_overlap_rank=1/3; bsr_source_count=1
743,STATE_743,743,STATE_743,same_id_same_area,1.000,1,province_overlap=1
744,STATE_744,744,STATE_744,same_id_same_area,1.000,1,province_overlap=8
745,STATE_745,745,STATE_745,same_id_same_area,1.000,1,province_overlap=2
746,STATE_746,746,STATE_746,same_id_same_area,1.000,1,province_overlap=7
747,STATE_747,747,STATE_747,split,1.000,1,split; province_overlap=4; tsr_overlap_rank=1/6; bsr_source_count=1
748,STATE_748,,,new_bsr_state,1.000,2,no TSR overlay candidate
749,STATE_749,749,STATE_749,same_id_same_area,1.000,1,province_overlap=7
750,STATE_750,750,STATE_750,same_id_same_area,1.000,1,province_overlap=6
751,STATE_751,751,STATE_751,same_name,0.750,2,province_overlap=2
752,STATE_752,,,new_bsr_state,1.000,0,no TSR overlay candidate
753,STATE_753,,,new_bsr_state,1.000,3,no TSR overlay candidate
754,STATE_754,754,STATE_754,split,0.800,1,split; province_overlap=4; tsr_overlap_rank=1/4; bsr_source_count=1
755,STATE_755,755,STATE_755,merge,0.714,2,split+merge; province_overlap=5; tsr_overlap_rank=1/3; bsr_source_count=2
756,STATE_756,1044,STATE_1044,split,1.000,1,split; province_overlap=3; tsr_overlap_rank=1/2; bsr_source_count=1
757,STATE_757,757,STATE_757,merge,1.000,2,merge; province_overlap=7; bsr_source_count=2
758,STATE_758,758,STATE_758,split,1.000,1,split; province_overlap=4; tsr_overlap_rank=1/3; bsr_source_count=1
759,STATE_759,1042,STATE_1042,split,0.833,2,split; province_overlap=5; tsr_overlap_rank=1/2; bsr_source_count=1
760,STATE_760,760,STATE_760,split,1.000,1,split; province_overlap=4; tsr_overlap_rank=1/2; bsr_source_count=1
761,STATE_761,761,STATE_761,merge,0.917,2,merge; province_overlap=11; bsr_source_count=2
762,STATE_762,762,STATE_762,same_id_same_area,1.000,1,province_overlap=2
763,STATE_763,763,STATE_763,split,1.000,1,split; province_overlap=2; tsr_overlap_rank=2/3; bsr_source_count=1
764,STATE_764,764,STATE_764,split,1.000,1,split; province_overlap=3; tsr_overlap_rank=1/2; bsr_source_count=1
765,STATE_765,765,STATE_765,same_id_same_area,1.000,1,province_overlap=1
766,STATE_766,766,STATE_766,split,1.000,1,split; province_overlap=2; tsr_overlap_rank=2/2; bsr_source_count=1
767,STATE_767,767,North Darfur,same_id_same_area,1.000,1,province_overlap=3
768,Rwanda,768,Rwanda,same_id_same_area,1.000,1,province_overlap=1
769,Burundi,769,Burundi,same_id_same_area,1.000,1,province_overlap=1
770,STATE_770,770,STATE_770,split,1.000,1,split; province_overlap=2; tsr_overlap_rank=1/2; bsr_source_count=1
771,Zambia,771,Zambia,split,1.000,1,split; province_overlap=2; tsr_overlap_rank=2/4; bsr_source_count=1
772,STATE_772,772,Middle Congo (Brazzaville),split,1.000,1,split; province_overlap=4; tsr_overlap_rank=1/2; bsr_source_count=1
773,Cameroon,773,Cameroon,split,1.000,1,split; province_overlap=3; tsr_overlap_rank=1/3; bsr_source_count=1
774,STATE_774,774,STATE_774,split,1.000,1,split; province_overlap=10; tsr_overlap_rank=1/2; bsr_source_count=1
775,BET - Borkou-Ennedi-Tibesti region,775,BET - Borkou-Ennedi-Tibesti region,same_id_same_area,1.000,1,province_overlap=2
776,Benin/Dahomey,776,Benin/Dahomey,same_id_same_area,1.000,1,province_overlap=3
777,STATE_777,777,STATE_777,same_id_same_area,1.000,1,province_overlap=3
778,Upper Volta,778,Upper Volta,split,1.000,1,split; province_overlap=3; tsr_overlap_rank=1/3; bsr_source_count=1
779,Ivory Coast,779,Ivory Coast,same_id_same_area,1.000,1,province_overlap=6
780,Guinea,780,Guinea,split,1.000,1,split; province_overlap=3; tsr_overlap_rank=1/2; bsr_source_count=1
781,STATE_781,781,Niger,same_id_same_area,1.000,1,province_overlap=3
782,Tombouctou,782,Tombouctou,same_id_same_area,1.000,1,province_overlap=4
783,Sidi Ifni,783,Sidi Ifni,same_id_same_area,1.000,1,province_overlap=1
784,STATE_784,784,STATE_784,split,1.000,1,split; province_overlap=2; tsr_overlap_rank=1/3; bsr_source_count=1
785,STATE_785,785,STATE_785,split,0.667,2,split; province_overlap=2; tsr_overlap_rank=2/3; bsr_source_count=1
786,STATE_786,786,Mauritanian Desert,split,1.000,1,split; province_overlap=3; tsr_overlap_rank=1/3; bsr_source_count=1
787,STATE_787,787,Northern Kashmir,province_overlap,0.750,2,province_overlap=3
788,STATE_788,51,STATE_51,split,1.000,1,split; province_overlap=2; tsr_overlap_rank=2/5; bsr_source_count=1
789,STATE_789,42,STATE_42,split,1.000,1,split; province_overlap=2; tsr_overlap_rank=2/5; bsr_source_count=1
790,STATE_790,55,STATE_55,split,1.000,1,split; province_overlap=2; tsr_overlap_rank=3/6; bsr_source_count=1
791,STATE_791,55,STATE_55,merge,0.500,2,split+merge; province_overlap=1; tsr_overlap_rank=6/6; bsr_source_count=2
792,STATE_792,42,STATE_42,merge,0.333,3,split+merge; province_overlap=1; tsr_overlap_rank=5/5; bsr_source_count=2
793,STATE_793,64,STATE_64,merge,0.667,2,split+merge; province_overlap=4; tsr_overlap_rank=2/6; bsr_source_count=2
794,STATE_794,64,STATE_64,split,1.000,1,split; province_overlap=6; tsr_overlap_rank=1/6; bsr_source_count=1
795,STATE_795,65,STATE_65,split,1.000,1,split; province_overlap=5; tsr_overlap_rank=1/6; bsr_source_count=1
796,STATE_796,909,STATE_909,split,0.333,1,split; province_overlap=1; tsr_overlap_rank=2/2; bsr_source_count=1
797,STATE_797,63,STATE_63,split,1.000,1,split; province_overlap=1; tsr_overlap_rank=7/9; bsr_source_count=1
798,STATE_798,52,STATE_52,split,1.000,1,split; province_overlap=1; tsr_overlap_rank=3/4; bsr_source_count=1
799,STATE_799,50,Württemberg,merge,0.500,2,split+merge; province_overlap=1; tsr_overlap_rank=6/6; bsr_source_count=2
800,STATE_800,53,STATE_53,split,1.000,1,split; province_overlap=3; tsr_overlap_rank=2/2; bsr_source_count=1
801,STATE_801,66,STATE_66,split,1.000,1,split; province_overlap=2; tsr_overlap_rank=4/7; bsr_source_count=1
802,STATE_802,66,STATE_66,split,1.000,1,split; province_overlap=1; tsr_overlap_rank=6/7; bsr_source_count=1
803,STATE_803,67,STATE_67,split,1.000,1,split; province_overlap=1; tsr_overlap_rank=4/5; bsr_source_count=1
804,STATE_804,,,new_bsr_state,1.000,2,no TSR overlay candidate
805,STATE_805,910,STATE_910,same_name,1.000,2,province_overlap=1
806,STATE_806,153,STATE_153,merge,0.667,2,split+merge; province_overlap=2; tsr_overlap_rank=3/4; bsr_source_count=2
807,STATE_807,4,STATE_4,split,1.000,1,split; province_overlap=2; tsr_overlap_rank=3/3; bsr_source_count=1
808,STATE_808,974,South Transdanubia,merge,0.750,2,split+merge; province_overlap=3; tsr_overlap_rank=1/2; bsr_source_count=2
809,STATE_809,973,STATE_973,split,1.000,1,split; province_overlap=2; tsr_overlap_rank=1/2; bsr_source_count=1
810,STATE_810,975,STATE_975,split,0.667,1,split; province_overlap=2; tsr_overlap_rank=1/2; bsr_source_count=1
811,STATE_811,,,new_bsr_state,1.000,0,no TSR overlay candidate
812,STATE_812,1047,STATE_1047,same_name,1.000,1,province_overlap=1
813,STATE_813,,,new_bsr_state,1.000,3,no TSR overlay candidate
814,STATE_814,1048,Moselgebiet,merge,0.500,3,split+merge; province_overlap=1; tsr_overlap_rank=2/2; bsr_source_count=2
815,STATE_815,18,STATE_18,split,1.000,1,split; province_overlap=1; tsr_overlap_rank=5/5; bsr_source_count=1
816,STATE_816,849,STATE_849,split,1.000,1,split; province_overlap=3; tsr_overlap_rank=2/2; bsr_source_count=1
817,STATE_817,18,STATE_18,merge,0.667,2,split+merge; province_overlap=2; tsr_overlap_rank=1/5; bsr_source_count=2
818,STATE_818,1065,STATE_1065,same_name,1.000,1,province_overlap=4
819,STATE_819,24,STATE_24,split,1.000,1,split; province_overlap=3; tsr_overlap_rank=2/4; bsr_source_count=1
820,STATE_820,31,STATE_31,split,1.000,1,split; province_overlap=2; tsr_overlap_rank=3/7; bsr_source_count=1
821,STATE_821,,,new_bsr_state,1.000,3,no TSR overlay candidate
822,STATE_822,851,Var (Split-off from former Provence now Bouches-du-Rhône),split,1.000,2,split; province_overlap=3; tsr_overlap_rank=1/2; bsr_source_count=1
823,STATE_823,735,STATE_735,merge,1.000,2,merge; province_overlap=4; bsr_source_count=2
824,STATE_824,,,new_bsr_state,1.000,2,no TSR overlay candidate
825,STATE_825,,,new_bsr_state,1.000,2,no TSR overlay candidate
826,STATE_826,1014,STATE_1014,same_name,1.000,2,province_overlap=1
827,STATE_827,,,new_bsr_state,1.000,1,no TSR overlay candidate
828,STATE_828,,,new_bsr_state,1.000,2,no TSR overlay candidate
829,STATE_829,,,new_bsr_state,1.000,3,no TSR overlay candidate
830,STATE_830,79,STATE_79,split,1.000,1,split; province_overlap=2; tsr_overlap_rank=3/3; bsr_source_count=1
831,STATE_831,,,new_bsr_state,1.000,1,no TSR overlay candidate
832,STATE_832,971,Northern Dobruja,merge,0.750,2,split+merge; province_overlap=3; tsr_overlap_rank=1/2; bsr_source_count=2
833,STATE_833,46,Muntenia,merge,0.667,2,split+merge; province_overlap=4; tsr_overlap_rank=2/3; bsr_source_count=2
834,STATE_834,,,new_bsr_state,1.000,2,no TSR overlay candidate
835,STATE_835,357,STATE_357,split,1.000,1,split; province_overlap=5; tsr_overlap_rank=3/8; bsr_source_count=1
836,STATE_836,357,STATE_357,split,1.000,1,split; province_overlap=6; tsr_overlap_rank=2/8; bsr_source_count=1
837,STATE_837,357,STATE_357,split,1.000,1,split; province_overlap=4; tsr_overlap_rank=4/8; bsr_source_count=1
838,STATE_838,357,STATE_357,split,1.000,2,split; province_overlap=3; tsr_overlap_rank=6/8; bsr_source_count=1
839,STATE_839,357,STATE_357,split,0.800,3,split; province_overlap=4; tsr_overlap_rank=5/8; bsr_source_count=1
840,STATE_840,357,STATE_357,split,1.000,2,split; province_overlap=1; tsr_overlap_rank=8/8; bsr_source_count=1
841,STATE_841,361,STATE_361,split,1.000,1,split; province_overlap=1; tsr_overlap_rank=3/3; bsr_source_count=1
842,STATE_842,468,Saint Lawrence,split,1.000,1,split; province_overlap=11; tsr_overlap_rank=1/2; bsr_source_count=1
843,STATE_843,816,STATE_816,same_name,1.000,1,province_overlap=13
844,STATE_844,361,STATE_361,split,1.000,1,split; province_overlap=6; tsr_overlap_rank=1/3; bsr_source_count=1
845,STATE_845,371,STATE_371,split,1.000,1,split; province_overlap=2; tsr_overlap_rank=3/5; bsr_source_count=1
846,STATE_846,381,STATE_381,split,0.500,2,split; province_overlap=1; tsr_overlap_rank=6/6; bsr_source_count=1
847,STATE_847,382,STATE_382,split,1.000,1,split; province_overlap=8; tsr_overlap_rank=1/4; bsr_source_count=1
848,STATE_848,383,STATE_383,split,1.000,1,split; province_overlap=1; tsr_overlap_rank=2/2; bsr_source_count=1
849,STATE_849,374,STATE_374,split,1.000,1,split; province_overlap=1; tsr_overlap_rank=2/2; bsr_source_count=1
850,STATE_850,375,STATE_375,split,0.500,1,split; province_overlap=4; tsr_overlap_rank=4/8; bsr_source_count=1
851,STATE_851,375,STATE_375,split,1.000,1,split; province_overlap=4; tsr_overlap_rank=5/8; bsr_source_count=1
852,STATE_852,375,STATE_375,split,1.000,1,split; province_overlap=13; tsr_overlap_rank=1/8; bsr_source_count=1
853,STATE_853,379,STATE_379,split,1.000,1,split; province_overlap=4; tsr_overlap_rank=2/3; bsr_source_count=1
854,STATE_854,378,STATE_378,split,1.000,1,split; province_overlap=21; tsr_overlap_rank=1/13; bsr_source_count=1
855,STATE_855,378,STATE_378,split,0.800,1,split; province_overlap=4; tsr_overlap_rank=5/13; bsr_source_count=1
856,STATE_856,393,STATE_393,split,1.000,1,split; province_overlap=5; tsr_overlap_rank=2/2; bsr_source_count=1
857,STATE_857,391,STATE_391,split,1.000,1,split; province_overlap=6; tsr_overlap_rank=2/4; bsr_source_count=1
858,STATE_858,371,STATE_371,split,1.000,1,split; province_overlap=5; tsr_overlap_rank=1/5; bsr_source_count=1
859,STATE_859,388,STATE_388,split,1.000,1,split; province_overlap=3; tsr_overlap_rank=3/3; bsr_source_count=1
860,STATE_860,,,new_bsr_state,1.000,1,no TSR overlay candidate
861,STATE_861,,,new_bsr_state,1.000,1,no TSR overlay candidate
862,STATE_862,933,STATE_933,same_name,1.000,1,province_overlap=1
863,STATE_863,88,STATE_88,split,1.000,1,split; province_overlap=1; tsr_overlap_rank=9/9; bsr_source_count=1
864,STATE_864,305,STATE_305,split,1.000,1,split; province_overlap=2; tsr_overlap_rank=2/2; bsr_source_count=1
865,STATE_865,807,STATE_807,split,0.500,1,split; province_overlap=1; tsr_overlap_rank=1/8; bsr_source_count=1
866,STATE_866,736,Name was Istria before the Pola (Istria) split and merge with Fiume,split,1.000,1,split; province_overlap=2; tsr_overlap_rank=1/2; bsr_source_count=1
867,STATE_867,850,Trentino,merge,1.000,2,merge; province_overlap=2; bsr_source_count=2
868,STATE_868,45,STATE_45,split,1.000,1,split; province_overlap=1; tsr_overlap_rank=3/3; bsr_source_count=1
869,STATE_869,109,Croatia,split,1.000,1,split; province_overlap=1; tsr_overlap_rank=4/4; bsr_source_count=1
870,STATE_870,803,STATE_803,split,1.000,1,split; province_overlap=2; tsr_overlap_rank=1/2; bsr_source_count=1
871,STATE_871,970,STATE_970,split,0.667,1,split; province_overlap=2; tsr_overlap_rank=1/2; bsr_source_count=1
872,STATE_872,108,STATE_108,merge,0.667,2,split+merge; province_overlap=2; tsr_overlap_rank=2/6; bsr_source_count=2
873,STATE_873,,,new_bsr_state,1.000,1,no TSR overlay candidate
874,STATE_874,,,new_bsr_state,1.000,1,no TSR overlay candidate
875,STATE_875,,,new_bsr_state,1.000,2,no TSR overlay candidate
876,STATE_876,,,new_bsr_state,1.000,2,no TSR overlay candidate
877,STATE_877,799,STATE_799,same_name,1.000,1,province_overlap=1
878,STATE_878,108,STATE_108,merge,0.500,3,split+merge; province_overlap=1; tsr_overlap_rank=4/6; bsr_source_count=2
879,STATE_879,814,STATE_814,split,1.000,2,split; province_overlap=3; tsr_overlap_rank=1/2; bsr_source_count=1
880,STATE_880,810,STATE_810,split,1.000,2,split; province_overlap=6; tsr_overlap_rank=1/2; bsr_source_count=1
881,STATE_881,809,STATE_809,split,1.000,1,split; province_overlap=3; tsr_overlap_rank=2/2; bsr_source_count=1
882,STATE_882,811,STATE_811,same_name,1.000,1,province_overlap=2
883,STATE_883,,,new_bsr_state,1.000,1,no TSR overlay candidate
884,STATE_884,,,new_bsr_state,1.000,1,no TSR overlay candidate
885,STATE_885,1095,STATE_1095,split,1.000,1,split; province_overlap=2; tsr_overlap_rank=2/4; bsr_source_count=1
886,STATE_886,972,STATE_972,split,1.000,1,split; province_overlap=2; tsr_overlap_rank=2/2; bsr_source_count=1
887,STATE_887,69,STATE_69,split,1.000,1,split; province_overlap=3; tsr_overlap_rank=2/2; bsr_source_count=1
888,STATE_888,972,STATE_972,split,1.000,1,split; province_overlap=3; tsr_overlap_rank=1/2; bsr_source_count=1
889,STATE_889,70,STATE_70,split,0.500,2,split; province_overlap=1; tsr_overlap_rank=2/3; bsr_source_count=1
890,STATE_890,,,new_bsr_state,1.000,1,no TSR overlay candidate
891,STATE_891,,,new_bsr_state,1.000,1,no TSR overlay candidate
892,STATE_892,845,STATE_845,merge,0.667,2,split+merge; province_overlap=2; tsr_overlap_rank=1/3; bsr_source_count=2
893,STATE_893,846,STATE_846,merge,1.000,2,merge; province_overlap=2; bsr_source_count=2
894,STATE_894,151,STATE_151,split,1.000,1,split; province_overlap=2; tsr_overlap_rank=1/3; bsr_source_count=1
895,STATE_895,,,new_bsr_state,1.000,1,no TSR overlay candidate
896,STATE_896,772,Middle Congo (Brazzaville),split,0.500,2,split; province_overlap=1; tsr_overlap_rank=2/2; bsr_source_count=1
897,STATE_897,914,STATE_914,same_name,1.000,3,province_overlap=1
898,STATE_898,774,STATE_774,split,1.000,1,split; province_overlap=1; tsr_overlap_rank=2/2; bsr_source_count=1
899,STATE_899,660,STATE_660,split,1.000,1,split; province_overlap=1; tsr_overlap_rank=2/2; bsr_source_count=1
900,STATE_900,,,new_bsr_state,1.000,1,no TSR overlay candidate
901,STATE_901,900,STATE_900,split,0.500,2,split; province_overlap=1; tsr_overlap_rank=2/3; bsr_source_count=1
902,STATE_902,,,new_bsr_state,1.000,2,no TSR overlay candidate
903,STATE_903,1031,STATE_1031,merge,0.600,3,split+merge; province_overlap=3; tsr_overlap_rank=2/4; bsr_source_count=2
904,STATE_904,1031,STATE_1031,split,0.833,2,split; province_overlap=5; tsr_overlap_rank=1/4; bsr_source_count=1
905,STATE_905,1030,STATE_1030,merge,1.000,3,merge; province_overlap=8; bsr_source_count=3
906,STATE_906,1029,STATE_1029,split,0.800,2,split; province_overlap=4; tsr_overlap_rank=1/3; bsr_source_count=1
907,STATE_907,1029,STATE_1029,merge,0.667,2,split+merge; province_overlap=2; tsr_overlap_rank=2/3; bsr_source_count=2
908,STATE_908,527,STATE_527,split,1.000,2,split; province_overlap=4; tsr_overlap_rank=2/3; bsr_source_count=1
909,STATE_909,1028,STATE_1028,split,0.933,2,split; province_overlap=14; tsr_overlap_rank=1/2; bsr_source_count=1
910,STATE_910,,,new_bsr_state,1.000,1,no TSR overlay candidate
911,STATE_911,1031,STATE_1031,split,1.000,1,split; province_overlap=1; tsr_overlap_rank=4/4; bsr_source_count=1
912,STATE_912,964,STATE_964,split,1.000,2,split; province_overlap=1; tsr_overlap_rank=2/3; bsr_source_count=1
913,STATE_913,963,STATE_963,split,1.000,1,split; province_overlap=1; tsr_overlap_rank=1/2; bsr_source_count=1
914,STATE_914,280,STATE_280,split,1.000,1,split; province_overlap=1; tsr_overlap_rank=3/3; bsr_source_count=1
915,STATE_915,951,STATE_951,split,1.000,1,split; province_overlap=1; tsr_overlap_rank=2/2; bsr_source_count=1
916,STATE_916,506,Antofagasta,merge,0.500,2,split+merge; province_overlap=2; tsr_overlap_rank=1/2; bsr_source_count=2
917,STATE_917,304,STATE_304,split,1.000,1,split; province_overlap=3; tsr_overlap_rank=1/2; bsr_source_count=1
918,STATE_918,979,STATE_979,merge,1.000,2,merge; province_overlap=12; bsr_source_count=2
919,STATE_919,871,STATE_871,same_name,1.000,1,province_overlap=11
920,STATE_920,870,STATE_870,same_name,1.000,1,province_overlap=9
921,STATE_921,674,STATE_674,merge,0.600,2,split+merge; province_overlap=3; tsr_overlap_rank=2/2; bsr_source_count=2
922,STATE_922,285,STATE_285,split,1.000,1,split; province_overlap=4; tsr_overlap_rank=2/3; bsr_source_count=1
923,STATE_923,873,STATE_873,merge,0.800,2,split+merge; province_overlap=4; tsr_overlap_rank=1/2; bsr_source_count=2
924,STATE_924,674,STATE_674,split,1.000,1,split; province_overlap=7; tsr_overlap_rank=1/2; bsr_source_count=1
925,STATE_925,78,STATE_78,split,1.000,1,split; province_overlap=1; tsr_overlap_rank=3/3; bsr_source_count=1
926,STATE_926,202,STATE_202,split,1.000,1,split; province_overlap=3; tsr_overlap_rank=1/5; bsr_source_count=1
927,STATE_927,,,new_bsr_state,1.000,2,no TSR overlay candidate
928,STATE_928,215,STATE_215,split,0.875,2,split; province_overlap=14; tsr_overlap_rank=1/5; bsr_source_count=1
929,STATE_929,215,STATE_215,split,0.923,2,split; province_overlap=12; tsr_overlap_rank=2/5; bsr_source_count=1
930,STATE_930,,,new_bsr_state,1.000,2,no TSR overlay candidate
931,STATE_931,232,Dagestan,split,0.900,2,split; province_overlap=9; tsr_overlap_rank=1/5; bsr_source_count=1
932,STATE_932,232,Dagestan,split,1.000,1,split; province_overlap=2; tsr_overlap_rank=3/5; bsr_source_count=1
933,STATE_933,95,STATE_95,split,1.000,1,split; province_overlap=2; tsr_overlap_rank=3/6; bsr_source_count=1
934,STATE_934,102,STATE_102,split,1.000,1,split; province_overlap=2; tsr_overlap_rank=1/4; bsr_source_count=1
935,STATE_935,102,STATE_102,split,1.000,1,split; province_overlap=1; tsr_overlap_rank=2/4; bsr_source_count=1
936,STATE_936,1049,Prekmurje,province_overlap,1.000,1,province_overlap=1
937,STATE_937,109,Croatia,split,1.000,1,split; province_overlap=2; tsr_overlap_rank=2/4; bsr_source_count=1
938,STATE_938,940,STATE_940,same_name,1.000,2,province_overlap=1
939,STATE_939,103,Dalmatia,split,1.000,1,split; province_overlap=5; tsr_overlap_rank=1/4; bsr_source_count=1
940,STATE_940,105,STATE_105,split,1.000,1,split; province_overlap=1; tsr_overlap_rank=3/3; bsr_source_count=1
941,STATE_941,802,STATE_802,split,1.000,1,split; province_overlap=1; tsr_overlap_rank=3/3; bsr_source_count=1
942,STATE_942,801,STATE_801,split,1.000,1,split; province_overlap=5; tsr_overlap_rank=1/2; bsr_source_count=1
943,STATE_943,211,STATE_211,merge,0.750,2,split+merge; province_overlap=3; tsr_overlap_rank=2/2; bsr_source_count=2
944,STATE_944,859,STATE_859,split,1.000,1,split; province_overlap=2; tsr_overlap_rank=1/3; bsr_source_count=1
945,STATE_945,1010,STATE_1010,split,1.000,1,split; province_overlap=2; tsr_overlap_rank=1/2; bsr_source_count=1
946,STATE_946,1011,STATE_1011,merge,0.400,4,split+merge; province_overlap=2; tsr_overlap_rank=2/3; bsr_source_count=2
947,STATE_947,1051,STATE_1051,same_name,1.000,2,province_overlap=2
948,STATE_948,,,new_bsr_state,1.000,0,no TSR overlay candidate
949,STATE_949,293,STATE_293,split,1.000,1,split; province_overlap=2; tsr_overlap_rank=2/2; bsr_source_count=1
950,STATE_950,1055,STATE_1055,split,1.000,1,split; province_overlap=2; tsr_overlap_rank=2/3; bsr_source_count=1
951,STATE_951,345,STATE_345,merge,0.750,2,split+merge; province_overlap=3; tsr_overlap_rank=1/3; bsr_source_count=2
952,STATE_952,183,STATE_183,split,1.000,1,split; province_overlap=1; tsr_overlap_rank=1/2; bsr_source_count=1
953,STATE_953,49,Ankara,split,1.000,1,split; province_overlap=4; tsr_overlap_rank=2/4; bsr_source_count=1
954,STATE_954,343,Afyon,split,1.000,1,split; province_overlap=7; tsr_overlap_rank=1/4; bsr_source_count=1
955,STATE_955,355,STATE_355,split,1.000,1,split; province_overlap=4; tsr_overlap_rank=1/3; bsr_source_count=1
956,STATE_956,798,STATE_798,merge,0.500,4,split+merge; province_overlap=3; tsr_overlap_rank=1/2; bsr_source_count=4
957,STATE_957,798,STATE_798,merge,0.750,2,split+merge; province_overlap=3; tsr_overlap_rank=2/2; bsr_source_count=2
958,STATE_958,349,STATE_349,merge,0.500,2,split+merge; province_overlap=2; tsr_overlap_rank=2/2; bsr_source_count=2
959,STATE_959,353,STATE_353,merge,0.833,3,merge; province_overlap=5; bsr_source_count=3
960,STATE_960,352,STATE_352,merge,0.667,2,split+merge; province_overlap=2; tsr_overlap_rank=1/2; bsr_source_count=2
961,STATE_961,1059,STATE_1059,same_name,1.000,2,province_overlap=3
962,STATE_962,528,North Kyushu,split,1.000,1,split; province_overlap=1; tsr_overlap_rank=3/3; bsr_source_count=1
963,STATE_963,1019,South Tohoku,split,1.000,1,split; province_overlap=4; tsr_overlap_rank=1/2; bsr_source_count=1
964,STATE_964,282,Kanto,split,1.000,1,split; province_overlap=6; tsr_overlap_rank=1/2; bsr_source_count=1
965,STATE_965,531,Kansai,split,1.000,1,split; province_overlap=2; tsr_overlap_rank=2/2; bsr_source_count=1
966,STATE_966,1018,South Kyushu,split,1.000,1,split; province_overlap=1; tsr_overlap_rank=3/3; bsr_source_count=1
967,STATE_967,1018,South Kyushu,merge,0.600,2,split+merge; province_overlap=3; tsr_overlap_rank=2/3; bsr_source_count=2
968,STATE_968,1018,South Kyushu,split,1.000,2,split; province_overlap=4; tsr_overlap_rank=1/3; bsr_source_count=1
969,STATE_969,530,Shikoku,split,1.000,2,split; province_overlap=3; tsr_overlap_rank=2/2; bsr_source_count=1
970,STATE_970,409,STATE_409,split,1.000,1,split; province_overlap=2; tsr_overlap_rank=2/2; bsr_source_count=1
971,STATE_971,526,STATE_526,split,1.000,1,split; province_overlap=2; tsr_overlap_rank=2/2; bsr_source_count=1
972,STATE_972,686,STATE_686,split,1.000,1,split; province_overlap=1; tsr_overlap_rank=2/2; bsr_source_count=1
973,STATE_973,,,new_bsr_state,1.000,1,no TSR overlay candidate
974,STATE_974,967,STATE_967,same_name,1.000,3,province_overlap=1
975,STATE_975,187,STATE_187,split,0.500,2,split; province_overlap=1; tsr_overlap_rank=3/3; bsr_source_count=1
976,STATE_976,185,STATE_185,split,1.000,1,split; province_overlap=3; tsr_overlap_rank=2/7; bsr_source_count=1
977,STATE_977,185,STATE_185,split,1.000,1,split; province_overlap=1; tsr_overlap_rank=7/7; bsr_source_count=1
978,STATE_978,47,Thessaly,split,1.000,1,split; province_overlap=1; tsr_overlap_rank=6/6; bsr_source_count=1
979,STATE_979,56,STATE_56,merge,0.600,2,split+merge; province_overlap=3; tsr_overlap_rank=2/3; bsr_source_count=2
980,STATE_980,1021,STATE_1021,same_name,1.000,1,province_overlap=1
981,STATE_981,1083,STATE_1083,split,1.000,1,split; province_overlap=2; tsr_overlap_rank=1/2; bsr_source_count=1
982,STATE_982,1023,STATE_1023,split,1.000,2,split; province_overlap=1; tsr_overlap_rank=2/2; bsr_source_count=1
983,STATE_983,,,new_bsr_state,1.000,2,no TSR overlay candidate
984,STATE_984,,,new_bsr_state,1.000,2,no TSR overlay candidate
985,STATE_985,,,new_bsr_state,1.000,2,no TSR overlay candidate
986,STATE_986,160,STATE_160,split,1.000,2,split; province_overlap=2; tsr_overlap_rank=2/3; bsr_source_count=1
987,STATE_987,159,STATE_159,split,1.000,1,split; province_overlap=3; tsr_overlap_rank=2/4; bsr_source_count=1
988,STATE_988,158,STATE_158,split,0.833,1,split; province_overlap=5; tsr_overlap_rank=1/6; bsr_source_count=1
989,STATE_989,158,STATE_158,split,1.000,2,split; province_overlap=3; tsr_overlap_rank=3/6; bsr_source_count=1
990,STATE_990,2,Latium,split,1.000,1,split; province_overlap=3; tsr_overlap_rank=1/4; bsr_source_count=1
991,STATE_991,117,Campania,split,1.000,2,split; province_overlap=4; tsr_overlap_rank=2/2; bsr_source_count=1
992,STATE_992,849,STATE_849,split,1.000,2,split; province_overlap=5; tsr_overlap_rank=1/2; bsr_source_count=1
993,STATE_993,736,Name was Istria before the Pola (Istria) split and merge with Fiume,split,1.000,1,split; province_overlap=1; tsr_overlap_rank=2/2; bsr_source_count=1
994,STATE_994,947,STATE_947,same_name,1.000,2,province_overlap=1
995,STATE_995,446,Suez,split,1.000,1,split; province_overlap=2; tsr_overlap_rank=2/2; bsr_source_count=1
996,STATE_996,88,STATE_88,split,0.500,1,split; province_overlap=1; tsr_overlap_rank=6/9; bsr_source_count=1
997,STATE_997,97,STATE_97,split,1.000,1,split; province_overlap=1; tsr_overlap_rank=6/6; bsr_source_count=1
998,STATE_998,273,Libyan Desert,split,1.000,1,split; province_overlap=1; tsr_overlap_rank=5/7; bsr_source_count=1
999,STATE_999,402,STATE_402,split,1.000,1,split; province_overlap=7; tsr_overlap_rank=2/3; bsr_source_count=1
1000,STATE_1000,,,new_bsr_state,1.000,2,no TSR overlay candidate
1001,STATE_1001,,,new_bsr_state,1.000,2,no TSR overlay candidate
1002,STATE_1002,826,STATE_826,split,0.750,2,split; province_overlap=3; tsr_overlap_rank=1/2; bsr_source_count=1
1003,STATE_1003,,,new_bsr_state,1.000,0,no TSR overlay candidate
1004,STATE_1004,,,new_bsr_state,1.000,1,no TSR overlay candidate
1005,STATE_1005,229,STATE_229,split,1.000,1,split; province_overlap=2; tsr_overlap_rank=5/6; bsr_source_count=1
1006,STATE_1006,138,STATE_138,split,1.000,1,split; province_overlap=2; tsr_overlap_rank=2/2; bsr_source_count=1
1007,STATE_1007,141,Svealand,merge,0.778,2,split+merge; province_overlap=7; tsr_overlap_rank=2/2; bsr_source_count=2
1008,STATE_1008,916,STATE_916,merge,0.529,2,split+merge; province_overlap=9; tsr_overlap_rank=1/3; bsr_source_count=2
1009,STATE_1009,917,STATE_917,merge,0.789,2,split+merge; province_overlap=15; tsr_overlap_rank=1/2; bsr_source_count=2
1010,STATE_1010,921,Telemark,merge,0.600,2,split+merge; province_overlap=6; tsr_overlap_rank=1/3; bsr_source_count=2
1011,STATE_1011,920,STATE_920,split,1.000,1,split; province_overlap=11; tsr_overlap_rank=1/4; bsr_source_count=1
1012,STATE_1012,920,STATE_920,merge,0.667,2,split+merge; province_overlap=6; tsr_overlap_rank=2/4; bsr_source_count=2
1013,STATE_1013,923,STATE_923,merge,0.750,2,split+merge; province_overlap=3; tsr_overlap_rank=2/2; bsr_source_count=2
1014,STATE_1014,144,Nordland,merge,0.875,2,split+merge; province_overlap=7; tsr_overlap_rank=1/2; bsr_source_count=2
1015,STATE_1015,818,STATE_818,merge,0.917,2,split+merge; province_overlap=11; tsr_overlap_rank=1/2; bsr_source_count=2
1016,STATE_1016,820,STATE_820,split,1.000,1,split; province_overlap=6; tsr_overlap_rank=1/2; bsr_source_count=1
1017,STATE_1017,330,STATE_330,merge,0.571,3,split+merge; province_overlap=8; tsr_overlap_rank=1/2; bsr_source_count=3
1018,STATE_1018,819,STATE_819,split,1.000,1,split; province_overlap=6; tsr_overlap_rank=2/3; bsr_source_count=1
1019,STATE_1019,819,STATE_819,merge,0.545,3,split+merge; province_overlap=6; tsr_overlap_rank=1/3; bsr_source_count=2
1020,STATE_1020,817,STATE_817,split,1.000,1,split; province_overlap=6; tsr_overlap_rank=2/5; bsr_source_count=1
1021,STATE_1021,,,new_bsr_state,1.000,3,no TSR overlay candidate
1022,STATE_1022,328,Kirin,split,1.000,1,split; province_overlap=13; tsr_overlap_rank=1/4; bsr_source_count=1
1023,STATE_1023,716,STATE_716,split,1.000,1,split; province_overlap=6; tsr_overlap_rank=2/4; bsr_source_count=1
1024,STATE_1024,328,Kirin,merge,0.562,2,split+merge; province_overlap=9; tsr_overlap_rank=2/4; bsr_source_count=2
1025,STATE_1025,716,STATE_716,merge,0.667,2,split+merge; province_overlap=4; tsr_overlap_rank=3/4; bsr_source_count=2
1026,STATE_1026,328,Kirin,merge,0.727,2,split+merge; province_overlap=8; tsr_overlap_rank=4/4; bsr_source_count=2
1027,STATE_1027,1038,STATE_1038,same_name,0.875,3,province_overlap=7
1028,STATE_1028,1034,STATE_1034,same_name,1.000,2,province_overlap=1
1029,STATE_1029,,,new_bsr_state,1.000,1,no TSR overlay candidate
1030,STATE_1030,,,new_bsr_state,1.000,3,no TSR overlay candidate
1031,STATE_1031,,,new_bsr_state,1.000,3,no TSR overlay candidate
1032,STATE_1032,,,new_bsr_state,1.000,1,no TSR overlay candidate
1033,STATE_1033,,,new_bsr_state,1.000,1,no TSR overlay candidate
1034,STATE_1034,,,new_bsr_state,1.000,2,no TSR overlay candidate
1035,STATE_1035,1092,STATE_1092,same_name,1.000,2,province_overlap=4
1036,STATE_1036,796,STATE_796,same_name,1.000,2,province_overlap=1
1037,STATE_1037,,,new_bsr_state,1.000,2,no TSR overlay candidate
1038,STATE_1038,,,new_bsr_state,1.000,1,no TSR overlay candidate
1039,STATE_1039,906,STATE_906,same_name,1.000,2,province_overlap=1
1040,STATE_1040,,,new_bsr_state,1.000,1,no TSR overlay candidate
1041,STATE_1041,993,STATE_993,merge,1.000,3,merge; province_overlap=4; bsr_source_count=2
1042,STATE_1042,994,STATE_994,split,1.000,1,split; province_overlap=11; tsr_overlap_rank=1/2; bsr_source_count=1
1043,STATE_1043,,,new_bsr_state,1.000,1,no TSR overlay candidate
1044,STATE_1044,,,new_bsr_state,1.000,1,no TSR overlay candidate
1045,STATE_1045,44,STATE_44,merge,0.667,1,split+merge; province_overlap=2; tsr_overlap_rank=2/3; bsr_source_count=2
1046,STATE_1046,804,STATE_804,split,1.000,1,split; province_overlap=3; tsr_overlap_rank=1/2; bsr_source_count=1
1047,STATE_1047,104,STATE_104,split,1.000,1,split; province_overlap=3; tsr_overlap_rank=4/8; bsr_source_count=1
1048,STATE_1048,104,STATE_104,split,1.000,1,split; province_overlap=4; tsr_overlap_rank=1/8; bsr_source_count=1
1049,STATE_1049,274,STATE_274,split,1.000,1,split; province_overlap=1; tsr_overlap_rank=2/2; bsr_source_count=1
1050,STATE_1050,788,STATE_788,same_name,1.000,1,province_overlap=6
1051,STATE_1051,789,STATE_789,same_name,1.000,1,province_overlap=12
1052,STATE_1052,790,STATE_790,split,1.000,2,split; province_overlap=4; tsr_overlap_rank=1/4; bsr_source_count=1
1053,STATE_1053,791,STATE_791,same_name,1.000,1,province_overlap=13
1054,STATE_1054,792,STATE_792,same_name,1.000,1,province_overlap=4
1055,STATE_1055,793,STATE_793,split,1.000,1,split; province_overlap=10; tsr_overlap_rank=1/2; bsr_source_count=1
1056,STATE_1056,,,new_bsr_state,1.000,1,no TSR overlay candidate
1057,STATE_1057,895,STATE_895,split,1.000,1,split; province_overlap=1; tsr_overlap_rank=2/3; bsr_source_count=1
1058,STATE_1058,35,STATE_35,split,1.000,1,split; province_overlap=1; tsr_overlap_rank=3/5; bsr_source_count=1
1059,STATE_1059,36,STATE_36,split,0.500,2,split; province_overlap=2; tsr_overlap_rank=2/5; bsr_source_count=1
1060,STATE_1060,35,STATE_35,split,1.000,1,split; province_overlap=2; tsr_overlap_rank=2/5; bsr_source_count=1
1061,STATE_1061,7,STATE_7,merge,0.500,2,split+merge; province_overlap=1; tsr_overlap_rank=2/2; bsr_source_count=2
1062,STATE_1062,51,STATE_51,split,1.000,1,split; province_overlap=1; tsr_overlap_rank=3/5; bsr_source_count=1
1063,STATE_1063,184,STATE_184,merge,0.333,3,split+merge; province_overlap=1; tsr_overlap_rank=2/4; bsr_source_count=2
1064,STATE_1064,376,STATE_376,split,0.667,2,split; province_overlap=2; tsr_overlap_rank=4/7; bsr_source_count=1
1065,STATE_1065,382,STATE_382,split,0.667,1,split; province_overlap=2; tsr_overlap_rank=4/4; bsr_source_count=1
1066,STATE_1066,852,Dalmatia,split,1.000,1,split; province_overlap=1; tsr_overlap_rank=1/2; bsr_source_count=1
1067,STATE_1067,,,new_bsr_state,1.000,2,no TSR overlay candidate
1068,STATE_1068,,,new_bsr_state,1.000,1,no TSR overlay candidate
1069,STATE_1069,,,new_bsr_state,1.000,1,no TSR overlay candidate
1070,STATE_1070,663,STATE_663,split,1.000,1,split; province_overlap=1; tsr_overlap_rank=2/2; bsr_source_count=1
1071,STATE_1071,273,Libyan Desert,split,0.800,2,split; province_overlap=4; tsr_overlap_rank=1/7; bsr_source_count=1
1072,STATE_1072,273,Libyan Desert,split,1.000,1,split; province_overlap=1; tsr_overlap_rank=7/7; bsr_source_count=1
1073,STATE_1073,1091,STATE_1091,same_name,1.000,1,province_overlap=3
1074,STATE_1074,670,STATE_670,split,1.000,1,split; province_overlap=6; tsr_overlap_rank=2/3; bsr_source_count=1
1075,STATE_1075,670,STATE_670,merge,0.600,2,split+merge; province_overlap=3; tsr_overlap_rank=3/3; bsr_source_count=2
1076,STATE_1076,1090,STATE_1090,split,1.000,1,split; province_overlap=5; tsr_overlap_rank=1/3; bsr_source_count=1
1077,STATE_1077,1090,STATE_1090,split,1.000,1,split; province_overlap=1; tsr_overlap_rank=3/3; bsr_source_count=1
1078,STATE_1078,671,STATE_671,split,1.000,1,split; province_overlap=10; tsr_overlap_rank=1/3; bsr_source_count=1
1079,STATE_1079,1017,STATE_1017,split,1.000,1,split; province_overlap=7; tsr_overlap_rank=2/2; bsr_source_count=1
1080,STATE_1080,1017,STATE_1017,split,1.000,1,split; province_overlap=8; tsr_overlap_rank=1/2; bsr_source_count=1
1081,STATE_1081,1088,STATE_1088,split,1.000,2,split; province_overlap=6; tsr_overlap_rank=2/2; bsr_source_count=1
1082,STATE_1082,286,STATE_286,same_name,1.000,2,province_overlap=15
1083,STATE_1083,741,STATE_741,split,1.000,1,split; province_overlap=2; tsr_overlap_rank=3/4; bsr_source_count=1
1084,STATE_1084,741,STATE_741,split,0.833,2,split; province_overlap=5; tsr_overlap_rank=2/4; bsr_source_count=1
1085,STATE_1085,1089,STATE_1089,merge,1.000,2,merge; province_overlap=6; bsr_source_count=2
1086,STATE_1086,419,STATE_419,split,0.750,1,split; province_overlap=3; tsr_overlap_rank=1/2; bsr_source_count=1
1087,STATE_1087,844,STATE_844,same_name,1.000,1,province_overlap=2
1088,STATE_1088,559,STATE_559,split,1.000,1,split; province_overlap=4; tsr_overlap_rank=2/2; bsr_source_count=1
1089,STATE_1089,29,STATE_29,split,1.000,1,split; province_overlap=1; tsr_overlap_rank=5/5; bsr_source_count=1
1090,STATE_1090,560,Nikolayevsk,split,1.000,1,split; province_overlap=5; tsr_overlap_rank=2/2; bsr_source_count=1
1091,STATE_1091,231,STATE_231,split,0.500,2,split; province_overlap=1; tsr_overlap_rank=7/7; bsr_source_count=1
1092,STATE_1092,231,STATE_231,split,0.667,3,split; province_overlap=4; tsr_overlap_rank=1/7; bsr_source_count=1
1093,STATE_1093,1071,STATE_1071,split,1.000,1,split; province_overlap=1; tsr_overlap_rank=4/4; bsr_source_count=1
1094,STATE_1094,1084,STATE_1084,split,1.000,1,split; province_overlap=4; tsr_overlap_rank=1/2; bsr_source_count=1
1095,STATE_1095,869,STATE_869,same_name,1.000,1,province_overlap=9
1096,STATE_1096,868,STATE_868,split,1.000,1,split; province_overlap=6; tsr_overlap_rank=2/2; bsr_source_count=1
1097,STATE_1097,1100,STATE_1100,same_name,1.000,1,province_overlap=6
1098,STATE_1098,868,STATE_868,split,1.000,1,split; province_overlap=12; tsr_overlap_rank=1/2; bsr_source_count=1
1099,STATE_1099,724,STATE_724,split,1.000,1,split; province_overlap=5; tsr_overlap_rank=2/2; bsr_source_count=1
1100,STATE_1100,834,STATE_834,split,1.000,1,split; province_overlap=1; tsr_overlap_rank=2/2; bsr_source_count=1
1101,STATE_1101,1093,STATE_1093,same_name,1.000,1,province_overlap=3
1102,STATE_1102,1094,STATE_1094,same_name,1.000,1,province_overlap=1
1103,STATE_1103,48,STATE_48,split,1.000,1,split; province_overlap=2; tsr_overlap_rank=2/3; bsr_source_count=1
1104,STATE_1104,103,Dalmatia,split,1.000,1,split; province_overlap=2; tsr_overlap_rank=3/4; bsr_source_count=1
1105,STATE_1105,64,STATE_64,split,1.000,1,split; province_overlap=1; tsr_overlap_rank=6/6; bsr_source_count=1
1106,STATE_1106,699,STATE_699,split,0.500,2,split; province_overlap=1; tsr_overlap_rank=2/2; bsr_source_count=1
1107,STATE_1107,153,STATE_153,merge,0.500,2,split+merge; province_overlap=2; tsr_overlap_rank=2/4; bsr_source_count=2
1108,STATE_1108,,,new_bsr_state,1.000,2,no TSR overlay candidate
1109,STATE_1109,948,STATE_948,same_name,1.000,3,province_overlap=1
1110,STATE_1110,558,STATE_558,split,1.000,1,split; province_overlap=4; tsr_overlap_rank=1/2; bsr_source_count=1
1111,STATE_1111,835,STATE_835,merge,0.500,5,split+merge; province_overlap=3; tsr_overlap_rank=1/2; bsr_source_count=2
1112,STATE_1112,63,STATE_63,split,1.000,1,split; province_overlap=2; tsr_overlap_rank=5/9; bsr_source_count=1
1113,STATE_1113,842,STATE_842,same_name,1.000,1,province_overlap=1
1114,STATE_1114,38,Gävleborg,merge,0.812,2,split+merge; province_overlap=13; tsr_overlap_rank=1/3; bsr_source_count=2
1115,STATE_1115,915,Bohuslän,province_overlap,1.000,1,province_overlap=2
1116,STATE_1116,1056,STATE_1056,split,0.667,2,split; province_overlap=2; tsr_overlap_rank=1/2; bsr_source_count=1
1117,STATE_1117,,,new_bsr_state,1.000,1,no TSR overlay candidate
1118,STATE_1118,,,new_bsr_state,1.000,1,no TSR overlay candidate
1119,STATE_1119,87,STATE_87,merge,0.800,2,split+merge; province_overlap=4; tsr_overlap_rank=1/4; bsr_source_count=2
1120,STATE_1120,,,new_bsr_state,1.000,2,no TSR overlay candidate
1121,STATE_1121,,,new_bsr_state,1.000,2,no TSR overlay candidate
1122,STATE_1122,406,Gurev,split,1.000,1,split; province_overlap=10; tsr_overlap_rank=1/2; bsr_source_count=1
1123,STATE_1123,407,STATE_407,split,1.000,1,split; province_overlap=14; tsr_overlap_rank=2/2; bsr_source_count=1
1124,STATE_1124,443,Sind,merge,0.750,2,split+merge; province_overlap=3; tsr_overlap_rank=2/2; bsr_source_count=2
1125,STATE_1125,193,Chernihiv,split,1.000,1,split; province_overlap=1; tsr_overlap_rank=5/5; bsr_source_count=1
1126,STATE_1126,193,Chernihiv,merge,0.833,2,split+merge; province_overlap=5; tsr_overlap_rank=2/5; bsr_source_count=2
1127,STATE_1127,226,Dnipropertovsk,split,1.000,1,split; province_overlap=5; tsr_overlap_rank=2/2; bsr_source_count=1
1128,STATE_1128,897,STATE_897,split,0.714,2,split; province_overlap=5; tsr_overlap_rank=1/2; bsr_source_count=1
1129,STATE_1129,1005,STATE_1005,split,1.000,1,split; province_overlap=1; tsr_overlap_rank=3/3; bsr_source_count=1
1130,STATE_1130,1007,STATE_1007,merge,0.600,3,split+merge; province_overlap=3; tsr_overlap_rank=1/2; bsr_source_count=3
1131,STATE_1131,1008,STATE_1008,merge,0.400,3,split+merge; province_overlap=2; tsr_overlap_rank=2/3; bsr_source_count=2
1132,STATE_1132,,,new_bsr_state,1.000,2,no TSR overlay candidate
1133,STATE_1133,794,STATE_794,split,1.000,1,split; province_overlap=6; tsr_overlap_rank=2/3; bsr_source_count=1
1134,STATE_1134,795,STATE_795,split,1.000,1,split; province_overlap=7; tsr_overlap_rank=1/2; bsr_source_count=1
1135,STATE_1135,889,STATE_889,split,1.000,1,split; province_overlap=1; tsr_overlap_rank=3/3; bsr_source_count=1
1136,STATE_1136,889,STATE_889,merge,0.750,2,split+merge; province_overlap=3; tsr_overlap_rank=2/3; bsr_source_count=2
1137,STATE_1137,538,STATE_538,split,1.000,1,split; province_overlap=4; tsr_overlap_rank=2/2; bsr_source_count=1
1138,STATE_1138,831,Khiva,split,1.000,1,split; province_overlap=2; tsr_overlap_rank=1/3; bsr_source_count=1
1139,STATE_1139,731,STATE_731,split,0.500,2,split; province_overlap=1; tsr_overlap_rank=6/6; bsr_source_count=1
1140,STATE_1140,341,STATE_341,split,1.000,1,split; province_overlap=2; tsr_overlap_rank=1/2; bsr_source_count=1
1141,STATE_1141,,,new_bsr_state,1.000,1,no TSR overlay candidate
1142,STATE_1142,212,STATE_212,split,0.667,2,split; province_overlap=2; tsr_overlap_rank=3/4; bsr_source_count=1
1143,STATE_1143,212,STATE_212,split,1.000,1,split; province_overlap=2; tsr_overlap_rank=2/4; bsr_source_count=1
1144,STATE_1144,273,Libyan Desert,split,0.800,2,split; province_overlap=4; tsr_overlap_rank=2/7; bsr_source_count=1
1145,STATE_1145,273,Libyan Desert,split,1.000,1,split; province_overlap=1; tsr_overlap_rank=6/7; bsr_source_count=1
1146,STATE_1146,273,Libyan Desert,split,1.000,1,split; province_overlap=2; tsr_overlap_rank=4/7; bsr_source_count=1
1147,STATE_1147,962,STATE_962,same_name,1.000,2,province_overlap=1
1148,STATE_1148,589,STATE_589,merge,0.917,2,split+merge; province_overlap=11; tsr_overlap_rank=1/2; bsr_source_count=2
1149,STATE_1149,976,STATE_976,merge,0.857,2,split+merge; province_overlap=6; tsr_overlap_rank=1/3; bsr_source_count=2
1150,STATE_1150,381,STATE_381,split,1.000,1,split; province_overlap=1; tsr_overlap_rank=5/6; bsr_source_count=1
1151,STATE_1151,150,KUOPIO,merge,0.812,3,split+merge; province_overlap=13; tsr_overlap_rank=1/5; bsr_source_count=3
1152,STATE_1152,,,new_bsr_state,1.000,0,no TSR overlay candidate
1153,STATE_1153,,,new_bsr_state,1.000,1,no TSR overlay candidate
1154,STATE_1154,,,new_bsr_state,1.000,3,no TSR overlay candidate
1155,STATE_1155,856,STATE_856,split,0.333,2,split; province_overlap=1; tsr_overlap_rank=4/4; bsr_source_count=1
1156,STATE_1156,184,STATE_184,split,1.000,1,split; province_overlap=1; tsr_overlap_rank=1/4; bsr_source_count=1
1157,STATE_1157,182,STATE_182,split,1.000,1,split; province_overlap=1; tsr_overlap_rank=2/2; bsr_source_count=1
1158,STATE_1158,292,STATE_292,merge,0.750,3,split+merge; province_overlap=6; tsr_overlap_rank=1/2; bsr_source_count=3
1159,STATE_1159,731,STATE_731,split,1.000,1,split; province_overlap=2; tsr_overlap_rank=1/6; bsr_source_count=1
1160,STATE_1160,731,STATE_731,split,1.000,1,split; province_overlap=1; tsr_overlap_rank=4/6; bsr_source_count=1
1161,STATE_1161,,,new_bsr_state,1.000,2,no TSR overlay candidate
1162,STATE_1162,,,new_bsr_state,1.000,1,no TSR overlay candidate
1163,Karma,241,Gomel,split,0.833,2,split; province_overlap=10; tsr_overlap_rank=1/3; bsr_source_count=1
1164,STATE_1164,,,new_bsr_state,1.000,1,no TSR overlay candidate
1165,STATE_1165,,,new_bsr_state,1.000,1,no TSR overlay candidate
1166,STATE_1166,,,new_bsr_state,1.000,1,no TSR overlay candidate
1167,STATE_1167,,,new_bsr_state,1.000,1,no TSR overlay candidate
1168,STATE_1168,,,new_bsr_state,1.000,1,no TSR overlay candidate
1169,STATE_1169,,,new_bsr_state,1.000,2,no TSR overlay candidate
1170,STATE_1170,207,STATE_207,split,1.000,1,split; province_overlap=1; tsr_overlap_rank=3/6; bsr_source_count=1
1171,STATE_1171,732,STATE_732,split,1.000,1,split; province_overlap=5; tsr_overlap_rank=2/2; bsr_source_count=1
1172,STATE_1172,,,new_bsr_state,1.000,1,no TSR overlay candidate
1173,STATE_1173,786,Mauritanian Desert,split,0.400,3,split; province_overlap=2; tsr_overlap_rank=2/3; bsr_source_count=1
1174,STATE_1174,,,new_bsr_state,1.000,1,no TSR overlay candidate
1175,STATE_1175,358,STATE_358,split,1.000,1,split; province_overlap=2; tsr_overlap_rank=3/3; bsr_source_count=1
1176,STATE_1176,,,new_bsr_state,1.000,1,no TSR overlay candidate
1177,STATE_1177,,,new_bsr_state,1.000,1,no TSR overlay candidate
1178,STATE_1178,98,STATE_98,split,1.000,1,split; province_overlap=4; tsr_overlap_rank=1/5; bsr_source_count=1
1179,STATE_1179,48,STATE_48,split,1.000,1,split; province_overlap=1; tsr_overlap_rank=3/3; bsr_source_count=1
1180,STATE_1180,91,Lwow,split,1.000,1,split; province_overlap=3; tsr_overlap_rank=1/5; bsr_source_count=1
1181,STATE_1181,88,STATE_88,split,1.000,1,split; province_overlap=1; tsr_overlap_rank=5/9; bsr_source_count=1
1182,STATE_1182,980,STATE_980,split,1.000,1,split; province_overlap=2; tsr_overlap_rank=1/3; bsr_source_count=1
1183,STATE_1183,28,Alsace-Lorraine,split,0.500,1,split; province_overlap=1; tsr_overlap_rank=3/7; bsr_source_count=1
1184,STATE_1184,18,STATE_18,split,1.000,1,split; province_overlap=1; tsr_overlap_rank=2/5; bsr_source_count=1
1185,STATE_1185,20,Rhone,split,1.000,1,split; province_overlap=2; tsr_overlap_rank=2/7; bsr_source_count=1
1186,STATE_1186,23,STATE_23,split,1.000,1,split; province_overlap=3; tsr_overlap_rank=2/2; bsr_source_count=1
1187,STATE_1187,884,Upper Nile,merge,1.000,5,merge; province_overlap=4; bsr_source_count=5
1188,STATE_1188,1057,STATE_1057,same_name,1.000,1,province_overlap=1
1189,STATE_1189,105,STATE_105,split,1.000,1,split; province_overlap=2; tsr_overlap_rank=1/3; bsr_source_count=1
1190,STATE_1190,108,STATE_108,split,1.000,1,split; province_overlap=1; tsr_overlap_rank=5/6; bsr_source_count=1
1191,STATE_1191,1013,STATE_1013,same_name,1.000,2,province_overlap=1
1192,STATE_1192,94,STATE_94,split,1.000,1,split; province_overlap=1; tsr_overlap_rank=5/9; bsr_source_count=1
1193,STATE_1193,157,STATE_157,merge,0.600,3,split+merge; province_overlap=3; tsr_overlap_rank=2/5; bsr_source_count=2
1194,STATE_1194,1063,STATE_1063,split,1.000,1,split; province_overlap=1; tsr_overlap_rank=2/2; bsr_source_count=1
1195,STATE_1195,377,STATE_377,split,0.500,3,split; province_overlap=2; tsr_overlap_rank=4/4; bsr_source_count=1
1196,STATE_1196,,,new_bsr_state,1.000,1,no TSR overlay candidate
1197,STATE_1197,548,STATE_548,split,1.000,1,split; province_overlap=1; tsr_overlap_rank=2/2; bsr_source_count=1
1198,STATE_1198,1064,STATE_1064,split,1.000,1,split; province_overlap=2; tsr_overlap_rank=2/2; bsr_source_count=1
1199,STATE_1199,376,STATE_376,split,1.000,1,split; province_overlap=1; tsr_overlap_rank=5/7; bsr_source_count=1
1200,STATE_1200,376,STATE_376,split,0.600,3,split; province_overlap=3; tsr_overlap_rank=2/7; bsr_source_count=1
1201,STATE_1201,76,STATE_76,split,0.857,2,split; province_overlap=6; tsr_overlap_rank=1/2; bsr_source_count=1
1202,STATE_1202,593,STATE_593,merge,0.750,2,split+merge; province_overlap=6; tsr_overlap_rank=2/2; bsr_source_count=2
1203,STATE_1203,161,STATE_161,merge,0.500,3,split+merge; province_overlap=2; tsr_overlap_rank=3/4; bsr_source_count=3
1204,STATE_1204,106,STATE_106,split,0.500,2,split; province_overlap=1; tsr_overlap_rank=2/3; bsr_source_count=1
1205,STATE_1205,95,STATE_95,split,0.667,1,split; province_overlap=2; tsr_overlap_rank=2/6; bsr_source_count=1
1206,STATE_1206,681,Cape,split,0.333,3,split; province_overlap=1; tsr_overlap_rank=7/8; bsr_source_count=1
1207,STATE_1207,681,Cape,split,0.400,4,split; province_overlap=2; tsr_overlap_rank=2/8; bsr_source_count=1
1208,STATE_1208,275,Transvaal,merge,0.250,4,split+merge; province_overlap=1; tsr_overlap_rank=4/6; bsr_source_count=2
1209,STATE_1209,681,Cape,split,1.000,1,split; province_overlap=1; tsr_overlap_rank=6/8; bsr_source_count=1
1210,STATE_1210,681,Cape,split,0.500,3,split; province_overlap=2; tsr_overlap_rank=1/8; bsr_source_count=1
1211,STATE_1211,681,Cape,merge,0.333,3,split+merge; province_overlap=1; tsr_overlap_rank=4/8; bsr_source_count=2
1212,STATE_1212,,,new_bsr_state,1.000,0,no TSR overlay candidate
1213,STATE_1213,719,Natal,merge,0.750,2,split+merge; province_overlap=3; tsr_overlap_rank=1/4; bsr_source_count=2
1214,STATE_1214,,,new_bsr_state,1.000,2,no TSR overlay candidate
1215,STATE_1215,275,Transvaal,split,1.000,1,split; province_overlap=1; tsr_overlap_rank=5/6; bsr_source_count=1
1216,STATE_1216,275,Transvaal,split,1.000,1,split; province_overlap=2; tsr_overlap_rank=3/6; bsr_source_count=1
1217,STATE_1217,,,new_bsr_state,1.000,2,no TSR overlay candidate
1218,STATE_1218,719,Natal,split,0.500,2,split; province_overlap=1; tsr_overlap_rank=4/4; bsr_source_count=1
1219,STATE_1219,,,new_bsr_state,1.000,3,no TSR overlay candidate
1220,STATE_1220,1068,STATE_1068,same_name,1.000,4,province_overlap=1
1221,STATE_1221,275,Transvaal,split,1.000,1,split; province_overlap=2; tsr_overlap_rank=2/6; bsr_source_count=1
1222,STATE_1222,229,STATE_229,split,1.000,1,split; province_overlap=3; tsr_overlap_rank=2/6; bsr_source_count=1
1223,STATE_1223,230,STATE_230,split,1.000,1,split; province_overlap=2; tsr_overlap_rank=3/4; bsr_source_count=1
1224,STATE_1224,,,new_bsr_state,1.000,2,no TSR overlay candidate
1225,STATE_1225,231,STATE_231,split,1.000,1,split; province_overlap=3; tsr_overlap_rank=2/7; bsr_source_count=1
1226,STATE_1226,231,STATE_231,merge,0.500,3,split+merge; province_overlap=2; tsr_overlap_rank=4/7; bsr_source_count=2
1227,STATE_1227,231,STATE_231,split,1.000,1,split; province_overlap=1; tsr_overlap_rank=5/7; bsr_source_count=1
1228,STATE_1228,934,STATE_934,split,1.000,1,split; province_overlap=2; tsr_overlap_rank=1/2; bsr_source_count=1
1229,STATE_1229,934,STATE_934,split,1.000,1,split; province_overlap=1; tsr_overlap_rank=2/2; bsr_source_count=1
1230,STATE_1230,106,STATE_106,merge,0.500,2,split+merge; province_overlap=1; tsr_overlap_rank=3/3; bsr_source_count=2
1231,STATE_1231,,,new_bsr_state,1.000,1,no TSR overlay candidate
1232,STATE_1232,454,Palestine,split,1.000,1,split; province_overlap=1; tsr_overlap_rank=4/5; bsr_source_count=1
1233,STATE_1233,454,Palestine,split,0.800,2,split; province_overlap=4; tsr_overlap_rank=1/5; bsr_source_count=1
1234,STATE_1234,1075,STATE_1075,same_name,1.000,2,province_overlap=1
1235,STATE_1235,,,new_bsr_state,1.000,1,no TSR overlay candidate
1236,STATE_1236,454,Palestine,split,1.000,1,split; province_overlap=1; tsr_overlap_rank=5/5; bsr_source_count=1
1237,STATE_1237,446,Suez,split,1.000,1,split; province_overlap=2; tsr_overlap_rank=1/2; bsr_source_count=1
1238,STATE_1238,,,new_bsr_state,1.000,2,no TSR overlay candidate
1239,STATE_1239,553,STATE_553,split,1.000,1,split; province_overlap=1; tsr_overlap_rank=2/2; bsr_source_count=1
1240,STATE_1240,554,STATE_554,split,1.000,1,split; province_overlap=1; tsr_overlap_rank=3/3; bsr_source_count=1
1241,STATE_1241,554,STATE_554,split,0.500,3,split; province_overlap=2; tsr_overlap_rank=2/3; bsr_source_count=1
1242,STATE_1242,677,STATE_677,split,1.000,1,split; province_overlap=2; tsr_overlap_rank=3/3; bsr_source_count=1
1243,STATE_1243,,,new_bsr_state,1.000,2,no TSR overlay candidate
1244,STATE_1244,676,STATE_676,merge,0.400,2,split+merge; province_overlap=2; tsr_overlap_rank=2/5; bsr_source_count=2
1245,STATE_1245,676,STATE_676,split,0.500,2,split; province_overlap=1; tsr_overlap_rank=4/5; bsr_source_count=1
1246,STATE_1246,676,STATE_676,split,0.667,1,split; province_overlap=2; tsr_overlap_rank=3/5; bsr_source_count=1
1247,STATE_1247,291,STATE_291,merge,0.667,2,split+merge; province_overlap=2; tsr_overlap_rank=2/3; bsr_source_count=2
1248,STATE_1248,421,STATE_421,split,0.667,1,split; province_overlap=2; tsr_overlap_rank=1/2; bsr_source_count=1
1249,STATE_1249,413,STATE_413,split,0.500,1,split; province_overlap=1; tsr_overlap_rank=3/3; bsr_source_count=1
1250,STATE_1250,588,Semipalatinsk,split,1.000,1,split; province_overlap=5; tsr_overlap_rank=2/4; bsr_source_count=1
1251,STATE_1251,,,new_bsr_state,1.000,1,no TSR overlay candidate
1252,STATE_1252,,,new_bsr_state,1.000,1,no TSR overlay candidate
1253,STATE_1253,,,new_bsr_state,1.000,1,no TSR overlay candidate
1254,STATE_1254,1024,STATE_1024,same_name,1.000,1,province_overlap=12
1255,STATE_1255,,,new_bsr_state,1.000,4,no TSR overlay candidate
1256,STATE_1256,677,STATE_677,split,1.000,1,split; province_overlap=2; tsr_overlap_rank=2/3; bsr_source_count=1
1257,STATE_1257,,,new_bsr_state,1.000,1,no TSR overlay candidate
1258,STATE_1258,,,new_bsr_state,1.000,0,no TSR overlay candidate
1259,STATE_1259,,,new_bsr_state,1.000,0,no TSR overlay candidate
1260,STATE_1260,957,STATE_957,split,1.000,1,split; province_overlap=2; tsr_overlap_rank=1/2; bsr_source_count=1
1261,STATE_1261,487,STATE_487,merge,0.667,2,split+merge; province_overlap=2; tsr_overlap_rank=2/3; bsr_source_count=2
1262,STATE_1262,,,new_bsr_state,1.000,0,no TSR overlay candidate
1263,STATE_1263,229,STATE_229,split,1.000,1,split; province_overlap=2; tsr_overlap_rank=4/6; bsr_source_count=1
1264,STATE_1264,676,STATE_676,split,0.800,1,split; province_overlap=4; tsr_overlap_rank=1/5; bsr_source_count=1
1265,STATE_1265,,,new_bsr_state,1.000,0,no TSR overlay candidate
1266,STATE_1266,,,new_bsr_state,1.000,0,no TSR overlay candidate
1267,STATE_1267,137,STATE_137,split,1.000,1,split; province_overlap=1; tsr_overlap_rank=3/3; bsr_source_count=1
1268,STATE_1268,30,STATE_30,split,1.000,1,split; province_overlap=4; tsr_overlap_rank=1/4; bsr_source_count=1
1269,STATE_1269,1076,STATE_1076,same_name,1.000,1,province_overlap=3
1270,STATE_1270,20,Rhone,split,1.000,1,split; province_overlap=1; tsr_overlap_rank=6/7; bsr_source_count=1
1271,STATE_1271,,,new_bsr_state,1.000,1,no TSR overlay candidate
1272,STATE_1272,,,new_bsr_state,1.000,1,no TSR overlay candidate
1273,STATE_1273,742,STATE_742,split,1.000,1,split; province_overlap=1; tsr_overlap_rank=3/3; bsr_source_count=1
1274,STATE_1274,447,STATE_447,merge,0.750,2,split+merge; province_overlap=3; tsr_overlap_rank=2/2; bsr_source_count=2
1275,STATE_1275,67,STATE_67,split,1.000,1,split; province_overlap=1; tsr_overlap_rank=2/5; bsr_source_count=1
1276,STATE_1276,907,STATE_907,split,0.750,1,split; province_overlap=6; tsr_overlap_rank=1/3; bsr_source_count=1
1277,STATE_1277,456,Aswan,split,0.500,2,split; province_overlap=3; tsr_overlap_rank=3/4; bsr_source_count=1
1278,STATE_1278,456,Aswan,split,0.500,1,split; province_overlap=3; tsr_overlap_rank=4/4; bsr_source_count=1
1279,STATE_1279,456,Aswan,split,0.500,1,split; province_overlap=4; tsr_overlap_rank=2/4; bsr_source_count=1
1280,STATE_1280,,,new_bsr_state,1.000,0,no TSR overlay candidate
1281,STATE_1281,,,new_bsr_state,1.000,0,no TSR overlay candidate
1282,STATE_1282,,,new_bsr_state,1.000,0,no TSR overlay candidate
1283,STATE_1283,,,new_bsr_state,1.000,0,no TSR overlay candidate
1284,STATE_1284,,,new_bsr_state,1.000,0,no TSR overlay candidate
1285,STATE_1285,547,STATE_547,split,0.333,1,split; province_overlap=1; tsr_overlap_rank=2/2; bsr_source_count=1
1286,STATE_1286,903,STATE_903,split,1.000,1,split; province_overlap=1; tsr_overlap_rank=2/2; bsr_source_count=1
1287,STATE_1287,903,STATE_903,split,0.750,1,split; province_overlap=3; tsr_overlap_rank=1/2; bsr_source_count=1
1288,STATE_1288,453,STATE_453,split,0.833,1,split; province_overlap=5; tsr_overlap_rank=1/2; bsr_source_count=1
1289,STATE_1289,,,new_bsr_state,1.000,0,no TSR overlay candidate
1290,STATE_1290,381,STATE_381,split,1.000,1,split; province_overlap=1; tsr_overlap_rank=4/6; bsr_source_count=1
1291,STATE_1291,1055,STATE_1055,split,1.000,1,split; province_overlap=2; tsr_overlap_rank=3/3; bsr_source_count=1
1292,STATE_1292,1056,STATE_1056,split,1.000,1,split; province_overlap=1; tsr_overlap_rank=2/2; bsr_source_count=1
1293,STATE_1293,815,STATE_815,merge,0.667,2,split+merge; province_overlap=2; tsr_overlap_rank=3/4; bsr_source_count=2
1294,STATE_1294,,,new_bsr_state,1.000,0,no TSR overlay candidate
1295,STATE_1295,1050,STATE_1050,same_name,1.000,2,province_overlap=2
1296,STATE_1296,1095,STATE_1095,split,1.000,1,split; province_overlap=3; tsr_overlap_rank=1/4; bsr_source_count=1
1297,STATE_1297,,,new_bsr_state,1.000,0,no TSR overlay candidate
1298,STATE_1298,659,STATE_659,split,1.000,1,split; province_overlap=1; tsr_overlap_rank=2/3; bsr_source_count=1
1299,STATE_1299,1015,STATE_1015,merge,1.000,2,merge; province_overlap=2; bsr_source_count=2
1300,STATE_1300,510,STATE_510,merge,0.333,2,split+merge; province_overlap=1; tsr_overlap_rank=3/4; bsr_source_count=2
1301,STATE_1301,932,STATE_932,same_name,1.000,1,province_overlap=1
1302,STATE_1302,803,STATE_803,split,1.000,1,split; province_overlap=1; tsr_overlap_rank=2/2; bsr_source_count=1
1303,STATE_1303,185,STATE_185,split,1.000,1,split; province_overlap=1; tsr_overlap_rank=3/7; bsr_source_count=1
1304,STATE_1304,847,STATE_847,split,1.000,1,split; province_overlap=1; tsr_overlap_rank=3/3; bsr_source_count=1
1305,STATE_1305,755,STATE_755,split,1.000,1,split; province_overlap=2; tsr_overlap_rank=3/3; bsr_source_count=1
1306,STATE_1306,759,STATE_759,merge,0.667,2,split+merge; province_overlap=2; tsr_overlap_rank=2/2; bsr_source_count=2
1307,STATE_1307,1032,STATE_1032,same_name,1.000,2,province_overlap=5
1308,STATE_1308,,,new_bsr_state,1.000,2,no TSR overlay candidate
1309,STATE_1309,,,new_bsr_state,1.000,1,no TSR overlay candidate
1310,STATE_1310,,,new_bsr_state,1.000,2,no TSR overlay candidate
1311,STATE_1311,605,STATE_605,same_name,1.000,2,province_overlap=6
1312,STATE_1312,,,new_bsr_state,1.000,2,no TSR overlay candidate
1313,STATE_1313,747,STATE_747,split,1.000,1,split; province_overlap=1; tsr_overlap_rank=6/6; bsr_source_count=1
1314,STATE_1314,1079,STATE_1079,split,1.000,1,split; province_overlap=2; tsr_overlap_rank=2/2; bsr_source_count=1
1315,STATE_1315,594,STATE_594,split,0.750,2,split; province_overlap=3; tsr_overlap_rank=2/2; bsr_source_count=1
1316,STATE_1316,599,STATE_599,split,1.000,1,split; province_overlap=9; tsr_overlap_rank=1/2; bsr_source_count=1
1317,STATE_1317,599,STATE_599,split,0.750,1,split; province_overlap=3; tsr_overlap_rank=2/2; bsr_source_count=1
1318,STATE_1318,618,Dzungaria,split,1.000,1,split; province_overlap=5; tsr_overlap_rank=1/5; bsr_source_count=1
1319,STATE_1319,786,Mauritanian Desert,split,1.000,1,split; province_overlap=1; tsr_overlap_rank=3/3; bsr_source_count=1
1320,STATE_1320,,,new_bsr_state,1.000,1,no TSR overlay candidate
1321,STATE_1321,30,STATE_30,split,1.000,1,split; province_overlap=3; tsr_overlap_rank=2/4; bsr_source_count=1
1322,STATE_1322,,,new_bsr_state,1.000,0,no TSR overlay candidate
1323,STATE_1323,688,STATE_688,split,1.000,1,split; province_overlap=2; tsr_overlap_rank=2/2; bsr_source_count=1
1324,STATE_1324,,,new_bsr_state,1.000,1,no TSR overlay candidate
1325,STATE_1325,71,STATE_71,split,1.000,1,split; province_overlap=1; tsr_overlap_rank=3/3; bsr_source_count=1
1326,STATE_1326,,,new_bsr_state,1.000,3,no TSR overlay candidate
1327,STATE_1327,662,STATE_662,split,1.000,1,split; province_overlap=3; tsr_overlap_rank=1/2; bsr_source_count=1
1328,STATE_1328,65,STATE_65,split,1.000,1,split; province_overlap=1; tsr_overlap_rank=6/6; bsr_source_count=1
1329,STATE_1329,64,STATE_64,split,0.667,1,split; province_overlap=2; tsr_overlap_rank=3/6; bsr_source_count=1
1330,STATE_1330,999,STATE_999,merge,0.800,2,split+merge; province_overlap=8; tsr_overlap_rank=1/3; bsr_source_count=2
1331,STATE_1331,,,new_bsr_state,1.000,4,no TSR overlay candidate
1332,STATE_1332,68,STATE_68,split,1.000,1,split; province_overlap=1; tsr_overlap_rank=5/6; bsr_source_count=1
1333,STATE_1333,63,STATE_63,split,1.000,1,split; province_overlap=2; tsr_overlap_rank=2/9; bsr_source_count=1
1334,STATE_1334,51,STATE_51,split,1.000,1,split; province_overlap=1; tsr_overlap_rank=4/5; bsr_source_count=1
1335,STATE_1335,51,STATE_51,split,0.800,1,split; province_overlap=4; tsr_overlap_rank=1/5; bsr_source_count=1
1336,STATE_1336,,,new_bsr_state,1.000,1,no TSR overlay candidate
1337,STATE_1337,,,new_bsr_state,1.000,0,no TSR overlay candidate
1338,STATE_1338,,,new_bsr_state,1.000,0,no TSR overlay candidate
1339,STATE_1339,,,new_bsr_state,1.000,0,no TSR overlay candidate
1340,STATE_1340,,,new_bsr_state,1.000,0,no TSR overlay candidate
1341,STATE_1341,,,new_bsr_state,1.000,0,no TSR overlay candidate
1342,STATE_1342,,,new_bsr_state,1.000,2,no TSR overlay candidate
1343,STATE_1343,,,new_bsr_state,1.000,2,no TSR overlay candidate
1344,STATE_1344,592,STATE_592,split,1.000,1,split; province_overlap=1; tsr_overlap_rank=3/3; bsr_source_count=1
1345,STATE_1345,514,Algerian Desert,split,0.333,1,split; province_overlap=1; tsr_overlap_rank=4/4; bsr_source_count=1
1346,STATE_1346,,,new_bsr_state,1.000,0,no TSR overlay candidate
1347,STATE_1347,67,STATE_67,split,1.000,1,split; province_overlap=1; tsr_overlap_rank=1/5; bsr_source_count=1
1348,STATE_1348,67,STATE_67,split,1.000,1,split; province_overlap=1; tsr_overlap_rank=3/5; bsr_source_count=1
1349,STATE_1349,,,new_bsr_state,1.000,0,no TSR overlay candidate
1350,STATE_1350,42,STATE_42,split,1.000,1,split; province_overlap=1; tsr_overlap_rank=4/5; bsr_source_count=1
1351,STATE_1351,158,STATE_158,split,1.000,1,split; province_overlap=1; tsr_overlap_rank=6/6; bsr_source_count=1
1352,STATE_1352,806,STATE_806,split,0.500,1,split; province_overlap=1; tsr_overlap_rank=3/3; bsr_source_count=1
1353,STATE_1353,806,STATE_806,split,1.000,1,split; province_overlap=1; tsr_overlap_rank=1/3; bsr_source_count=1
1354,STATE_1354,848,STATE_848,split,1.000,1,split; province_overlap=1; tsr_overlap_rank=1/2; bsr_source_count=1
1355,STATE_1355,,,new_bsr_state,1.000,0,no TSR overlay candidate
1356,STATE_1356,641,STATE_641,split,0.500,1,split; province_overlap=1; tsr_overlap_rank=1/2; bsr_source_count=1
1357,STATE_1357,891,STATE_891,split,0.500,1,split; province_overlap=1; tsr_overlap_rank=3/3; bsr_source_count=1
1358,STATE_1358,540,STATE_540,split,0.333,1,split; province_overlap=1; tsr_overlap_rank=2/2; bsr_source_count=1
1359,STATE_1359,897,STATE_897,split,1.000,1,split; province_overlap=3; tsr_overlap_rank=2/2; bsr_source_count=1
1360,STATE_1360,,,new_bsr_state,1.000,2,no TSR overlay candidate
1361,STATE_1361,148,LAPPI,split,1.000,1,split; province_overlap=6; tsr_overlap_rank=3/3; bsr_source_count=1
1362,STATE_1362,666,STATE_666,split,1.000,1,split; province_overlap=8; tsr_overlap_rank=2/2; bsr_source_count=1
1363,STATE_1363,97,STATE_97,split,1.000,1,split; province_overlap=1; tsr_overlap_rank=2/6; bsr_source_count=1
1364,STATE_1364,807,STATE_807,split,1.000,1,split; province_overlap=1; tsr_overlap_rank=8/8; bsr_source_count=1
1365,STATE_1365,,,new_bsr_state,1.000,0,no TSR overlay candidate
1366,STATE_1366,229,STATE_229,split,1.000,1,split; province_overlap=2; tsr_overlap_rank=3/6; bsr_source_count=1
1367,STATE_1367,230,STATE_230,split,1.000,1,split; province_overlap=1; tsr_overlap_rank=4/4; bsr_source_count=1
1368,STATE_1368,146,KARJALA,split,1.000,1,split; province_overlap=3; tsr_overlap_rank=2/4; bsr_source_count=1
1369,STATE_1369,146,KARJALA,split,1.000,1,split; province_overlap=2; tsr_overlap_rank=3/4; bsr_source_count=1
1370,STATE_1370,179,STATE_179,split,1.000,1,split; province_overlap=2; tsr_overlap_rank=2/3; bsr_source_count=1
1371,STATE_1371,,,new_bsr_state,1.000,2,no TSR overlay candidate
1372,STATE_1372,,,new_bsr_state,1.000,0,no TSR overlay candidate
1373,STATE_1373,97,STATE_97,split,1.000,1,split; province_overlap=1; tsr_overlap_rank=3/6; bsr_source_count=1
1374,STATE_1374,88,STATE_88,split,1.000,1,split; province_overlap=1; tsr_overlap_rank=7/9; bsr_source_count=1
1375,STATE_1375,95,STATE_95,split,1.000,1,split; province_overlap=1; tsr_overlap_rank=4/6; bsr_source_count=1
1376,STATE_1376,664,STATE_664,split,1.000,1,split; province_overlap=2; tsr_overlap_rank=2/2; bsr_source_count=1
1377,STATE_1377,,,new_bsr_state,1.000,0,no TSR overlay candidate
1378,Northern Hungary,43,Northern Hungary,split,1.000,1,split; province_overlap=5; tsr_overlap_rank=1/2; bsr_source_count=1
1379,STATE_1379,154,STATE_154,split,1.000,1,split; province_overlap=3; tsr_overlap_rank=2/2; bsr_source_count=1
1380,STATE_1380,215,STATE_215,split,1.000,1,split; province_overlap=2; tsr_overlap_rank=4/5; bsr_source_count=1
1381,STATE_1381,146,KARJALA,split,1.000,1,split; province_overlap=1; tsr_overlap_rank=4/4; bsr_source_count=1
1382,STATE_1382,,,new_bsr_state,1.000,1,no TSR overlay candidate
1383,STATE_1383,96,STATE_96,split,0.500,3,split; province_overlap=2; tsr_overlap_rank=2/2; bsr_source_count=1
1384,STATE_1384,94,STATE_94,split,1.000,1,split; province_overlap=2; tsr_overlap_rank=4/9; bsr_source_count=1
1385,STATE_1385,93,STATE_93,split,1.000,1,split; province_overlap=1; tsr_overlap_rank=5/5; bsr_source_count=1
1386,STATE_1386,91,Lwow,split,1.000,1,split; province_overlap=1; tsr_overlap_rank=4/5; bsr_source_count=1
1387,STATE_1387,103,Dalmatia,split,1.000,1,split; province_overlap=1; tsr_overlap_rank=4/4; bsr_source_count=1
1388,STATE_1388,,,new_bsr_state,1.000,0,no TSR overlay candidate
1389,STATE_1389,,,new_bsr_state,1.000,0,no TSR overlay candidate
1390,STATE_1390,,,new_bsr_state,1.000,1,no TSR overlay candidate
1391,STATE_1391,158,STATE_158,split,1.000,1,split; province_overlap=2; tsr_overlap_rank=4/6; bsr_source_count=1
1392,STATE_1392,417,Hamadan,merge,0.667,2,split+merge; province_overlap=2; tsr_overlap_rank=2/3; bsr_source_count=2
1393,STATE_1393,420,STATE_420,split,1.000,1,split; province_overlap=2; tsr_overlap_rank=2/3; bsr_source_count=1
1394,STATE_1394,411,Isfahan,merge,0.500,2,split+merge; province_overlap=1; tsr_overlap_rank=2/2; bsr_source_count=2
1395,STATE_1395,134,STATE_134,split,1.000,1,split; province_overlap=1; tsr_overlap_rank=2/2; bsr_source_count=1
1396,STATE_1396,113,Leinster,split,1.000,1,split; province_overlap=1; tsr_overlap_rank=2/2; bsr_source_count=1
1397,STATE_1397,119,STATE_119,split,1.000,1,split; province_overlap=2; tsr_overlap_rank=1/4; bsr_source_count=1
1398,STATE_1398,119,STATE_119,split,1.000,1,split; province_overlap=1; tsr_overlap_rank=3/4; bsr_source_count=1
1399,STATE_1399,119,STATE_119,split,1.000,1,split; province_overlap=1; tsr_overlap_rank=4/4; bsr_source_count=1
1400,STATE_1400,,,new_bsr_state,1.000,0,no TSR overlay candidate
1401,STATE_1401,128,STATE_128,merge,0.600,3,split+merge; province_overlap=3; tsr_overlap_rank=1/3; bsr_source_count=3
1402,STATE_1402,504,STATE_504,split,1.000,1,split; province_overlap=2; tsr_overlap_rank=1/2; bsr_source_count=1
1403,STATE_1403,108,STATE_108,split,1.000,1,split; province_overlap=2; tsr_overlap_rank=3/6; bsr_source_count=1
1404,STATE_1404,104,STATE_104,split,1.000,1,split; province_overlap=1; tsr_overlap_rank=7/8; bsr_source_count=1
1405,Cornwall,123,STATE_123,split,1.000,1,split; province_overlap=2; tsr_overlap_rank=2/3; bsr_source_count=1
1406,STATE_1406,92,STATE_92,split,0.500,1,split; province_overlap=2; tsr_overlap_rank=3/4; bsr_source_count=1
1407,STATE_1407,408,STATE_408,split,1.000,1,split; province_overlap=34; tsr_overlap_rank=1/2; bsr_source_count=1
1408,STATE_1408,5,STATE_5,split,0.500,1,split; province_overlap=1; tsr_overlap_rank=4/4; bsr_source_count=1
1409,STATE_1409,5,STATE_5,split,1.000,1,split; province_overlap=2; tsr_overlap_rank=2/4; bsr_source_count=1
1410,STATE_1410,,,new_bsr_state,1.000,0,no TSR overlay candidate
1411,STATE_1411,,,new_bsr_state,1.000,0,no TSR overlay candidate
1412,STATE_1412,99,STATE_99,split,1.000,1,split; province_overlap=4; tsr_overlap_rank=1/3; bsr_source_count=1
1413,STATE_1413,99,STATE_99,split,1.000,1,split; province_overlap=2; tsr_overlap_rank=2/3; bsr_source_count=1
1414,STATE_1414,,,new_bsr_state,1.000,0,no TSR overlay candidate
1415,STATE_1415,50,Württemberg,split,1.000,1,split; province_overlap=1; tsr_overlap_rank=5/6; bsr_source_count=1
1416,STATE_1416,,,new_bsr_state,1.000,0,no TSR overlay candidate
1417,STATE_1417,,,new_bsr_state,1.000,0,no TSR overlay candidate
1418,STATE_1418,473,STATE_473,split,1.000,1,split; province_overlap=3; tsr_overlap_rank=2/3; bsr_source_count=1
1419,STATE_1419,471,STATE_471,merge,0.500,3,split+merge; province_overlap=3; tsr_overlap_rank=2/2; bsr_source_count=2
1420,STATE_1420,,,new_bsr_state,1.000,2,no TSR overlay candidate
1421,STATE_1421,104,STATE_104,split,1.000,1,split; province_overlap=3; tsr_overlap_rank=3/8; bsr_source_count=1
1422,STATE_1422,127,Sussex,split,1.000,1,split; province_overlap=1; tsr_overlap_rank=2/2; bsr_source_count=1
1423,STATE_1423,971,Northern Dobruja,split,1.000,1,split; province_overlap=1; tsr_overlap_rank=2/2; bsr_source_count=1
1424,STATE_1424,807,STATE_807,split,1.000,1,split; province_overlap=1; tsr_overlap_rank=6/8; bsr_source_count=1
1425,STATE_1425,807,STATE_807,split,0.333,1,split; province_overlap=1; tsr_overlap_rank=4/8; bsr_source_count=1
1426,STATE_1426,86,STATE_86,split,1.000,1,split; province_overlap=1; tsr_overlap_rank=5/6; bsr_source_count=1
1427,STATE_1427,185,STATE_185,split,1.000,1,split; province_overlap=1; tsr_overlap_rank=5/7; bsr_source_count=1
1428,STATE_1428,731,STATE_731,split,1.000,1,split; province_overlap=2; tsr_overlap_rank=2/6; bsr_source_count=1
1429,STATE_1429,,,new_bsr_state,1.000,1,no TSR overlay candidate
1430,STATE_1430,29,STATE_29,split,1.000,1,split; province_overlap=1; tsr_overlap_rank=4/5; bsr_source_count=1
1431,STATE_1431,155,North Transdanubia,merge,0.500,2,split+merge; province_overlap=1; tsr_overlap_rank=2/3; bsr_source_count=2
1432,STATE_1432,55,STATE_55,split,1.000,1,split; province_overlap=2; tsr_overlap_rank=2/6; bsr_source_count=1
1433,STATE_1433,94,STATE_94,split,1.000,1,split; province_overlap=3; tsr_overlap_rank=2/9; bsr_source_count=1
1434,STATE_1434,93,STATE_93,split,1.000,1,split; province_overlap=2; tsr_overlap_rank=3/5; bsr_source_count=1
1435,STATE_1435,6,Flanders,split,1.000,1,split; province_overlap=1; tsr_overlap_rank=2/2; bsr_source_count=1
1436,STATE_1436,28,Alsace-Lorraine,split,0.400,1,split; province_overlap=2; tsr_overlap_rank=1/7; bsr_source_count=1
1437,STATE_1437,230,STATE_230,split,1.000,1,split; province_overlap=2; tsr_overlap_rank=2/4; bsr_source_count=1
1438,STATE_1438,189,STATE_189,split,1.000,1,split; province_overlap=1; tsr_overlap_rank=2/3; bsr_source_count=1
1439,STATE_1439,847,STATE_847,split,1.000,1,split; province_overlap=1; tsr_overlap_rank=2/3; bsr_source_count=1
1440,STATE_1440,,,new_bsr_state,1.000,0,no TSR overlay candidate
1441,STATE_1441,95,STATE_95,split,1.000,1,split; province_overlap=1; tsr_overlap_rank=6/6; bsr_source_count=1
1442,STATE_1442,486,STATE_486,split,1.000,1,split; province_overlap=1; tsr_overlap_rank=2/2; bsr_source_count=1
1443,STATE_1443,763,STATE_763,split,0.500,1,split; province_overlap=1; tsr_overlap_rank=3/3; bsr_source_count=1
1444,STATE_1444,227,STATE_227,merge,0.400,2,split+merge; province_overlap=2; tsr_overlap_rank=2/2; bsr_source_count=2
1445,STATE_1445,228,Voroshilovgrad,split,1.000,1,split; province_overlap=1; tsr_overlap_rank=2/3; bsr_source_count=1
1446,STATE_1446,225,Sumy,split,1.000,1,split; province_overlap=1; tsr_overlap_rank=2/2; bsr_source_count=1
1447,STATE_1447,50,Württemberg,split,1.000,1,split; province_overlap=2; tsr_overlap_rank=3/6; bsr_source_count=1
1448,STATE_1448,818,STATE_818,split,0.500,1,split; province_overlap=1; tsr_overlap_rank=2/2; bsr_source_count=1
1449,STATE_1449,,,new_bsr_state,1.000,0,no TSR overlay candidate
1450,STATE_1450,102,STATE_102,split,1.000,1,split; province_overlap=1; tsr_overlap_rank=3/4; bsr_source_count=1
1451,STATE_1451,,,new_bsr_state,1.000,0,no TSR overlay candidate
1452,STATE_1452,,,new_bsr_state,1.000,2,no TSR overlay candidate
1453,STATE_1453,47,Thessaly,split,1.000,1,split; province_overlap=3; tsr_overlap_rank=1/6; bsr_source_count=1
1454,STATE_1454,12,STATE_12,merge,1.000,3,merge; province_overlap=5; bsr_source_count=3
1455,STATE_1455,199,STATE_199,merge,0.667,2,split+merge; province_overlap=2; tsr_overlap_rank=1/4; bsr_source_count=2
1456,STATE_1456,362,STATE_362,split,1.000,1,split; province_overlap=1; tsr_overlap_rank=2/2; bsr_source_count=1
1457,STATE_1457,153,STATE_153,split,1.000,1,split; province_overlap=1; tsr_overlap_rank=4/4; bsr_source_count=1
1458,STATE_1458,102,STATE_102,split,1.000,1,split; province_overlap=1; tsr_overlap_rank=4/4; bsr_source_count=1
1459,STATE_1459,584,STATE_584,split,1.000,1,split; province_overlap=2; tsr_overlap_rank=5/6; bsr_source_count=1
1460,STATE_1460,584,STATE_584,split,1.000,1,split; province_overlap=4; tsr_overlap_rank=2/6; bsr_source_count=1
1461,STATE_1461,584,STATE_584,split,1.000,1,split; province_overlap=2; tsr_overlap_rank=6/6; bsr_source_count=1
1462,STATE_1462,584,STATE_584,merge,0.917,2,split+merge; province_overlap=11; tsr_overlap_rank=1/6; bsr_source_count=2
1463,STATE_1463,405,Tashkent,merge,0.500,2,split+merge; province_overlap=1; tsr_overlap_rank=2/3; bsr_source_count=2
1464,STATE_1464,830,Bukhara,split,1.000,1,split; province_overlap=9; tsr_overlap_rank=1/2; bsr_source_count=1
1465,STATE_1465,832,STATE_832,split,0.750,2,split; province_overlap=3; tsr_overlap_rank=1/2; bsr_source_count=1
1466,STATE_1466,584,STATE_584,split,1.000,1,split; province_overlap=3; tsr_overlap_rank=4/6; bsr_source_count=1
1467,STATE_1467,823,Karakalpakstan,merge,0.833,2,split+merge; province_overlap=5; tsr_overlap_rank=2/2; bsr_source_count=2
1468,STATE_1468,742,STATE_742,split,1.000,1,split; province_overlap=4; tsr_overlap_rank=2/3; bsr_source_count=1
1469,STATE_1469,404,Kyzyl Orda,merge,0.417,5,split+merge; province_overlap=5; tsr_overlap_rank=2/4; bsr_source_count=2
1470,STATE_1470,206,STATE_206,merge,0.750,2,split+merge; province_overlap=3; tsr_overlap_rank=2/4; bsr_source_count=2
1471,Mozyr,194,Mozyr,split,1.000,1,split; province_overlap=2; tsr_overlap_rank=3/3; bsr_source_count=1
1472,STATE_1472,52,STATE_52,split,1.000,1,split; province_overlap=1; tsr_overlap_rank=2/4; bsr_source_count=1
1473,STATE_1473,59,STATE_59,split,1.000,1,split; province_overlap=11; tsr_overlap_rank=1/4; bsr_source_count=1
1474,STATE_1474,1004,STATE_1004,merge,0.667,2,split+merge; province_overlap=2; tsr_overlap_rank=1/2; bsr_source_count=2
1475,STATE_1475,266,Tehran,split,1.000,1,split; province_overlap=4; tsr_overlap_rank=1/2; bsr_source_count=1
1476,STATE_1476,,,new_bsr_state,1.000,0,no TSR overlay candidate
1477,STATE_1477,588,Semipalatinsk,split,1.000,1,split; province_overlap=1; tsr_overlap_rank=4/4; bsr_source_count=1
1478,STATE_1478,14,STATE_14,split,1.000,1,split; province_overlap=1; tsr_overlap_rank=2/2; bsr_source_count=1
1479,STATE_1479,678,STATE_678,split,1.000,1,split; province_overlap=1; tsr_overlap_rank=2/3; bsr_source_count=1
1480,STATE_1480,302,STATE_302,split,1.000,1,split; province_overlap=1; tsr_overlap_rank=2/3; bsr_source_count=1
1481,STATE_1481,503,STATE_503,split,1.000,1,split; province_overlap=1; tsr_overlap_rank=2/2; bsr_source_count=1
1482,STATE_1482,29,STATE_29,split,1.000,1,split; province_overlap=1; tsr_overlap_rank=3/5; bsr_source_count=1
1483,STATE_1483,,,new_bsr_state,1.000,0,no TSR overlay candidate
1484,STATE_1484,939,STATE_939,same_name,1.000,1,province_overlap=1
1485,STATE_1485,94,STATE_94,split,1.000,1,split; province_overlap=1; tsr_overlap_rank=6/9; bsr_source_count=1
1486,STATE_1486,212,STATE_212,split,1.000,1,split; province_overlap=1; tsr_overlap_rank=4/4; bsr_source_count=1
1487,STATE_1487,229,STATE_229,split,1.000,1,split; province_overlap=1; tsr_overlap_rank=6/6; bsr_source_count=1
1488,STATE_1488,859,STATE_859,split,0.500,2,split; province_overlap=1; tsr_overlap_rank=3/3; bsr_source_count=1
1489,STATE_1489,405,Tashkent,split,0.333,2,split; province_overlap=1; tsr_overlap_rank=3/3; bsr_source_count=1
1490,STATE_1490,202,STATE_202,merge,0.500,2,split+merge; province_overlap=2; tsr_overlap_rank=2/5; bsr_source_count=2
1491,STATE_1491,202,STATE_202,split,1.000,1,split; province_overlap=2; tsr_overlap_rank=4/5; bsr_source_count=1
1492,STATE_1492,900,STATE_900,split,1.000,1,split; province_overlap=3; tsr_overlap_rank=1/3; bsr_source_count=1
1493,STATE_1493,773,Cameroon,split,1.000,1,split; province_overlap=3; tsr_overlap_rank=2/3; bsr_source_count=1
1494,STATE_1494,367,STATE_367,split,1.000,1,split; province_overlap=2; tsr_overlap_rank=3/3; bsr_source_count=1
1495,STATE_1495,370,STATE_370,split,1.000,1,split; province_overlap=2; tsr_overlap_rank=3/3; bsr_source_count=1
1496,STATE_1496,370,STATE_370,split,1.000,1,split; province_overlap=3; tsr_overlap_rank=2/3; bsr_source_count=1
1497,STATE_1497,367,STATE_367,split,1.000,1,split; province_overlap=9; tsr_overlap_rank=1/3; bsr_source_count=1
1498,STATE_1498,856,STATE_856,split,0.333,3,split; province_overlap=1; tsr_overlap_rank=3/4; bsr_source_count=1
1499,STATE_1499,858,STATE_858,split,0.500,1,split; province_overlap=1; tsr_overlap_rank=2/2; bsr_source_count=1
1500,STATE_1500,180,STATE_180,split,1.000,1,split; province_overlap=5; tsr_overlap_rank=1/2; bsr_source_count=1
1501,STATE_1501,795,STATE_795,split,1.000,1,split; province_overlap=1; tsr_overlap_rank=2/2; bsr_source_count=1
1502,STATE_1502,179,STATE_179,split,1.000,1,split; province_overlap=1; tsr_overlap_rank=3/3; bsr_source_count=1
1503,STATE_1503,170,STATE_170,split,1.000,1,split; province_overlap=1; tsr_overlap_rank=3/3; bsr_source_count=1
1504,STATE_1504,,,new_bsr_state,1.000,0,no TSR overlay candidate
1505,STATE_1505,,,new_bsr_state,1.000,0,no TSR overlay candidate
1506,STATE_1506,58,STATE_58,split,1.000,1,split; province_overlap=2; tsr_overlap_rank=2/3; bsr_source_count=1
1507,STATE_1507,1054,STATE_1054,split,1.000,1,split; province_overlap=4; tsr_overlap_rank=1/2; bsr_source_count=1
1508,STATE_1508,63,STATE_63,split,1.000,1,split; province_overlap=2; tsr_overlap_rank=4/9; bsr_source_count=1
1509,STATE_1509,62,STATE_62,split,1.000,1,split; province_overlap=2; tsr_overlap_rank=1/4; bsr_source_count=1
1510,STATE_1510,44,STATE_44,split,1.000,1,split; province_overlap=1; tsr_overlap_rank=3/3; bsr_source_count=1
1511,STATE_1511,,,new_bsr_state,1.000,0,no TSR overlay candidate
1512,STATE_1512,,,new_bsr_state,1.000,0,no TSR overlay candidate
1513,STATE_1513,47,Thessaly,split,0.667,1,split; province_overlap=2; tsr_overlap_rank=2/6; bsr_source_count=1
1514,STATE_1514,,,new_bsr_state,1.000,1,no TSR overlay candidate
1515,STATE_1515,845,STATE_845,split,1.000,1,split; province_overlap=1; tsr_overlap_rank=3/3; bsr_source_count=1
1516,STATE_1516,,,new_bsr_state,1.000,0,no TSR overlay candidate
1517,STATE_1517,378,STATE_378,split,1.000,1,split; province_overlap=1; tsr_overlap_rank=13/13; bsr_source_count=1
1518,STATE_1518,378,STATE_378,split,1.000,1,split; province_overlap=1; tsr_overlap_rank=12/13; bsr_source_count=1
1519,STATE_1519,42,STATE_42,split,1.000,1,split; province_overlap=2; tsr_overlap_rank=3/5; bsr_source_count=1
1520,STATE_1520,,,new_bsr_state,1.000,2,no TSR overlay candidate
1521,STATE_1521,,,new_bsr_state,1.000,0,no TSR overlay candidate
1522,STATE_1522,,,new_bsr_state,1.000,0,no TSR overlay candidate
1523,STATE_1523,1043,STATE_1043,same_name,1.000,1,province_overlap=2
1524,STATE_1524,515,STATE_515,split,1.000,1,split; province_overlap=4; tsr_overlap_rank=2/2; bsr_source_count=1
1525,STATE_1525,546,STATE_546,split,1.000,1,split; province_overlap=5; tsr_overlap_rank=2/3; bsr_source_count=1
1526,STATE_1526,546,STATE_546,split,1.000,1,split; province_overlap=2; tsr_overlap_rank=3/3; bsr_source_count=1
1527,STATE_1527,771,Zambia,split,1.000,1,split; province_overlap=2; tsr_overlap_rank=1/4; bsr_source_count=1
1528,STATE_1528,981,Barotseland,split,1.000,1,split; province_overlap=3; tsr_overlap_rank=1/2; bsr_source_count=1
1529,STATE_1529,981,Barotseland,split,1.000,1,split; province_overlap=1; tsr_overlap_rank=2/2; bsr_source_count=1
1530,Zambia,771,Zambia,split,1.000,1,split; province_overlap=1; tsr_overlap_rank=3/4; bsr_source_count=1
1531,STATE_1531,545,STATE_545,split,1.000,1,split; province_overlap=3; tsr_overlap_rank=2/2; bsr_source_count=1
1532,STATE_1532,495,STATE_495,merge,0.250,2,split+merge; province_overlap=1; tsr_overlap_rank=3/3; bsr_source_count=2
1533,STATE_1533,,,new_bsr_state,1.000,0,no TSR overlay candidate
1534,STATE_1534,542,STATE_542,split,0.500,1,split; province_overlap=1; tsr_overlap_rank=2/4; bsr_source_count=1
1535,STATE_1535,,,new_bsr_state,1.000,0,no TSR overlay candidate
1536,STATE_1536,542,STATE_542,split,1.000,1,split; province_overlap=1; tsr_overlap_rank=4/4; bsr_source_count=1
1537,STATE_1537,542,STATE_542,split,1.000,1,split; province_overlap=1; tsr_overlap_rank=3/4; bsr_source_count=1
1538,STATE_1538,,,new_bsr_state,1.000,0,no TSR overlay candidate
1539,STATE_1539,889,STATE_889,split,0.600,2,split; province_overlap=3; tsr_overlap_rank=1/3; bsr_source_count=1
1540,STATE_1540,718,STATE_718,split,1.000,1,split; province_overlap=6; tsr_overlap_rank=1/2; bsr_source_count=1
1541,STATE_1541,896,STATE_896,split,1.000,1,split; province_overlap=1; tsr_overlap_rank=2/2; bsr_source_count=1
1542,STATE_1542,544,STATE_544,merge,0.750,2,split+merge; province_overlap=3; tsr_overlap_rank=1/2; bsr_source_count=2
1543,STATE_1543,541,STATE_541,merge,0.500,2,split+merge; province_overlap=1; tsr_overlap_rank=2/2; bsr_source_count=2
1544,STATE_1544,894,STATE_894,merge,1.000,2,merge; province_overlap=3; bsr_source_count=2
1545,STATE_1545,998,STATE_998,split,1.000,1,split; province_overlap=2; tsr_overlap_rank=2/2; bsr_source_count=1
1546,STATE_1546,,,new_bsr_state,1.000,0,no TSR overlay candidate
1547,STATE_1547,,,new_bsr_state,1.000,0,no TSR overlay candidate
1548,STATE_1548,297,Equatorial Guinea,split,1.000,1,split; province_overlap=1; tsr_overlap_rank=1/2; bsr_source_count=1
1549,STATE_1549,,,new_bsr_state,1.000,1,no TSR overlay candidate
1550,STATE_1550,,,new_bsr_state,1.000,1,no TSR overlay candidate
1551,STATE_1551,,,new_bsr_state,1.000,0,no TSR overlay candidate
1552,STATE_1552,354,STATE_354,split,1.000,1,split; province_overlap=5; tsr_overlap_rank=1/4; bsr_source_count=1
1553,STATE_1553,91,Lwow,split,1.000,1,split; province_overlap=2; tsr_overlap_rank=3/5; bsr_source_count=1
1554,STATE_1554,976,STATE_976,split,1.000,1,split; province_overlap=1; tsr_overlap_rank=3/3; bsr_source_count=1
1555,STATE_1555,93,STATE_93,split,1.000,1,split; province_overlap=4; tsr_overlap_rank=1/5; bsr_source_count=1
1556,STATE_1556,,,new_bsr_state,1.000,0,no TSR overlay candidate
1557,STATE_1557,94,STATE_94,split,1.000,1,split; province_overlap=3; tsr_overlap_rank=3/9; bsr_source_count=1
1558,STATE_1558,88,STATE_88,split,1.000,1,split; province_overlap=4; tsr_overlap_rank=1/9; bsr_source_count=1
1559,STATE_1559,36,STATE_36,split,1.000,1,split; province_overlap=2; tsr_overlap_rank=1/5; bsr_source_count=1
1560,STATE_1560,86,STATE_86,split,1.000,1,split; province_overlap=1; tsr_overlap_rank=2/6; bsr_source_count=1
1561,STATE_1561,807,STATE_807,split,1.000,1,split; province_overlap=1; tsr_overlap_rank=5/8; bsr_source_count=1
1562,STATE_1562,463,STATE_463,split,1.000,1,split; province_overlap=2; tsr_overlap_rank=3/4; bsr_source_count=1
1563,STATE_1563,784,STATE_784,split,1.000,1,split; province_overlap=1; tsr_overlap_rank=3/3; bsr_source_count=1
1564,STATE_1564,463,STATE_463,split,1.000,1,split; province_overlap=1; tsr_overlap_rank=4/4; bsr_source_count=1
1565,STATE_1565,,,new_bsr_state,1.000,1,no TSR overlay candidate
1566,STATE_1566,377,STATE_377,split,1.000,1,split; province_overlap=3; tsr_overlap_rank=2/4; bsr_source_count=1
1567,STATE_1567,376,STATE_376,split,1.000,1,split; province_overlap=1; tsr_overlap_rank=6/7; bsr_source_count=1
1568,STATE_1568,855,STATE_855,split,0.750,2,split; province_overlap=3; tsr_overlap_rank=2/3; bsr_source_count=1
1569,Arabian Desert,457,Arabian Desert,split,1.000,1,split; province_overlap=5; tsr_overlap_rank=1/2; bsr_source_count=1
1570,STATE_1570,73,STATE_73,split,1.000,1,split; province_overlap=1; tsr_overlap_rank=2/2; bsr_source_count=1
1571,STATE_1571,137,STATE_137,split,1.000,1,split; province_overlap=5; tsr_overlap_rank=1/3; bsr_source_count=1
1572,STATE_1572,928,KYME,split,1.000,1,split; province_overlap=6; tsr_overlap_rank=1/3; bsr_source_count=1
1573,STATE_1573,819,STATE_819,split,1.000,1,split; province_overlap=1; tsr_overlap_rank=3/3; bsr_source_count=1
1574,STATE_1574,957,STATE_957,merge,0.500,2,split+merge; province_overlap=1; tsr_overlap_rank=2/2; bsr_source_count=2
1575,STATE_1575,513,Tlmecen,merge,0.625,2,split+merge; province_overlap=5; tsr_overlap_rank=3/5; bsr_source_count=2
1576,STATE_1576,950,STATE_950,merge,0.800,2,merge; province_overlap=4; bsr_source_count=2
1577,STATE_1577,459,Algiers,merge,0.700,2,split+merge; province_overlap=7; tsr_overlap_rank=1/2; bsr_source_count=2
1578,STATE_1578,503,STATE_503,merge,0.750,2,split+merge; province_overlap=3; tsr_overlap_rank=1/2; bsr_source_count=2
1579,STATE_1579,952,STATE_952,merge,0.667,2,split+merge; province_overlap=2; tsr_overlap_rank=1/2; bsr_source_count=2
1580,STATE_1580,959,STATE_959,split,1.000,1,split; province_overlap=1; tsr_overlap_rank=2/2; bsr_source_count=1
1581,STATE_1581,17,Lorraine,split,1.000,1,split; province_overlap=1; tsr_overlap_rank=3/6; bsr_source_count=1
1582,STATE_1582,785,STATE_785,split,0.667,1,split; province_overlap=2; tsr_overlap_rank=3/3; bsr_source_count=1
1583,STATE_1583,,,new_bsr_state,1.000,0,no TSR overlay candidate
1584,STATE_1584,,,new_bsr_state,1.000,1,no TSR overlay candidate
1585,STATE_1585,,,new_bsr_state,1.000,1,no TSR overlay candidate
1586,STATE_1586,454,Palestine,split,1.000,1,split; province_overlap=1; tsr_overlap_rank=3/5; bsr_source_count=1
1587,STATE_1587,98,STATE_98,split,1.000,1,split; province_overlap=1; tsr_overlap_rank=5/5; bsr_source_count=1
1588,STATE_1588,88,STATE_88,split,1.000,1,split; province_overlap=1; tsr_overlap_rank=8/9; bsr_source_count=1
1589,STATE_1589,92,STATE_92,split,1.000,1,split; province_overlap=1; tsr_overlap_rank=4/4; bsr_source_count=1
1590,STATE_1590,93,STATE_93,split,1.000,1,split; province_overlap=1; tsr_overlap_rank=4/5; bsr_source_count=1
1591,STATE_1591,,,new_bsr_state,1.000,0,no TSR overlay candidate
1592,STATE_1592,,,new_bsr_state,1.000,0,no TSR overlay candidate
1593,STATE_1593,,,new_bsr_state,1.000,0,no TSR overlay candidate
1594,STATE_1594,101,STATE_101,split,1.000,1,split; province_overlap=1; tsr_overlap_rank=2/2; bsr_source_count=1
1595,STATE_1595,184,STATE_184,split,1.000,1,split; province_overlap=1; tsr_overlap_rank=4/4; bsr_source_count=1
1596,STATE_1596,161,STATE_161,split,1.000,1,split; province_overlap=2; tsr_overlap_rank=2/4; bsr_source_count=1
1597,STATE_1597,276,Southern Ontario,split,1.000,1,split; province_overlap=13; tsr_overlap_rank=2/2; bsr_source_count=1
1598,STATE_1598,,,new_bsr_state,1.000,1,no TSR overlay candidate
1599,STATE_1599,88,STATE_88,split,1.000,1,split; province_overlap=2; tsr_overlap_rank=3/9; bsr_source_count=1
1600,STATE_1600,763,STATE_763,split,0.750,1,split; province_overlap=3; tsr_overlap_rank=1/3; bsr_source_count=1
1601,STATE_1601,47,Thessaly,merge,0.500,2,split+merge; province_overlap=1; tsr_overlap_rank=4/6; bsr_source_count=2
1602,STATE_1602,94,STATE_94,split,1.000,1,split; province_overlap=1; tsr_overlap_rank=8/9; bsr_source_count=1
1603,STATE_1603,,,new_bsr_state,1.000,0,no TSR overlay candidate
1604,STATE_1604,11,STATE_11,merge,0.500,2,split+merge; province_overlap=2; tsr_overlap_rank=1/3; bsr_source_count=2
1605,STATE_1605,487,STATE_487,split,1.000,1,split; province_overlap=1; tsr_overlap_rank=3/3; bsr_source_count=1
1606,STATE_1606,,,new_bsr_state,1.000,1,no TSR overlay candidate
1607,STATE_1607,682,STATE_682,split,1.000,1,split; province_overlap=1; tsr_overlap_rank=4/4; bsr_source_count=1
1608,STATE_1608,391,STATE_391,split,0.667,1,split; province_overlap=2; tsr_overlap_rank=3/4; bsr_source_count=1
1609,STATE_1609,,,new_bsr_state,1.000,0,no TSR overlay candidate
1610,STATE_1610,389,STATE_389,split,0.800,1,split; province_overlap=4; tsr_overlap_rank=2/3; bsr_source_count=1
1611,STATE_1611,65,STATE_65,split,1.000,1,split; province_overlap=1; tsr_overlap_rank=3/6; bsr_source_count=1
1612,STATE_1612,,,new_bsr_state,1.000,1,no TSR overlay candidate
1613,STATE_1613,,,new_bsr_state,1.000,0,no TSR overlay candidate
1614,STATE_1614,,,new_bsr_state,1.000,0,no TSR overlay candidate
1615,STATE_1615,371,STATE_371,split,0.400,1,split; province_overlap=2; tsr_overlap_rank=4/5; bsr_source_count=1
1616,STATE_1616,375,STATE_375,split,0.750,1,split; province_overlap=3; tsr_overlap_rank=6/8; bsr_source_count=1
1617,STATE_1617,66,STATE_66,split,1.000,1,split; province_overlap=2; tsr_overlap_rank=3/7; bsr_source_count=1
1618,STATE_1618,371,STATE_371,split,1.000,1,split; province_overlap=1; tsr_overlap_rank=5/5; bsr_source_count=1
1619,STATE_1619,206,STATE_206,merge,0.500,3,split+merge; province_overlap=2; tsr_overlap_rank=4/4; bsr_source_count=3
1620,STATE_1620,207,STATE_207,split,1.000,1,split; province_overlap=1; tsr_overlap_rank=4/6; bsr_source_count=1
1621,STATE_1621,463,STATE_463,split,1.000,1,split; province_overlap=3; tsr_overlap_rank=2/4; bsr_source_count=1
1622,STATE_1622,31,STATE_31,split,1.000,1,split; province_overlap=2; tsr_overlap_rank=2/7; bsr_source_count=1
1623,STATE_1623,376,STATE_376,split,1.000,1,split; province_overlap=3; tsr_overlap_rank=3/7; bsr_source_count=1
1624,STATE_1624,198,STATE_198,split,1.000,1,split; province_overlap=1; tsr_overlap_rank=3/4; bsr_source_count=1
1625,STATE_1625,1054,STATE_1054,split,0.500,1,split; province_overlap=1; tsr_overlap_rank=2/2; bsr_source_count=1
1626,Varsinais Suomi / Finland Proper,926,TURKU AND PORI,merge,0.750,3,split+merge; province_overlap=6; tsr_overlap_rank=1/3; bsr_source_count=3
1627,Savo / Tavastland / Tavastia,927,HÄME,merge,0.714,6,split+merge; province_overlap=10; tsr_overlap_rank=1/4; bsr_source_count=6
1628,Savo / Tavastland / Tavastia,929,OULU,merge,0.818,3,split+merge; province_overlap=9; tsr_overlap_rank=1/3; bsr_source_count=3
1629,Savo / Tavastland / Tavastia,929,OULU,merge,0.889,2,split+merge; province_overlap=8; tsr_overlap_rank=2/3; bsr_source_count=2
1630,Savo / Tavastland / Tavastia,148,LAPPI,merge,0.533,2,split+merge; province_overlap=8; tsr_overlap_rank=2/3; bsr_source_count=2
1631,Vaasa,149,VAASA,merge,0.800,2,split+merge; province_overlap=4; tsr_overlap_rank=2/4; bsr_source_count=2
1632,STATE_1632,382,STATE_382,split,0.500,2,split; province_overlap=2; tsr_overlap_rank=3/4; bsr_source_count=1
1633,STATE_1633,,,new_bsr_state,1.000,0,no TSR overlay candidate
1634,STATE_1634,,,new_bsr_state,1.000,0,no TSR overlay candidate
1635,STATE_1635,,,new_bsr_state,1.000,0,no TSR overlay candidate
1636,STATE_1636,,,new_bsr_state,1.000,0,no TSR overlay candidate
1637,STATE_1637,142,STATE_142,merge,0.600,4,split+merge; province_overlap=6; tsr_overlap_rank=2/3; bsr_source_count=4
1638,STATE_1638,920,STATE_920,merge,0.800,2,split+merge; province_overlap=4; tsr_overlap_rank=3/4; bsr_source_count=2
1639,STATE_1639,,,new_bsr_state,1.000,2,no TSR overlay candidate
1640,STATE_1640,385,STATE_385,split,1.000,1,split; province_overlap=6; tsr_overlap_rank=3/3; bsr_source_count=1
1641,STATE_1641,387,STATE_387,split,1.000,1,split; province_overlap=3; tsr_overlap_rank=2/2; bsr_source_count=1
1642,STATE_1642,,,new_bsr_state,1.000,0,no TSR overlay candidate
1643,STATE_1643,,,new_bsr_state,1.000,0,no TSR overlay candidate
1644,STATE_1644,687,STATE_687,split,1.000,1,split; province_overlap=1; tsr_overlap_rank=2/3; bsr_source_count=1
1645,STATE_1645,,,new_bsr_state,1.000,0,no TSR overlay candidate
1646,STATE_1646,,,new_bsr_state,1.000,0,no TSR overlay candidate
1647,STATE_1647,,,new_bsr_state,1.000,0,no TSR overlay candidate
1648,STATE_1648,357,STATE_357,split,0.500,1,split; province_overlap=1; tsr_overlap_rank=7/8; bsr_source_count=1
1649,STATE_1649,385,STATE_385,split,1.000,1,split; province_overlap=9; tsr_overlap_rank=1/3; bsr_source_count=1
1650,STATE_1650,,,new_bsr_state,1.000,0,no TSR overlay candidate
1651,STATE_1651,,,new_bsr_state,1.000,0,no TSR overlay candidate
1652,STATE_1652,381,STATE_381,split,1.000,1,split; province_overlap=1; tsr_overlap_rank=3/6; bsr_source_count=1
1653,STATE_1653,,,new_bsr_state,1.000,4,no TSR overlay candidate
1654,STATE_1654,22,Languedoc,merge,0.833,2,split+merge; province_overlap=5; tsr_overlap_rank=1/4; bsr_source_count=2
1655,STATE_1655,63,STATE_63,split,1.000,1,split; province_overlap=1; tsr_overlap_rank=6/9; bsr_source_count=1
1656,STATE_1656,95,STATE_95,split,1.000,1,split; province_overlap=1; tsr_overlap_rank=5/6; bsr_source_count=1
1657,STATE_1657,919,STATE_919,merge,1.000,2,merge; province_overlap=10; bsr_source_count=2
1658,STATE_1658,466,STATE_466,split,0.833,1,split; province_overlap=5; tsr_overlap_rank=1/3; bsr_source_count=1
1659,STATE_1659,332,STATE_332,split,1.000,1,split; province_overlap=1; tsr_overlap_rank=2/2; bsr_source_count=1
1660,STATE_1660,,,new_bsr_state,1.000,0,no TSR overlay candidate
1661,STATE_1661,339,STATE_339,split,1.000,1,split; province_overlap=3; tsr_overlap_rank=2/3; bsr_source_count=1
1662,STATE_1662,340,STATE_340,merge,0.500,2,split+merge; province_overlap=1; tsr_overlap_rank=3/3; bsr_source_count=2
1663,STATE_1663,343,Afyon,merge,0.400,3,split+merge; province_overlap=2; tsr_overlap_rank=2/4; bsr_source_count=3
1664,STATE_1664,344,STATE_344,same_name,1.000,1,province_overlap=3
1665,STATE_1665,,,new_bsr_state,1.000,0,no TSR overlay candidate
1666,STATE_1666,1074,STATE_1074,same_name,1.000,2,province_overlap=1
1667,STATE_1667,472,STATE_472,split,1.000,1,split; province_overlap=1; tsr_overlap_rank=4/4; bsr_source_count=1
1668,STATE_1668,472,STATE_472,split,0.333,2,split; province_overlap=1; tsr_overlap_rank=2/4; bsr_source_count=1
1669,STATE_1669,865,STATE_865,split,1.000,1,split; province_overlap=2; tsr_overlap_rank=2/2; bsr_source_count=1
1670,STATE_1670,867,STATE_867,split,1.000,1,split; province_overlap=4; tsr_overlap_rank=1/2; bsr_source_count=1
1671,STATE_1671,866,STATE_866,split,1.000,1,split; province_overlap=1; tsr_overlap_rank=2/2; bsr_source_count=1
1672,STATE_1672,866,STATE_866,merge,0.750,2,split+merge; province_overlap=3; tsr_overlap_rank=1/2; bsr_source_count=2
1673,STATE_1673,,,new_bsr_state,1.000,0,no TSR overlay candidate
1674,STATE_1674,,,new_bsr_state,1.000,0,no TSR overlay candidate
1675,STATE_1675,339,STATE_339,split,1.000,1,split; province_overlap=1; tsr_overlap_rank=3/3; bsr_source_count=1
1676,STATE_1676,379,STATE_379,split,0.500,1,split; province_overlap=1; tsr_overlap_rank=3/3; bsr_source_count=1
1677,STATE_1677,,,new_bsr_state,1.000,0,no TSR overlay candidate
1678,STATE_1678,356,Kastamonu,split,1.000,1,split; province_overlap=2; tsr_overlap_rank=3/3; bsr_source_count=1
1679,STATE_1679,4,STATE_4,split,1.000,1,split; province_overlap=3; tsr_overlap_rank=2/3; bsr_source_count=1
1680,STATE_1680,,,new_bsr_state,1.000,0,no TSR overlay candidate
1681,STATE_1681,261,STATE_261,split,1.000,1,split; province_overlap=3; tsr_overlap_rank=2/2; bsr_source_count=1
1682,STATE_1682,360,STATE_360,split,1.000,1,split; province_overlap=3; tsr_overlap_rank=3/3; bsr_source_count=1
1683,STATE_1683,360,STATE_360,split,0.917,2,split; province_overlap=11; tsr_overlap_rank=2/3; bsr_source_count=1
1684,STATE_1684,358,STATE_358,split,1.000,1,split; province_overlap=14; tsr_overlap_rank=2/3; bsr_source_count=1
1685,STATE_1685,,,new_bsr_state,1.000,1,no TSR overlay candidate
1686,STATE_1686,682,STATE_682,split,1.000,1,split; province_overlap=12; tsr_overlap_rank=1/4; bsr_source_count=1
1687,STATE_1687,862,STATE_862,merge,0.625,3,split+merge; province_overlap=5; tsr_overlap_rank=2/2; bsr_source_count=3
1688,STATE_1688,502,STATE_502,split,1.000,1,split; province_overlap=3; tsr_overlap_rank=2/3; bsr_source_count=1
1689,STATE_1689,378,STATE_378,split,1.000,1,split; province_overlap=2; tsr_overlap_rank=10/13; bsr_source_count=1
1690,STATE_1690,378,STATE_378,split,1.000,1,split; province_overlap=4; tsr_overlap_rank=4/13; bsr_source_count=1
1691,STATE_1691,378,STATE_378,split,1.000,1,split; province_overlap=4; tsr_overlap_rank=6/13; bsr_source_count=1
1692,STATE_1692,378,STATE_378,split,1.000,1,split; province_overlap=3; tsr_overlap_rank=8/13; bsr_source_count=1
1693,STATE_1693,378,STATE_378,split,1.000,1,split; province_overlap=3; tsr_overlap_rank=9/13; bsr_source_count=1
1694,STATE_1694,378,STATE_378,split,1.000,1,split; province_overlap=4; tsr_overlap_rank=3/13; bsr_source_count=1
1695,STATE_1695,378,STATE_378,split,1.000,1,split; province_overlap=3; tsr_overlap_rank=7/13; bsr_source_count=1
1696,STATE_1696,378,STATE_378,split,1.000,1,split; province_overlap=2; tsr_overlap_rank=11/13; bsr_source_count=1
1697,STATE_1697,375,STATE_375,split,1.000,1,split; province_overlap=3; tsr_overlap_rank=8/8; bsr_source_count=1
1698,STATE_1698,375,STATE_375,split,1.000,1,split; province_overlap=3; tsr_overlap_rank=7/8; bsr_source_count=1
1699,STATE_1699,375,STATE_375,split,1.000,1,split; province_overlap=7; tsr_overlap_rank=3/8; bsr_source_count=1
1700,STATE_1700,63,STATE_63,split,1.000,1,split; province_overlap=1; tsr_overlap_rank=9/9; bsr_source_count=1
1701,STATE_1701,63,STATE_63,split,1.000,1,split; province_overlap=2; tsr_overlap_rank=3/9; bsr_source_count=1
1702,STATE_1702,68,STATE_68,split,1.000,1,split; province_overlap=1; tsr_overlap_rank=3/6; bsr_source_count=1
1703,STATE_1703,,,new_bsr_state,1.000,1,no TSR overlay candidate
1704,STATE_1704,348,Kayseri,split,1.000,1,split; province_overlap=4; tsr_overlap_rank=1/4; bsr_source_count=1
1705,STATE_1705,66,STATE_66,split,1.000,1,split; province_overlap=3; tsr_overlap_rank=1/7; bsr_source_count=1
1706,STATE_1706,66,STATE_66,split,1.000,1,split; province_overlap=1; tsr_overlap_rank=5/7; bsr_source_count=1
1707,STATE_1707,342,Antalya,split,1.000,1,split; province_overlap=2; tsr_overlap_rank=2/4; bsr_source_count=1
1708,STATE_1708,130,STATE_130,split,1.000,1,split; province_overlap=3; tsr_overlap_rank=2/2; bsr_source_count=1
1709,STATE_1709,123,STATE_123,merge,0.667,2,split+merge; province_overlap=2; tsr_overlap_rank=1/3; bsr_source_count=2
1710,STATE_1710,9,STATE_9,merge,0.500,2,split+merge; province_overlap=1; tsr_overlap_rank=2/2; bsr_source_count=2
1711,STATE_1711,,,new_bsr_state,1.000,0,no TSR overlay candidate
1712,STATE_1712,92,STATE_92,split,1.000,1,split; province_overlap=3; tsr_overlap_rank=2/4; bsr_source_count=1
1713,STATE_1713,,,new_bsr_state,1.000,0,no TSR overlay candidate
1714,STATE_1714,,,new_bsr_state,1.000,0,no TSR overlay candidate
1715,STATE_1715,170,STATE_170,split,1.000,1,split; province_overlap=5; tsr_overlap_rank=2/3; bsr_source_count=1
1716,STATE_1716,41,STATE_41,split,1.000,1,split; province_overlap=3; tsr_overlap_rank=3/3; bsr_source_count=1
1717,STATE_1717,793,STATE_793,split,1.000,1,split; province_overlap=4; tsr_overlap_rank=2/2; bsr_source_count=1
1718,STATE_1718,177,STATE_177,split,1.000,1,split; province_overlap=1; tsr_overlap_rank=2/2; bsr_source_count=1
1719,STATE_1719,168,STATE_168,split,1.000,1,split; province_overlap=6; tsr_overlap_rank=1/2; bsr_source_count=1
1720,STATE_1720,166,STATE_166,merge,0.800,2,split+merge; province_overlap=4; tsr_overlap_rank=2/2; bsr_source_count=2
1721,STATE_1721,794,STATE_794,split,1.000,1,split; province_overlap=7; tsr_overlap_rank=1/3; bsr_source_count=1
1722,STATE_1722,790,STATE_790,split,1.000,1,split; province_overlap=3; tsr_overlap_rank=2/4; bsr_source_count=1
1723,STATE_1723,176,STATE_176,split,1.000,1,split; province_overlap=4; tsr_overlap_rank=2/2; bsr_source_count=1
1724,STATE_1724,41,STATE_41,split,1.000,1,split; province_overlap=7; tsr_overlap_rank=1/3; bsr_source_count=1
1725,STATE_1725,790,STATE_790,split,1.000,1,split; province_overlap=1; tsr_overlap_rank=4/4; bsr_source_count=1
1726,STATE_1726,430,STATE_430,split,1.000,1,split; province_overlap=11; tsr_overlap_rank=1/2; bsr_source_count=1
1727,STATE_1727,,,new_bsr_state,1.000,0,no TSR overlay candidate
1728,STATE_1728,807,STATE_807,split,1.000,1,split; province_overlap=1; tsr_overlap_rank=7/8; bsr_source_count=1
1729,STATE_1729,70,STATE_70,merge,0.714,2,split+merge; province_overlap=5; tsr_overlap_rank=1/3; bsr_source_count=2
1730,STATE_1730,20,Rhone,split,1.000,1,split; province_overlap=1; tsr_overlap_rank=4/7; bsr_source_count=1
1731,STATE_1731,1048,Moselgebiet,split,1.000,1,split; province_overlap=1; tsr_overlap_rank=1/2; bsr_source_count=1
1732,STATE_1732,18,STATE_18,split,0.500,2,split; province_overlap=1; tsr_overlap_rank=3/5; bsr_source_count=1
1733,STATE_1733,17,Lorraine,split,1.000,1,split; province_overlap=1; tsr_overlap_rank=2/6; bsr_source_count=1
1734,STATE_1734,17,Lorraine,merge,0.500,2,split+merge; province_overlap=1; tsr_overlap_rank=6/6; bsr_source_count=2
1735,impassable = yes #we do a substantial amount of trolling,,,new_bsr_state,1.000,0,no TSR overlay candidate
1736,impassable = yes #we do a substantial amount of trolling,,,new_bsr_state,1.000,0,no TSR overlay candidate
1737,STATE_1737,88,STATE_88,split,1.000,1,split; province_overlap=2; tsr_overlap_rank=2/9; bsr_source_count=1
1738,STATE_1738,618,Dzungaria,split,1.000,1,split; province_overlap=1; tsr_overlap_rank=4/5; bsr_source_count=1
1739,STATE_1739,617,STATE_617,merge,0.500,2,split+merge; province_overlap=1; tsr_overlap_rank=2/2; bsr_source_count=2
1740,STATE_1740,322,STATE_322,merge,0.800,2,split+merge; province_overlap=4; tsr_overlap_rank=1/2; bsr_source_count=2
1741,STATE_1741,758,STATE_758,split,1.000,1,split; province_overlap=1; tsr_overlap_rank=2/3; bsr_source_count=1
1742,STATE_1742,,,new_bsr_state,1.000,0,no TSR overlay candidate
1743,STATE_1743,604,STATE_604,split,1.000,1,split; province_overlap=2; tsr_overlap_rank=2/3; bsr_source_count=1
1744,STATE_1744,,,new_bsr_state,1.000,2,no TSR overlay candidate
1745,STATE_1745,,,new_bsr_state,1.000,1,no TSR overlay candidate
1746,STATE_1746,,,new_bsr_state,1.000,2,no TSR overlay candidate
1747,STATE_1747,747,STATE_747,split,1.000,1,split; province_overlap=1; tsr_overlap_rank=4/6; bsr_source_count=1
1748,STATE_1748,,,new_bsr_state,1.000,1,no TSR overlay candidate
1749,STATE_1749,747,STATE_747,split,1.000,1,split; province_overlap=2; tsr_overlap_rank=2/6; bsr_source_count=1
1750,STATE_1750,325,STATE_325,merge,0.500,2,split+merge; province_overlap=1; tsr_overlap_rank=4/4; bsr_source_count=2
1751,STATE_1751,1046,STATE_1046,same_name,1.000,2,province_overlap=2
1752,STATE_1752,,,new_bsr_state,1.000,1,no TSR overlay candidate
1753,STATE_1753,616,STATE_616,split,0.500,2,split; province_overlap=1; tsr_overlap_rank=2/2; bsr_source_count=1
1754,STATE_1754,34,STATE_34,split,0.667,2,split; province_overlap=2; tsr_overlap_rank=1/2; bsr_source_count=1
1755,STATE_1755,157,STATE_157,split,0.667,2,split; province_overlap=2; tsr_overlap_rank=4/5; bsr_source_count=1
1756,STATE_1756,161,STATE_161,split,0.667,2,split; province_overlap=2; tsr_overlap_rank=4/4; bsr_source_count=1
1757,STATE_1757,157,STATE_157,split,1.000,1,split; province_overlap=1; tsr_overlap_rank=5/5; bsr_source_count=1
1758,STATE_1758,162,STATE_162,split,1.000,1,split; province_overlap=2; tsr_overlap_rank=2/3; bsr_source_count=1
1759,Languedoc,22,Languedoc,split,1.000,1,split; province_overlap=1; tsr_overlap_rank=4/4; bsr_source_count=1
1760,STATE_1760,22,Languedoc,split,1.000,1,split; province_overlap=2; tsr_overlap_rank=3/4; bsr_source_count=1
1761,STATE_1761,31,STATE_31,split,1.000,1,split; province_overlap=1; tsr_overlap_rank=5/7; bsr_source_count=1
1762,STATE_1762,925,STATE_925,split,1.000,1,split; province_overlap=5; tsr_overlap_rank=2/2; bsr_source_count=1
1763,STATE_1763,,,new_bsr_state,1.000,2,no TSR overlay candidate
1764,STATE_1764,50,Württemberg,split,1.000,1,split; province_overlap=3; tsr_overlap_rank=1/6; bsr_source_count=1
1765,STATE_1765,,,new_bsr_state,1.000,0,no TSR overlay candidate
1766,STATE_1766,,,new_bsr_state,1.000,0,no TSR overlay candidate
1767,STATE_1767,55,STATE_55,split,1.000,1,split; province_overlap=1; tsr_overlap_rank=5/6; bsr_source_count=1
1768,STATE_1768,91,Lwow,split,0.500,1,split; province_overlap=1; tsr_overlap_rank=5/5; bsr_source_count=1
1769,STATE_1769,89,STATE_89,split,1.000,1,split; province_overlap=1; tsr_overlap_rank=3/3; bsr_source_count=1
1770,STATE_1770,,,new_bsr_state,1.000,0,no TSR overlay candidate
1771,STATE_1771,199,STATE_199,split,1.000,1,split; province_overlap=2; tsr_overlap_rank=2/4; bsr_source_count=1
1772,STATE_1772,199,STATE_199,split,1.000,1,split; province_overlap=1; tsr_overlap_rank=4/4; bsr_source_count=1
1773,STATE_1773,1087,STATE_1087,same_name,1.000,5,province_overlap=1
1774,Gomel,241,Gomel,split,1.000,1,split; province_overlap=1; tsr_overlap_rank=3/3; bsr_source_count=1
1775,STATE_1775,87,STATE_87,merge,0.500,2,split+merge; province_overlap=1; tsr_overlap_rank=4/4; bsr_source_count=2
1776,STATE_1776,,,new_bsr_state,1.000,0,no TSR overlay candidate
1777,STATE_1777,755,STATE_755,split,1.000,1,split; province_overlap=2; tsr_overlap_rank=2/3; bsr_source_count=1
1778,STATE_1778,754,STATE_754,split,0.500,1,split; province_overlap=2; tsr_overlap_rank=3/4; bsr_source_count=1
1779,STATE_1779,754,STATE_754,split,1.000,1,split; province_overlap=2; tsr_overlap_rank=2/4; bsr_source_count=1
1780,STATE_1780,283,STATE_283,same_name,1.000,2,province_overlap=1
1781,STATE_1781,754,STATE_754,split,1.000,1,split; province_overlap=1; tsr_overlap_rank=4/4; bsr_source_count=1
1782,STATE_1782,,,new_bsr_state,1.000,0,no TSR overlay candidate
1783,STATE_1783,,,new_bsr_state,1.000,0,no TSR overlay candidate
1784,STATE_1784,756,STATE_756,merge,0.500,2,split+merge; province_overlap=1; tsr_overlap_rank=2/2; bsr_source_count=2
1785,STATE_1785,756,STATE_756,split,1.000,1,split; province_overlap=5; tsr_overlap_rank=1/2; bsr_source_count=1
1786,STATE_1786,285,STATE_285,split,1.000,1,split; province_overlap=1; tsr_overlap_rank=3/3; bsr_source_count=1
1787,STATE_1787,,,new_bsr_state,1.000,1,no TSR overlay candidate
1788,STATE_1788,,,new_bsr_state,1.000,1,no TSR overlay candidate
1789,STATE_1789,,,new_bsr_state,1.000,1,no TSR overlay candidate
1790,STATE_1790,,,new_bsr_state,1.000,1,no TSR overlay candidate
1791,STATE_1791,,,new_bsr_state,1.000,1,no TSR overlay candidate
1792,STATE_1792,,,new_bsr_state,1.000,3,no TSR overlay candidate
1793,STATE_1793,,,new_bsr_state,1.000,2,no TSR overlay candidate
1794,STATE_1794,325,STATE_325,merge,0.500,2,split+merge; province_overlap=1; tsr_overlap_rank=3/4; bsr_source_count=2
1795,STATE_1795,,,new_bsr_state,1.000,1,no TSR overlay candidate
1796,STATE_1796,510,STATE_510,split,1.000,1,split; province_overlap=3; tsr_overlap_rank=1/4; bsr_source_count=1
1797,STATE_1797,510,STATE_510,split,1.000,1,split; province_overlap=1; tsr_overlap_rank=4/4; bsr_source_count=1
1798,STATE_1798,26,Auveregne,merge,0.333,3,split+merge; province_overlap=1; tsr_overlap_rank=2/2; bsr_source_count=3
1799,STATE_1799,27,Bourgogne,merge,0.667,2,split+merge; province_overlap=2; tsr_overlap_rank=2/8; bsr_source_count=2
1800,STATE_1800,20,Rhone,split,1.000,1,split; province_overlap=2; tsr_overlap_rank=3/7; bsr_source_count=1
1801,STATE_1801,21,Bouches-du-Rhône (Formerly Provence before Var split off),merge,0.500,2,split+merge; province_overlap=1; tsr_overlap_rank=3/3; bsr_source_count=2
1802,STATE_1802,158,STATE_158,split,1.000,1,split; province_overlap=2; tsr_overlap_rank=5/6; bsr_source_count=1
1803,STATE_1803,72,STATE_72,split,1.000,1,split; province_overlap=1; tsr_overlap_rank=2/2; bsr_source_count=1
1804,STATE_1804,62,STATE_62,split,0.500,1,split; province_overlap=1; tsr_overlap_rank=4/4; bsr_source_count=1
1805,STATE_1805,59,STATE_59,split,1.000,1,split; province_overlap=4; tsr_overlap_rank=2/4; bsr_source_count=1
1806,STATE_1806,956,STATE_956,merge,0.833,2,split+merge; province_overlap=5; tsr_overlap_rank=1/3; bsr_source_count=2
1807,STATE_1807,977,Antwerpen,split,1.000,1,split; province_overlap=1; tsr_overlap_rank=2/3; bsr_source_count=1
1808,STATE_1808,977,Antwerpen,split,1.000,1,split; province_overlap=2; tsr_overlap_rank=1/3; bsr_source_count=1
1809,Pampas,278,Pampas,split,1.000,1,split; province_overlap=15; tsr_overlap_rank=1/3; bsr_source_count=1
1810,STATE_1810,,,new_bsr_state,1.000,0,no TSR overlay candidate
1811,STATE_1811,5,STATE_5,split,0.667,1,split; province_overlap=2; tsr_overlap_rank=3/4; bsr_source_count=1
1812,STATE_1812,,,new_bsr_state,1.000,1,no TSR overlay candidate
1813,STATE_1813,773,Cameroon,split,1.000,1,split; province_overlap=1; tsr_overlap_rank=3/3; bsr_source_count=1
1814,Mali (previously French West Africa),899,STATE_899,province_overlap,1.000,1,province_overlap=6
1815,Mali (previously French West Africa),898,STATE_898,province_overlap,1.000,1,province_overlap=5
1816,Guinea,780,Guinea,split,1.000,1,split; province_overlap=3; tsr_overlap_rank=2/2; bsr_source_count=1
1817,STATE_1817,422,STATE_422,split,1.000,1,split; province_overlap=3; tsr_overlap_rank=2/2; bsr_source_count=1
1818,STATE_1818,1005,STATE_1005,merge,0.600,3,split+merge; province_overlap=3; tsr_overlap_rank=1/3; bsr_source_count=3
1819,STATE_1819,,,new_bsr_state,1.000,0,no TSR overlay candidate
1820,STATE_1820,,,new_bsr_state,1.000,0,no TSR overlay candidate
1821,STATE_1821,1005,STATE_1005,merge,0.500,2,split+merge; province_overlap=1; tsr_overlap_rank=2/3; bsr_source_count=2
1822,STATE_1822,1006,STATE_1006,merge,0.500,2,split+merge; province_overlap=1; tsr_overlap_rank=1/2; bsr_source_count=2
1823,STATE_1823,60,STATE_60,split,1.000,1,split; province_overlap=3; tsr_overlap_rank=2/2; bsr_source_count=1
1824,STATE_1824,,,new_bsr_state,1.000,0,no TSR overlay candidate
1825,STATE_1825,659,STATE_659,split,1.000,1,split; province_overlap=1; tsr_overlap_rank=3/3; bsr_source_count=1
1826,STATE_1826,678,STATE_678,split,1.000,1,split; province_overlap=1; tsr_overlap_rank=1/3; bsr_source_count=1
1827,STATE_1827,,,new_bsr_state,1.000,0,no TSR overlay candidate
1828,STATE_1828,404,Kyzyl Orda,split,1.000,1,split; province_overlap=3; tsr_overlap_rank=3/4; bsr_source_count=1
1829,Magallanes,507,Magallanes,split,1.000,1,split; province_overlap=3; tsr_overlap_rank=1/2; bsr_source_count=1
1830,STATE_1830,,,new_bsr_state,1.000,0,no TSR overlay candidate
1831,STATE_1831,,,new_bsr_state,1.000,0,no TSR overlay candidate
1832,STATE_1832,,,new_bsr_state,1.000,0,no TSR overlay candidate
1833,STATE_1833,,,new_bsr_state,1.000,0,no TSR overlay candidate
1834,STATE_1834,489,Zulia,split,1.000,1,split; province_overlap=2; tsr_overlap_rank=2/2; bsr_source_count=1
1835,STATE_1835,307,Miranda,split,1.000,1,split; province_overlap=2; tsr_overlap_rank=2/2; bsr_source_count=1
1836,STATE_1836,488,STATE_488,split,1.000,1,split; province_overlap=1; tsr_overlap_rank=3/3; bsr_source_count=1
1837,STATE_1837,488,STATE_488,split,1.000,1,split; province_overlap=1; tsr_overlap_rank=2/3; bsr_source_count=1
1838,STATE_1838,278,Pampas,split,1.000,1,split; province_overlap=3; tsr_overlap_rank=2/3; bsr_source_count=1
1839,STATE_1839,29,STATE_29,split,1.000,1,split; province_overlap=2; tsr_overlap_rank=2/5; bsr_source_count=1
1840,STATE_1840,877,Verkhoyansk,merge,0.833,1,split+merge; province_overlap=5; tsr_overlap_rank=1/2; bsr_source_count=2
1841,STATE_1841,,,new_bsr_state,1.000,0,no TSR overlay candidate
1842,STATE_1842,21,Bouches-du-Rhône (Formerly Provence before Var split off),split,1.000,1,split; province_overlap=2; tsr_overlap_rank=1/3; bsr_source_count=1
1843,STATE_1843,479,STATE_479,split,1.000,1,split; province_overlap=5; tsr_overlap_rank=1/2; bsr_source_count=1
1844,STATE_1844,476,STATE_476,split,1.000,1,split; province_overlap=3; tsr_overlap_rank=1/2; bsr_source_count=1
1845,STATE_1845,277,STATE_277,split,1.000,1,split; province_overlap=2; tsr_overlap_rank=2/2; bsr_source_count=1
1846,STATE_1846,485,STATE_485,split,1.000,1,split; province_overlap=1; tsr_overlap_rank=2/2; bsr_source_count=1
1847,STATE_1847,855,STATE_855,merge,0.286,4,split+merge; province_overlap=2; tsr_overlap_rank=3/3; bsr_source_count=2
1848,STATE_1848,481,Durango,split,1.000,1,split; province_overlap=3; tsr_overlap_rank=2/3; bsr_source_count=1
1849,STATE_1849,475,STATE_475,split,1.000,1,split; province_overlap=1; tsr_overlap_rank=2/2; bsr_source_count=1
1850,STATE_1850,,,new_bsr_state,1.000,0,no TSR overlay candidate
1851,STATE_1851,313,STATE_313,split,1.000,1,split; province_overlap=1; tsr_overlap_rank=1/4; bsr_source_count=1
1852,STATE_1852,,,new_bsr_state,1.000,0,no TSR overlay candidate
1853,STATE_1853,687,STATE_687,split,1.000,1,split; province_overlap=1; tsr_overlap_rank=1/3; bsr_source_count=1
1854,STATE_1854,,,new_bsr_state,1.000,0,no TSR overlay candidate
1855,STATE_1855,,,new_bsr_state,1.000,0,no TSR overlay candidate
1856,STATE_1856,,,new_bsr_state,1.000,0,no TSR overlay candidate
1857,STATE_1857,,,new_bsr_state,1.000,0,no TSR overlay candidate
1858,STATE_1858,,,new_bsr_state,1.000,0,no TSR overlay candidate
1859,STATE_1859,388,STATE_388,split,1.000,1,split; province_overlap=4; tsr_overlap_rank=2/3; bsr_source_count=1
1860,STATE_1860,390,STATE_390,split,1.000,1,split; province_overlap=6; tsr_overlap_rank=1/2; bsr_source_count=1
1861,STATE_1861,384,STATE_384,split,1.000,1,split; province_overlap=5; tsr_overlap_rank=2/2; bsr_source_count=1
1862,STATE_1862,381,STATE_381,split,1.000,1,split; province_overlap=5; tsr_overlap_rank=1/6; bsr_source_count=1
1863,STATE_1863,389,STATE_389,split,1.000,1,split; province_overlap=3; tsr_overlap_rank=3/3; bsr_source_count=1
1864,STATE_1864,,,new_bsr_state,1.000,0,no TSR overlay candidate
1865,STATE_1865,152,STATE_152,split,1.000,1,split; province_overlap=2; tsr_overlap_rank=2/4; bsr_source_count=1
1866,STATE_1866,54,STATE_54,split,1.000,1,split; province_overlap=4; tsr_overlap_rank=2/3; bsr_source_count=1
1867,STATE_1867,313,STATE_313,split,1.000,1,split; province_overlap=1; tsr_overlap_rank=4/4; bsr_source_count=1
1868,STATE_1868,807,STATE_807,split,1.000,1,split; province_overlap=1; tsr_overlap_rank=2/8; bsr_source_count=1
1869,STATE_1869,,,new_bsr_state,1.000,1,no TSR overlay candidate
1870,STATE_1870,,,new_bsr_state,1.000,0,no TSR overlay candidate
1871,STATE_1871,317,STATE_317,split,1.000,1,split; province_overlap=3; tsr_overlap_rank=1/2; bsr_source_count=1
1872,STATE_1872,160,STATE_160,merge,0.500,2,split+merge; province_overlap=2; tsr_overlap_rank=3/3; bsr_source_count=2
1873,STATE_1873,376,STATE_376,split,1.000,1,split; province_overlap=1; tsr_overlap_rank=7/7; bsr_source_count=1
1874,STATE_1874,377,STATE_377,split,0.667,1,split; province_overlap=2; tsr_overlap_rank=3/4; bsr_source_count=1
1875,STATE_1875,380,STATE_380,split,1.000,1,split; province_overlap=1; tsr_overlap_rank=2/2; bsr_source_count=1
1876,STATE_1876,28,Alsace-Lorraine,split,1.000,1,split; province_overlap=1; tsr_overlap_rank=2/7; bsr_source_count=1
1877,STATE_1877,785,STATE_785,split,1.000,1,split; province_overlap=3; tsr_overlap_rank=1/3; bsr_source_count=1
1878,STATE_1878,56,STATE_56,merge,0.500,2,split+merge; province_overlap=1; tsr_overlap_rank=3/3; bsr_source_count=2
1879,STATE_1879,988,STATE_988,split,1.000,1,split; province_overlap=2; tsr_overlap_rank=1/3; bsr_source_count=1
1880,STATE_1880,1012,STATE_1012,split,1.000,1,split; province_overlap=2; tsr_overlap_rank=1/2; bsr_source_count=1
1881,STATE_1881,444,STATE_444,split,1.000,1,split; province_overlap=1; tsr_overlap_rank=2/2; bsr_source_count=1
1882,STATE_1882,,,new_bsr_state,1.000,0,no TSR overlay candidate
1883,STATE_1883,,,new_bsr_state,1.000,0,no TSR overlay candidate
1884,STATE_1884,325,STATE_325,split,1.000,1,split; province_overlap=12; tsr_overlap_rank=1/4; bsr_source_count=1
1885,STATE_1885,303,Lima,split,1.000,1,split; province_overlap=1; tsr_overlap_rank=2/2; bsr_source_count=1
1886,STATE_1886,313,STATE_313,split,1.000,1,split; province_overlap=1; tsr_overlap_rank=2/4; bsr_source_count=1
1887,STATE_1887,312,STATE_312,split,1.000,1,split; province_overlap=1; tsr_overlap_rank=2/2; bsr_source_count=1
1888,STATE_1888,314,STATE_314,split,1.000,1,split; province_overlap=1; tsr_overlap_rank=1/2; bsr_source_count=1
1889,STATE_1889,391,STATE_391,split,1.000,1,split; province_overlap=1; tsr_overlap_rank=4/4; bsr_source_count=1
1890,STATE_1890,,,new_bsr_state,1.000,1,no TSR overlay candidate
1891,STATE_1891,497,STATE_497,same_name,1.000,1,province_overlap=5
1892,STATE_1892,937,STATE_937,same_name,1.000,1,province_overlap=4
1893,STATE_1893,935,STATE_935,merge,1.000,2,merge; province_overlap=4; bsr_source_count=2
1894,STATE_1894,936,STATE_936,split,1.000,1,split; province_overlap=6; tsr_overlap_rank=1/4; bsr_source_count=1
1895,STATE_1895,936,STATE_936,split,1.000,1,split; province_overlap=4; tsr_overlap_rank=2/4; bsr_source_count=1
1896,STATE_1896,936,STATE_936,split,1.000,1,split; province_overlap=3; tsr_overlap_rank=3/4; bsr_source_count=1
1897,STATE_1897,499,STATE_499,split,1.000,1,split; province_overlap=1; tsr_overlap_rank=2/2; bsr_source_count=1
1898,STATE_1898,941,STATE_941,same_name,1.000,1,province_overlap=2
1899,Minas Gerais,943,STATE_943,province_overlap,1.000,1,province_overlap=3
1900,STATE_1900,502,STATE_502,split,1.000,1,split; province_overlap=2; tsr_overlap_rank=3/3; bsr_source_count=1
1901,STATE_1901,938,STATE_938,merge,0.500,1,split+merge; province_overlap=1; tsr_overlap_rank=2/3; bsr_source_count=2
1902,STATE_1902,966,STATE_966,merge,1.000,3,merge; province_overlap=1; bsr_source_count=4
1903,STATE_1903,909,STATE_909,split,1.000,1,split; province_overlap=2; tsr_overlap_rank=1/2; bsr_source_count=1
1904,STATE_1904,,,new_bsr_state,1.000,0,no TSR overlay candidate
1905,STATE_1905,66,STATE_66,split,1.000,1,split; province_overlap=1; tsr_overlap_rank=7/7; bsr_source_count=1
1906,STATE_1906,512,STATE_512,split,1.000,1,split; province_overlap=3; tsr_overlap_rank=2/3; bsr_source_count=1
1907,STATE_1907,512,STATE_512,merge,0.571,2,split+merge; province_overlap=4; tsr_overlap_rank=1/3; bsr_source_count=2
1908,STATE_1908,,,new_bsr_state,1.000,1,no TSR overlay candidate
1909,STATE_1909,301,STATE_301,split,1.000,1,split; province_overlap=1; tsr_overlap_rank=2/2; bsr_source_count=1
1910,STATE_1910,1072,STATE_1072,split,1.000,1,split; province_overlap=3; tsr_overlap_rank=1/2; bsr_source_count=1
1911,STATE_1911,672,STATE_672,merge,0.667,2,split+merge; province_overlap=4; tsr_overlap_rank=3/3; bsr_source_count=2
1912,STATE_1912,1071,STATE_1071,merge,0.667,2,split+merge; province_overlap=4; tsr_overlap_rank=2/4; bsr_source_count=2
1913,STATE_1913,1071,STATE_1071,merge,0.769,3,split+merge; province_overlap=10; tsr_overlap_rank=1/4; bsr_source_count=3
1914,STATE_1914,672,STATE_672,split,1.000,1,split; province_overlap=6; tsr_overlap_rank=2/3; bsr_source_count=1
1915,STATE_1915,1069,STATE_1069,merge,1.000,3,merge; province_overlap=3; bsr_source_count=3
1916,STATE_1916,335,Java,split,1.000,1,split; province_overlap=2; tsr_overlap_rank=2/3; bsr_source_count=1
1917,STATE_1917,1080,Batavia/Jakarta,split,1.000,1,split; province_overlap=1; tsr_overlap_rank=2/2; bsr_source_count=1
1918,STATE_1918,1073,STATE_1073,merge,0.833,2,split+merge; province_overlap=5; tsr_overlap_rank=2/2; bsr_source_count=2
1919,STATE_1919,1073,STATE_1073,split,1.000,1,split; province_overlap=8; tsr_overlap_rank=1/2; bsr_source_count=1
1920,STATE_1920,64,STATE_64,split,1.000,1,split; province_overlap=2; tsr_overlap_rank=4/6; bsr_source_count=1
1921,STATE_1921,612,STATE_612,split,1.000,1,split; province_overlap=1; tsr_overlap_rank=2/2; bsr_source_count=1
1922,STATE_1922,,,new_bsr_state,1.000,0,no TSR overlay candidate
1923,STATE_1923,887,STATE_887,merge,0.667,2,split+merge; province_overlap=2; tsr_overlap_rank=1/2; bsr_source_count=2
1924,STATE_1924,778,Upper Volta,split,1.000,1,split; province_overlap=1; tsr_overlap_rank=3/3; bsr_source_count=1
1925,STATE_1925,778,Upper Volta,split,1.000,1,split; province_overlap=2; tsr_overlap_rank=2/3; bsr_source_count=1
1926,STATE_1926,65,STATE_65,split,1.000,1,split; province_overlap=1; tsr_overlap_rank=4/6; bsr_source_count=1
1927,STATE_1927,,,new_bsr_state,1.000,0,no TSR overlay candidate
1928,STATE_1928,334,STATE_334,merge,0.600,3,split+merge; province_overlap=6; tsr_overlap_rank=1/2; bsr_source_count=2
1929,STATE_1929,1077,STATE_1077,merge,0.600,3,split+merge; province_overlap=9; tsr_overlap_rank=2/2; bsr_source_count=3
1930,STATE_1930,668,STATE_668,split,1.000,1,split; province_overlap=3; tsr_overlap_rank=2/2; bsr_source_count=1
1931,STATE_1931,1078,STATE_1078,same_name,1.000,1,province_overlap=15
1932,STATE_1932,,,new_bsr_state,1.000,0,no TSR overlay candidate
1933,STATE_1933,,,new_bsr_state,1.000,0,no TSR overlay candidate
1934,STATE_1934,28,Alsace-Lorraine,split,1.000,1,split; province_overlap=1; tsr_overlap_rank=6/7; bsr_source_count=1
1935,STATE_1935,458,STATE_458,split,1.000,1,split; province_overlap=3; tsr_overlap_rank=2/2; bsr_source_count=1
1936,STATE_1936,665,STATE_665,split,1.000,1,split; province_overlap=2; tsr_overlap_rank=3/3; bsr_source_count=1
1937,STATE_1937,665,STATE_665,split,1.000,1,split; province_overlap=2; tsr_overlap_rank=2/3; bsr_source_count=1
1938,STATE_1938,671,STATE_671,split,0.800,2,split; province_overlap=4; tsr_overlap_rank=3/3; bsr_source_count=1
1939,STATE_1939,78,STATE_78,split,1.000,1,split; province_overlap=2; tsr_overlap_rank=2/3; bsr_source_count=1
1940,STATE_1940,766,STATE_766,split,1.000,1,split; province_overlap=2; tsr_overlap_rank=1/2; bsr_source_count=1
1941,STATE_1941,,,new_bsr_state,1.000,1,no TSR overlay candidate
1942,STATE_1942,807,STATE_807,split,0.500,1,split; province_overlap=1; tsr_overlap_rank=3/8; bsr_source_count=1
1943,STATE_1943,100,STATE_100,split,0.500,1,split; province_overlap=2; tsr_overlap_rank=1/2; bsr_source_count=1
1944,STATE_1944,771,Zambia,split,1.000,1,split; province_overlap=1; tsr_overlap_rank=4/4; bsr_source_count=1
1945,STATE_1945,,,new_bsr_state,1.000,0,no TSR overlay candidate
1946,Mysore,425,Mysore,split,0.875,1,split; province_overlap=7; tsr_overlap_rank=1/3; bsr_source_count=1
1947,Madras,,,new_bsr_state,1.000,1,no TSR overlay candidate
1948,Mysore,,,new_bsr_state,1.000,1,no TSR overlay candidate
1949,Mysore,425,Mysore,split,0.500,2,split; province_overlap=2; tsr_overlap_rank=3/3; bsr_source_count=1
1950,STATE_1950,669,STATE_669,split,1.000,1,split; province_overlap=15; tsr_overlap_rank=1/3; bsr_source_count=1
1951,STATE_1951,669,STATE_669,split,1.000,1,split; province_overlap=2; tsr_overlap_rank=2/3; bsr_source_count=1
1952,STATE_1952,,,new_bsr_state,1.000,0,no TSR overlay candidate
1953,STATE_1953,,,new_bsr_state,1.000,0,no TSR overlay candidate
1954,STATE_1954,50,Württemberg,split,0.500,1,split; province_overlap=1; tsr_overlap_rank=4/6; bsr_source_count=1
1955,STATE_1955,,,new_bsr_state,1.000,0,no TSR overlay candidate
1956,STATE_1956,,,new_bsr_state,1.000,0,no TSR overlay candidate
1957,STATE_1957,,,new_bsr_state,1.000,0,no TSR overlay candidate
1958,STATE_1958,,,new_bsr_state,1.000,0,no TSR overlay candidate
1959,STATE_1959,891,STATE_891,split,1.000,1,split; province_overlap=2; tsr_overlap_rank=1/3; bsr_source_count=1
1960,STATE_1960,,,new_bsr_state,1.000,0,no TSR overlay candidate
1961,STATE_1961,770,STATE_770,split,1.000,1,split; province_overlap=1; tsr_overlap_rank=2/2; bsr_source_count=1
1962,STATE_1962,494,STATE_494,split,1.000,1,split; province_overlap=4; tsr_overlap_rank=1/2; bsr_source_count=1
1963,STATE_1963,,,new_bsr_state,1.000,0,no TSR overlay candidate
1964,STATE_1964,54,STATE_54,split,1.000,1,split; province_overlap=1; tsr_overlap_rank=3/3; bsr_source_count=1
1965,STATE_1965,978,Baden,split,1.000,1,split; province_overlap=2; tsr_overlap_rank=2/4; bsr_source_count=1
1966,STATE_1966,,,new_bsr_state,1.000,0,no TSR overlay candidate
1967,STATE_1967,,,new_bsr_state,1.000,0,no TSR overlay candidate
1968,STATE_1968,827,STATE_827,same_name,1.000,2,province_overlap=1
1969,STATE_1969,97,STATE_97,split,1.000,1,split; province_overlap=1; tsr_overlap_rank=5/6; bsr_source_count=1
1970,STATE_1970,163,STATE_163,same_name,1.000,1,province_overlap=1
1971,STATE_1971,,,new_bsr_state,1.000,0,no TSR overlay candidate
1972,STATE_1972,97,STATE_97,split,0.500,1,split; province_overlap=1; tsr_overlap_rank=4/6; bsr_source_count=1
1973,STATE_1973,86,STATE_86,split,1.000,1,split; province_overlap=1; tsr_overlap_rank=3/6; bsr_source_count=1
1974,STATE_1974,36,STATE_36,split,1.000,1,split; province_overlap=2; tsr_overlap_rank=3/5; bsr_source_count=1
1975,STATE_1975,36,STATE_36,split,1.000,1,split; province_overlap=1; tsr_overlap_rank=5/5; bsr_source_count=1
1976,STATE_1976,35,STATE_35,split,1.000,1,split; province_overlap=1; tsr_overlap_rank=5/5; bsr_source_count=1
1977,STATE_1977,715,STATE_715,split,1.000,1,split; province_overlap=1; tsr_overlap_rank=6/6; bsr_source_count=1
1978,STATE_1978,610,Jehol,merge,0.524,4,split+merge; province_overlap=11; tsr_overlap_rank=1/3; bsr_source_count=2
1979,STATE_1979,843,STATE_843,merge,0.500,2,split+merge; province_overlap=1; tsr_overlap_rank=1/2; bsr_source_count=3
1980,STATE_1980,,,new_bsr_state,1.000,1,no TSR overlay candidate
1981,STATE_1981,,,new_bsr_state,1.000,0,no TSR overlay candidate
1982,STATE_1982,,,new_bsr_state,1.000,0,no TSR overlay candidate
1983,STATE_1983,,,new_bsr_state,1.000,0,no TSR overlay candidate
1984,STATE_1984,,,new_bsr_state,1.000,1,no TSR overlay candidate
1985,STATE_1985,974,South Transdanubia,split,1.000,1,split; province_overlap=3; tsr_overlap_rank=2/2; bsr_source_count=1
1986,STATE_1986,973,STATE_973,split,1.000,1,split; province_overlap=1; tsr_overlap_rank=2/2; bsr_source_count=1
1987,STATE_1987,45,STATE_45,split,1.000,1,split; province_overlap=2; tsr_overlap_rank=2/3; bsr_source_count=1
1988,STATE_1988,764,STATE_764,split,1.000,1,split; province_overlap=1; tsr_overlap_rank=2/2; bsr_source_count=1
1989,STATE_1989,980,STATE_980,split,1.000,1,split; province_overlap=1; tsr_overlap_rank=3/3; bsr_source_count=1
1990,STATE_1990,980,STATE_980,split,1.000,1,split; province_overlap=1; tsr_overlap_rank=2/3; bsr_source_count=1
1991,STATE_1991,,,new_bsr_state,1.000,0,no TSR overlay candidate
1992,STATE_1992,814,STATE_814,split,1.000,1,split; province_overlap=1; tsr_overlap_rank=2/2; bsr_source_count=1
1993,STATE_1993,207,STATE_207,split,1.000,1,split; province_overlap=2; tsr_overlap_rank=2/6; bsr_source_count=1
1994,STATE_1994,207,STATE_207,split,1.000,1,split; province_overlap=1; tsr_overlap_rank=6/6; bsr_source_count=1
1995,STATE_1995,194,Mozyr,split,1.000,1,split; province_overlap=3; tsr_overlap_rank=2/3; bsr_source_count=1
1996,STATE_1996,201,STATE_201,split,1.000,1,split; province_overlap=2; tsr_overlap_rank=2/2; bsr_source_count=1
1997,STATE_1997,784,STATE_784,split,1.000,1,split; province_overlap=1; tsr_overlap_rank=2/3; bsr_source_count=1
1998,STATE_1998,359,STATE_359,split,1.000,1,split; province_overlap=2; tsr_overlap_rank=3/3; bsr_source_count=1
1999,STATE_1999,359,STATE_359,split,1.000,1,split; province_overlap=3; tsr_overlap_rank=2/3; bsr_source_count=1
2000,STATE_2000,,,new_bsr_state,1.000,1,no TSR overlay candidate
2001,STATE_2001,,,new_bsr_state,1.000,0,no TSR overlay candidate
2002,STATE_2002,341,STATE_341,split,1.000,1,split; province_overlap=1; tsr_overlap_rank=2/2; bsr_source_count=1
2003,STATE_2003,104,STATE_104,merge,0.500,2,split+merge; province_overlap=1; tsr_overlap_rank=6/8; bsr_source_count=2
2004,STATE_2004,104,STATE_104,split,1.000,1,split; province_overlap=1; tsr_overlap_rank=5/8; bsr_source_count=1
2005,STATE_2005,,,new_bsr_state,1.000,1,no TSR overlay candidate
2006,STATE_2006,,,new_bsr_state,1.000,2,no TSR overlay candidate
2007,STATE_2007,231,STATE_231,split,1.000,1,split; province_overlap=1; tsr_overlap_rank=6/7; bsr_source_count=1
2008,STATE_2008,,,new_bsr_state,1.000,0,no TSR overlay candidate
2009,STATE_2009,232,Dagestan,split,0.667,2,split; province_overlap=2; tsr_overlap_rank=2/5; bsr_source_count=1
2010,STATE_2010,232,Dagestan,split,1.000,1,split; province_overlap=1; tsr_overlap_rank=5/5; bsr_source_count=1
2011,STATE_2011,104,STATE_104,split,1.000,1,split; province_overlap=1; tsr_overlap_rank=8/8; bsr_source_count=1
2012,STATE_2012,109,Croatia,split,1.000,1,split; province_overlap=1; tsr_overlap_rank=3/4; bsr_source_count=1
2013,STATE_2013,601,STATE_601,split,1.000,1,split; province_overlap=2; tsr_overlap_rank=3/3; bsr_source_count=1
2014,STATE_2014,63,STATE_63,split,1.000,1,split; province_overlap=1; tsr_overlap_rank=8/9; bsr_source_count=1
2015,STATE_2015,,,new_bsr_state,1.000,0,no TSR overlay candidate
2016,STATE_2016,159,STATE_159,split,1.000,1,split; province_overlap=1; tsr_overlap_rank=3/4; bsr_source_count=1
2017,STATE_2017,157,STATE_157,split,1.000,1,split; province_overlap=3; tsr_overlap_rank=1/5; bsr_source_count=1
2018,STATE_2018,27,Bourgogne,merge,0.667,2,split+merge; province_overlap=2; tsr_overlap_rank=4/8; bsr_source_count=2
2019,STATE_2019,189,STATE_189,split,1.000,1,split; province_overlap=1; tsr_overlap_rank=3/3; bsr_source_count=1
2020,STATE_2020,,,new_bsr_state,1.000,0,no TSR overlay candidate
2021,STATE_2021,,,new_bsr_state,1.000,0,no TSR overlay candidate
2022,STATE_2022,,,new_bsr_state,1.000,4,no TSR overlay candidate
2023,STATE_2023,610,Jehol,split,0.700,4,split; province_overlap=7; tsr_overlap_rank=3/3; bsr_source_count=1
2024,STATE_2024,126,STATE_126,split,1.000,1,split; province_overlap=1; tsr_overlap_rank=2/2; bsr_source_count=1
2025,STATE_2025,931,STATE_931,split,1.000,1,split; province_overlap=2; tsr_overlap_rank=1/2; bsr_source_count=1
2026,STATE_2026,931,STATE_931,split,1.000,1,split; province_overlap=2; tsr_overlap_rank=2/2; bsr_source_count=1
2027,STATE_2027,1033,STATE_1033,split,1.000,1,split; province_overlap=2; tsr_overlap_rank=2/3; bsr_source_count=1
2028,STATE_2028,,,new_bsr_state,1.000,0,no TSR overlay candidate
2029,STATE_2029,86,STATE_86,split,0.500,1,split; province_overlap=1; tsr_overlap_rank=4/6; bsr_source_count=1
2030,STATE_2030,,,new_bsr_state,1.000,0,no TSR overlay candidate
2031,STATE_2031,86,STATE_86,split,1.000,1,split; province_overlap=1; tsr_overlap_rank=6/6; bsr_source_count=1
2032,STATE_2032,68,STATE_68,split,1.000,1,split; province_overlap=1; tsr_overlap_rank=4/6; bsr_source_count=1
2033,STATE_2033,64,STATE_64,split,1.000,1,split; province_overlap=1; tsr_overlap_rank=5/6; bsr_source_count=1
2034,STATE_2034,68,STATE_68,split,1.000,1,split; province_overlap=1; tsr_overlap_rank=6/6; bsr_source_count=1
2035,STATE_2035,68,STATE_68,split,1.000,1,split; province_overlap=1; tsr_overlap_rank=2/6; bsr_source_count=1
2036,STATE_2036,65,STATE_65,split,1.000,1,split; province_overlap=1; tsr_overlap_rank=5/6; bsr_source_count=1
2037,STATE_2037,272,STATE_272,split,1.000,1,split; province_overlap=1; tsr_overlap_rank=2/2; bsr_source_count=1
2038,STATE_2038,16,STATE_16,merge,0.333,3,split+merge; province_overlap=1; tsr_overlap_rank=2/2; bsr_source_count=3
2039,STATE_2039,1062,STATE_1062,split,1.000,1,split; province_overlap=1; tsr_overlap_rank=3/3; bsr_source_count=1
2040,STATE_2040,27,Bourgogne,split,1.000,1,split; province_overlap=1; tsr_overlap_rank=8/8; bsr_source_count=1
2041,STATE_2041,17,Lorraine,split,1.000,1,split; province_overlap=1; tsr_overlap_rank=4/6; bsr_source_count=1
2042,STATE_2042,27,Bourgogne,split,1.000,1,split; province_overlap=1; tsr_overlap_rank=5/8; bsr_source_count=1
2043,STATE_2043,27,Bourgogne,split,1.000,1,split; province_overlap=2; tsr_overlap_rank=3/8; bsr_source_count=1
2044,STATE_2044,27,Bourgogne,split,1.000,1,split; province_overlap=1; tsr_overlap_rank=7/8; bsr_source_count=1
