bsr_state_id,bsr_state_name,bsr_continent,selected_tsr_state_id,selected_tsr_state_name,selected_mapping_type,selected_confidence,alternative_mapping_count,issue_count,vp_omission_count,manual_building_distribution,manual_resource_distribution,owner_core_conflict,decision_status,decision_reason,review_categories,selection_notes
855,STATE_855,north_america,378,STATE_378,split,0.800,1,11,4,no,yes,yes,requires_manual,owner/controller/core conflict,split vp_review resource_distribution owner_core_conflict,split; province_overlap=4; tsr_overlap_rank=5/13; bsr_source_count=1
1517,STATE_1517,north_america,378,STATE_378,split,1.000,1,11,4,no,yes,yes,requires_manual,owner/controller/core conflict,split vp_review resource_distribution owner_core_conflict,split; province_overlap=1; tsr_overlap_rank=13/13; bsr_source_count=1
1690,STATE_1690,north_america,378,STATE_378,split,1.000,1,11,4,no,yes,yes,requires_manual,owner/controller/core conflict,split vp_review resource_distribution owner_core_conflict,split; province_overlap=4; tsr_overlap_rank=4/13; bsr_source_count=1
1691,STATE_1691,north_america,378,STATE_378,split,1.000,1,11,4,no,yes,yes,requires_manual,owner/controller/core conflict,split vp_review resource_distribution owner_core_conflict,split; province_overlap=4; tsr_overlap_rank=6/13; bsr_source_count=1
1692,STATE_1692,north_america,378,STATE_378,split,1.000,1,11,4,no,yes,yes,requires_manual,owner/controller/core conflict,split vp_review resource_distribution owner_core_conflict,split; province_overlap=3; tsr_overlap_rank=8/13; bsr_source_count=1
1694,STATE_1694,north_america,378,STATE_378,split,1.000,1,11,4,no,yes,yes,requires_manual,owner/controller/core conflict,split vp_review resource_distribution owner_core_conflict,split; province_overlap=4; tsr_overlap_rank=3/13; bsr_source_count=1
1695,STATE_1695,north_america,378,STATE_378,split,1.000,1,11,4,no,yes,yes,requires_manual,owner/controller/core conflict,split vp_review resource_distribution owner_core_conflict,split; province_overlap=3; tsr_overlap_rank=7/13; bsr_source_count=1
1696,STATE_1696,north_america,378,STATE_378,split,1.000,1,11,4,no,yes,yes,requires_manual,owner/controller/core conflict,split vp_review resource_distribution owner_core_conflict,split; province_overlap=2; tsr_overlap_rank=11/13; bsr_source_count=1
1918,STATE_1918,asia,1073,STATE_1073,merge,0.833,2,11,5,no,yes,yes,requires_manual,owner/controller/core conflict,merge vp_review resource_distribution owner_core_conflict,split+merge; province_overlap=5; tsr_overlap_rank=2/2; bsr_source_count=2
378,STATE_378,north_america,378,STATE_378,split,1.000,1,10,4,no,yes,yes,requires_manual,owner/controller/core conflict,split vp_review resource_distribution owner_core_conflict,split; province_overlap=5; tsr_overlap_rank=2/13; bsr_source_count=1
887,STATE_887,europe,69,STATE_69,split,1.000,1,10,2,no,yes,yes,requires_manual,owner/controller/core conflict,split vp_review resource_distribution owner_core_conflict,split; province_overlap=3; tsr_overlap_rank=2/2; bsr_source_count=1
1430,STATE_1430,europe,29,STATE_29,split,1.000,1,10,2,no,yes,yes,requires_manual,owner/controller/core conflict,split vp_review resource_distribution owner_core_conflict,split; province_overlap=1; tsr_overlap_rank=4/5; bsr_source_count=1
1482,STATE_1482,europe,29,STATE_29,split,1.000,1,10,2,no,yes,yes,requires_manual,owner/controller/core conflict,split vp_review resource_distribution owner_core_conflict,split; province_overlap=1; tsr_overlap_rank=3/5; bsr_source_count=1
1839,STATE_1839,europe,29,STATE_29,split,1.000,1,10,3,no,yes,yes,requires_manual,owner/controller/core conflict,split vp_review resource_distribution owner_core_conflict,split; province_overlap=2; tsr_overlap_rank=2/5; bsr_source_count=1
1919,STATE_1919,asia,1073,STATE_1073,split,1.000,1,10,5,no,yes,yes,requires_manual,owner/controller/core conflict,split vp_review resource_distribution owner_core_conflict,split; province_overlap=8; tsr_overlap_rank=1/2; bsr_source_count=1
854,STATE_854,north_america,378,STATE_378,split,1.000,1,9,3,no,yes,yes,requires_manual,owner/controller/core conflict,split vp_review resource_distribution owner_core_conflict,split; province_overlap=21; tsr_overlap_rank=1/13; bsr_source_count=1
1045,STATE_1045,europe,44,STATE_44,merge,0.667,1,9,3,no,yes,yes,requires_manual,owner/controller/core conflict,merge vp_review resource_distribution owner_core_conflict,split+merge; province_overlap=2; tsr_overlap_rank=2/3; bsr_source_count=2
1089,STATE_1089,europe,29,STATE_29,split,1.000,1,9,2,no,yes,yes,requires_manual,owner/controller/core conflict,split vp_review resource_distribution owner_core_conflict,split; province_overlap=1; tsr_overlap_rank=5/5; bsr_source_count=1
1510,STATE_1510,europe,44,STATE_44,split,1.000,1,9,4,no,yes,yes,requires_manual,owner/controller/core conflict,split vp_review resource_distribution owner_core_conflict,split; province_overlap=1; tsr_overlap_rank=3/3; bsr_source_count=1
1518,STATE_1518,north_america,378,STATE_378,split,1.000,1,9,3,no,yes,yes,requires_manual,owner/controller/core conflict,split vp_review resource_distribution owner_core_conflict,split; province_overlap=1; tsr_overlap_rank=12/13; bsr_source_count=1
1601,STATE_1601,europe,47,Thessaly,merge,0.500,2,9,4,no,yes,yes,requires_manual,owner/controller/core conflict,merge vp_review resource_distribution owner_core_conflict,split+merge; province_overlap=1; tsr_overlap_rank=4/6; bsr_source_count=2
1689,STATE_1689,north_america,378,STATE_378,split,1.000,1,9,3,no,yes,yes,requires_manual,owner/controller/core conflict,split vp_review resource_distribution owner_core_conflict,split; province_overlap=2; tsr_overlap_rank=10/13; bsr_source_count=1
1693,STATE_1693,north_america,378,STATE_378,split,1.000,1,9,3,no,yes,yes,requires_manual,owner/controller/core conflict,split vp_review resource_distribution owner_core_conflict,split; province_overlap=3; tsr_overlap_rank=9/13; bsr_source_count=1
791,STATE_791,europe,55,STATE_55,merge,0.500,2,8,4,no,yes,yes,requires_manual,owner/controller/core conflict,merge vp_review resource_distribution owner_core_conflict,split+merge; province_overlap=1; tsr_overlap_rank=6/6; bsr_source_count=2
835,STATE_835,north_america,357,STATE_357,split,1.000,1,8,3,no,yes,yes,requires_manual,owner/controller/core conflict,split vp_review resource_distribution owner_core_conflict,split; province_overlap=5; tsr_overlap_rank=3/8; bsr_source_count=1
837,STATE_837,north_america,357,STATE_357,split,1.000,1,8,3,no,yes,yes,requires_manual,owner/controller/core conflict,split vp_review resource_distribution owner_core_conflict,split; province_overlap=4; tsr_overlap_rank=4/8; bsr_source_count=1
838,STATE_838,north_america,357,STATE_357,split,1.000,2,8,3,no,yes,yes,requires_manual,owner/controller/core conflict,split vp_review resource_distribution owner_core_conflict,split; province_overlap=3; tsr_overlap_rank=6/8; bsr_source_count=1
840,STATE_840,north_america,357,STATE_357,split,1.000,2,8,3,no,yes,yes,requires_manual,owner/controller/core conflict,split vp_review resource_distribution owner_core_conflict,split; province_overlap=1; tsr_overlap_rank=8/8; bsr_source_count=1
850,STATE_850,north_america,375,STATE_375,split,0.500,1,8,3,no,yes,yes,requires_manual,owner/controller/core conflict,split vp_review resource_distribution owner_core_conflict,split; province_overlap=4; tsr_overlap_rank=4/8; bsr_source_count=1
851,STATE_851,north_america,375,STATE_375,split,1.000,1,8,3,no,yes,yes,requires_manual,owner/controller/core conflict,split vp_review resource_distribution owner_core_conflict,split; province_overlap=4; tsr_overlap_rank=5/8; bsr_source_count=1
1183,STATE_1183,europe,28,Alsace-Lorraine,split,0.500,1,8,3,no,yes,yes,requires_manual,owner/controller/core conflict,split vp_review resource_distribution owner_core_conflict,split; province_overlap=1; tsr_overlap_rank=3/7; bsr_source_count=1
1436,STATE_1436,europe,28,Alsace-Lorraine,split,0.400,1,8,3,no,yes,yes,requires_manual,owner/controller/core conflict,split vp_review resource_distribution owner_core_conflict,split; province_overlap=2; tsr_overlap_rank=1/7; bsr_source_count=1
1616,STATE_1616,north_america,375,STATE_375,split,0.750,1,8,3,no,yes,yes,requires_manual,owner/controller/core conflict,split vp_review resource_distribution owner_core_conflict,split; province_overlap=3; tsr_overlap_rank=6/8; bsr_source_count=1
1637,STATE_1637,europe,142,STATE_142,merge,0.600,4,8,2,no,yes,yes,requires_manual,owner/controller/core conflict,merge vp_review resource_distribution owner_core_conflict,split+merge; province_overlap=6; tsr_overlap_rank=2/3; bsr_source_count=4
1648,STATE_1648,north_america,357,STATE_357,split,0.500,1,8,3,no,yes,yes,requires_manual,owner/controller/core conflict,split vp_review resource_distribution owner_core_conflict,split; province_overlap=1; tsr_overlap_rank=7/8; bsr_source_count=1
1697,STATE_1697,north_america,375,STATE_375,split,1.000,1,8,3,no,yes,yes,requires_manual,owner/controller/core conflict,split vp_review resource_distribution owner_core_conflict,split; province_overlap=3; tsr_overlap_rank=8/8; bsr_source_count=1
1698,STATE_1698,north_america,375,STATE_375,split,1.000,1,8,3,no,yes,yes,requires_manual,owner/controller/core conflict,split vp_review resource_distribution owner_core_conflict,split; province_overlap=3; tsr_overlap_rank=7/8; bsr_source_count=1
1699,STATE_1699,north_america,375,STATE_375,split,1.000,1,8,3,no,yes,yes,requires_manual,owner/controller/core conflict,split vp_review resource_distribution owner_core_conflict,split; province_overlap=7; tsr_overlap_rank=3/8; bsr_source_count=1
1750,STATE_1750,asia,325,STATE_325,merge,0.500,2,8,4,no,yes,yes,requires_manual,owner/controller/core conflict,merge vp_review resource_distribution owner_core_conflict,split+merge; province_overlap=1; tsr_overlap_rank=4/4; bsr_source_count=2
1872,STATE_1872,europe,160,STATE_160,merge,0.500,2,8,3,no,yes,yes,requires_manual,owner/controller/core conflict,merge vp_review resource_distribution owner_core_conflict,split+merge; province_overlap=2; tsr_overlap_rank=3/3; bsr_source_count=2
1876,STATE_1876,europe,28,Alsace-Lorraine,split,1.000,1,8,3,no,yes,yes,requires_manual,owner/controller/core conflict,split vp_review resource_distribution owner_core_conflict,split; province_overlap=1; tsr_overlap_rank=2/7; bsr_source_count=1
1929,STATE_1929,asia,1077,STATE_1077,merge,0.600,3,8,3,no,yes,yes,requires_manual,owner/controller/core conflict,merge vp_review resource_distribution owner_core_conflict,split+merge; province_overlap=9; tsr_overlap_rank=2/2; bsr_source_count=3
29,STATE_29,europe,29,STATE_29,split,1.000,1,7,3,no,yes,yes,requires_manual,owner/controller/core conflict,split vp_review resource_distribution owner_core_conflict,split; province_overlap=3; tsr_overlap_rank=1/5; bsr_source_count=1
185,STATE_185,europe,185,STATE_185,merge,0.800,2,7,3,no,yes,yes,requires_manual,owner/controller/core conflict,merge vp_review resource_distribution owner_core_conflict,split+merge; province_overlap=4; tsr_overlap_rank=1/7; bsr_source_count=2
291,STATE_291,middle_east,1011,STATE_1011,merge,0.600,2,7,2,no,yes,yes,requires_manual,owner/controller/core conflict,merge vp_review resource_distribution owner_core_conflict,split+merge; province_overlap=3; tsr_overlap_rank=1/3; bsr_source_count=2
667,STATE_667,asia,667,STATE_667,merge,0.417,1,7,2,no,yes,yes,requires_manual,owner/controller/core conflict,merge vp_review resource_distribution owner_core_conflict,merge; province_overlap=5; bsr_source_count=3
836,STATE_836,north_america,357,STATE_357,split,1.000,1,7,2,no,yes,yes,requires_manual,owner/controller/core conflict,split vp_review resource_distribution owner_core_conflict,split; province_overlap=6; tsr_overlap_rank=2/8; bsr_source_count=1
903,STATE_903,asia,1031,STATE_1031,merge,0.600,3,7,4,no,yes,yes,requires_manual,owner/controller/core conflict,merge vp_review resource_distribution owner_core_conflict,split+merge; province_overlap=3; tsr_overlap_rank=2/4; bsr_source_count=2
908,STATE_908,asia,527,STATE_527,split,1.000,2,7,3,no,yes,yes,requires_manual,owner/controller/core conflict,split vp_review resource_distribution owner_core_conflict,split; province_overlap=4; tsr_overlap_rank=2/3; bsr_source_count=1
911,STATE_911,asia,1031,STATE_1031,split,1.000,1,7,4,no,yes,yes,requires_manual,owner/controller/core conflict,split vp_review resource_distribution owner_core_conflict,split; province_overlap=1; tsr_overlap_rank=4/4; bsr_source_count=1
978,STATE_978,europe,47,Thessaly,split,1.000,1,7,3,no,yes,yes,requires_manual,owner/controller/core conflict,split vp_review resource_distribution owner_core_conflict,split; province_overlap=1; tsr_overlap_rank=6/6; bsr_source_count=1
986,STATE_986,europe,160,STATE_160,split,1.000,2,7,3,no,yes,yes,requires_manual,owner/controller/core conflict,split vp_review resource_distribution owner_core_conflict,split; province_overlap=2; tsr_overlap_rank=2/3; bsr_source_count=1
1025,STATE_1025,asia,716,STATE_716,merge,0.667,2,7,2,no,yes,yes,requires_manual,owner/controller/core conflict,merge vp_review resource_distribution owner_core_conflict,split+merge; province_overlap=4; tsr_overlap_rank=3/4; bsr_source_count=2
1061,STATE_1061,europe,7,STATE_7,merge,0.500,2,7,2,no,yes,yes,requires_manual,owner/controller/core conflict,merge vp_review resource_distribution owner_core_conflict,split+merge; province_overlap=1; tsr_overlap_rank=2/2; bsr_source_count=2
1112,STATE_1112,europe,63,STATE_63,split,1.000,1,7,2,no,yes,yes,requires_manual,owner/controller/core conflict,split vp_review resource_distribution owner_core_conflict,split; province_overlap=2; tsr_overlap_rank=5/9; bsr_source_count=1
1151,STATE_1151,europe,150,KUOPIO,merge,0.812,3,7,3,no,yes,yes,requires_manual,owner/controller/core conflict,merge vp_review resource_distribution owner_core_conflict,split+merge; province_overlap=13; tsr_overlap_rank=1/5; bsr_source_count=3
1202,STATE_1202,asia,593,STATE_593,merge,0.750,2,7,2,no,yes,yes,requires_manual,owner/controller/core conflict,merge vp_review resource_distribution owner_core_conflict,split+merge; province_overlap=6; tsr_overlap_rank=2/2; bsr_source_count=2
1203,STATE_1203,europe,161,STATE_161,merge,0.500,3,7,2,no,yes,yes,requires_manual,owner/controller/core conflict,merge vp_review resource_distribution owner_core_conflict,split+merge; province_overlap=2; tsr_overlap_rank=3/4; bsr_source_count=3
1244,STATE_1244,middle_east,676,STATE_676,merge,0.400,2,7,3,no,yes,yes,requires_manual,owner/controller/core conflict,merge vp_review resource_distribution owner_core_conflict,split+merge; province_overlap=2; tsr_overlap_rank=2/5; bsr_source_count=2
1274,STATE_1274,africa,447,STATE_447,merge,0.750,2,7,2,no,yes,yes,requires_manual,owner/controller/core conflict,merge vp_review resource_distribution owner_core_conflict,split+merge; province_overlap=3; tsr_overlap_rank=2/2; bsr_source_count=2
1303,STATE_1303,europe,185,STATE_185,split,1.000,1,7,3,no,yes,yes,requires_manual,owner/controller/core conflict,split vp_review resource_distribution owner_core_conflict,split; province_overlap=1; tsr_overlap_rank=3/7; bsr_source_count=1
1333,STATE_1333,europe,63,STATE_63,split,1.000,1,7,2,no,yes,yes,requires_manual,owner/controller/core conflict,split vp_review resource_distribution owner_core_conflict,split; province_overlap=2; tsr_overlap_rank=2/9; bsr_source_count=1
1362,STATE_1362,europe,666,STATE_666,split,1.000,1,7,3,no,yes,yes,requires_manual,owner/controller/core conflict,split vp_review resource_distribution owner_core_conflict,split; province_overlap=8; tsr_overlap_rank=2/2; bsr_source_count=1
1427,STATE_1427,europe,185,STATE_185,split,1.000,1,7,3,no,yes,yes,requires_manual,owner/controller/core conflict,split vp_review resource_distribution owner_core_conflict,split; province_overlap=1; tsr_overlap_rank=5/7; bsr_source_count=1
1453,STATE_1453,europe,47,Thessaly,split,1.000,1,7,3,no,yes,yes,requires_manual,owner/controller/core conflict,split vp_review resource_distribution owner_core_conflict,split; province_overlap=3; tsr_overlap_rank=1/6; bsr_source_count=1
1508,STATE_1508,europe,63,STATE_63,split,1.000,1,7,2,no,yes,yes,requires_manual,owner/controller/core conflict,split vp_review resource_distribution owner_core_conflict,split; province_overlap=2; tsr_overlap_rank=4/9; bsr_source_count=1
1513,STATE_1513,europe,47,Thessaly,split,0.667,1,7,3,no,yes,yes,requires_manual,owner/controller/core conflict,split vp_review resource_distribution owner_core_conflict,split; province_overlap=2; tsr_overlap_rank=2/6; bsr_source_count=1
1596,STATE_1596,europe,161,STATE_161,split,1.000,1,7,3,no,yes,yes,requires_manual,owner/controller/core conflict,split vp_review resource_distribution owner_core_conflict,split; province_overlap=2; tsr_overlap_rank=2/4; bsr_source_count=1
1630,Savo / Tavastland / Tavastia,europe,148,LAPPI,merge,0.533,2,7,3,no,yes,yes,requires_manual,owner/controller/core conflict,merge vp_review resource_distribution owner_core_conflict,split+merge; province_overlap=8; tsr_overlap_rank=2/3; bsr_source_count=2
1655,STATE_1655,europe,63,STATE_63,split,1.000,1,7,2,no,yes,yes,requires_manual,owner/controller/core conflict,split vp_review resource_distribution owner_core_conflict,split; province_overlap=1; tsr_overlap_rank=6/9; bsr_source_count=1
1700,STATE_1700,europe,63,STATE_63,split,1.000,1,7,2,no,yes,yes,requires_manual,owner/controller/core conflict,split vp_review resource_distribution owner_core_conflict,split; province_overlap=1; tsr_overlap_rank=9/9; bsr_source_count=1
1701,STATE_1701,europe,63,STATE_63,split,1.000,1,7,2,no,yes,yes,requires_manual,owner/controller/core conflict,split vp_review resource_distribution owner_core_conflict,split; province_overlap=2; tsr_overlap_rank=3/9; bsr_source_count=1
1710,STATE_1710,europe,9,STATE_9,merge,0.500,2,7,3,no,yes,yes,requires_manual,owner/controller/core conflict,merge vp_review resource_distribution owner_core_conflict,split+merge; province_overlap=1; tsr_overlap_rank=2/2; bsr_source_count=2
1767,STATE_1767,europe,55,STATE_55,split,1.000,1,7,4,no,yes,yes,requires_manual,owner/controller/core conflict,split vp_review resource_distribution owner_core_conflict,split; province_overlap=1; tsr_overlap_rank=5/6; bsr_source_count=1
1794,STATE_1794,asia,325,STATE_325,merge,0.500,2,7,3,no,yes,yes,requires_manual,owner/controller/core conflict,merge vp_review resource_distribution owner_core_conflict,split+merge; province_overlap=1; tsr_overlap_rank=3/4; bsr_source_count=2
1912,STATE_1912,asia,1071,STATE_1071,merge,0.667,2,7,1,no,yes,yes,requires_manual,owner/controller/core conflict,merge vp_review resource_distribution owner_core_conflict,split+merge; province_overlap=4; tsr_overlap_rank=2/4; bsr_source_count=2
1949,Mysore,asia,425,Mysore,split,0.500,2,7,3,no,yes,yes,requires_manual,owner/controller/core conflict,split vp_review resource_distribution owner_core_conflict,split; province_overlap=2; tsr_overlap_rank=3/3; bsr_source_count=1
63,STATE_63,europe,63,STATE_63,split,1.000,1,6,2,no,yes,yes,requires_manual,owner/controller/core conflict,split vp_review resource_distribution owner_core_conflict,split; province_overlap=2; tsr_overlap_rank=1/9; bsr_source_count=1
144,STATE_144,europe,925,STATE_925,merge,0.882,2,6,1,no,yes,yes,requires_manual,owner/controller/core conflict,merge vp_review resource_distribution owner_core_conflict,split+merge; province_overlap=15; tsr_overlap_rank=1/2; bsr_source_count=2
187,STATE_187,europe,187,STATE_187,split,1.000,1,6,2,no,yes,yes,requires_manual,owner/controller/core conflict,split vp_review resource_distribution owner_core_conflict,split; province_overlap=1; tsr_overlap_rank=1/3; bsr_source_count=1
719,STATE_719,africa,719,Natal,split,0.667,2,6,2,no,yes,yes,requires_manual,owner/controller/core conflict,split vp_review resource_distribution owner_core_conflict,split; province_overlap=2; tsr_overlap_rank=2/4; bsr_source_count=1
799,STATE_799,europe,50,Württemberg,merge,0.500,2,6,2,no,yes,yes,requires_manual,owner/controller/core conflict,merge vp_review resource_distribution owner_core_conflict,split+merge; province_overlap=1; tsr_overlap_rank=6/6; bsr_source_count=2
839,STATE_839,north_america,357,STATE_357,split,0.800,3,6,2,no,yes,yes,requires_manual,owner/controller/core conflict,split vp_review resource_distribution owner_core_conflict,split; province_overlap=4; tsr_overlap_rank=5/8; bsr_source_count=1
852,STATE_852,north_america,375,STATE_375,split,1.000,1,6,2,no,yes,yes,requires_manual,owner/controller/core conflict,split vp_review resource_distribution owner_core_conflict,split; province_overlap=13; tsr_overlap_rank=1/8; bsr_source_count=1
863,STATE_863,europe,88,STATE_88,split,1.000,1,6,3,no,yes,yes,requires_manual,owner/controller/core conflict,split vp_review resource_distribution owner_core_conflict,split; province_overlap=1; tsr_overlap_rank=9/9; bsr_source_count=1
889,STATE_889,europe,70,STATE_70,split,0.500,2,6,3,no,yes,yes,requires_manual,owner/controller/core conflict,split vp_review resource_distribution owner_core_conflict,split; province_overlap=1; tsr_overlap_rank=2/3; bsr_source_count=1
896,STATE_896,africa,772,Middle Congo (Brazzaville),split,0.500,2,6,2,no,yes,yes,requires_manual,owner/controller/core conflict,split vp_review resource_distribution owner_core_conflict,split; province_overlap=1; tsr_overlap_rank=2/2; bsr_source_count=1
977,STATE_977,europe,185,STATE_185,split,1.000,1,6,2,no,yes,yes,requires_manual,owner/controller/core conflict,split vp_review resource_distribution owner_core_conflict,split; province_overlap=1; tsr_overlap_rank=7/7; bsr_source_count=1
988,STATE_988,europe,158,STATE_158,split,0.833,1,6,2,no,yes,yes,requires_manual,owner/controller/core conflict,split vp_review resource_distribution owner_core_conflict,split; province_overlap=5; tsr_overlap_rank=1/6; bsr_source_count=1
996,STATE_996,europe,88,STATE_88,split,0.500,1,6,3,no,yes,yes,requires_manual,owner/controller/core conflict,split vp_review resource_distribution owner_core_conflict,split; province_overlap=1; tsr_overlap_rank=6/9; bsr_source_count=1
1023,STATE_1023,asia,716,STATE_716,split,1.000,1,6,2,no,yes,yes,requires_manual,owner/controller/core conflict,split vp_review resource_distribution owner_core_conflict,split; province_overlap=6; tsr_overlap_rank=2/4; bsr_source_count=1
1024,STATE_1024,asia,328,Kirin,merge,0.562,2,6,2,no,yes,yes,requires_manual,owner/controller/core conflict,merge vp_review resource_distribution owner_core_conflict,split+merge; province_overlap=9; tsr_overlap_rank=2/4; bsr_source_count=2
1049,STATE_1049,africa,274,STATE_274,split,1.000,1,6,2,no,yes,yes,requires_manual,owner/controller/core conflict,split vp_review resource_distribution owner_core_conflict,split; province_overlap=1; tsr_overlap_rank=2/2; bsr_source_count=1
1058,STATE_1058,europe,35,STATE_35,split,1.000,1,6,3,no,yes,yes,requires_manual,owner/controller/core conflict,split vp_review resource_distribution owner_core_conflict,split; province_overlap=1; tsr_overlap_rank=3/5; bsr_source_count=1
1093,STATE_1093,asia,1071,STATE_1071,split,1.000,1,6,2,no,yes,yes,requires_manual,owner/controller/core conflict,split vp_review resource_distribution owner_core_conflict,split; province_overlap=1; tsr_overlap_rank=4/4; bsr_source_count=1
1142,STATE_1142,europe,212,STATE_212,split,0.667,2,6,3,no,yes,yes,requires_manual,owner/controller/core conflict,split vp_review resource_distribution owner_core_conflict,split; province_overlap=2; tsr_overlap_rank=3/4; bsr_source_count=1
1143,STATE_1143,europe,212,STATE_212,split,1.000,1,6,3,no,yes,yes,requires_manual,owner/controller/core conflict,split vp_review resource_distribution owner_core_conflict,split; province_overlap=2; tsr_overlap_rank=2/4; bsr_source_count=1
1149,STATE_1149,europe,976,STATE_976,merge,0.857,2,6,2,no,yes,yes,requires_manual,owner/controller/core conflict,merge vp_review resource_distribution owner_core_conflict,split+merge; province_overlap=6; tsr_overlap_rank=1/3; bsr_source_count=2
1181,STATE_1181,europe,88,STATE_88,split,1.000,1,6,3,no,yes,yes,requires_manual,owner/controller/core conflict,split vp_review resource_distribution owner_core_conflict,split; province_overlap=1; tsr_overlap_rank=5/9; bsr_source_count=1
1246,STATE_1246,middle_east,676,STATE_676,split,0.667,1,6,3,no,yes,yes,requires_manual,owner/controller/core conflict,split vp_review resource_distribution owner_core_conflict,split; province_overlap=2; tsr_overlap_rank=3/5; bsr_source_count=1
1328,STATE_1328,europe,65,STATE_65,split,1.000,1,6,3,no,yes,yes,requires_manual,owner/controller/core conflict,split vp_review resource_distribution owner_core_conflict,split; province_overlap=1; tsr_overlap_rank=6/6; bsr_source_count=1
1351,STATE_1351,europe,158,STATE_158,split,1.000,1,6,2,no,yes,yes,requires_manual,owner/controller/core conflict,split vp_review resource_distribution owner_core_conflict,split; province_overlap=1; tsr_overlap_rank=6/6; bsr_source_count=1
1361,STATE_1361,europe,148,LAPPI,split,1.000,1,6,3,no,yes,yes,requires_manual,owner/controller/core conflict,split vp_review resource_distribution owner_core_conflict,split; province_overlap=6; tsr_overlap_rank=3/3; bsr_source_count=1
1398,STATE_1398,europe,119,STATE_119,split,1.000,1,6,2,no,yes,yes,requires_manual,owner/controller/core conflict,split vp_review resource_distribution owner_core_conflict,split; province_overlap=1; tsr_overlap_rank=3/4; bsr_source_count=1
1399,STATE_1399,europe,119,STATE_119,split,1.000,1,6,2,no,yes,yes,requires_manual,owner/controller/core conflict,split vp_review resource_distribution owner_core_conflict,split; province_overlap=1; tsr_overlap_rank=4/4; bsr_source_count=1
1432,STATE_1432,europe,55,STATE_55,split,1.000,1,6,3,no,yes,yes,requires_manual,owner/controller/core conflict,split vp_review resource_distribution owner_core_conflict,split; province_overlap=2; tsr_overlap_rank=2/6; bsr_source_count=1
1435,STATE_1435,europe,6,Flanders,split,1.000,1,6,2,no,yes,yes,requires_manual,owner/controller/core conflict,split vp_review resource_distribution owner_core_conflict,split; province_overlap=1; tsr_overlap_rank=2/2; bsr_source_count=1
1486,STATE_1486,europe,212,STATE_212,split,1.000,1,6,3,no,yes,yes,requires_manual,owner/controller/core conflict,split vp_review resource_distribution owner_core_conflict,split; province_overlap=1; tsr_overlap_rank=4/4; bsr_source_count=1
1577,STATE_1577,africa,459,Algiers,merge,0.700,2,6,1,no,yes,yes,requires_manual,owner/controller/core conflict,merge vp_review resource_distribution owner_core_conflict,split+merge; province_overlap=7; tsr_overlap_rank=1/2; bsr_source_count=2
1599,STATE_1599,europe,88,STATE_88,split,1.000,1,6,3,no,yes,yes,requires_manual,owner/controller/core conflict,split vp_review resource_distribution owner_core_conflict,split; province_overlap=2; tsr_overlap_rank=3/9; bsr_source_count=1
1611,STATE_1611,europe,65,STATE_65,split,1.000,1,6,3,no,yes,yes,requires_manual,owner/controller/core conflict,split vp_review resource_distribution owner_core_conflict,split; province_overlap=1; tsr_overlap_rank=3/6; bsr_source_count=1
1737,STATE_1737,europe,88,STATE_88,split,1.000,1,6,3,no,yes,yes,requires_manual,owner/controller/core conflict,split vp_review resource_distribution owner_core_conflict,split; province_overlap=2; tsr_overlap_rank=2/9; bsr_source_count=1
1756,STATE_1756,europe,161,STATE_161,split,0.667,2,6,2,no,yes,yes,requires_manual,owner/controller/core conflict,split vp_review resource_distribution owner_core_conflict,split; province_overlap=2; tsr_overlap_rank=4/4; bsr_source_count=1
1802,STATE_1802,europe,158,STATE_158,split,1.000,1,6,2,no,yes,yes,requires_manual,owner/controller/core conflict,split vp_review resource_distribution owner_core_conflict,split; province_overlap=2; tsr_overlap_rank=5/6; bsr_source_count=1
1807,STATE_1807,europe,977,Antwerpen,split,1.000,1,6,2,no,yes,yes,requires_manual,owner/controller/core conflict,split vp_review resource_distribution owner_core_conflict,split; province_overlap=1; tsr_overlap_rank=2/3; bsr_source_count=1
1884,STATE_1884,asia,325,STATE_325,split,1.000,1,6,3,no,yes,yes,requires_manual,owner/controller/core conflict,split vp_review resource_distribution owner_core_conflict,split; province_overlap=12; tsr_overlap_rank=1/4; bsr_source_count=1
1911,STATE_1911,asia,672,STATE_672,merge,0.667,2,6,1,no,yes,yes,requires_manual,owner/controller/core conflict,merge vp_review resource_distribution owner_core_conflict,split+merge; province_overlap=4; tsr_overlap_rank=3/3; bsr_source_count=2
1913,STATE_1913,asia,1071,STATE_1071,merge,0.769,3,6,1,no,yes,yes,requires_manual,owner/controller/core conflict,merge vp_review resource_distribution owner_core_conflict,split+merge; province_overlap=10; tsr_overlap_rank=1/4; bsr_source_count=3
1926,STATE_1926,europe,65,STATE_65,split,1.000,1,6,3,no,yes,yes,requires_manual,owner/controller/core conflict,split vp_review resource_distribution owner_core_conflict,split; province_overlap=1; tsr_overlap_rank=4/6; bsr_source_count=1
1934,STATE_1934,europe,28,Alsace-Lorraine,split,1.000,1,6,2,no,yes,yes,requires_manual,owner/controller/core conflict,split vp_review resource_distribution owner_core_conflict,split; province_overlap=1; tsr_overlap_rank=6/7; bsr_source_count=1
1935,STATE_1935,africa,458,STATE_458,split,1.000,1,6,2,no,yes,yes,requires_manual,owner/controller/core conflict,split vp_review resource_distribution owner_core_conflict,split; province_overlap=3; tsr_overlap_rank=2/2; bsr_source_count=1
1938,STATE_1938,asia,671,STATE_671,split,0.800,2,6,2,no,yes,yes,requires_manual,owner/controller/core conflict,split vp_review resource_distribution owner_core_conflict,split; province_overlap=4; tsr_overlap_rank=3/3; bsr_source_count=1
1976,STATE_1976,europe,35,STATE_35,split,1.000,1,6,3,no,yes,yes,requires_manual,owner/controller/core conflict,split vp_review resource_distribution owner_core_conflict,split; province_overlap=1; tsr_overlap_rank=5/5; bsr_source_count=1
1978,STATE_1978,asia,610,Jehol,merge,0.524,4,6,2,no,yes,yes,requires_manual,owner/controller/core conflict,merge vp_review resource_distribution owner_core_conflict,split+merge; province_overlap=11; tsr_overlap_rank=1/3; bsr_source_count=2
1990,STATE_1990,europe,980,STATE_980,split,1.000,1,6,1,no,yes,yes,requires_manual,owner/controller/core conflict,split vp_review resource_distribution owner_core_conflict,split; province_overlap=1; tsr_overlap_rank=2/3; bsr_source_count=1
2003,STATE_2003,europe,104,STATE_104,merge,0.500,2,6,2,no,yes,yes,requires_manual,owner/controller/core conflict,merge vp_review resource_distribution owner_core_conflict,split+merge; province_overlap=1; tsr_overlap_rank=6/8; bsr_source_count=2
2019,STATE_2019,europe,189,STATE_189,split,1.000,1,6,2,no,yes,yes,requires_manual,owner/controller/core conflict,split vp_review resource_distribution owner_core_conflict,split; province_overlap=1; tsr_overlap_rank=3/3; bsr_source_count=1
2036,STATE_2036,europe,65,STATE_65,split,1.000,1,6,3,no,yes,yes,requires_manual,owner/controller/core conflict,split vp_review resource_distribution owner_core_conflict,split; province_overlap=1; tsr_overlap_rank=5/6; bsr_source_count=1
28,STATE_28,europe,978,Baden,merge,0.750,2,5,1,no,yes,yes,requires_manual,owner/controller/core conflict,merge vp_review resource_distribution owner_core_conflict,split+merge; province_overlap=3; tsr_overlap_rank=1/4; bsr_source_count=2
42,STATE_42,europe,42,STATE_42,split,1.000,1,5,3,no,yes,yes,requires_manual,owner/controller/core conflict,split vp_review resource_distribution owner_core_conflict,split; province_overlap=3; tsr_overlap_rank=1/5; bsr_source_count=1
44,STATE_44,europe,44,STATE_44,split,0.600,3,5,2,no,yes,yes,requires_manual,owner/controller/core conflict,split vp_review resource_distribution owner_core_conflict,split; province_overlap=3; tsr_overlap_rank=1/3; bsr_source_count=1
47,STATE_47,europe,47,Thessaly,split,1.000,1,5,3,no,yes,yes,requires_manual,owner/controller/core conflict,split vp_review resource_distribution owner_core_conflict,split; province_overlap=1; tsr_overlap_rank=3/6; bsr_source_count=1
88,STATE_88,europe,88,STATE_88,split,0.250,2,5,3,no,yes,yes,requires_manual,owner/controller/core conflict,split vp_review resource_distribution owner_core_conflict,split; province_overlap=1; tsr_overlap_rank=4/9; bsr_source_count=1
108,STATE_108,europe,802,STATE_802,merge,0.667,2,5,1,no,yes,yes,requires_manual,owner/controller/core conflict,merge vp_review resource_distribution owner_core_conflict,split+merge; province_overlap=2; tsr_overlap_rank=1/3; bsr_source_count=2
158,STATE_158,europe,158,STATE_158,split,1.000,1,5,2,no,yes,yes,requires_manual,owner/controller/core conflict,split vp_review resource_distribution owner_core_conflict,split; province_overlap=4; tsr_overlap_rank=2/6; bsr_source_count=1
189,STATE_189,europe,189,STATE_189,merge,0.667,2,5,1,no,yes,yes,requires_manual,owner/controller/core conflict,merge vp_review resource_distribution owner_core_conflict,split+merge; province_overlap=4; tsr_overlap_rank=1/3; bsr_source_count=2
334,STATE_334,asia,1077,STATE_1077,merge,0.875,2,5,1,no,yes,yes,requires_manual,owner/controller/core conflict,merge vp_review resource_distribution owner_core_conflict,split+merge; province_overlap=14; tsr_overlap_rank=1/2; bsr_source_count=2
340,STATE_340,middle_east,1055,STATE_1055,merge,0.750,2,5,1,no,yes,yes,requires_manual,owner/controller/core conflict,merge vp_review resource_distribution owner_core_conflict,split+merge; province_overlap=3; tsr_overlap_rank=1/3; bsr_source_count=2
357,STATE_357,north_america,357,STATE_357,split,1.000,1,5,2,no,yes,yes,requires_manual,owner/controller/core conflict,split vp_review resource_distribution owner_core_conflict,split; province_overlap=7; tsr_overlap_rank=1/8; bsr_source_count=1
527,STATE_527,asia,527,STATE_527,merge,0.667,2,5,1,no,yes,yes,requires_manual,owner/controller/core conflict,merge vp_review resource_distribution owner_core_conflict,split+merge; province_overlap=12; tsr_overlap_rank=1/3; bsr_source_count=2
592,STATE_592,asia,592,STATE_592,merge,0.889,2,5,1,no,yes,yes,requires_manual,owner/controller/core conflict,merge vp_review resource_distribution owner_core_conflict,split+merge; province_overlap=8; tsr_overlap_rank=1/3; bsr_source_count=2
731,STATE_731,europe,731,STATE_731,merge,0.667,2,5,1,no,yes,yes,requires_manual,owner/controller/core conflict,merge vp_review resource_distribution owner_core_conflict,split+merge; province_overlap=2; tsr_overlap_rank=3/6; bsr_source_count=2
736,STATE_736,europe,852,Dalmatia,split,1.000,1,5,1,no,yes,yes,requires_manual,owner/controller/core conflict,split vp_review resource_distribution owner_core_conflict,split; province_overlap=1; tsr_overlap_rank=2/2; bsr_source_count=1
788,STATE_788,europe,51,STATE_51,split,1.000,1,5,2,no,yes,yes,requires_manual,owner/controller/core conflict,split vp_review resource_distribution owner_core_conflict,split; province_overlap=2; tsr_overlap_rank=2/5; bsr_source_count=1
797,STATE_797,europe,63,STATE_63,split,1.000,1,5,1,no,yes,yes,requires_manual,owner/controller/core conflict,split vp_review resource_distribution owner_core_conflict,split; province_overlap=1; tsr_overlap_rank=7/9; bsr_source_count=1
803,STATE_803,europe,67,STATE_67,split,1.000,1,5,2,no,yes,yes,requires_manual,owner/controller/core conflict,split vp_review resource_distribution owner_core_conflict,split; province_overlap=1; tsr_overlap_rank=4/5; bsr_source_count=1
817,STATE_817,europe,18,STATE_18,merge,0.667,2,5,2,no,yes,yes,requires_manual,owner/controller/core conflict,merge vp_review resource_distribution owner_core_conflict,split+merge; province_overlap=2; tsr_overlap_rank=1/5; bsr_source_count=2
830,STATE_830,europe,79,STATE_79,split,1.000,1,5,2,no,yes,yes,requires_manual,owner/controller/core conflict,split vp_review resource_distribution owner_core_conflict,split; province_overlap=2; tsr_overlap_rank=3/3; bsr_source_count=1
845,STATE_845,north_america,371,STATE_371,split,1.000,1,5,1,no,yes,yes,requires_manual,owner/controller/core conflict,split vp_review resource_distribution owner_core_conflict,split; province_overlap=2; tsr_overlap_rank=3/5; bsr_source_count=1
858,STATE_858,north_america,371,STATE_371,split,1.000,1,5,1,no,yes,yes,requires_manual,owner/controller/core conflict,split vp_review resource_distribution owner_core_conflict,split; province_overlap=5; tsr_overlap_rank=1/5; bsr_source_count=1
878,STATE_878,europe,108,STATE_108,merge,0.500,3,5,1,no,yes,yes,requires_manual,owner/controller/core conflict,merge vp_review resource_distribution owner_core_conflict,split+merge; province_overlap=1; tsr_overlap_rank=4/6; bsr_source_count=2
907,STATE_907,asia,1029,STATE_1029,merge,0.667,2,5,1,no,yes,yes,requires_manual,owner/controller/core conflict,merge vp_review resource_distribution owner_core_conflict,split+merge; province_overlap=2; tsr_overlap_rank=2/3; bsr_source_count=2
940,STATE_940,europe,105,STATE_105,split,1.000,1,5,1,no,yes,yes,requires_manual,owner/controller/core conflict,split vp_review resource_distribution owner_core_conflict,split; province_overlap=1; tsr_overlap_rank=3/3; bsr_source_count=1
941,STATE_941,europe,802,STATE_802,split,1.000,1,5,2,no,yes,yes,requires_manual,owner/controller/core conflict,split vp_review resource_distribution owner_core_conflict,split; province_overlap=1; tsr_overlap_rank=3/3; bsr_source_count=1
946,STATE_946,middle_east,1011,STATE_1011,merge,0.400,4,5,1,no,yes,yes,requires_manual,owner/controller/core conflict,merge vp_review resource_distribution owner_core_conflict,split+merge; province_overlap=2; tsr_overlap_rank=2/3; bsr_source_count=2
952,STATE_952,europe,183,STATE_183,split,1.000,1,5,1,no,yes,yes,requires_manual,owner/controller/core conflict,split vp_review resource_distribution owner_core_conflict,split; province_overlap=1; tsr_overlap_rank=1/2; bsr_source_count=1
970,STATE_970,asia,409,STATE_409,split,1.000,1,5,1,no,yes,yes,requires_manual,owner/controller/core conflict,split vp_review resource_distribution owner_core_conflict,split; province_overlap=2; tsr_overlap_rank=2/2; bsr_source_count=1
971,STATE_971,asia,526,STATE_526,split,1.000,1,5,1,no,yes,yes,requires_manual,owner/controller/core conflict,split vp_review resource_distribution owner_core_conflict,split; province_overlap=2; tsr_overlap_rank=2/2; bsr_source_count=1
975,STATE_975,europe,187,STATE_187,split,0.500,2,5,1,no,yes,yes,requires_manual,owner/controller/core conflict,split vp_review resource_distribution owner_core_conflict,split; province_overlap=1; tsr_overlap_rank=3/3; bsr_source_count=1
976,STATE_976,europe,185,STATE_185,split,1.000,1,5,2,no,yes,yes,requires_manual,owner/controller/core conflict,split vp_review resource_distribution owner_core_conflict,split; province_overlap=3; tsr_overlap_rank=2/7; bsr_source_count=1
991,STATE_991,europe,117,Campania,split,1.000,2,5,1,no,yes,yes,requires_manual,owner/controller/core conflict,split vp_review resource_distribution owner_core_conflict,split; province_overlap=4; tsr_overlap_rank=2/2; bsr_source_count=1
1005,STATE_1005,europe,229,STATE_229,split,1.000,1,5,2,no,yes,yes,requires_manual,owner/controller/core conflict,split vp_review resource_distribution owner_core_conflict,split; province_overlap=2; tsr_overlap_rank=5/6; bsr_source_count=1
1009,STATE_1009,europe,917,STATE_917,merge,0.789,2,5,1,no,yes,yes,requires_manual,owner/controller/core conflict,merge vp_review resource_distribution owner_core_conflict,split+merge; province_overlap=15; tsr_overlap_rank=1/2; bsr_source_count=2
1012,STATE_1012,europe,920,STATE_920,merge,0.667,2,5,1,no,yes,yes,requires_manual,owner/controller/core conflict,merge vp_review resource_distribution owner_core_conflict,split+merge; province_overlap=6; tsr_overlap_rank=2/4; bsr_source_count=2
1022,STATE_1022,asia,328,Kirin,split,1.000,1,5,2,no,yes,yes,requires_manual,owner/controller/core conflict,split vp_review resource_distribution owner_core_conflict,split; province_overlap=13; tsr_overlap_rank=1/4; bsr_source_count=1
1026,STATE_1026,asia,328,Kirin,merge,0.727,2,5,1,no,yes,yes,requires_manual,owner/controller/core conflict,merge vp_review resource_distribution owner_core_conflict,split+merge; province_overlap=8; tsr_overlap_rank=4/4; bsr_source_count=2
1047,STATE_1047,europe,104,STATE_104,split,1.000,1,5,2,no,yes,yes,requires_manual,owner/controller/core conflict,split vp_review resource_distribution owner_core_conflict,split; province_overlap=3; tsr_overlap_rank=4/8; bsr_source_count=1
1060,STATE_1060,europe,35,STATE_35,split,1.000,1,5,2,no,yes,yes,requires_manual,owner/controller/core conflict,split vp_review resource_distribution owner_core_conflict,split; province_overlap=2; tsr_overlap_rank=2/5; bsr_source_count=1
1063,STATE_1063,europe,184,STATE_184,merge,0.333,3,5,1,no,yes,yes,requires_manual,owner/controller/core conflict,merge vp_review resource_distribution owner_core_conflict,split+merge; province_overlap=1; tsr_overlap_rank=2/4; bsr_source_count=2
1078,STATE_1078,asia,671,STATE_671,split,1.000,1,5,1,no,yes,yes,requires_manual,owner/controller/core conflict,split vp_review resource_distribution owner_core_conflict,split; province_overlap=10; tsr_overlap_rank=1/3; bsr_source_count=1
1081,STATE_1081,asia,1088,STATE_1088,split,1.000,2,5,1,no,yes,yes,requires_manual,owner/controller/core conflict,split vp_review resource_distribution owner_core_conflict,split; province_overlap=6; tsr_overlap_rank=2/2; bsr_source_count=1
1088,STATE_1088,africa,559,STATE_559,split,1.000,1,5,1,no,yes,yes,requires_manual,owner/controller/core conflict,split vp_review resource_distribution owner_core_conflict,split; province_overlap=4; tsr_overlap_rank=2/2; bsr_source_count=1
1103,STATE_1103,europe,48,STATE_48,split,1.000,1,5,2,no,yes,yes,requires_manual,owner/controller/core conflict,split vp_review resource_distribution owner_core_conflict,split; province_overlap=2; tsr_overlap_rank=2/3; bsr_source_count=1
1111,STATE_1111,africa,835,STATE_835,merge,0.500,5,5,2,no,yes,yes,requires_manual,owner/controller/core conflict,merge vp_review resource_distribution owner_core_conflict,split+merge; province_overlap=3; tsr_overlap_rank=1/2; bsr_source_count=2
1127,STATE_1127,europe,226,Dnipropertovsk,split,1.000,1,5,2,no,yes,yes,requires_manual,owner/controller/core conflict,split vp_review resource_distribution owner_core_conflict,split; province_overlap=5; tsr_overlap_rank=2/2; bsr_source_count=1
1130,STATE_1130,asia,1007,STATE_1007,merge,0.600,3,5,1,no,yes,yes,requires_manual,owner/controller/core conflict,merge vp_review resource_distribution owner_core_conflict,split+merge; province_overlap=3; tsr_overlap_rank=1/2; bsr_source_count=3
1136,STATE_1136,africa,889,STATE_889,merge,0.750,2,5,1,no,yes,yes,requires_manual,owner/controller/core conflict,merge vp_review resource_distribution owner_core_conflict,split+merge; province_overlap=3; tsr_overlap_rank=2/3; bsr_source_count=2
1139,STATE_1139,europe,731,STATE_731,split,0.500,2,5,1,no,yes,yes,requires_manual,owner/controller/core conflict,split vp_review resource_distribution owner_core_conflict,split; province_overlap=1; tsr_overlap_rank=6/6; bsr_source_count=1
1159,STATE_1159,europe,731,STATE_731,split,1.000,1,5,1,no,yes,yes,requires_manual,owner/controller/core conflict,split vp_review resource_distribution owner_core_conflict,split; province_overlap=2; tsr_overlap_rank=1/6; bsr_source_count=1
1186,STATE_1186,europe,23,STATE_23,split,1.000,1,5,1,no,yes,yes,requires_manual,owner/controller/core conflict,split vp_review resource_distribution owner_core_conflict,split; province_overlap=3; tsr_overlap_rank=2/2; bsr_source_count=1
1218,STATE_1218,africa,719,Natal,split,0.500,2,5,1,no,yes,yes,requires_manual,owner/controller/core conflict,split vp_review resource_distribution owner_core_conflict,split; province_overlap=1; tsr_overlap_rank=4/4; bsr_source_count=1
1230,STATE_1230,europe,106,STATE_106,merge,0.500,2,5,1,no,yes,yes,requires_manual,owner/controller/core conflict,merge vp_review resource_distribution owner_core_conflict,split+merge; province_overlap=1; tsr_overlap_rank=3/3; bsr_source_count=2
1245,STATE_1245,middle_east,676,STATE_676,split,0.500,2,5,2,no,yes,yes,requires_manual,owner/controller/core conflict,split vp_review resource_distribution owner_core_conflict,split; province_overlap=1; tsr_overlap_rank=4/5; bsr_source_count=1
1247,STATE_1247,middle_east,291,STATE_291,merge,0.667,2,5,1,no,yes,yes,requires_manual,owner/controller/core conflict,merge vp_review resource_distribution owner_core_conflict,split+merge; province_overlap=2; tsr_overlap_rank=2/3; bsr_source_count=2
1263,STATE_1263,europe,229,STATE_229,split,1.000,1,5,2,no,yes,yes,requires_manual,owner/controller/core conflict,split vp_review resource_distribution owner_core_conflict,split; province_overlap=2; tsr_overlap_rank=4/6; bsr_source_count=1
1264,STATE_1264,middle_east,676,STATE_676,split,0.800,1,5,2,no,yes,yes,requires_manual,owner/controller/core conflict,split vp_review resource_distribution owner_core_conflict,split; province_overlap=4; tsr_overlap_rank=1/5; bsr_source_count=1
1291,STATE_1291,middle_east,1055,STATE_1055,split,1.000,1,5,2,no,yes,yes,requires_manual,owner/controller/core conflict,split vp_review resource_distribution owner_core_conflict,split; province_overlap=2; tsr_overlap_rank=3/3; bsr_source_count=1
1315,STATE_1315,asia,594,STATE_594,split,0.750,2,5,2,no,yes,yes,requires_manual,owner/controller/core conflict,split vp_review resource_distribution owner_core_conflict,split; province_overlap=3; tsr_overlap_rank=2/2; bsr_source_count=1
1317,STATE_1317,asia,599,STATE_599,split,0.750,1,5,2,no,yes,yes,requires_manual,owner/controller/core conflict,split vp_review resource_distribution owner_core_conflict,split; province_overlap=3; tsr_overlap_rank=2/2; bsr_source_count=1
1334,STATE_1334,europe,51,STATE_51,split,1.000,1,5,2,no,yes,yes,requires_manual,owner/controller/core conflict,split vp_review resource_distribution owner_core_conflict,split; province_overlap=1; tsr_overlap_rank=4/5; bsr_source_count=1
1348,STATE_1348,europe,67,STATE_67,split,1.000,1,5,2,no,yes,yes,requires_manual,owner/controller/core conflict,split vp_review resource_distribution owner_core_conflict,split; province_overlap=1; tsr_overlap_rank=3/5; bsr_source_count=1
1366,STATE_1366,europe,229,STATE_229,split,1.000,1,5,2,no,yes,yes,requires_manual,owner/controller/core conflict,split vp_review resource_distribution owner_core_conflict,split; province_overlap=2; tsr_overlap_rank=3/6; bsr_source_count=1
1374,STATE_1374,europe,88,STATE_88,split,1.000,1,5,2,no,yes,yes,requires_manual,owner/controller/core conflict,split vp_review resource_distribution owner_core_conflict,split; province_overlap=1; tsr_overlap_rank=7/9; bsr_source_count=1
1391,STATE_1391,europe,158,STATE_158,split,1.000,1,5,1,no,yes,yes,requires_manual,owner/controller/core conflict,split vp_review resource_distribution owner_core_conflict,split; province_overlap=2; tsr_overlap_rank=4/6; bsr_source_count=1
1397,STATE_1397,europe,119,STATE_119,split,1.000,1,5,1,no,yes,yes,requires_manual,owner/controller/core conflict,split vp_review resource_distribution owner_core_conflict,split; province_overlap=2; tsr_overlap_rank=1/4; bsr_source_count=1
1407,STATE_1407,asia,408,STATE_408,split,1.000,1,5,1,no,yes,yes,requires_manual,owner/controller/core conflict,split vp_review resource_distribution owner_core_conflict,split; province_overlap=34; tsr_overlap_rank=1/2; bsr_source_count=1
1415,STATE_1415,europe,50,Württemberg,split,1.000,1,5,2,no,yes,yes,requires_manual,owner/controller/core conflict,split vp_review resource_distribution owner_core_conflict,split; province_overlap=1; tsr_overlap_rank=5/6; bsr_source_count=1
1421,STATE_1421,europe,104,STATE_104,split,1.000,1,5,2,no,yes,yes,requires_manual,owner/controller/core conflict,split vp_review resource_distribution owner_core_conflict,split; province_overlap=3; tsr_overlap_rank=3/8; bsr_source_count=1
1428,STATE_1428,europe,731,STATE_731,split,1.000,1,5,1,no,yes,yes,requires_manual,owner/controller/core conflict,split vp_review resource_distribution owner_core_conflict,split; province_overlap=2; tsr_overlap_rank=2/6; bsr_source_count=1
1444,STATE_1444,europe,227,STATE_227,merge,0.400,2,5,1,no,yes,yes,requires_manual,owner/controller/core conflict,merge vp_review resource_distribution owner_core_conflict,split+merge; province_overlap=2; tsr_overlap_rank=2/2; bsr_source_count=2
1490,STATE_1490,europe,202,STATE_202,merge,0.500,2,5,1,no,yes,yes,requires_manual,owner/controller/core conflict,merge vp_review resource_distribution owner_core_conflict,split+merge; province_overlap=2; tsr_overlap_rank=2/5; bsr_source_count=2
1525,STATE_1525,africa,546,STATE_546,split,1.000,1,5,1,no,yes,yes,requires_manual,owner/controller/core conflict,split vp_review resource_distribution owner_core_conflict,split; province_overlap=5; tsr_overlap_rank=2/3; bsr_source_count=1
1526,STATE_1526,africa,546,STATE_546,split,1.000,1,5,1,no,yes,yes,requires_manual,owner/controller/core conflict,split vp_review resource_distribution owner_core_conflict,split; province_overlap=2; tsr_overlap_rank=3/3; bsr_source_count=1
1527,STATE_1527,africa,771,Zambia,split,1.000,1,5,2,no,yes,yes,requires_manual,owner/controller/core conflict,split vp_review resource_distribution owner_core_conflict,split; province_overlap=2; tsr_overlap_rank=1/4; bsr_source_count=1
1554,STATE_1554,europe,976,STATE_976,split,1.000,1,5,2,no,yes,yes,requires_manual,owner/controller/core conflict,split vp_review resource_distribution owner_core_conflict,split; province_overlap=1; tsr_overlap_rank=3/3; bsr_source_count=1
1558,STATE_1558,europe,88,STATE_88,split,1.000,1,5,2,no,yes,yes,requires_manual,owner/controller/core conflict,split vp_review resource_distribution owner_core_conflict,split; province_overlap=4; tsr_overlap_rank=1/9; bsr_source_count=1
1588,STATE_1588,europe,88,STATE_88,split,1.000,1,5,2,no,yes,yes,requires_manual,owner/controller/core conflict,split vp_review resource_distribution owner_core_conflict,split; province_overlap=1; tsr_overlap_rank=8/9; bsr_source_count=1
1594,STATE_1594,europe,101,STATE_101,split,1.000,1,5,1,no,yes,yes,requires_manual,owner/controller/core conflict,split vp_review resource_distribution owner_core_conflict,split; province_overlap=1; tsr_overlap_rank=2/2; bsr_source_count=1
1615,STATE_1615,north_america,371,STATE_371,split,0.400,1,5,1,no,yes,yes,requires_manual,owner/controller/core conflict,split vp_review resource_distribution owner_core_conflict,split; province_overlap=2; tsr_overlap_rank=4/5; bsr_source_count=1
1617,STATE_1617,europe,66,STATE_66,split,1.000,1,5,2,no,yes,yes,requires_manual,owner/controller/core conflict,split vp_review resource_distribution owner_core_conflict,split; province_overlap=2; tsr_overlap_rank=3/7; bsr_source_count=1
1638,STATE_1638,europe,920,STATE_920,merge,0.800,2,5,1,no,yes,yes,requires_manual,owner/controller/core conflict,merge vp_review resource_distribution owner_core_conflict,split+merge; province_overlap=4; tsr_overlap_rank=3/4; bsr_source_count=2
1662,STATE_1662,middle_east,340,STATE_340,merge,0.500,2,5,1,no,yes,yes,requires_manual,owner/controller/core conflict,merge vp_review resource_distribution owner_core_conflict,split+merge; province_overlap=1; tsr_overlap_rank=3/3; bsr_source_count=2
1679,STATE_1679,europe,4,STATE_4,split,1.000,1,5,2,no,yes,yes,requires_manual,owner/controller/core conflict,split vp_review resource_distribution owner_core_conflict,split; province_overlap=3; tsr_overlap_rank=2/3; bsr_source_count=1
1729,STATE_1729,europe,70,STATE_70,merge,0.714,2,5,1,no,yes,yes,requires_manual,owner/controller/core conflict,merge vp_review resource_distribution owner_core_conflict,split+merge; province_overlap=5; tsr_overlap_rank=1/3; bsr_source_count=2
1734,STATE_1734,europe,17,Lorraine,merge,0.500,2,5,1,no,yes,yes,requires_manual,owner/controller/core conflict,merge vp_review resource_distribution owner_core_conflict,split+merge; province_overlap=1; tsr_overlap_rank=6/6; bsr_source_count=2
1753,STATE_1753,asia,616,STATE_616,split,0.500,2,5,2,no,yes,yes,requires_manual,owner/controller/core conflict,split vp_review resource_distribution owner_core_conflict,split; province_overlap=1; tsr_overlap_rank=2/2; bsr_source_count=1
1754,STATE_1754,europe,34,STATE_34,split,0.667,2,5,2,no,yes,yes,requires_manual,owner/controller/core conflict,split vp_review resource_distribution owner_core_conflict,split; province_overlap=2; tsr_overlap_rank=1/2; bsr_source_count=1
1798,STATE_1798,europe,26,Auveregne,merge,0.333,3,5,1,no,yes,yes,requires_manual,owner/controller/core conflict,merge vp_review resource_distribution owner_core_conflict,split+merge; province_overlap=1; tsr_overlap_rank=2/2; bsr_source_count=3
1808,STATE_1808,europe,977,Antwerpen,split,1.000,1,5,1,no,yes,yes,requires_manual,owner/controller/core conflict,split vp_review resource_distribution owner_core_conflict,split; province_overlap=2; tsr_overlap_rank=1/3; bsr_source_count=1
1821,STATE_1821,asia,1005,STATE_1005,merge,0.500,2,5,1,no,yes,yes,requires_manual,owner/controller/core conflict,merge vp_review resource_distribution owner_core_conflict,split+merge; province_overlap=1; tsr_overlap_rank=2/3; bsr_source_count=2
1823,STATE_1823,europe,60,STATE_60,split,1.000,1,5,2,no,yes,yes,requires_manual,owner/controller/core conflict,split vp_review resource_distribution owner_core_conflict,split; province_overlap=3; tsr_overlap_rank=2/2; bsr_source_count=1
1865,STATE_1865,europe,152,STATE_152,split,1.000,1,5,2,no,yes,yes,requires_manual,owner/controller/core conflict,split vp_review resource_distribution owner_core_conflict,split; province_overlap=2; tsr_overlap_rank=2/4; bsr_source_count=1
1907,STATE_1907,south_america,512,STATE_512,merge,0.571,2,5,1,no,yes,yes,requires_manual,owner/controller/core conflict,merge vp_review resource_distribution owner_core_conflict,split+merge; province_overlap=4; tsr_overlap_rank=1/3; bsr_source_count=2
1910,STATE_1910,asia,1072,STATE_1072,split,1.000,1,5,1,no,yes,yes,requires_manual,owner/controller/core conflict,split vp_review resource_distribution owner_core_conflict,split; province_overlap=3; tsr_overlap_rank=1/2; bsr_source_count=1
1914,STATE_1914,asia,672,STATE_672,split,1.000,1,5,1,no,yes,yes,requires_manual,owner/controller/core conflict,split vp_review resource_distribution owner_core_conflict,split; province_overlap=6; tsr_overlap_rank=2/3; bsr_source_count=1
1921,STATE_1921,asia,612,STATE_612,split,1.000,1,5,2,no,yes,yes,requires_manual,owner/controller/core conflict,split vp_review resource_distribution owner_core_conflict,split; province_overlap=1; tsr_overlap_rank=2/2; bsr_source_count=1
1928,STATE_1928,asia,334,STATE_334,merge,0.600,3,5,0,no,yes,yes,requires_manual,owner/controller/core conflict,merge resource_distribution owner_core_conflict,split+merge; province_overlap=6; tsr_overlap_rank=1/2; bsr_source_count=2
1944,STATE_1944,africa,771,Zambia,split,1.000,1,5,2,no,yes,yes,requires_manual,owner/controller/core conflict,split vp_review resource_distribution owner_core_conflict,split; province_overlap=1; tsr_overlap_rank=4/4; bsr_source_count=1
1946,Mysore,asia,425,Mysore,split,0.875,1,5,1,no,yes,yes,requires_manual,owner/controller/core conflict,split vp_review resource_distribution owner_core_conflict,split; province_overlap=7; tsr_overlap_rank=1/3; bsr_source_count=1
1964,STATE_1964,europe,54,STATE_54,split,1.000,1,5,2,no,yes,yes,requires_manual,owner/controller/core conflict,split vp_review resource_distribution owner_core_conflict,split; province_overlap=1; tsr_overlap_rank=3/3; bsr_source_count=1
1965,STATE_1965,europe,978,Baden,split,1.000,1,5,2,no,yes,yes,requires_manual,owner/controller/core conflict,split vp_review resource_distribution owner_core_conflict,split; province_overlap=2; tsr_overlap_rank=2/4; bsr_source_count=1
1989,STATE_1989,europe,980,STATE_980,split,1.000,1,5,1,no,yes,yes,requires_manual,owner/controller/core conflict,split vp_review resource_distribution owner_core_conflict,split; province_overlap=1; tsr_overlap_rank=3/3; bsr_source_count=1
2004,STATE_2004,europe,104,STATE_104,split,1.000,1,5,2,no,yes,yes,requires_manual,owner/controller/core conflict,split vp_review resource_distribution owner_core_conflict,split; province_overlap=1; tsr_overlap_rank=5/8; bsr_source_count=1
2009,STATE_2009,europe,232,Dagestan,split,0.667,2,5,2,no,yes,yes,requires_manual,owner/controller/core conflict,split vp_review resource_distribution owner_core_conflict,split; province_overlap=2; tsr_overlap_rank=2/5; bsr_source_count=1
2010,STATE_2010,europe,232,Dagestan,split,1.000,1,5,2,no,yes,yes,requires_manual,owner/controller/core conflict,split vp_review resource_distribution owner_core_conflict,split; province_overlap=1; tsr_overlap_rank=5/5; bsr_source_count=1
2011,STATE_2011,europe,104,STATE_104,split,1.000,1,5,2,no,yes,yes,requires_manual,owner/controller/core conflict,split vp_review resource_distribution owner_core_conflict,split; province_overlap=1; tsr_overlap_rank=8/8; bsr_source_count=1
2014,STATE_2014,europe,63,STATE_63,split,1.000,1,5,1,no,yes,yes,requires_manual,owner/controller/core conflict,split vp_review resource_distribution owner_core_conflict,split; province_overlap=1; tsr_overlap_rank=8/9; bsr_source_count=1
2018,STATE_2018,europe,27,Bourgogne,merge,0.667,2,5,1,no,yes,yes,requires_manual,owner/controller/core conflict,merge vp_review resource_distribution owner_core_conflict,split+merge; province_overlap=2; tsr_overlap_rank=4/8; bsr_source_count=2
2037,STATE_2037,africa,272,STATE_272,split,1.000,1,5,1,no,yes,yes,requires_manual,owner/controller/core conflict,split vp_review resource_distribution owner_core_conflict,split; province_overlap=1; tsr_overlap_rank=2/2; bsr_source_count=1
6,Flanders,europe,6,Flanders,merge,0.750,2,4,1,no,yes,yes,requires_manual,owner/controller/core conflict,merge vp_review resource_distribution owner_core_conflict,split+merge; province_overlap=3; tsr_overlap_rank=1/2; bsr_source_count=2
7,STATE_7,europe,7,STATE_7,split,1.000,1,4,1,no,yes,yes,requires_manual,owner/controller/core conflict,split vp_review resource_distribution owner_core_conflict,split; province_overlap=4; tsr_overlap_rank=1/2; bsr_source_count=1
34,STATE_34,europe,34,STATE_34,split,1.000,1,4,1,no,yes,yes,requires_manual,owner/controller/core conflict,split vp_review resource_distribution owner_core_conflict,split; province_overlap=2; tsr_overlap_rank=2/2; bsr_source_count=1
67,STATE_67,europe,67,STATE_67,split,1.000,1,4,2,no,yes,yes,requires_manual,owner/controller/core conflict,split vp_review resource_distribution owner_core_conflict,split; province_overlap=1; tsr_overlap_rank=5/5; bsr_source_count=1
69,STATE_69,europe,69,STATE_69,split,1.000,1,4,1,no,yes,yes,requires_manual,owner/controller/core conflict,split vp_review resource_distribution owner_core_conflict,split; province_overlap=6; tsr_overlap_rank=1/2; bsr_source_count=1
70,STATE_70,europe,70,STATE_70,split,1.000,1,4,2,no,yes,yes,requires_manual,owner/controller/core conflict,split vp_review resource_distribution owner_core_conflict,split; province_overlap=1; tsr_overlap_rank=3/3; bsr_source_count=1
92,STATE_92,europe,92,STATE_92,merge,0.500,2,4,1,no,yes,yes,requires_manual,owner/controller/core conflict,merge vp_review resource_distribution owner_core_conflict,split+merge; province_overlap=3; tsr_overlap_rank=1/4; bsr_source_count=2
104,STATE_104,europe,104,STATE_104,split,1.000,1,4,2,no,yes,yes,requires_manual,owner/controller/core conflict,split vp_review resource_distribution owner_core_conflict,split; province_overlap=3; tsr_overlap_rank=2/8; bsr_source_count=1
105,STATE_105,europe,105,STATE_105,split,1.000,1,4,1,no,yes,yes,requires_manual,owner/controller/core conflict,split vp_review resource_distribution owner_core_conflict,split; province_overlap=2; tsr_overlap_rank=2/3; bsr_source_count=1
148,STATE_148,europe,148,LAPPI,split,1.000,1,4,2,no,yes,yes,requires_manual,owner/controller/core conflict,split vp_review resource_distribution owner_core_conflict,split; province_overlap=15; tsr_overlap_rank=1/3; bsr_source_count=1
150,Savo,europe,150,KUOPIO,merge,0.688,3,4,1,no,yes,yes,requires_manual,owner/controller/core conflict,merge vp_review resource_distribution owner_core_conflict,split+merge; province_overlap=11; tsr_overlap_rank=2/5; bsr_source_count=3
161,STATE_161,europe,161,STATE_161,split,1.000,1,4,2,no,yes,yes,requires_manual,owner/controller/core conflict,split vp_review resource_distribution owner_core_conflict,split; province_overlap=3; tsr_overlap_rank=1/4; bsr_source_count=1
184,STATE_184,europe,184,STATE_184,merge,0.333,2,4,1,no,yes,yes,requires_manual,owner/controller/core conflict,merge vp_review resource_distribution owner_core_conflict,split+merge; province_overlap=1; tsr_overlap_rank=3/4; bsr_source_count=2
229,STATE_229,europe,229,STATE_229,split,1.000,1,4,2,no,yes,yes,requires_manual,owner/controller/core conflict,split vp_review resource_distribution owner_core_conflict,split; province_overlap=7; tsr_overlap_rank=1/6; bsr_source_count=1
232,STATE_232,europe,232,Dagestan,split,0.400,2,4,2,no,yes,yes,requires_manual,owner/controller/core conflict,split vp_review resource_distribution owner_core_conflict,split; province_overlap=2; tsr_overlap_rank=4/5; bsr_source_count=1
325,STATE_325,asia,325,STATE_325,split,1.000,1,4,2,no,yes,yes,requires_manual,owner/controller/core conflict,split vp_review resource_distribution owner_core_conflict,split; province_overlap=4; tsr_overlap_rank=2/4; bsr_source_count=1
371,STATE_371,north_america,371,STATE_371,split,1.000,1,4,1,no,yes,yes,requires_manual,owner/controller/core conflict,split vp_review resource_distribution owner_core_conflict,split; province_overlap=4; tsr_overlap_rank=2/5; bsr_source_count=1
375,STATE_375,north_america,375,STATE_375,split,1.000,1,4,1,no,yes,yes,requires_manual,owner/controller/core conflict,split vp_review resource_distribution owner_core_conflict,split; province_overlap=12; tsr_overlap_rank=2/8; bsr_source_count=1
402,STATE_402,asia,402,STATE_402,merge,0.880,2,4,1,no,yes,yes,requires_manual,owner/controller/core conflict,merge vp_review resource_distribution owner_core_conflict,split+merge; province_overlap=22; tsr_overlap_rank=1/3; bsr_source_count=2
404,STATE_404,asia,881,Karagandy,merge,0.864,3,4,0,no,yes,yes,requires_manual,owner/controller/core conflict,merge resource_distribution owner_core_conflict,split+merge; province_overlap=19; tsr_overlap_rank=1/3; bsr_source_count=3
425,Mysore,asia,425,Mysore,split,0.600,2,4,2,no,yes,yes,requires_manual,owner/controller/core conflict,split vp_review resource_distribution owner_core_conflict,split; province_overlap=3; tsr_overlap_rank=2/3; bsr_source_count=1
459,STATE_459,africa,513,Tlmecen,merge,0.667,2,4,1,no,yes,yes,requires_manual,owner/controller/core conflict,merge vp_review resource_distribution owner_core_conflict,split+merge; province_overlap=6; tsr_overlap_rank=1/5; bsr_source_count=2
479,STATE_479,north_america,479,STATE_479,merge,0.400,4,4,1,no,yes,yes,requires_manual,owner/controller/core conflict,merge vp_review resource_distribution owner_core_conflict,split+merge; province_overlap=2; tsr_overlap_rank=2/2; bsr_source_count=4
512,STATE_512,south_america,954,STATE_954,merge,0.800,2,4,0,no,yes,yes,requires_manual,owner/controller/core conflict,merge resource_distribution owner_core_conflict,merge; province_overlap=4; bsr_source_count=2
610,STATE_610,asia,610,Jehol,merge,0.889,2,4,1,no,yes,yes,requires_manual,owner/controller/core conflict,merge vp_review resource_distribution owner_core_conflict,split+merge; province_overlap=8; tsr_overlap_rank=2/3; bsr_source_count=2
640,STATE_640,asia,998,STATE_998,merge,0.714,3,4,1,no,yes,yes,requires_manual,owner/controller/core conflict,merge vp_review resource_distribution owner_core_conflict,split+merge; province_overlap=10; tsr_overlap_rank=1/2; bsr_source_count=3
676,STATE_676,middle_east,676,STATE_676,split,0.500,1,4,2,no,yes,yes,requires_manual,owner/controller/core conflict,split vp_review resource_distribution owner_core_conflict,split; province_overlap=1; tsr_overlap_rank=5/5; bsr_source_count=1
789,STATE_789,europe,42,STATE_42,split,1.000,1,4,1,no,yes,yes,requires_manual,owner/controller/core conflict,split vp_review resource_distribution owner_core_conflict,split; province_overlap=2; tsr_overlap_rank=2/5; bsr_source_count=1
806,STATE_806,europe,153,STATE_153,merge,0.667,2,4,1,no,yes,yes,requires_manual,owner/controller/core conflict,merge vp_review resource_distribution owner_core_conflict,split+merge; province_overlap=2; tsr_overlap_rank=3/4; bsr_source_count=2
807,STATE_807,europe,4,STATE_4,split,1.000,1,4,1,no,yes,yes,requires_manual,owner/controller/core conflict,split vp_review resource_distribution owner_core_conflict,split; province_overlap=2; tsr_overlap_rank=3/3; bsr_source_count=1
814,STATE_814,europe,1048,Moselgebiet,merge,0.500,3,4,0,no,yes,yes,requires_manual,owner/controller/core conflict,merge resource_distribution owner_core_conflict,split+merge; province_overlap=1; tsr_overlap_rank=2/2; bsr_source_count=2
869,STATE_869,europe,109,Croatia,split,1.000,1,4,1,no,yes,yes,requires_manual,owner/controller/core conflict,split vp_review resource_distribution owner_core_conflict,split; province_overlap=1; tsr_overlap_rank=4/4; bsr_source_count=1
872,STATE_872,europe,108,STATE_108,merge,0.667,2,4,0,no,yes,yes,requires_manual,owner/controller/core conflict,merge resource_distribution owner_core_conflict,split+merge; province_overlap=2; tsr_overlap_rank=2/6; bsr_source_count=2
886,STATE_886,europe,972,STATE_972,split,1.000,1,4,1,no,yes,yes,requires_manual,owner/controller/core conflict,split vp_review resource_distribution owner_core_conflict,split; province_overlap=2; tsr_overlap_rank=2/2; bsr_source_count=1
888,STATE_888,europe,972,STATE_972,split,1.000,1,4,0,no,yes,yes,requires_manual,owner/controller/core conflict,split resource_distribution owner_core_conflict,split; province_overlap=3; tsr_overlap_rank=1/2; bsr_source_count=1
899,STATE_899,africa,660,STATE_660,split,1.000,1,4,1,no,yes,yes,requires_manual,owner/controller/core conflict,split vp_review resource_distribution owner_core_conflict,split; province_overlap=1; tsr_overlap_rank=2/2; bsr_source_count=1
901,STATE_901,africa,900,STATE_900,split,0.500,2,4,1,no,yes,yes,requires_manual,owner/controller/core conflict,split vp_review resource_distribution owner_core_conflict,split; province_overlap=1; tsr_overlap_rank=2/3; bsr_source_count=1
904,STATE_904,asia,1031,STATE_1031,split,0.833,2,4,1,no,yes,yes,requires_manual,owner/controller/core conflict,split vp_review resource_distribution owner_core_conflict,split; province_overlap=5; tsr_overlap_rank=1/4; bsr_source_count=1
926,STATE_926,europe,202,STATE_202,split,1.000,1,4,1,no,yes,yes,requires_manual,owner/controller/core conflict,split vp_review resource_distribution owner_core_conflict,split; province_overlap=3; tsr_overlap_rank=1/5; bsr_source_count=1
931,STATE_931,europe,232,Dagestan,split,0.900,2,4,1,no,yes,yes,requires_manual,owner/controller/core conflict,split vp_review resource_distribution owner_core_conflict,split; province_overlap=9; tsr_overlap_rank=1/5; bsr_source_count=1
932,STATE_932,europe,232,Dagestan,split,1.000,1,4,1,no,yes,yes,requires_manual,owner/controller/core conflict,split vp_review resource_distribution owner_core_conflict,split; province_overlap=2; tsr_overlap_rank=3/5; bsr_source_count=1
937,STATE_937,europe,109,Croatia,split,1.000,1,4,1,no,yes,yes,requires_manual,owner/controller/core conflict,split vp_review resource_distribution owner_core_conflict,split; province_overlap=2; tsr_overlap_rank=2/4; bsr_source_count=1
945,STATE_945,middle_east,1010,STATE_1010,split,1.000,1,4,1,no,yes,yes,requires_manual,owner/controller/core conflict,split vp_review resource_distribution owner_core_conflict,split; province_overlap=2; tsr_overlap_rank=1/2; bsr_source_count=1
950,STATE_950,middle_east,1055,STATE_1055,split,1.000,1,4,1,no,yes,yes,requires_manual,owner/controller/core conflict,split vp_review resource_distribution owner_core_conflict,split; province_overlap=2; tsr_overlap_rank=2/3; bsr_source_count=1
982,STATE_982,asia,1023,STATE_1023,split,1.000,2,4,0,no,yes,yes,requires_manual,owner/controller/core conflict,split resource_distribution owner_core_conflict,split; province_overlap=1; tsr_overlap_rank=2/2; bsr_source_count=1
989,STATE_989,europe,158,STATE_158,split,1.000,2,4,1,no,yes,yes,requires_manual,owner/controller/core conflict,split vp_review resource_distribution owner_core_conflict,split; province_overlap=3; tsr_overlap_rank=3/6; bsr_source_count=1
1013,STATE_1013,europe,923,STATE_923,merge,0.750,2,4,0,no,yes,yes,requires_manual,owner/controller/core conflict,merge resource_distribution owner_core_conflict,split+merge; province_overlap=3; tsr_overlap_rank=2/2; bsr_source_count=2
1014,STATE_1014,europe,144,Nordland,merge,0.875,2,4,0,no,yes,yes,requires_manual,owner/controller/core conflict,merge resource_distribution owner_core_conflict,split+merge; province_overlap=7; tsr_overlap_rank=1/2; bsr_source_count=2
1048,STATE_1048,europe,104,STATE_104,split,1.000,1,4,1,no,yes,yes,requires_manual,owner/controller/core conflict,split vp_review resource_distribution owner_core_conflict,split; province_overlap=4; tsr_overlap_rank=1/8; bsr_source_count=1
1079,STATE_1079,asia,1017,STATE_1017,split,1.000,1,4,1,no,yes,yes,requires_manual,owner/controller/core conflict,split vp_review resource_distribution owner_core_conflict,split; province_overlap=7; tsr_overlap_rank=2/2; bsr_source_count=1
1107,STATE_1107,europe,153,STATE_153,merge,0.500,2,4,1,no,yes,yes,requires_manual,owner/controller/core conflict,merge vp_review resource_distribution owner_core_conflict,split+merge; province_overlap=2; tsr_overlap_rank=2/4; bsr_source_count=2
1126,STATE_1126,europe,193,Chernihiv,merge,0.833,2,4,1,no,yes,yes,requires_manual,owner/controller/core conflict,merge vp_review resource_distribution owner_core_conflict,split+merge; province_overlap=5; tsr_overlap_rank=2/5; bsr_source_count=2
1129,STATE_1129,asia,1005,STATE_1005,split,1.000,1,4,1,no,yes,yes,requires_manual,owner/controller/core conflict,split vp_review resource_distribution owner_core_conflict,split; province_overlap=1; tsr_overlap_rank=3/3; bsr_source_count=1
1131,STATE_1131,asia,1008,STATE_1008,merge,0.400,3,4,1,no,yes,yes,requires_manual,owner/controller/core conflict,merge vp_review resource_distribution owner_core_conflict,split+merge; province_overlap=2; tsr_overlap_rank=2/3; bsr_source_count=2
1148,STATE_1148,asia,589,STATE_589,merge,0.917,2,4,1,no,yes,yes,requires_manual,owner/controller/core conflict,merge vp_review resource_distribution owner_core_conflict,split+merge; province_overlap=11; tsr_overlap_rank=1/2; bsr_source_count=2
1179,STATE_1179,europe,48,STATE_48,split,1.000,1,4,1,no,yes,yes,requires_manual,owner/controller/core conflict,split vp_review resource_distribution owner_core_conflict,split; province_overlap=1; tsr_overlap_rank=3/3; bsr_source_count=1
1182,STATE_1182,europe,980,STATE_980,split,1.000,1,4,0,no,yes,yes,requires_manual,owner/controller/core conflict,split resource_distribution owner_core_conflict,split; province_overlap=2; tsr_overlap_rank=1/3; bsr_source_count=1
1185,STATE_1185,europe,20,Rhone,split,1.000,1,4,1,no,yes,yes,requires_manual,owner/controller/core conflict,split vp_review resource_distribution owner_core_conflict,split; province_overlap=2; tsr_overlap_rank=2/7; bsr_source_count=1
1197,STATE_1197,africa,548,STATE_548,split,1.000,1,4,1,no,yes,yes,requires_manual,owner/controller/core conflict,split vp_review resource_distribution owner_core_conflict,split; province_overlap=1; tsr_overlap_rank=2/2; bsr_source_count=1
1204,STATE_1204,europe,106,STATE_106,split,0.500,2,4,1,no,yes,yes,requires_manual,owner/controller/core conflict,split vp_review resource_distribution owner_core_conflict,split; province_overlap=1; tsr_overlap_rank=2/3; bsr_source_count=1
1215,STATE_1215,africa,275,Transvaal,split,1.000,1,4,1,no,yes,yes,requires_manual,owner/controller/core conflict,split vp_review resource_distribution owner_core_conflict,split; province_overlap=1; tsr_overlap_rank=5/6; bsr_source_count=1
1216,STATE_1216,africa,275,Transvaal,split,1.000,1,4,1,no,yes,yes,requires_manual,owner/controller/core conflict,split vp_review resource_distribution owner_core_conflict,split; province_overlap=2; tsr_overlap_rank=3/6; bsr_source_count=1
1222,STATE_1222,europe,229,STATE_229,split,1.000,1,4,1,no,yes,yes,requires_manual,owner/controller/core conflict,split vp_review resource_distribution owner_core_conflict,split; province_overlap=3; tsr_overlap_rank=2/6; bsr_source_count=1
1229,STATE_1229,europe,934,STATE_934,split,1.000,1,4,1,no,yes,yes,requires_manual,owner/controller/core conflict,split vp_review resource_distribution owner_core_conflict,split; province_overlap=1; tsr_overlap_rank=2/2; bsr_source_count=1
1250,STATE_1250,asia,588,Semipalatinsk,split,1.000,1,4,1,no,yes,yes,requires_manual,owner/controller/core conflict,split vp_review resource_distribution owner_core_conflict,split; province_overlap=5; tsr_overlap_rank=2/4; bsr_source_count=1
1270,STATE_1270,europe,20,Rhone,split,1.000,1,4,1,no,yes,yes,requires_manual,owner/controller/core conflict,split vp_review resource_distribution owner_core_conflict,split; province_overlap=1; tsr_overlap_rank=6/7; bsr_source_count=1
1273,STATE_1273,asia,742,STATE_742,split,1.000,1,4,1,no,yes,yes,requires_manual,owner/controller/core conflict,split vp_review resource_distribution owner_core_conflict,split; province_overlap=1; tsr_overlap_rank=3/3; bsr_source_count=1
1275,STATE_1275,europe,67,STATE_67,split,1.000,1,4,1,no,yes,yes,requires_manual,owner/controller/core conflict,split vp_review resource_distribution owner_core_conflict,split; province_overlap=1; tsr_overlap_rank=2/5; bsr_source_count=1
1323,STATE_1323,south_america,688,STATE_688,split,1.000,1,4,1,no,yes,yes,requires_manual,owner/controller/core conflict,split vp_review resource_distribution owner_core_conflict,split; province_overlap=2; tsr_overlap_rank=2/2; bsr_source_count=1
1325,STATE_1325,europe,71,STATE_71,split,1.000,1,4,1,no,yes,yes,requires_manual,owner/controller/core conflict,split vp_review resource_distribution owner_core_conflict,split; province_overlap=1; tsr_overlap_rank=3/3; bsr_source_count=1
1330,STATE_1330,asia,999,STATE_999,merge,0.800,2,4,0,no,yes,yes,requires_manual,owner/controller/core conflict,merge resource_distribution owner_core_conflict,split+merge; province_overlap=8; tsr_overlap_rank=1/3; bsr_source_count=2
1332,STATE_1332,europe,68,STATE_68,split,1.000,1,4,1,no,yes,yes,requires_manual,owner/controller/core conflict,split vp_review resource_distribution owner_core_conflict,split; province_overlap=1; tsr_overlap_rank=5/6; bsr_source_count=1
1344,STATE_1344,asia,592,STATE_592,split,1.000,1,4,1,no,yes,yes,requires_manual,owner/controller/core conflict,split vp_review resource_distribution owner_core_conflict,split; province_overlap=1; tsr_overlap_rank=3/3; bsr_source_count=1
1347,STATE_1347,europe,67,STATE_67,split,1.000,1,4,1,no,yes,yes,requires_manual,owner/controller/core conflict,split vp_review resource_distribution owner_core_conflict,split; province_overlap=1; tsr_overlap_rank=1/5; bsr_source_count=1
1403,STATE_1403,europe,108,STATE_108,split,1.000,1,4,1,no,yes,yes,requires_manual,owner/controller/core conflict,split vp_review resource_distribution owner_core_conflict,split; province_overlap=2; tsr_overlap_rank=3/6; bsr_source_count=1
1404,STATE_1404,europe,104,STATE_104,split,1.000,1,4,1,no,yes,yes,requires_manual,owner/controller/core conflict,split vp_review resource_distribution owner_core_conflict,split; province_overlap=1; tsr_overlap_rank=7/8; bsr_source_count=1
1406,STATE_1406,europe,92,STATE_92,split,0.500,1,4,1,no,yes,yes,requires_manual,owner/controller/core conflict,split vp_review resource_distribution owner_core_conflict,split; province_overlap=2; tsr_overlap_rank=3/4; bsr_source_count=1
1438,STATE_1438,europe,189,STATE_189,split,1.000,1,4,1,no,yes,yes,requires_manual,owner/controller/core conflict,split vp_review resource_distribution owner_core_conflict,split; province_overlap=1; tsr_overlap_rank=2/3; bsr_source_count=1
1468,STATE_1468,asia,742,STATE_742,split,1.000,1,4,1,no,yes,yes,requires_manual,owner/controller/core conflict,split vp_review resource_distribution owner_core_conflict,split; province_overlap=4; tsr_overlap_rank=2/3; bsr_source_count=1
1469,STATE_1469,asia,404,Kyzyl Orda,merge,0.417,5,4,1,no,yes,yes,requires_manual,owner/controller/core conflict,merge vp_review resource_distribution owner_core_conflict,split+merge; province_overlap=5; tsr_overlap_rank=2/4; bsr_source_count=2
1477,STATE_1477,asia,588,Semipalatinsk,split,1.000,1,4,1,no,yes,yes,requires_manual,owner/controller/core conflict,split vp_review resource_distribution owner_core_conflict,split; province_overlap=1; tsr_overlap_rank=4/4; bsr_source_count=1
1487,STATE_1487,europe,229,STATE_229,split,1.000,1,4,1,no,yes,yes,requires_manual,owner/controller/core conflict,split vp_review resource_distribution owner_core_conflict,split; province_overlap=1; tsr_overlap_rank=6/6; bsr_source_count=1
1491,STATE_1491,europe,202,STATE_202,split,1.000,1,4,1,no,yes,yes,requires_manual,owner/controller/core conflict,split vp_review resource_distribution owner_core_conflict,split; province_overlap=2; tsr_overlap_rank=4/5; bsr_source_count=1
1529,STATE_1529,africa,981,Barotseland,split,1.000,1,4,1,no,yes,yes,requires_manual,owner/controller/core conflict,split vp_review resource_distribution owner_core_conflict,split; province_overlap=1; tsr_overlap_rank=2/2; bsr_source_count=1
1530,Zambia,africa,771,Zambia,split,1.000,1,4,1,no,yes,yes,requires_manual,owner/controller/core conflict,split vp_review resource_distribution owner_core_conflict,split; province_overlap=1; tsr_overlap_rank=3/4; bsr_source_count=1
1534,STATE_1534,africa,542,STATE_542,split,0.500,1,4,1,no,yes,yes,requires_manual,owner/controller/core conflict,split vp_review resource_distribution owner_core_conflict,split; province_overlap=1; tsr_overlap_rank=2/4; bsr_source_count=1
1537,STATE_1537,africa,542,STATE_542,split,1.000,1,4,1,no,yes,yes,requires_manual,owner/controller/core conflict,split vp_review resource_distribution owner_core_conflict,split; province_overlap=1; tsr_overlap_rank=3/4; bsr_source_count=1
1539,STATE_1539,africa,889,STATE_889,split,0.600,2,4,1,no,yes,yes,requires_manual,owner/controller/core conflict,split vp_review resource_distribution owner_core_conflict,split; province_overlap=3; tsr_overlap_rank=1/3; bsr_source_count=1
1582,STATE_1582,europe,785,STATE_785,split,0.667,1,4,1,no,yes,yes,requires_manual,owner/controller/core conflict,split vp_review resource_distribution owner_core_conflict,split; province_overlap=2; tsr_overlap_rank=3/3; bsr_source_count=1
1589,STATE_1589,europe,92,STATE_92,split,1.000,1,4,1,no,yes,yes,requires_manual,owner/controller/core conflict,split vp_review resource_distribution owner_core_conflict,split; province_overlap=1; tsr_overlap_rank=4/4; bsr_source_count=1
1595,STATE_1595,europe,184,STATE_184,split,1.000,1,4,1,no,yes,yes,requires_manual,owner/controller/core conflict,split vp_review resource_distribution owner_core_conflict,split; province_overlap=1; tsr_overlap_rank=4/4; bsr_source_count=1
1628,Savo / Tavastland / Tavastia,europe,929,OULU,merge,0.818,3,4,1,no,yes,yes,requires_manual,owner/controller/core conflict,merge vp_review resource_distribution owner_core_conflict,split+merge; province_overlap=9; tsr_overlap_rank=1/3; bsr_source_count=3
1629,Savo / Tavastland / Tavastia,europe,929,OULU,merge,0.889,2,4,1,no,yes,yes,requires_manual,owner/controller/core conflict,merge vp_review resource_distribution owner_core_conflict,split+merge; province_overlap=8; tsr_overlap_rank=2/3; bsr_source_count=2
1730,STATE_1730,europe,20,Rhone,split,1.000,1,4,1,no,yes,yes,requires_manual,owner/controller/core conflict,split vp_review resource_distribution owner_core_conflict,split; province_overlap=1; tsr_overlap_rank=4/7; bsr_source_count=1
1733,STATE_1733,europe,17,Lorraine,split,1.000,1,4,1,no,yes,yes,requires_manual,owner/controller/core conflict,split vp_review resource_distribution owner_core_conflict,split; province_overlap=1; tsr_overlap_rank=2/6; bsr_source_count=1
1817,STATE_1817,asia,422,STATE_422,split,1.000,1,4,0,no,yes,yes,requires_manual,owner/controller/core conflict,split resource_distribution owner_core_conflict,split; province_overlap=3; tsr_overlap_rank=2/2; bsr_source_count=1
1818,STATE_1818,asia,1005,STATE_1005,merge,0.600,3,4,0,no,yes,yes,requires_manual,owner/controller/core conflict,merge resource_distribution owner_core_conflict,split+merge; province_overlap=3; tsr_overlap_rank=1/3; bsr_source_count=3
1843,STATE_1843,north_america,479,STATE_479,split,1.000,1,4,1,no,yes,yes,requires_manual,owner/controller/core conflict,split vp_review resource_distribution owner_core_conflict,split; province_overlap=5; tsr_overlap_rank=1/2; bsr_source_count=1
1859,STATE_1859,north_america,388,STATE_388,split,1.000,1,4,1,no,yes,yes,requires_manual,owner/controller/core conflict,split vp_review resource_distribution owner_core_conflict,split; province_overlap=4; tsr_overlap_rank=2/3; bsr_source_count=1
1863,STATE_1863,north_america,389,STATE_389,split,1.000,1,4,1,no,yes,yes,requires_manual,owner/controller/core conflict,split vp_review resource_distribution owner_core_conflict,split; province_overlap=3; tsr_overlap_rank=3/3; bsr_source_count=1
1873,STATE_1873,north_america,376,STATE_376,split,1.000,1,4,1,no,yes,yes,requires_manual,owner/controller/core conflict,split vp_review resource_distribution owner_core_conflict,split; province_overlap=1; tsr_overlap_rank=7/7; bsr_source_count=1
1874,STATE_1874,north_america,377,STATE_377,split,0.667,1,4,1,no,yes,yes,requires_manual,owner/controller/core conflict,split vp_review resource_distribution owner_core_conflict,split; province_overlap=2; tsr_overlap_rank=3/4; bsr_source_count=1
1875,STATE_1875,north_america,380,STATE_380,split,1.000,1,4,1,no,yes,yes,requires_manual,owner/controller/core conflict,split vp_review resource_distribution owner_core_conflict,split; province_overlap=1; tsr_overlap_rank=2/2; bsr_source_count=1
1877,STATE_1877,europe,785,STATE_785,split,1.000,1,4,1,no,yes,yes,requires_manual,owner/controller/core conflict,split vp_review resource_distribution owner_core_conflict,split; province_overlap=3; tsr_overlap_rank=1/3; bsr_source_count=1
1881,STATE_1881,asia,444,STATE_444,split,1.000,1,4,1,no,yes,yes,requires_manual,owner/controller/core conflict,split vp_review resource_distribution owner_core_conflict,split; province_overlap=1; tsr_overlap_rank=2/2; bsr_source_count=1
1906,STATE_1906,south_america,512,STATE_512,split,1.000,1,4,1,no,yes,yes,requires_manual,owner/controller/core conflict,split vp_review resource_distribution owner_core_conflict,split; province_overlap=3; tsr_overlap_rank=2/3; bsr_source_count=1
1979,STATE_1979,africa,843,STATE_843,merge,0.500,2,4,1,no,yes,yes,requires_manual,owner/controller/core conflict,merge vp_review resource_distribution owner_core_conflict,split+merge; province_overlap=1; tsr_overlap_rank=1/2; bsr_source_count=3
2012,STATE_2012,europe,109,Croatia,split,1.000,1,4,1,no,yes,yes,requires_manual,owner/controller/core conflict,split vp_review resource_distribution owner_core_conflict,split; province_overlap=1; tsr_overlap_rank=3/4; bsr_source_count=1
2023,STATE_2023,asia,610,Jehol,split,0.700,4,4,1,no,yes,yes,requires_manual,owner/controller/core conflict,split vp_review resource_distribution owner_core_conflict,split; province_overlap=7; tsr_overlap_rank=3/3; bsr_source_count=1
2027,STATE_2027,asia,1033,STATE_1033,split,1.000,1,4,1,no,yes,yes,requires_manual,owner/controller/core conflict,split vp_review resource_distribution owner_core_conflict,split; province_overlap=2; tsr_overlap_rank=2/3; bsr_source_count=1
2032,STATE_2032,europe,68,STATE_68,split,1.000,1,4,1,no,yes,yes,requires_manual,owner/controller/core conflict,split vp_review resource_distribution owner_core_conflict,split; province_overlap=1; tsr_overlap_rank=4/6; bsr_source_count=1
2040,STATE_2040,europe,27,Bourgogne,split,1.000,1,4,1,no,yes,yes,requires_manual,owner/controller/core conflict,split vp_review resource_distribution owner_core_conflict,split; province_overlap=1; tsr_overlap_rank=8/8; bsr_source_count=1
2041,STATE_2041,europe,17,Lorraine,split,1.000,1,4,1,no,yes,yes,requires_manual,owner/controller/core conflict,split vp_review resource_distribution owner_core_conflict,split; province_overlap=1; tsr_overlap_rank=4/6; bsr_source_count=1
2042,STATE_2042,europe,27,Bourgogne,split,1.000,1,4,1,no,yes,yes,requires_manual,owner/controller/core conflict,split vp_review resource_distribution owner_core_conflict,split; province_overlap=1; tsr_overlap_rank=5/8; bsr_source_count=1
2043,STATE_2043,europe,27,Bourgogne,split,1.000,1,4,1,no,yes,yes,requires_manual,owner/controller/core conflict,split vp_review resource_distribution owner_core_conflict,split; province_overlap=2; tsr_overlap_rank=3/8; bsr_source_count=1
2044,STATE_2044,europe,27,Bourgogne,split,1.000,1,4,1,no,yes,yes,requires_manual,owner/controller/core conflict,split vp_review resource_distribution owner_core_conflict,split; province_overlap=1; tsr_overlap_rank=7/8; bsr_source_count=1
4,STATE_4,europe,4,STATE_4,split,1.000,1,3,1,no,yes,yes,requires_manual,owner/controller/core conflict,split vp_review resource_distribution owner_core_conflict,split; province_overlap=5; tsr_overlap_rank=1/3; bsr_source_count=1
8,STATE_8,europe,8,STATE_8,merge,0.500,2,3,0,no,yes,yes,requires_manual,owner/controller/core conflict,merge resource_distribution owner_core_conflict,merge; province_overlap=1; bsr_source_count=2
10,STATE_10,europe,10,STATE_10,merge,0.500,3,3,1,no,yes,yes,requires_manual,owner/controller/core conflict,merge vp_review resource_distribution owner_core_conflict,split+merge; province_overlap=3; tsr_overlap_rank=2/4; bsr_source_count=3
12,STATE_12,europe,808,STATE_808,split,1.000,1,3,0,no,yes,yes,requires_manual,owner/controller/core conflict,split resource_distribution owner_core_conflict,split; province_overlap=1; tsr_overlap_rank=2/2; bsr_source_count=1
17,STATE_17,europe,17,Lorraine,split,0.600,3,3,1,no,yes,yes,requires_manual,owner/controller/core conflict,split vp_review resource_distribution owner_core_conflict,split; province_overlap=3; tsr_overlap_rank=1/6; bsr_source_count=1
23,STATE_23,europe,23,STATE_23,merge,0.875,2,3,0,no,yes,yes,requires_manual,owner/controller/core conflict,merge resource_distribution owner_core_conflict,split+merge; province_overlap=7; tsr_overlap_rank=1/2; bsr_source_count=2
35,STATE_35,europe,35,STATE_35,split,1.000,1,3,1,no,yes,yes,requires_manual,owner/controller/core conflict,split vp_review resource_distribution owner_core_conflict,split; province_overlap=2; tsr_overlap_rank=1/5; bsr_source_count=1
38,STATE_38,europe,918,Västerbotten,merge,1.000,2,3,0,no,yes,yes,requires_manual,owner/controller/core conflict,merge resource_distribution owner_core_conflict,merge; province_overlap=34; bsr_source_count=2
39,STATE_39,europe,39,(South Tyrol) Alto Adige,split,1.000,1,3,1,no,yes,yes,requires_manual,owner/controller/core conflict,split vp_review resource_distribution owner_core_conflict,split; province_overlap=3; tsr_overlap_rank=1/3; bsr_source_count=1
48,STATE_48,europe,48,STATE_48,split,1.000,1,3,1,no,yes,yes,requires_manual,owner/controller/core conflict,split vp_review resource_distribution owner_core_conflict,split; province_overlap=5; tsr_overlap_rank=1/3; bsr_source_count=1
60,STATE_60,europe,60,STATE_60,split,1.000,1,3,1,no,yes,yes,requires_manual,owner/controller/core conflict,split vp_review resource_distribution owner_core_conflict,split; province_overlap=6; tsr_overlap_rank=1/2; bsr_source_count=1
90,STATE_90,europe,90,Kielce,merge,0.714,2,3,0,no,yes,yes,requires_manual,owner/controller/core conflict,merge resource_distribution owner_core_conflict,split+merge; province_overlap=5; tsr_overlap_rank=1/2; bsr_source_count=2
107,STATE_107,europe,107,STATE_107,merge,0.875,2,3,0,no,yes,yes,requires_manual,owner/controller/core conflict,merge resource_distribution owner_core_conflict,split+merge; province_overlap=7; tsr_overlap_rank=1/2; bsr_source_count=2
117,STATE_117,europe,117,Campania,merge,0.833,2,3,0,no,yes,yes,requires_manual,owner/controller/core conflict,merge resource_distribution owner_core_conflict,split+merge; province_overlap=5; tsr_overlap_rank=1/2; bsr_source_count=2
119,STATE_119,europe,119,STATE_119,split,1.000,1,3,1,no,yes,yes,requires_manual,owner/controller/core conflict,split vp_review resource_distribution owner_core_conflict,split; province_overlap=2; tsr_overlap_rank=2/4; bsr_source_count=1
142,STATE_142,europe,142,STATE_142,merge,0.895,2,3,0,no,yes,yes,requires_manual,owner/controller/core conflict,merge resource_distribution owner_core_conflict,split+merge; province_overlap=17; tsr_overlap_rank=1/3; bsr_source_count=2
152,STATE_152,europe,152,STATE_152,split,1.000,1,3,1,no,yes,yes,requires_manual,owner/controller/core conflict,split vp_review resource_distribution owner_core_conflict,split; province_overlap=2; tsr_overlap_rank=1/4; bsr_source_count=1
183,STATE_183,europe,183,STATE_183,split,1.000,1,3,1,no,yes,yes,requires_manual,owner/controller/core conflict,split vp_review resource_distribution owner_core_conflict,split; province_overlap=1; tsr_overlap_rank=2/2; bsr_source_count=1
271,STATE_271,africa,271,STATE_271,merge,0.750,5,3,0,no,yes,yes,requires_manual,owner/controller/core conflict,merge resource_distribution owner_core_conflict,merge; province_overlap=3; bsr_source_count=9
275,STATE_275,africa,275,Transvaal,split,1.000,1,3,1,no,yes,yes,requires_manual,owner/controller/core conflict,split vp_review resource_distribution owner_core_conflict,split; province_overlap=4; tsr_overlap_rank=1/6; bsr_source_count=1
286,STATE_286,asia,1088,STATE_1088,split,0.875,2,3,0,no,yes,yes,requires_manual,owner/controller/core conflict,split resource_distribution owner_core_conflict,split; province_overlap=7; tsr_overlap_rank=1/2; bsr_source_count=1
328,STATE_328,asia,328,Kirin,split,1.000,1,3,1,no,yes,yes,requires_manual,owner/controller/core conflict,split vp_review resource_distribution owner_core_conflict,split; province_overlap=9; tsr_overlap_rank=3/4; bsr_source_count=1
335,STATE_335,asia,335,Java,merge,0.667,2,3,0,no,yes,yes,requires_manual,owner/controller/core conflict,merge resource_distribution owner_core_conflict,split+merge; province_overlap=6; tsr_overlap_rank=1/3; bsr_source_count=2
336,STATE_336,asia,1085,STATE_1085,merge,1.000,5,3,0,no,yes,yes,requires_manual,owner/controller/core conflict,merge resource_distribution owner_core_conflict,merge; province_overlap=5; bsr_source_count=6
419,STATE_419,middle_east,1000,STATE_1000,merge,1.000,2,3,0,no,yes,yes,requires_manual,owner/controller/core conflict,merge resource_distribution owner_core_conflict,merge; province_overlap=5; bsr_source_count=2
458,STATE_458,africa,458,STATE_458,split,1.000,1,3,1,no,yes,yes,requires_manual,owner/controller/core conflict,split vp_review resource_distribution owner_core_conflict,split; province_overlap=9; tsr_overlap_rank=1/2; bsr_source_count=1
542,STATE_542,africa,542,STATE_542,split,1.000,1,3,1,no,yes,yes,requires_manual,owner/controller/core conflict,split vp_review resource_distribution owner_core_conflict,split; province_overlap=2; tsr_overlap_rank=1/4; bsr_source_count=1
588,STATE_588,asia,882,Pavlodar,merge,1.000,2,3,0,no,yes,yes,requires_manual,owner/controller/core conflict,merge resource_distribution owner_core_conflict,merge; province_overlap=9; bsr_source_count=2
593,STATE_593,asia,593,STATE_593,split,1.000,1,3,1,no,yes,yes,requires_manual,owner/controller/core conflict,split vp_review resource_distribution owner_core_conflict,split; province_overlap=13; tsr_overlap_rank=1/2; bsr_source_count=1
599,STATE_599,asia,594,STATE_594,split,0.929,2,3,0,no,yes,yes,requires_manual,owner/controller/core conflict,split resource_distribution owner_core_conflict,split; province_overlap=13; tsr_overlap_rank=1/2; bsr_source_count=1
601,STATE_601,asia,601,STATE_601,split,1.000,1,3,1,no,yes,yes,requires_manual,owner/controller/core conflict,split vp_review resource_distribution owner_core_conflict,split; province_overlap=3; tsr_overlap_rank=1/3; bsr_source_count=1
612,STATE_612,asia,612,STATE_612,merge,0.786,2,3,0,no,yes,yes,requires_manual,owner/controller/core conflict,merge resource_distribution owner_core_conflict,split+merge; province_overlap=11; tsr_overlap_rank=1/2; bsr_source_count=2
617,STATE_617,asia,617,STATE_617,merge,0.917,5,3,1,no,yes,yes,requires_manual,owner/controller/core conflict,merge vp_review resource_distribution owner_core_conflict,split+merge; province_overlap=11; tsr_overlap_rank=1/2; bsr_source_count=5
621,STATE_621,asia,621,STATE_621,split,1.000,1,3,1,no,yes,yes,requires_manual,owner/controller/core conflict,split vp_review resource_distribution owner_core_conflict,split; province_overlap=8; tsr_overlap_rank=1/2; bsr_source_count=1
664,STATE_664,europe,664,STATE_664,split,1.000,1,3,1,no,yes,yes,requires_manual,owner/controller/core conflict,split vp_review resource_distribution owner_core_conflict,split; province_overlap=4; tsr_overlap_rank=1/2; bsr_source_count=1
666,STATE_666,europe,666,STATE_666,split,1.000,1,3,1,no,yes,yes,requires_manual,owner/controller/core conflict,split vp_review resource_distribution owner_core_conflict,split; province_overlap=23; tsr_overlap_rank=1/2; bsr_source_count=1
669,STATE_669,australia,1079,STATE_1079,merge,0.857,2,3,0,no,yes,yes,requires_manual,owner/controller/core conflict,merge resource_distribution owner_core_conflict,split+merge; province_overlap=6; tsr_overlap_rank=1/2; bsr_source_count=2
671,STATE_671,asia,671,STATE_671,split,1.000,1,3,1,no,yes,yes,requires_manual,owner/controller/core conflict,split vp_review resource_distribution owner_core_conflict,split; province_overlap=4; tsr_overlap_rank=2/3; bsr_source_count=1
672,STATE_672,asia,1070,STATE_1070,split,1.000,1,3,0,no,yes,yes,requires_manual,owner/controller/core conflict,split resource_distribution owner_core_conflict,split; province_overlap=8; tsr_overlap_rank=1/4; bsr_source_count=1
718,STATE_718,africa,890,STATE_890,merge,1.000,2,3,0,no,yes,yes,requires_manual,owner/controller/core conflict,merge resource_distribution owner_core_conflict,merge; province_overlap=7; bsr_source_count=2
771,Zambia,africa,771,Zambia,split,1.000,1,3,1,no,yes,yes,requires_manual,owner/controller/core conflict,split vp_review resource_distribution owner_core_conflict,split; province_overlap=2; tsr_overlap_rank=2/4; bsr_source_count=1
871,STATE_871,europe,970,STATE_970,split,0.667,1,3,0,no,yes,yes,requires_manual,owner/controller/core conflict,split resource_distribution owner_core_conflict,split; province_overlap=2; tsr_overlap_rank=1/2; bsr_source_count=1
906,STATE_906,asia,1029,STATE_1029,split,0.800,2,3,0,no,yes,yes,requires_manual,owner/controller/core conflict,split resource_distribution owner_core_conflict,split; province_overlap=4; tsr_overlap_rank=1/3; bsr_source_count=1
909,STATE_909,asia,1028,STATE_1028,split,0.933,2,3,0,no,yes,yes,requires_manual,owner/controller/core conflict,split resource_distribution owner_core_conflict,split; province_overlap=14; tsr_overlap_rank=1/2; bsr_source_count=1
928,STATE_928,europe,215,STATE_215,split,0.875,2,3,0,no,yes,yes,requires_manual,owner/controller/core conflict,split resource_distribution owner_core_conflict,split; province_overlap=14; tsr_overlap_rank=1/5; bsr_source_count=1
929,STATE_929,europe,215,STATE_215,split,0.923,2,3,0,no,yes,yes,requires_manual,owner/controller/core conflict,split resource_distribution owner_core_conflict,split; province_overlap=12; tsr_overlap_rank=2/5; bsr_source_count=1
981,STATE_981,asia,1083,STATE_1083,split,1.000,1,3,0,no,yes,yes,requires_manual,owner/controller/core conflict,split resource_distribution owner_core_conflict,split; province_overlap=2; tsr_overlap_rank=1/2; bsr_source_count=1
999,STATE_999,asia,402,STATE_402,split,1.000,1,3,0,no,yes,yes,requires_manual,owner/controller/core conflict,split resource_distribution owner_core_conflict,split; province_overlap=7; tsr_overlap_rank=2/3; bsr_source_count=1
1010,STATE_1010,europe,921,Telemark,merge,0.600,2,3,0,no,yes,yes,requires_manual,owner/controller/core conflict,merge resource_distribution owner_core_conflict,split+merge; province_overlap=6; tsr_overlap_rank=1/3; bsr_source_count=2
1011,STATE_1011,europe,920,STATE_920,split,1.000,1,3,0,no,yes,yes,requires_manual,owner/controller/core conflict,split resource_distribution owner_core_conflict,split; province_overlap=11; tsr_overlap_rank=1/4; bsr_source_count=1
1046,STATE_1046,europe,804,STATE_804,split,1.000,1,3,0,no,yes,yes,requires_manual,owner/controller/core conflict,split resource_distribution owner_core_conflict,split; province_overlap=3; tsr_overlap_rank=1/2; bsr_source_count=1
1066,STATE_1066,europe,852,Dalmatia,split,1.000,1,3,0,no,yes,yes,requires_manual,owner/controller/core conflict,split resource_distribution owner_core_conflict,split; province_overlap=1; tsr_overlap_rank=1/2; bsr_source_count=1
1080,STATE_1080,asia,1017,STATE_1017,split,1.000,1,3,0,no,yes,yes,requires_manual,owner/controller/core conflict,split resource_distribution owner_core_conflict,split; province_overlap=8; tsr_overlap_rank=1/2; bsr_source_count=1
1090,STATE_1090,asia,560,Nikolayevsk,split,1.000,1,3,0,no,yes,yes,requires_manual,owner/controller/core conflict,split resource_distribution owner_core_conflict,split; province_overlap=5; tsr_overlap_rank=2/2; bsr_source_count=1
1094,STATE_1094,asia,1084,STATE_1084,split,1.000,1,3,0,no,yes,yes,requires_manual,owner/controller/core conflict,split resource_distribution owner_core_conflict,split; province_overlap=4; tsr_overlap_rank=1/2; bsr_source_count=1
1110,STATE_1110,africa,558,STATE_558,split,1.000,1,3,0,no,yes,yes,requires_manual,owner/controller/core conflict,split resource_distribution owner_core_conflict,split; province_overlap=4; tsr_overlap_rank=1/2; bsr_source_count=1
1135,STATE_1135,africa,889,STATE_889,split,1.000,1,3,0,no,yes,yes,requires_manual,owner/controller/core conflict,split resource_distribution owner_core_conflict,split; province_overlap=1; tsr_overlap_rank=3/3; bsr_source_count=1
1156,STATE_1156,europe,184,STATE_184,split,1.000,1,3,0,no,yes,yes,requires_manual,owner/controller/core conflict,split resource_distribution owner_core_conflict,split; province_overlap=1; tsr_overlap_rank=1/4; bsr_source_count=1
1160,STATE_1160,europe,731,STATE_731,split,1.000,1,3,0,no,yes,yes,requires_manual,owner/controller/core conflict,split resource_distribution owner_core_conflict,split; province_overlap=1; tsr_overlap_rank=4/6; bsr_source_count=1
1221,STATE_1221,africa,275,Transvaal,split,1.000,1,3,0,no,yes,yes,requires_manual,owner/controller/core conflict,split resource_distribution owner_core_conflict,split; province_overlap=2; tsr_overlap_rank=2/6; bsr_source_count=1
1228,STATE_1228,europe,934,STATE_934,split,1.000,1,3,0,no,yes,yes,requires_manual,owner/controller/core conflict,split resource_distribution owner_core_conflict,split; province_overlap=2; tsr_overlap_rank=1/2; bsr_source_count=1
1299,STATE_1299,middle_east,1015,STATE_1015,merge,1.000,2,3,0,no,yes,yes,requires_manual,owner/controller/core conflict,merge resource_distribution owner_core_conflict,merge; province_overlap=2; bsr_source_count=2
1314,STATE_1314,australia,1079,STATE_1079,split,1.000,1,3,1,no,yes,yes,requires_manual,owner/controller/core conflict,split vp_review resource_distribution owner_core_conflict,split; province_overlap=2; tsr_overlap_rank=2/2; bsr_source_count=1
1316,STATE_1316,asia,599,STATE_599,split,1.000,1,3,0,no,yes,yes,requires_manual,owner/controller/core conflict,split resource_distribution owner_core_conflict,split; province_overlap=9; tsr_overlap_rank=1/2; bsr_source_count=1
1376,STATE_1376,europe,664,STATE_664,split,1.000,1,3,0,no,yes,yes,requires_manual,owner/controller/core conflict,split resource_distribution owner_core_conflict,split; province_overlap=2; tsr_overlap_rank=2/2; bsr_source_count=1
1380,STATE_1380,europe,215,STATE_215,split,1.000,1,3,0,no,yes,yes,requires_manual,owner/controller/core conflict,split resource_distribution owner_core_conflict,split; province_overlap=2; tsr_overlap_rank=4/5; bsr_source_count=1
1454,STATE_1454,europe,12,STATE_12,merge,1.000,3,3,0,no,yes,yes,requires_manual,owner/controller/core conflict,merge resource_distribution owner_core_conflict,merge; province_overlap=5; bsr_source_count=3
1492,STATE_1492,africa,900,STATE_900,split,1.000,1,3,0,no,yes,yes,requires_manual,owner/controller/core conflict,split resource_distribution owner_core_conflict,split; province_overlap=3; tsr_overlap_rank=1/3; bsr_source_count=1
1528,STATE_1528,africa,981,Barotseland,split,1.000,1,3,0,no,yes,yes,requires_manual,owner/controller/core conflict,split resource_distribution owner_core_conflict,split; province_overlap=3; tsr_overlap_rank=1/2; bsr_source_count=1
1536,STATE_1536,africa,542,STATE_542,split,1.000,1,3,0,no,yes,yes,requires_manual,owner/controller/core conflict,split resource_distribution owner_core_conflict,split; province_overlap=1; tsr_overlap_rank=4/4; bsr_source_count=1
1581,STATE_1581,europe,17,Lorraine,split,1.000,1,3,0,no,yes,yes,requires_manual,owner/controller/core conflict,split resource_distribution owner_core_conflict,split; province_overlap=1; tsr_overlap_rank=3/6; bsr_source_count=1
1618,STATE_1618,north_america,371,STATE_371,split,1.000,1,3,0,no,yes,yes,requires_manual,owner/controller/core conflict,split resource_distribution owner_core_conflict,split; province_overlap=1; tsr_overlap_rank=5/5; bsr_source_count=1
1627,Savo / Tavastland / Tavastia,europe,927,HÄME,merge,0.714,6,3,0,no,yes,yes,requires_manual,owner/controller/core conflict,merge resource_distribution owner_core_conflict,split+merge; province_overlap=10; tsr_overlap_rank=1/4; bsr_source_count=6
1712,STATE_1712,europe,92,STATE_92,split,1.000,1,3,0,no,yes,yes,requires_manual,owner/controller/core conflict,split resource_distribution owner_core_conflict,split; province_overlap=3; tsr_overlap_rank=2/4; bsr_source_count=1
1762,STATE_1762,europe,925,STATE_925,split,1.000,1,3,0,no,yes,yes,requires_manual,owner/controller/core conflict,split resource_distribution owner_core_conflict,split; province_overlap=5; tsr_overlap_rank=2/2; bsr_source_count=1
1800,STATE_1800,europe,20,Rhone,split,1.000,1,3,0,no,yes,yes,requires_manual,owner/controller/core conflict,split resource_distribution owner_core_conflict,split; province_overlap=2; tsr_overlap_rank=3/7; bsr_source_count=1
1803,STATE_1803,europe,72,STATE_72,split,1.000,1,3,0,no,yes,yes,requires_manual,owner/controller/core conflict,split resource_distribution owner_core_conflict,split; province_overlap=1; tsr_overlap_rank=2/2; bsr_source_count=1
1862,STATE_1862,north_america,381,STATE_381,split,1.000,1,3,0,no,yes,yes,requires_manual,owner/controller/core conflict,split resource_distribution owner_core_conflict,split; province_overlap=5; tsr_overlap_rank=1/6; bsr_source_count=1
1915,STATE_1915,asia,1069,STATE_1069,merge,1.000,3,3,0,no,yes,yes,requires_manual,owner/controller/core conflict,merge resource_distribution owner_core_conflict,merge; province_overlap=3; bsr_source_count=3
1916,STATE_1916,asia,335,Java,split,1.000,1,3,0,no,yes,yes,requires_manual,owner/controller/core conflict,split resource_distribution owner_core_conflict,split; province_overlap=2; tsr_overlap_rank=2/3; bsr_source_count=1
2013,STATE_2013,asia,601,STATE_601,split,1.000,1,3,0,no,yes,yes,requires_manual,owner/controller/core conflict,split resource_distribution owner_core_conflict,split; province_overlap=2; tsr_overlap_rank=3/3; bsr_source_count=1
9,STATE_9,europe,9,STATE_9,split,0.929,2,2,0,no,yes,yes,requires_manual,owner/controller/core conflict,split resource_distribution owner_core_conflict,split; province_overlap=13; tsr_overlap_rank=1/2; bsr_source_count=1
13,STATE_13,europe,812,STATE_812,merge,1.000,3,2,0,no,yes,yes,requires_manual,owner/controller/core conflict,merge resource_distribution owner_core_conflict,merge; province_overlap=4; bsr_source_count=3
19,STATE_19,europe,19,STATE_19,merge,1.000,2,2,0,no,yes,yes,requires_manual,owner/controller/core conflict,merge resource_distribution owner_core_conflict,merge; province_overlap=5; bsr_source_count=2
27,STATE_27,europe,27,Bourgogne,split,1.000,1,2,0,no,yes,yes,requires_manual,owner/controller/core conflict,split resource_distribution owner_core_conflict,split; province_overlap=2; tsr_overlap_rank=1/8; bsr_source_count=1
32,STATE_32,europe,32,STATE_32,split,1.000,1,2,0,no,yes,yes,requires_manual,owner/controller/core conflict,split resource_distribution owner_core_conflict,split; province_overlap=4; tsr_overlap_rank=1/3; bsr_source_count=1
71,STATE_71,europe,71,STATE_71,split,1.000,1,2,0,no,yes,yes,requires_manual,owner/controller/core conflict,split resource_distribution owner_core_conflict,split; province_overlap=3; tsr_overlap_rank=2/3; bsr_source_count=1
72,STATE_72,europe,72,STATE_72,split,1.000,1,2,0,no,yes,yes,requires_manual,owner/controller/core conflict,split resource_distribution owner_core_conflict,split; province_overlap=1; tsr_overlap_rank=1/2; bsr_source_count=1
74,STATE_74,europe,74,STATE_74,split,1.000,1,2,0,no,yes,yes,requires_manual,owner/controller/core conflict,split resource_distribution owner_core_conflict,split; province_overlap=3; tsr_overlap_rank=1/2; bsr_source_count=1
101,STATE_101,europe,101,STATE_101,split,0.800,2,2,0,no,yes,yes,requires_manual,owner/controller/core conflict,split resource_distribution owner_core_conflict,split; province_overlap=4; tsr_overlap_rank=1/2; bsr_source_count=1
106,STATE_106,europe,106,STATE_106,split,1.000,1,2,0,no,yes,yes,requires_manual,owner/controller/core conflict,split resource_distribution owner_core_conflict,split; province_overlap=4; tsr_overlap_rank=1/3; bsr_source_count=1
109,STATE_109,europe,109,Croatia,split,1.000,1,2,0,no,yes,yes,requires_manual,owner/controller/core conflict,split resource_distribution owner_core_conflict,split; province_overlap=7; tsr_overlap_rank=1/4; bsr_source_count=1
143,STATE_143,europe,143,STATE_143,merge,0.941,3,2,0,no,yes,yes,requires_manual,owner/controller/core conflict,merge resource_distribution owner_core_conflict,split+merge; province_overlap=16; tsr_overlap_rank=1/2; bsr_source_count=3
160,STATE_160,europe,160,STATE_160,split,1.000,1,2,0,no,yes,yes,requires_manual,owner/controller/core conflict,split resource_distribution owner_core_conflict,split; province_overlap=4; tsr_overlap_rank=1/3; bsr_source_count=1
196,STATE_196,europe,196,STATE_196,split,1.000,1,2,0,no,yes,yes,requires_manual,owner/controller/core conflict,split resource_distribution owner_core_conflict,split; province_overlap=7; tsr_overlap_rank=1/2; bsr_source_count=1
202,STATE_202,europe,202,STATE_202,split,1.000,1,2,0,no,yes,yes,requires_manual,owner/controller/core conflict,split resource_distribution owner_core_conflict,split; province_overlap=2; tsr_overlap_rank=3/5; bsr_source_count=1
212,STATE_212,europe,212,STATE_212,split,1.000,1,2,0,no,yes,yes,requires_manual,owner/controller/core conflict,split resource_distribution owner_core_conflict,split; province_overlap=6; tsr_overlap_rank=1/4; bsr_source_count=1
215,STATE_215,europe,215,STATE_215,split,0.636,2,2,0,no,yes,yes,requires_manual,owner/controller/core conflict,split resource_distribution owner_core_conflict,split; province_overlap=7; tsr_overlap_rank=3/5; bsr_source_count=1
216,STATE_216,europe,216,STATE_216,merge,0.950,2,2,0,no,yes,yes,requires_manual,owner/controller/core conflict,merge resource_distribution owner_core_conflict,merge; province_overlap=19; bsr_source_count=2
221,STATE_221,europe,221,STATE_221,merge,1.000,2,2,0,no,yes,yes,requires_manual,owner/controller/core conflict,merge resource_distribution owner_core_conflict,merge; province_overlap=11; bsr_source_count=2
226,STATE_226,europe,226,Dnipropertovsk,split,1.000,1,2,0,no,yes,yes,requires_manual,owner/controller/core conflict,split resource_distribution owner_core_conflict,split; province_overlap=7; tsr_overlap_rank=1/2; bsr_source_count=1
227,STATE_227,europe,227,STATE_227,split,1.000,1,2,0,no,yes,yes,requires_manual,owner/controller/core conflict,split resource_distribution owner_core_conflict,split; province_overlap=8; tsr_overlap_rank=1/2; bsr_source_count=1
272,STATE_272,africa,272,STATE_272,split,1.000,1,2,0,no,yes,yes,requires_manual,owner/controller/core conflict,split resource_distribution owner_core_conflict,split; province_overlap=5; tsr_overlap_rank=1/2; bsr_source_count=1
274,STATE_274,africa,274,STATE_274,split,1.000,1,2,0,no,yes,yes,requires_manual,owner/controller/core conflict,split resource_distribution owner_core_conflict,split; province_overlap=5; tsr_overlap_rank=1/2; bsr_source_count=1
288,STATE_288,asia,288,STATE_288,merge,1.000,6,2,0,no,yes,yes,requires_manual,owner/controller/core conflict,merge resource_distribution owner_core_conflict,merge; province_overlap=11; bsr_source_count=6
292,STATE_292,middle_east,854,STATE_854,merge,1.000,6,2,0,no,yes,yes,requires_manual,owner/controller/core conflict,merge resource_distribution owner_core_conflict,merge; province_overlap=5; bsr_source_count=6
333,STATE_333,asia,333,STATE_333,merge,1.000,2,2,0,no,yes,yes,requires_manual,owner/controller/core conflict,merge resource_distribution owner_core_conflict,merge; province_overlap=9; bsr_source_count=3
397,STATE_397,europe,397,STATE_397,merge,0.864,2,2,0,no,yes,yes,requires_manual,owner/controller/core conflict,merge resource_distribution owner_core_conflict,merge; province_overlap=19; bsr_source_count=3
408,STATE_408,asia,408,STATE_408,split,1.000,1,2,0,no,yes,yes,requires_manual,owner/controller/core conflict,split resource_distribution owner_core_conflict,split; province_overlap=1; tsr_overlap_rank=2/2; bsr_source_count=1
409,STATE_409,asia,409,STATE_409,split,1.000,1,2,0,no,yes,yes,requires_manual,owner/controller/core conflict,split resource_distribution owner_core_conflict,split; province_overlap=24; tsr_overlap_rank=1/2; bsr_source_count=1
430,STATE_430,asia,430,STATE_430,merge,0.889,2,2,0,no,yes,yes,requires_manual,owner/controller/core conflict,merge resource_distribution owner_core_conflict,split+merge; province_overlap=8; tsr_overlap_rank=2/2; bsr_source_count=2
442,STATE_442,asia,987,manpower = 217974,merge,1.000,3,2,0,no,yes,yes,requires_manual,owner/controller/core conflict,merge resource_distribution owner_core_conflict,merge; province_overlap=4; bsr_source_count=3
444,STATE_444,asia,444,STATE_444,split,1.000,1,2,0,no,yes,yes,requires_manual,owner/controller/core conflict,split resource_distribution owner_core_conflict,split; province_overlap=4; tsr_overlap_rank=1/2; bsr_source_count=1
447,STATE_447,africa,447,STATE_447,split,0.800,1,2,0,no,yes,yes,requires_manual,owner/controller/core conflict,split resource_distribution owner_core_conflict,split; province_overlap=4; tsr_overlap_rank=1/2; bsr_source_count=1
480,STATE_480,north_america,480,STATE_480,split,1.000,1,2,0,no,yes,yes,requires_manual,owner/controller/core conflict,split resource_distribution owner_core_conflict,split; province_overlap=8; tsr_overlap_rank=1/2; bsr_source_count=1
526,STATE_526,asia,526,STATE_526,split,1.000,1,2,0,no,yes,yes,requires_manual,owner/controller/core conflict,split resource_distribution owner_core_conflict,split; province_overlap=2; tsr_overlap_rank=1/2; bsr_source_count=1
546,STATE_546,africa,546,STATE_546,split,1.000,1,2,0,no,yes,yes,requires_manual,owner/controller/core conflict,split resource_distribution owner_core_conflict,split; province_overlap=11; tsr_overlap_rank=1/3; bsr_source_count=1
548,STATE_548,africa,548,STATE_548,split,1.000,1,2,0,no,yes,yes,requires_manual,owner/controller/core conflict,split resource_distribution owner_core_conflict,split; province_overlap=5; tsr_overlap_rank=1/2; bsr_source_count=1
558,STATE_558,africa,902,STATE_902,merge,1.000,4,2,0,no,yes,yes,requires_manual,owner/controller/core conflict,merge resource_distribution owner_core_conflict,merge; province_overlap=7; bsr_source_count=4
559,STATE_559,africa,559,STATE_559,split,1.000,1,2,0,no,yes,yes,requires_manual,owner/controller/core conflict,split resource_distribution owner_core_conflict,split; province_overlap=8; tsr_overlap_rank=1/2; bsr_source_count=1
560,STATE_560,asia,560,Nikolayevsk,split,1.000,1,2,0,no,yes,yes,requires_manual,owner/controller/core conflict,split resource_distribution owner_core_conflict,split; province_overlap=11; tsr_overlap_rank=1/2; bsr_source_count=1
563,STATE_563,asia,563,Chita,merge,1.000,4,2,0,no,yes,yes,requires_manual,owner/controller/core conflict,merge resource_distribution owner_core_conflict,merge; province_overlap=21; bsr_source_count=2
581,STATE_581,europe,581,STATE_581,split,0.600,3,2,0,no,yes,yes,requires_manual,owner/controller/core conflict,split resource_distribution owner_core_conflict,split; province_overlap=3; tsr_overlap_rank=1/2; bsr_source_count=1
586,STATE_586,asia,586,STATE_586,merge,1.000,2,2,0,no,yes,yes,requires_manual,owner/controller/core conflict,merge resource_distribution owner_core_conflict,merge; province_overlap=10; bsr_source_count=2
589,STATE_589,asia,589,STATE_589,merge,0.750,2,2,0,no,yes,yes,requires_manual,owner/controller/core conflict,merge resource_distribution owner_core_conflict,split+merge; province_overlap=6; tsr_overlap_rank=2/2; bsr_source_count=2
594,STATE_594,asia,1033,STATE_1033,split,1.000,1,2,0,no,yes,yes,requires_manual,owner/controller/core conflict,split resource_distribution owner_core_conflict,split; province_overlap=5; tsr_overlap_rank=1/3; bsr_source_count=1
615,STATE_615,asia,615,STATE_615,merge,1.000,2,2,0,no,yes,yes,requires_manual,owner/controller/core conflict,merge resource_distribution owner_core_conflict,merge; province_overlap=22; bsr_source_count=2
616,STATE_616,asia,1040,STATE_1040,merge,1.000,2,2,0,no,yes,yes,requires_manual,owner/controller/core conflict,merge resource_distribution owner_core_conflict,merge; province_overlap=6; bsr_source_count=2
619,STATE_619,asia,619,Yarkand,split,1.000,1,2,0,no,yes,yes,requires_manual,owner/controller/core conflict,split resource_distribution owner_core_conflict,split; province_overlap=4; tsr_overlap_rank=1/2; bsr_source_count=1
660,STATE_660,africa,660,STATE_660,split,1.000,1,2,0,no,yes,yes,requires_manual,owner/controller/core conflict,split resource_distribution owner_core_conflict,split; province_overlap=7; tsr_overlap_rank=1/2; bsr_source_count=1
716,STATE_716,asia,716,STATE_716,split,1.000,1,2,0,no,yes,yes,requires_manual,owner/controller/core conflict,split resource_distribution owner_core_conflict,split; province_overlap=14; tsr_overlap_rank=1/4; bsr_source_count=1
723,STATE_723,australia,723,STATE_723,merge,1.000,3,2,0,no,yes,yes,requires_manual,owner/controller/core conflict,merge resource_distribution owner_core_conflict,merge; province_overlap=6; bsr_source_count=3
742,STATE_742,asia,742,STATE_742,split,1.000,1,2,0,no,yes,yes,requires_manual,owner/controller/core conflict,split resource_distribution owner_core_conflict,split; province_overlap=7; tsr_overlap_rank=1/3; bsr_source_count=1
772,STATE_772,africa,772,Middle Congo (Brazzaville),split,1.000,1,2,0,no,yes,yes,requires_manual,owner/controller/core conflict,split resource_distribution owner_core_conflict,split; province_overlap=4; tsr_overlap_rank=1/2; bsr_source_count=1
785,STATE_785,europe,785,STATE_785,split,0.667,2,2,0,no,yes,yes,requires_manual,owner/controller/core conflict,split resource_distribution owner_core_conflict,split; province_overlap=2; tsr_overlap_rank=2/3; bsr_source_count=1
810,STATE_810,europe,975,STATE_975,split,0.667,1,2,0,no,yes,yes,requires_manual,owner/controller/core conflict,split resource_distribution owner_core_conflict,split; province_overlap=2; tsr_overlap_rank=1/2; bsr_source_count=1
867,STATE_867,europe,850,Trentino,merge,1.000,2,2,0,no,yes,yes,requires_manual,owner/controller/core conflict,merge resource_distribution owner_core_conflict,merge; province_overlap=2; bsr_source_count=2
905,STATE_905,asia,1030,STATE_1030,merge,1.000,3,2,0,no,yes,yes,requires_manual,owner/controller/core conflict,merge resource_distribution owner_core_conflict,merge; province_overlap=8; bsr_source_count=3
1041,STATE_1041,asia,993,STATE_993,merge,1.000,3,2,0,no,yes,yes,requires_manual,owner/controller/core conflict,merge resource_distribution owner_core_conflict,merge; province_overlap=4; bsr_source_count=2
1917,STATE_1917,asia,1080,Batavia/Jakarta,split,1.000,1,2,0,no,yes,yes,requires_manual,owner/controller/core conflict,split resource_distribution owner_core_conflict,split; province_overlap=1; tsr_overlap_rank=2/2; bsr_source_count=1
191,STATE_191,europe,191,STATE_191,merge,1.000,3,1,0,no,yes,yes,requires_manual,owner/controller/core conflict,merge resource_distribution owner_core_conflict,merge; province_overlap=5; bsr_source_count=3
197,STATE_197,europe,197,STATE_197,merge,1.000,2,1,0,no,yes,yes,requires_manual,owner/controller/core conflict,merge resource_distribution owner_core_conflict,merge; province_overlap=8; bsr_source_count=2
432,STATE_432,asia,990,STATE_990,same_name,1.000,4,1,0,no,yes,yes,requires_manual,owner/controller/core conflict,resource_distribution owner_core_conflict,province_overlap=3
525,STATE_525,asia,525,STATE_525,split,1.000,1,1,0,no,yes,yes,requires_manual,owner/controller/core conflict,split resource_distribution owner_core_conflict,split; province_overlap=3; tsr_overlap_rank=1/2; bsr_source_count=1
590,Akmolinsk,asia,590,Akmolinsk,merge,1.000,2,1,0,no,yes,yes,requires_manual,owner/controller/core conflict,merge resource_distribution owner_core_conflict,merge; province_overlap=28; bsr_source_count=2
1220,STATE_1220,africa,1068,STATE_1068,same_name,1.000,4,1,0,no,yes,yes,requires_manual,owner/controller/core conflict,resource_distribution owner_core_conflict,province_overlap=1
1413,STATE_1413,europe,99,STATE_99,split,1.000,1,9,5,no,no,yes,requires_manual,owner/controller/core conflict,split vp_review owner_core_conflict,split; province_overlap=2; tsr_overlap_rank=2/3; bsr_source_count=1
1758,STATE_1758,europe,162,STATE_162,split,1.000,1,8,4,no,no,yes,requires_manual,owner/controller/core conflict,split vp_review owner_core_conflict,split; province_overlap=2; tsr_overlap_rank=2/3; bsr_source_count=1
816,STATE_816,europe,849,STATE_849,split,1.000,1,7,3,no,no,yes,requires_manual,owner/controller/core conflict,split vp_review owner_core_conflict,split; province_overlap=3; tsr_overlap_rank=2/2; bsr_source_count=1
943,STATE_943,europe,211,STATE_211,merge,0.750,2,7,3,no,no,yes,requires_manual,owner/controller/core conflict,merge vp_review owner_core_conflict,split+merge; province_overlap=3; tsr_overlap_rank=2/2; bsr_source_count=2
990,STATE_990,europe,2,Latium,split,1.000,1,7,3,no,no,yes,requires_manual,owner/controller/core conflict,split vp_review owner_core_conflict,split; province_overlap=3; tsr_overlap_rank=1/4; bsr_source_count=1
1571,STATE_1571,europe,137,STATE_137,split,1.000,1,7,3,no,no,yes,requires_manual,owner/controller/core conflict,split vp_review owner_core_conflict,split; province_overlap=5; tsr_overlap_rank=1/3; bsr_source_count=1
1975,STATE_1975,europe,36,STATE_36,split,1.000,1,7,4,no,no,yes,requires_manual,owner/controller/core conflict,split vp_review owner_core_conflict,split; province_overlap=1; tsr_overlap_rank=5/5; bsr_source_count=1
99,STATE_99,europe,99,STATE_99,split,0.667,1,6,3,no,no,yes,requires_manual,owner/controller/core conflict,split vp_review owner_core_conflict,split; province_overlap=2; tsr_overlap_rank=3/3; bsr_source_count=1
149,Pohjanmaa,europe,149,VAASA,merge,0.714,3,6,3,no,no,yes,requires_manual,owner/controller/core conflict,merge vp_review owner_core_conflict,split+merge; province_overlap=10; tsr_overlap_rank=1/4; bsr_source_count=3
865,STATE_865,europe,807,STATE_807,split,0.500,1,6,3,no,no,yes,requires_manual,owner/controller/core conflict,split vp_review owner_core_conflict,split; province_overlap=1; tsr_overlap_rank=1/8; bsr_source_count=1
939,STATE_939,europe,103,Dalmatia,split,1.000,1,6,2,no,no,yes,requires_manual,owner/controller/core conflict,split vp_review owner_core_conflict,split; province_overlap=5; tsr_overlap_rank=1/4; bsr_source_count=1
995,STATE_995,middle_east,446,Suez,split,1.000,1,6,2,no,no,yes,requires_manual,owner/controller/core conflict,split vp_review owner_core_conflict,split; province_overlap=2; tsr_overlap_rank=2/2; bsr_source_count=1
1059,STATE_1059,europe,36,STATE_36,split,0.500,2,6,3,no,no,yes,requires_manual,owner/controller/core conflict,split vp_review owner_core_conflict,split; province_overlap=2; tsr_overlap_rank=2/5; bsr_source_count=1
1157,STATE_1157,europe,182,STATE_182,split,1.000,1,6,2,no,no,yes,requires_manual,owner/controller/core conflict,split vp_review owner_core_conflict,split; province_overlap=1; tsr_overlap_rank=2/2; bsr_source_count=1
1226,STATE_1226,europe,231,STATE_231,merge,0.500,3,6,2,no,no,yes,requires_manual,owner/controller/core conflict,merge vp_review owner_core_conflict,split+merge; province_overlap=2; tsr_overlap_rank=4/7; bsr_source_count=2
1233,STATE_1233,middle_east,454,Palestine,split,0.800,2,6,3,no,no,yes,requires_manual,owner/controller/core conflict,split vp_review owner_core_conflict,split; province_overlap=4; tsr_overlap_rank=1/5; bsr_source_count=1
1267,STATE_1267,europe,137,STATE_137,split,1.000,1,6,3,no,no,yes,requires_manual,owner/controller/core conflict,split vp_review owner_core_conflict,split; province_overlap=1; tsr_overlap_rank=3/3; bsr_source_count=1
1329,STATE_1329,europe,64,STATE_64,split,0.667,1,6,3,no,no,yes,requires_manual,owner/controller/core conflict,split vp_review owner_core_conflict,split; province_overlap=2; tsr_overlap_rank=3/6; bsr_source_count=1
1369,STATE_1369,europe,146,KARJALA,split,1.000,1,6,1,no,no,yes,requires_manual,owner/controller/core conflict,split vp_review owner_core_conflict,split; province_overlap=2; tsr_overlap_rank=3/4; bsr_source_count=1
1412,STATE_1412,europe,99,STATE_99,split,1.000,1,6,2,no,no,yes,requires_manual,owner/controller/core conflict,split vp_review owner_core_conflict,split; province_overlap=4; tsr_overlap_rank=1/3; bsr_source_count=1
1426,STATE_1426,europe,86,STATE_86,split,1.000,1,6,1,no,no,yes,requires_manual,owner/controller/core conflict,split vp_review owner_core_conflict,split; province_overlap=1; tsr_overlap_rank=5/6; bsr_source_count=1
1478,STATE_1478,europe,14,STATE_14,split,1.000,1,6,2,no,no,yes,requires_manual,owner/controller/core conflict,split vp_review owner_core_conflict,split; province_overlap=1; tsr_overlap_rank=2/2; bsr_source_count=1
1552,STATE_1552,middle_east,354,STATE_354,split,1.000,1,6,3,no,no,yes,requires_manual,owner/controller/core conflict,split vp_review owner_core_conflict,split; province_overlap=5; tsr_overlap_rank=1/4; bsr_source_count=1
1559,STATE_1559,europe,36,STATE_36,split,1.000,1,6,3,no,no,yes,requires_manual,owner/controller/core conflict,split vp_review owner_core_conflict,split; province_overlap=2; tsr_overlap_rank=1/5; bsr_source_count=1
1561,STATE_1561,europe,807,STATE_807,split,1.000,1,6,3,no,no,yes,requires_manual,owner/controller/core conflict,split vp_review owner_core_conflict,split; province_overlap=1; tsr_overlap_rank=5/8; bsr_source_count=1
1586,STATE_1586,middle_east,454,Palestine,split,1.000,1,6,3,no,no,yes,requires_manual,owner/controller/core conflict,split vp_review owner_core_conflict,split; province_overlap=1; tsr_overlap_rank=3/5; bsr_source_count=1
1728,STATE_1728,europe,807,STATE_807,split,1.000,1,6,3,no,no,yes,requires_manual,owner/controller/core conflict,split vp_review owner_core_conflict,split; province_overlap=1; tsr_overlap_rank=7/8; bsr_source_count=1
1739,STATE_1739,asia,617,STATE_617,merge,0.500,2,6,3,no,no,yes,requires_manual,owner/controller/core conflict,merge vp_review owner_core_conflict,split+merge; province_overlap=1; tsr_overlap_rank=2/2; bsr_source_count=2
1868,STATE_1868,europe,807,STATE_807,split,1.000,1,6,3,no,no,yes,requires_manual,owner/controller/core conflict,split vp_review owner_core_conflict,split; province_overlap=1; tsr_overlap_rank=2/8; bsr_source_count=1
1942,STATE_1942,europe,807,STATE_807,split,0.500,1,6,3,no,no,yes,requires_manual,owner/controller/core conflict,split vp_review owner_core_conflict,split; province_overlap=1; tsr_overlap_rank=3/8; bsr_source_count=1
1973,STATE_1973,europe,86,STATE_86,split,1.000,1,6,1,no,no,yes,requires_manual,owner/controller/core conflict,split vp_review owner_core_conflict,split; province_overlap=1; tsr_overlap_rank=3/6; bsr_source_count=1
2029,STATE_2029,europe,86,STATE_86,split,0.500,1,6,1,no,no,yes,requires_manual,owner/controller/core conflict,split vp_review owner_core_conflict,split; province_overlap=1; tsr_overlap_rank=4/6; bsr_source_count=1
103,STATE_103,europe,103,Dalmatia,split,1.000,1,5,2,no,no,yes,requires_manual,owner/controller/core conflict,split vp_review owner_core_conflict,split; province_overlap=2; tsr_overlap_rank=2/4; bsr_source_count=1
146,STATE_146,europe,146,KARJALA,split,1.000,1,5,1,no,no,yes,requires_manual,owner/controller/core conflict,split vp_review owner_core_conflict,split; province_overlap=9; tsr_overlap_rank=1/4; bsr_source_count=1
1091,STATE_1091,europe,231,STATE_231,split,0.500,2,5,2,no,no,yes,requires_manual,owner/controller/core conflict,split vp_review owner_core_conflict,split; province_overlap=1; tsr_overlap_rank=7/7; bsr_source_count=1
1092,STATE_1092,europe,231,STATE_231,split,0.667,3,5,2,no,no,yes,requires_manual,owner/controller/core conflict,split vp_review owner_core_conflict,split; province_overlap=4; tsr_overlap_rank=1/7; bsr_source_count=1
1155,STATE_1155,middle_east,856,STATE_856,split,0.333,2,5,2,no,no,yes,requires_manual,owner/controller/core conflict,split vp_review owner_core_conflict,split; province_overlap=1; tsr_overlap_rank=4/4; bsr_source_count=1
1193,STATE_1193,europe,157,STATE_157,merge,0.600,3,5,1,no,no,yes,requires_manual,owner/controller/core conflict,merge vp_review owner_core_conflict,split+merge; province_overlap=3; tsr_overlap_rank=2/5; bsr_source_count=2
1225,STATE_1225,europe,231,STATE_231,split,1.000,1,5,2,no,no,yes,requires_manual,owner/controller/core conflict,split vp_review owner_core_conflict,split; province_overlap=3; tsr_overlap_rank=2/7; bsr_source_count=1
1232,STATE_1232,middle_east,454,Palestine,split,1.000,1,5,2,no,no,yes,requires_manual,owner/controller/core conflict,split vp_review owner_core_conflict,split; province_overlap=1; tsr_overlap_rank=4/5; bsr_source_count=1
1236,STATE_1236,middle_east,454,Palestine,split,1.000,1,5,2,no,no,yes,requires_manual,owner/controller/core conflict,split vp_review owner_core_conflict,split; province_overlap=1; tsr_overlap_rank=5/5; bsr_source_count=1
1256,STATE_1256,middle_east,677,STATE_677,split,1.000,1,5,2,no,no,yes,requires_manual,owner/controller/core conflict,split vp_review owner_core_conflict,split; province_overlap=2; tsr_overlap_rank=2/3; bsr_source_count=1
1278,STATE_1278,africa,456,Aswan,split,0.500,1,5,3,no,no,yes,requires_manual,owner/controller/core conflict,split vp_review owner_core_conflict,split; province_overlap=3; tsr_overlap_rank=4/4; bsr_source_count=1
1363,STATE_1363,europe,97,STATE_97,split,1.000,1,5,3,no,no,yes,requires_manual,owner/controller/core conflict,split vp_review owner_core_conflict,split; province_overlap=1; tsr_overlap_rank=2/6; bsr_source_count=1
1364,STATE_1364,europe,807,STATE_807,split,1.000,1,5,2,no,no,yes,requires_manual,owner/controller/core conflict,split vp_review owner_core_conflict,split; province_overlap=1; tsr_overlap_rank=8/8; bsr_source_count=1
1373,STATE_1373,europe,97,STATE_97,split,1.000,1,5,3,no,no,yes,requires_manual,owner/controller/core conflict,split vp_review owner_core_conflict,split; province_overlap=1; tsr_overlap_rank=3/6; bsr_source_count=1
1381,STATE_1381,europe,146,KARJALA,split,1.000,1,5,1,no,no,yes,requires_manual,owner/controller/core conflict,split vp_review owner_core_conflict,split; province_overlap=1; tsr_overlap_rank=4/4; bsr_source_count=1
1424,STATE_1424,europe,807,STATE_807,split,1.000,1,5,2,no,no,yes,requires_manual,owner/controller/core conflict,split vp_review owner_core_conflict,split; province_overlap=1; tsr_overlap_rank=6/8; bsr_source_count=1
1463,STATE_1463,asia,405,Tashkent,merge,0.500,2,5,2,no,no,yes,requires_manual,owner/controller/core conflict,merge vp_review owner_core_conflict,split+merge; province_overlap=1; tsr_overlap_rank=2/3; bsr_source_count=2
1498,STATE_1498,middle_east,856,STATE_856,split,0.333,3,5,2,no,no,yes,requires_manual,owner/controller/core conflict,split vp_review owner_core_conflict,split; province_overlap=1; tsr_overlap_rank=3/4; bsr_source_count=1
1560,STATE_1560,europe,86,STATE_86,split,1.000,1,5,1,no,no,yes,requires_manual,owner/controller/core conflict,split vp_review owner_core_conflict,split; province_overlap=1; tsr_overlap_rank=2/6; bsr_source_count=1
1562,STATE_1562,north_america,463,STATE_463,split,1.000,1,5,2,no,no,yes,requires_manual,owner/controller/core conflict,split vp_review owner_core_conflict,split; province_overlap=2; tsr_overlap_rank=3/4; bsr_source_count=1
1564,STATE_1564,north_america,463,STATE_463,split,1.000,1,5,2,no,no,yes,requires_manual,owner/controller/core conflict,split vp_review owner_core_conflict,split; province_overlap=1; tsr_overlap_rank=4/4; bsr_source_count=1
1604,STATE_1604,europe,11,STATE_11,merge,0.500,2,5,2,no,no,yes,requires_manual,owner/controller/core conflict,merge vp_review owner_core_conflict,split+merge; province_overlap=2; tsr_overlap_rank=1/3; bsr_source_count=2
1619,STATE_1619,europe,206,STATE_206,merge,0.500,3,5,2,no,no,yes,requires_manual,owner/controller/core conflict,merge vp_review owner_core_conflict,split+merge; province_overlap=2; tsr_overlap_rank=4/4; bsr_source_count=3
1621,STATE_1621,north_america,463,STATE_463,split,1.000,1,5,2,no,no,yes,requires_manual,owner/controller/core conflict,split vp_review owner_core_conflict,split; province_overlap=3; tsr_overlap_rank=2/4; bsr_source_count=1
1631,Vaasa,europe,149,VAASA,merge,0.800,2,5,2,no,no,yes,requires_manual,owner/controller/core conflict,merge vp_review owner_core_conflict,split+merge; province_overlap=4; tsr_overlap_rank=2/4; bsr_source_count=2
1755,STATE_1755,europe,157,STATE_157,split,0.667,2,5,1,no,no,yes,requires_manual,owner/controller/core conflict,split vp_review owner_core_conflict,split; province_overlap=2; tsr_overlap_rank=4/5; bsr_source_count=1
1757,STATE_1757,europe,157,STATE_157,split,1.000,1,5,1,no,no,yes,requires_manual,owner/controller/core conflict,split vp_review owner_core_conflict,split; province_overlap=1; tsr_overlap_rank=5/5; bsr_source_count=1
1969,STATE_1969,europe,97,STATE_97,split,1.000,1,5,3,no,no,yes,requires_manual,owner/controller/core conflict,split vp_review owner_core_conflict,split; province_overlap=1; tsr_overlap_rank=5/6; bsr_source_count=1
1972,STATE_1972,europe,97,STATE_97,split,0.500,1,5,3,no,no,yes,requires_manual,owner/controller/core conflict,split vp_review owner_core_conflict,split; province_overlap=1; tsr_overlap_rank=4/6; bsr_source_count=1
2007,STATE_2007,europe,231,STATE_231,split,1.000,1,5,2,no,no,yes,requires_manual,owner/controller/core conflict,split vp_review owner_core_conflict,split; province_overlap=1; tsr_overlap_rank=6/7; bsr_source_count=1
2017,STATE_2017,europe,157,STATE_157,split,1.000,1,5,1,no,no,yes,requires_manual,owner/controller/core conflict,split vp_review owner_core_conflict,split; province_overlap=3; tsr_overlap_rank=1/5; bsr_source_count=1
2031,STATE_2031,europe,86,STATE_86,split,1.000,1,5,1,no,no,yes,requires_manual,owner/controller/core conflict,split vp_review owner_core_conflict,split; province_overlap=1; tsr_overlap_rank=6/6; bsr_source_count=1
2038,STATE_2038,europe,16,STATE_16,merge,0.333,3,5,1,no,no,yes,requires_manual,owner/controller/core conflict,merge vp_review owner_core_conflict,split+merge; province_overlap=1; tsr_overlap_rank=2/2; bsr_source_count=3
2,STATE_2,europe,2,Latium,split,1.000,1,4,1,no,no,yes,requires_manual,owner/controller/core conflict,split vp_review owner_core_conflict,split; province_overlap=2; tsr_overlap_rank=2/4; bsr_source_count=1
11,STATE_11,europe,815,STATE_815,merge,0.600,2,4,1,no,no,yes,requires_manual,owner/controller/core conflict,merge vp_review owner_core_conflict,split+merge; province_overlap=3; tsr_overlap_rank=1/4; bsr_source_count=2
36,STATE_36,europe,36,STATE_36,split,1.000,1,4,3,no,no,yes,requires_manual,owner/controller/core conflict,split vp_review owner_core_conflict,split; province_overlap=1; tsr_overlap_rank=4/5; bsr_source_count=1
59,STATE_59,europe,58,STATE_58,split,1.000,1,4,1,no,no,yes,requires_manual,owner/controller/core conflict,split vp_review owner_core_conflict,split; province_overlap=1; tsr_overlap_rank=3/3; bsr_source_count=1
137,STATE_137,europe,137,STATE_137,split,1.000,1,4,2,no,no,yes,requires_manual,owner/controller/core conflict,split vp_review owner_core_conflict,split; province_overlap=3; tsr_overlap_rank=2/3; bsr_source_count=1
211,STATE_211,europe,211,STATE_211,split,1.000,1,4,2,no,no,yes,requires_manual,owner/controller/core conflict,split vp_review owner_core_conflict,split; province_overlap=4; tsr_overlap_rank=1/2; bsr_source_count=1
446,STATE_446,africa,907,STATE_907,split,0.571,1,4,2,no,no,yes,requires_manual,owner/controller/core conflict,split vp_review owner_core_conflict,split; province_overlap=4; tsr_overlap_rank=2/3; bsr_source_count=1
456,STATE_456,africa,456,Aswan,split,0.556,1,4,3,no,no,yes,requires_manual,owner/controller/core conflict,split vp_review owner_core_conflict,split; province_overlap=5; tsr_overlap_rank=1/4; bsr_source_count=1
677,STATE_677,middle_east,677,STATE_677,split,1.000,1,4,2,no,no,yes,requires_manual,owner/controller/core conflict,split vp_review owner_core_conflict,split; province_overlap=3; tsr_overlap_rank=1/3; bsr_source_count=1
815,STATE_815,europe,18,STATE_18,split,1.000,1,4,2,no,no,yes,requires_manual,owner/controller/core conflict,split vp_review owner_core_conflict,split; province_overlap=1; tsr_overlap_rank=5/5; bsr_source_count=1
866,STATE_866,europe,736,Name was Istria before the Pola (Istria) split and merge with Fiume,split,1.000,1,4,1,no,no,yes,requires_manual,owner/controller/core conflict,split vp_review owner_core_conflict,split; province_overlap=2; tsr_overlap_rank=1/2; bsr_source_count=1
880,STATE_880,europe,810,STATE_810,split,1.000,2,4,2,no,no,yes,requires_manual,owner/controller/core conflict,split vp_review owner_core_conflict,split; province_overlap=6; tsr_overlap_rank=1/2; bsr_source_count=1
881,STATE_881,europe,809,STATE_809,split,1.000,1,4,2,no,no,yes,requires_manual,owner/controller/core conflict,split vp_review owner_core_conflict,split; province_overlap=3; tsr_overlap_rank=2/2; bsr_source_count=1
955,STATE_955,middle_east,355,STATE_355,split,1.000,1,4,1,no,no,yes,requires_manual,owner/controller/core conflict,split vp_review owner_core_conflict,split; province_overlap=4; tsr_overlap_rank=1/3; bsr_source_count=1
972,STATE_972,south_america,686,STATE_686,split,1.000,1,4,1,no,no,yes,requires_manual,owner/controller/core conflict,split vp_review owner_core_conflict,split; province_overlap=1; tsr_overlap_rank=2/2; bsr_source_count=1
997,STATE_997,europe,97,STATE_97,split,1.000,1,4,2,no,no,yes,requires_manual,owner/controller/core conflict,split vp_review owner_core_conflict,split; province_overlap=1; tsr_overlap_rank=6/6; bsr_source_count=1
1075,STATE_1075,asia,670,STATE_670,merge,0.600,2,4,1,no,no,yes,requires_manual,owner/controller/core conflict,merge vp_review owner_core_conflict,split+merge; province_overlap=3; tsr_overlap_rank=3/3; bsr_source_count=2
1083,STATE_1083,asia,741,STATE_741,split,1.000,1,4,1,no,no,yes,requires_manual,owner/controller/core conflict,split vp_review owner_core_conflict,split; province_overlap=2; tsr_overlap_rank=3/4; bsr_source_count=1
1084,STATE_1084,asia,741,STATE_741,split,0.833,2,4,1,no,no,yes,requires_manual,owner/controller/core conflict,split vp_review owner_core_conflict,split; province_overlap=5; tsr_overlap_rank=2/4; bsr_source_count=1
1100,STATE_1100,europe,834,STATE_834,split,1.000,1,4,2,no,no,yes,requires_manual,owner/controller/core conflict,split vp_review owner_core_conflict,split; province_overlap=1; tsr_overlap_rank=2/2; bsr_source_count=1
1104,STATE_1104,europe,103,Dalmatia,split,1.000,1,4,1,no,no,yes,requires_manual,owner/controller/core conflict,split vp_review owner_core_conflict,split; province_overlap=2; tsr_overlap_rank=3/4; bsr_source_count=1
1106,STATE_1106,africa,699,STATE_699,split,0.500,2,4,1,no,no,yes,requires_manual,owner/controller/core conflict,split vp_review owner_core_conflict,split; province_overlap=1; tsr_overlap_rank=2/2; bsr_source_count=1
1119,STATE_1119,europe,87,STATE_87,merge,0.800,2,4,1,no,no,yes,requires_manual,owner/controller/core conflict,merge vp_review owner_core_conflict,split+merge; province_overlap=4; tsr_overlap_rank=1/4; bsr_source_count=2
1223,STATE_1223,europe,230,STATE_230,split,1.000,1,4,2,no,no,yes,requires_manual,owner/controller/core conflict,split vp_review owner_core_conflict,split; province_overlap=2; tsr_overlap_rank=3/4; bsr_source_count=1
1239,STATE_1239,middle_east,553,STATE_553,split,1.000,1,4,1,no,no,yes,requires_manual,owner/controller/core conflict,split vp_review owner_core_conflict,split; province_overlap=1; tsr_overlap_rank=2/2; bsr_source_count=1
1240,STATE_1240,middle_east,554,STATE_554,split,1.000,1,4,2,no,no,yes,requires_manual,owner/controller/core conflict,split vp_review owner_core_conflict,split; province_overlap=1; tsr_overlap_rank=3/3; bsr_source_count=1
1242,STATE_1242,middle_east,677,STATE_677,split,1.000,1,4,2,no,no,yes,requires_manual,owner/controller/core conflict,split vp_review owner_core_conflict,split; province_overlap=2; tsr_overlap_rank=3/3; bsr_source_count=1
1277,STATE_1277,africa,456,Aswan,split,0.500,2,4,2,no,no,yes,requires_manual,owner/controller/core conflict,split vp_review owner_core_conflict,split; province_overlap=3; tsr_overlap_rank=3/4; bsr_source_count=1
1313,STATE_1313,asia,747,STATE_747,split,1.000,1,4,2,no,no,yes,requires_manual,owner/controller/core conflict,split vp_review owner_core_conflict,split; province_overlap=1; tsr_overlap_rank=6/6; bsr_source_count=1
1384,STATE_1384,europe,94,STATE_94,split,1.000,1,4,2,no,no,yes,requires_manual,owner/controller/core conflict,split vp_review owner_core_conflict,split; province_overlap=2; tsr_overlap_rank=4/9; bsr_source_count=1
1385,STATE_1385,europe,93,STATE_93,split,1.000,1,4,2,no,no,yes,requires_manual,owner/controller/core conflict,split vp_review owner_core_conflict,split; province_overlap=1; tsr_overlap_rank=5/5; bsr_source_count=1
1387,STATE_1387,europe,103,Dalmatia,split,1.000,1,4,1,no,no,yes,requires_manual,owner/controller/core conflict,split vp_review owner_core_conflict,split; province_overlap=1; tsr_overlap_rank=4/4; bsr_source_count=1
1405,Cornwall,europe,123,STATE_123,split,1.000,1,4,1,no,no,yes,requires_manual,owner/controller/core conflict,split vp_review owner_core_conflict,split; province_overlap=2; tsr_overlap_rank=2/3; bsr_source_count=1
1425,STATE_1425,europe,807,STATE_807,split,0.333,1,4,2,no,no,yes,requires_manual,owner/controller/core conflict,split vp_review owner_core_conflict,split; province_overlap=1; tsr_overlap_rank=4/8; bsr_source_count=1
1433,STATE_1433,europe,94,STATE_94,split,1.000,1,4,2,no,no,yes,requires_manual,owner/controller/core conflict,split vp_review owner_core_conflict,split; province_overlap=3; tsr_overlap_rank=2/9; bsr_source_count=1
1434,STATE_1434,europe,93,STATE_93,split,1.000,1,4,2,no,no,yes,requires_manual,owner/controller/core conflict,split vp_review owner_core_conflict,split; province_overlap=2; tsr_overlap_rank=3/5; bsr_source_count=1
1437,STATE_1437,europe,230,STATE_230,split,1.000,1,4,2,no,no,yes,requires_manual,owner/controller/core conflict,split vp_review owner_core_conflict,split; province_overlap=2; tsr_overlap_rank=2/4; bsr_source_count=1
1443,STATE_1443,europe,763,STATE_763,split,0.500,1,4,1,no,no,yes,requires_manual,owner/controller/core conflict,split vp_review owner_core_conflict,split; province_overlap=1; tsr_overlap_rank=3/3; bsr_source_count=1
1446,STATE_1446,europe,225,Sumy,split,1.000,1,4,2,no,no,yes,requires_manual,owner/controller/core conflict,split vp_review owner_core_conflict,split; province_overlap=1; tsr_overlap_rank=2/2; bsr_source_count=1
1455,STATE_1455,europe,199,STATE_199,merge,0.667,2,4,1,no,no,yes,requires_manual,owner/controller/core conflict,merge vp_review owner_core_conflict,split+merge; province_overlap=2; tsr_overlap_rank=1/4; bsr_source_count=2
1462,STATE_1462,asia,584,STATE_584,merge,0.917,2,4,1,no,no,yes,requires_manual,owner/controller/core conflict,merge vp_review owner_core_conflict,split+merge; province_overlap=11; tsr_overlap_rank=1/6; bsr_source_count=2
1467,STATE_1467,asia,823,Karakalpakstan,merge,0.833,2,4,1,no,no,yes,requires_manual,owner/controller/core conflict,merge vp_review owner_core_conflict,split+merge; province_overlap=5; tsr_overlap_rank=2/2; bsr_source_count=2
1470,STATE_1470,europe,206,STATE_206,merge,0.750,2,4,1,no,no,yes,requires_manual,owner/controller/core conflict,merge vp_review owner_core_conflict,split+merge; province_overlap=3; tsr_overlap_rank=2/4; bsr_source_count=2
1485,STATE_1485,europe,94,STATE_94,split,1.000,1,4,2,no,no,yes,requires_manual,owner/controller/core conflict,split vp_review owner_core_conflict,split; province_overlap=1; tsr_overlap_rank=6/9; bsr_source_count=1
1543,STATE_1543,africa,541,STATE_541,merge,0.500,2,4,1,no,no,yes,requires_manual,owner/controller/core conflict,merge vp_review owner_core_conflict,split+merge; province_overlap=1; tsr_overlap_rank=2/2; bsr_source_count=2
1548,STATE_1548,africa,297,Equatorial Guinea,split,1.000,1,4,1,no,no,yes,requires_manual,owner/controller/core conflict,split vp_review owner_core_conflict,split; province_overlap=1; tsr_overlap_rank=1/2; bsr_source_count=1
1555,STATE_1555,europe,93,STATE_93,split,1.000,1,4,2,no,no,yes,requires_manual,owner/controller/core conflict,split vp_review owner_core_conflict,split; province_overlap=4; tsr_overlap_rank=1/5; bsr_source_count=1
1570,STATE_1570,europe,73,STATE_73,split,1.000,1,4,2,no,no,yes,requires_manual,owner/controller/core conflict,split vp_review owner_core_conflict,split; province_overlap=1; tsr_overlap_rank=2/2; bsr_source_count=1
1575,STATE_1575,africa,513,Tlmecen,merge,0.625,2,4,1,no,no,yes,requires_manual,owner/controller/core conflict,merge vp_review owner_core_conflict,split+merge; province_overlap=5; tsr_overlap_rank=3/5; bsr_source_count=2
1600,STATE_1600,europe,763,STATE_763,split,0.750,1,4,1,no,no,yes,requires_manual,owner/controller/core conflict,split vp_review owner_core_conflict,split; province_overlap=3; tsr_overlap_rank=1/3; bsr_source_count=1
1602,STATE_1602,europe,94,STATE_94,split,1.000,1,4,2,no,no,yes,requires_manual,owner/controller/core conflict,split vp_review owner_core_conflict,split; province_overlap=1; tsr_overlap_rank=8/9; bsr_source_count=1
1626,Varsinais Suomi / Finland Proper,europe,926,TURKU AND PORI,merge,0.750,3,4,1,no,no,yes,requires_manual,owner/controller/core conflict,merge vp_review owner_core_conflict,split+merge; province_overlap=6; tsr_overlap_rank=1/3; bsr_source_count=3
1726,STATE_1726,asia,430,STATE_430,split,1.000,1,4,1,no,no,yes,requires_manual,owner/controller/core conflict,split vp_review owner_core_conflict,split; province_overlap=11; tsr_overlap_rank=1/2; bsr_source_count=1
1731,STATE_1731,europe,1048,Moselgebiet,split,1.000,1,4,1,no,no,yes,requires_manual,owner/controller/core conflict,split vp_review owner_core_conflict,split; province_overlap=1; tsr_overlap_rank=1/2; bsr_source_count=1
1732,STATE_1732,europe,18,STATE_18,split,0.500,2,4,2,no,no,yes,requires_manual,owner/controller/core conflict,split vp_review owner_core_conflict,split; province_overlap=1; tsr_overlap_rank=3/5; bsr_source_count=1
1747,STATE_1747,asia,747,STATE_747,split,1.000,1,4,2,no,no,yes,requires_manual,owner/controller/core conflict,split vp_review owner_core_conflict,split; province_overlap=1; tsr_overlap_rank=4/6; bsr_source_count=1
1775,STATE_1775,europe,87,STATE_87,merge,0.500,2,4,1,no,no,yes,requires_manual,owner/controller/core conflict,merge vp_review owner_core_conflict,split+merge; province_overlap=1; tsr_overlap_rank=4/4; bsr_source_count=2
1779,STATE_1779,asia,754,STATE_754,split,1.000,1,4,2,no,no,yes,requires_manual,owner/controller/core conflict,split vp_review owner_core_conflict,split; province_overlap=2; tsr_overlap_rank=2/4; bsr_source_count=1
1784,STATE_1784,asia,756,STATE_756,merge,0.500,2,4,1,no,no,yes,requires_manual,owner/controller/core conflict,merge vp_review owner_core_conflict,split+merge; province_overlap=1; tsr_overlap_rank=2/2; bsr_source_count=2
1813,STATE_1813,africa,773,Cameroon,split,1.000,1,4,1,no,no,yes,requires_manual,owner/controller/core conflict,split vp_review owner_core_conflict,split; province_overlap=1; tsr_overlap_rank=3/3; bsr_source_count=1
1816,Guinea,africa,780,Guinea,split,1.000,1,4,1,no,no,yes,requires_manual,owner/controller/core conflict,split vp_review owner_core_conflict,split; province_overlap=3; tsr_overlap_rank=2/2; bsr_source_count=1
1930,STATE_1930,asia,668,STATE_668,split,1.000,1,4,0,no,no,yes,requires_manual,owner/controller/core conflict,split owner_core_conflict,split; province_overlap=3; tsr_overlap_rank=2/2; bsr_source_count=1
1940,STATE_1940,europe,766,STATE_766,split,1.000,1,4,1,no,no,yes,requires_manual,owner/controller/core conflict,split vp_review owner_core_conflict,split; province_overlap=2; tsr_overlap_rank=1/2; bsr_source_count=1
1951,STATE_1951,australia,669,STATE_669,split,1.000,1,4,1,no,no,yes,requires_manual,owner/controller/core conflict,split vp_review owner_core_conflict,split; province_overlap=2; tsr_overlap_rank=2/3; bsr_source_count=1
1987,STATE_1987,europe,45,STATE_45,split,1.000,1,4,2,no,no,yes,requires_manual,owner/controller/core conflict,split vp_review owner_core_conflict,split; province_overlap=2; tsr_overlap_rank=2/3; bsr_source_count=1
2016,STATE_2016,europe,159,STATE_159,split,1.000,1,4,2,no,no,yes,requires_manual,owner/controller/core conflict,split vp_review owner_core_conflict,split; province_overlap=1; tsr_overlap_rank=3/4; bsr_source_count=1
14,STATE_14,europe,14,STATE_14,split,0.900,1,3,1,no,no,yes,requires_manual,owner/controller/core conflict,split vp_review owner_core_conflict,split; province_overlap=9; tsr_overlap_rank=1/2; bsr_source_count=1
18,STATE_18,europe,1062,STATE_1062,split,0.750,2,3,1,no,no,yes,requires_manual,owner/controller/core conflict,split vp_review owner_core_conflict,split; province_overlap=3; tsr_overlap_rank=1/3; bsr_source_count=1
24,STATE_24,europe,24,STATE_24,merge,0.600,2,3,1,no,no,yes,requires_manual,owner/controller/core conflict,merge vp_review owner_core_conflict,split+merge; province_overlap=3; tsr_overlap_rank=1/4; bsr_source_count=2
76,STATE_76,europe,76,STATE_76,split,0.750,3,3,2,no,no,yes,requires_manual,owner/controller/core conflict,split vp_review owner_core_conflict,split; province_overlap=6; tsr_overlap_rank=2/2; bsr_source_count=1
86,STATE_86,europe,86,STATE_86,split,1.000,1,3,0,no,no,yes,requires_manual,owner/controller/core conflict,split owner_core_conflict,split; province_overlap=4; tsr_overlap_rank=1/6; bsr_source_count=1
94,STATE_94,europe,94,STATE_94,split,1.000,1,3,2,no,no,yes,requires_manual,owner/controller/core conflict,split vp_review owner_core_conflict,split; province_overlap=3; tsr_overlap_rank=1/9; bsr_source_count=1
97,STATE_97,europe,97,STATE_97,split,1.000,1,3,2,no,no,yes,requires_manual,owner/controller/core conflict,split vp_review owner_core_conflict,split; province_overlap=4; tsr_overlap_rank=1/6; bsr_source_count=1
162,STATE_162,europe,162,STATE_162,split,1.000,1,3,1,no,no,yes,requires_manual,owner/controller/core conflict,split vp_review owner_core_conflict,split; province_overlap=8; tsr_overlap_rank=1/3; bsr_source_count=1
204,STATE_204,europe,204,Bobruysk,merge,0.500,2,3,1,no,no,yes,requires_manual,owner/controller/core conflict,merge vp_review owner_core_conflict,split+merge; province_overlap=4; tsr_overlap_rank=1/4; bsr_source_count=2
206,STATE_206,europe,206,STATE_206,merge,0.600,2,3,1,no,no,yes,requires_manual,owner/controller/core conflict,merge vp_review owner_core_conflict,split+merge; province_overlap=3; tsr_overlap_rank=1/4; bsr_source_count=2
231,STATE_231,europe,231,STATE_231,split,1.000,1,3,1,no,no,yes,requires_manual,owner/controller/core conflict,split vp_review owner_core_conflict,split; province_overlap=3; tsr_overlap_rank=3/7; bsr_source_count=1
234,STATE_234,europe,234,STATE_234,same_id_same_area,0.900,2,3,2,no,no,yes,requires_manual,owner/controller/core conflict,vp_review owner_core_conflict,province_overlap=13
352,STATE_352,middle_east,352,STATE_352,merge,0.500,2,3,1,no,no,yes,requires_manual,owner/controller/core conflict,merge vp_review owner_core_conflict,split+merge; province_overlap=1; tsr_overlap_rank=2/2; bsr_source_count=2
354,STATE_354,middle_east,354,STATE_354,split,1.000,1,3,2,no,no,yes,requires_manual,owner/controller/core conflict,split vp_review owner_core_conflict,split; province_overlap=4; tsr_overlap_rank=2/4; bsr_source_count=1
443,STATE_443,asia,443,Sind,split,1.000,1,3,1,no,no,yes,requires_manual,owner/controller/core conflict,split vp_review owner_core_conflict,split; province_overlap=7; tsr_overlap_rank=1/2; bsr_source_count=1
454,STATE_454,middle_east,454,Palestine,split,0.667,2,3,2,no,no,yes,requires_manual,owner/controller/core conflict,split vp_review owner_core_conflict,split; province_overlap=2; tsr_overlap_rank=2/5; bsr_source_count=1
513,STATE_513,africa,513,Tlmecen,merge,0.625,2,3,1,no,no,yes,requires_manual,owner/controller/core conflict,merge vp_review owner_core_conflict,split+merge; province_overlap=5; tsr_overlap_rank=2/5; bsr_source_count=2
641,STATE_641,asia,641,STATE_641,split,0.500,1,3,1,no,no,yes,requires_manual,owner/controller/core conflict,split vp_review owner_core_conflict,split; province_overlap=1; tsr_overlap_rank=2/2; bsr_source_count=1
679,STATE_679,middle_east,856,STATE_856,merge,0.400,3,3,0,no,no,yes,requires_manual,owner/controller/core conflict,merge owner_core_conflict,split+merge; province_overlap=2; tsr_overlap_rank=2/4; bsr_source_count=2
714,STATE_714,asia,714,STATE_714,merge,0.917,2,3,1,no,no,yes,requires_manual,owner/controller/core conflict,merge vp_review owner_core_conflict,split+merge; province_overlap=22; tsr_overlap_rank=1/3; bsr_source_count=2
715,STATE_715,asia,715,STATE_715,merge,0.667,2,3,1,no,no,yes,requires_manual,owner/controller/core conflict,merge vp_review owner_core_conflict,split+merge; province_overlap=6; tsr_overlap_rank=2/6; bsr_source_count=2
754,STATE_754,asia,754,STATE_754,split,0.800,1,3,2,no,no,yes,requires_manual,owner/controller/core conflict,split vp_review owner_core_conflict,split; province_overlap=4; tsr_overlap_rank=1/4; bsr_source_count=1
756,STATE_756,asia,1044,STATE_1044,split,1.000,1,3,1,no,no,yes,requires_manual,owner/controller/core conflict,split vp_review owner_core_conflict,split; province_overlap=3; tsr_overlap_rank=1/2; bsr_source_count=1
761,STATE_761,asia,761,STATE_761,merge,0.917,2,3,1,no,no,yes,requires_manual,owner/controller/core conflict,merge vp_review owner_core_conflict,merge; province_overlap=11; bsr_source_count=2
819,STATE_819,europe,24,STATE_24,split,1.000,1,3,1,no,no,yes,requires_manual,owner/controller/core conflict,split vp_review owner_core_conflict,split; province_overlap=3; tsr_overlap_rank=2/4; bsr_source_count=1
820,STATE_820,europe,31,STATE_31,split,1.000,1,3,1,no,no,yes,requires_manual,owner/controller/core conflict,split vp_review owner_core_conflict,split; province_overlap=2; tsr_overlap_rank=3/7; bsr_source_count=1
868,STATE_868,europe,45,STATE_45,split,1.000,1,3,1,no,no,yes,requires_manual,owner/controller/core conflict,split vp_review owner_core_conflict,split; province_overlap=1; tsr_overlap_rank=3/3; bsr_source_count=1
879,STATE_879,europe,814,STATE_814,split,1.000,2,3,1,no,no,yes,requires_manual,owner/controller/core conflict,split vp_review owner_core_conflict,split; province_overlap=3; tsr_overlap_rank=1/2; bsr_source_count=1
898,STATE_898,africa,774,STATE_774,split,1.000,1,3,1,no,no,yes,requires_manual,owner/controller/core conflict,split vp_review owner_core_conflict,split; province_overlap=1; tsr_overlap_rank=2/2; bsr_source_count=1
925,STATE_925,europe,78,STATE_78,split,1.000,1,3,1,no,no,yes,requires_manual,owner/controller/core conflict,split vp_review owner_core_conflict,split; province_overlap=1; tsr_overlap_rank=3/3; bsr_source_count=1
933,STATE_933,europe,95,STATE_95,split,1.000,1,3,1,no,no,yes,requires_manual,owner/controller/core conflict,split vp_review owner_core_conflict,split; province_overlap=2; tsr_overlap_rank=3/6; bsr_source_count=1
934,STATE_934,europe,102,STATE_102,split,1.000,1,3,1,no,no,yes,requires_manual,owner/controller/core conflict,split vp_review owner_core_conflict,split; province_overlap=2; tsr_overlap_rank=1/4; bsr_source_count=1
935,STATE_935,europe,102,STATE_102,split,1.000,1,3,1,no,no,yes,requires_manual,owner/controller/core conflict,split vp_review owner_core_conflict,split; province_overlap=1; tsr_overlap_rank=2/4; bsr_source_count=1
942,STATE_942,europe,801,STATE_801,split,1.000,1,3,1,no,no,yes,requires_manual,owner/controller/core conflict,split vp_review owner_core_conflict,split; province_overlap=5; tsr_overlap_rank=1/2; bsr_source_count=1
959,STATE_959,middle_east,353,STATE_353,merge,0.833,3,3,0,no,no,yes,requires_manual,owner/controller/core conflict,merge owner_core_conflict,merge; province_overlap=5; bsr_source_count=3
960,STATE_960,middle_east,352,STATE_352,merge,0.667,2,3,0,no,no,yes,requires_manual,owner/controller/core conflict,merge owner_core_conflict,split+merge; province_overlap=2; tsr_overlap_rank=1/2; bsr_source_count=2
987,STATE_987,europe,159,STATE_159,split,1.000,1,3,1,no,no,yes,requires_manual,owner/controller/core conflict,split vp_review owner_core_conflict,split; province_overlap=3; tsr_overlap_rank=2/4; bsr_source_count=1
992,STATE_992,europe,849,STATE_849,split,1.000,2,3,1,no,no,yes,requires_manual,owner/controller/core conflict,split vp_review owner_core_conflict,split; province_overlap=5; tsr_overlap_rank=1/2; bsr_source_count=1
1074,STATE_1074,asia,670,STATE_670,split,1.000,1,3,1,no,no,yes,requires_manual,owner/controller/core conflict,split vp_review owner_core_conflict,split; province_overlap=6; tsr_overlap_rank=2/3; bsr_source_count=1
1076,STATE_1076,asia,1090,STATE_1090,split,1.000,1,3,1,no,no,yes,requires_manual,owner/controller/core conflict,split vp_review owner_core_conflict,split; province_overlap=5; tsr_overlap_rank=1/3; bsr_source_count=1
1077,STATE_1077,asia,1090,STATE_1090,split,1.000,1,3,1,no,no,yes,requires_manual,owner/controller/core conflict,split vp_review owner_core_conflict,split; province_overlap=1; tsr_overlap_rank=3/3; bsr_source_count=1
1113,STATE_1113,africa,842,STATE_842,same_name,1.000,1,3,2,no,no,yes,requires_manual,owner/controller/core conflict,vp_review owner_core_conflict,province_overlap=1
1116,STATE_1116,europe,1056,STATE_1056,split,0.667,2,3,0,no,no,yes,requires_manual,owner/controller/core conflict,split owner_core_conflict,split; province_overlap=2; tsr_overlap_rank=1/2; bsr_source_count=1
1122,STATE_1122,europe,406,Gurev,split,1.000,1,3,1,no,no,yes,requires_manual,owner/controller/core conflict,split vp_review owner_core_conflict,split; province_overlap=10; tsr_overlap_rank=1/2; bsr_source_count=1
1123,STATE_1123,europe,407,STATE_407,split,1.000,1,3,1,no,no,yes,requires_manual,owner/controller/core conflict,split vp_review owner_core_conflict,split; province_overlap=14; tsr_overlap_rank=2/2; bsr_source_count=1
1124,STATE_1124,asia,443,Sind,merge,0.750,2,3,0,no,no,yes,requires_manual,owner/controller/core conflict,merge owner_core_conflict,split+merge; province_overlap=3; tsr_overlap_rank=2/2; bsr_source_count=2
1138,STATE_1138,asia,831,Khiva,split,1.000,1,3,1,no,no,yes,requires_manual,owner/controller/core conflict,split vp_review owner_core_conflict,split; province_overlap=2; tsr_overlap_rank=1/3; bsr_source_count=1
1163,Karma,europe,241,Gomel,split,0.833,2,3,1,no,no,yes,requires_manual,owner/controller/core conflict,split vp_review owner_core_conflict,split; province_overlap=10; tsr_overlap_rank=1/3; bsr_source_count=1
1170,STATE_1170,europe,207,STATE_207,split,1.000,1,3,1,no,no,yes,requires_manual,owner/controller/core conflict,split vp_review owner_core_conflict,split; province_overlap=1; tsr_overlap_rank=3/6; bsr_source_count=1
1171,STATE_1171,asia,732,STATE_732,split,1.000,1,3,1,no,no,yes,requires_manual,owner/controller/core conflict,split vp_review owner_core_conflict,split; province_overlap=5; tsr_overlap_rank=2/2; bsr_source_count=1
1180,STATE_1180,europe,91,Lwow,split,1.000,1,3,1,no,no,yes,requires_manual,owner/controller/core conflict,split vp_review owner_core_conflict,split; province_overlap=3; tsr_overlap_rank=1/5; bsr_source_count=1
1184,STATE_1184,europe,18,STATE_18,split,1.000,1,3,1,no,no,yes,requires_manual,owner/controller/core conflict,split vp_review owner_core_conflict,split; province_overlap=1; tsr_overlap_rank=2/5; bsr_source_count=1
1192,STATE_1192,europe,94,STATE_94,split,1.000,1,3,1,no,no,yes,requires_manual,owner/controller/core conflict,split vp_review owner_core_conflict,split; province_overlap=1; tsr_overlap_rank=5/9; bsr_source_count=1
1201,STATE_1201,europe,76,STATE_76,split,0.857,2,3,1,no,no,yes,requires_manual,owner/controller/core conflict,split vp_review owner_core_conflict,split; province_overlap=6; tsr_overlap_rank=1/2; bsr_source_count=1
1205,STATE_1205,europe,95,STATE_95,split,0.667,1,3,1,no,no,yes,requires_manual,owner/controller/core conflict,split vp_review owner_core_conflict,split; province_overlap=2; tsr_overlap_rank=2/6; bsr_source_count=1
1227,STATE_1227,europe,231,STATE_231,split,1.000,1,3,1,no,no,yes,requires_manual,owner/controller/core conflict,split vp_review owner_core_conflict,split; province_overlap=1; tsr_overlap_rank=5/7; bsr_source_count=1
1241,STATE_1241,middle_east,554,STATE_554,split,0.500,3,3,1,no,no,yes,requires_manual,owner/controller/core conflict,split vp_review owner_core_conflict,split; province_overlap=2; tsr_overlap_rank=2/3; bsr_source_count=1
1268,STATE_1268,europe,30,STATE_30,split,1.000,1,3,1,no,no,yes,requires_manual,owner/controller/core conflict,split vp_review owner_core_conflict,split; province_overlap=4; tsr_overlap_rank=1/4; bsr_source_count=1
1276,STATE_1276,africa,907,STATE_907,split,0.750,1,3,1,no,no,yes,requires_manual,owner/controller/core conflict,split vp_review owner_core_conflict,split; province_overlap=6; tsr_overlap_rank=1/3; bsr_source_count=1
1279,STATE_1279,africa,456,Aswan,split,0.500,1,3,1,no,no,yes,requires_manual,owner/controller/core conflict,split vp_review owner_core_conflict,split; province_overlap=4; tsr_overlap_rank=2/4; bsr_source_count=1
1285,STATE_1285,africa,547,STATE_547,split,0.333,1,3,1,no,no,yes,requires_manual,owner/controller/core conflict,split vp_review owner_core_conflict,split; province_overlap=1; tsr_overlap_rank=2/2; bsr_source_count=1
1288,STATE_1288,middle_east,453,STATE_453,split,0.833,1,3,1,no,no,yes,requires_manual,owner/controller/core conflict,split vp_review owner_core_conflict,split; province_overlap=5; tsr_overlap_rank=1/2; bsr_source_count=1
1293,STATE_1293,europe,815,STATE_815,merge,0.667,2,3,0,no,no,yes,requires_manual,owner/controller/core conflict,merge owner_core_conflict,split+merge; province_overlap=2; tsr_overlap_rank=3/4; bsr_source_count=2
1305,STATE_1305,asia,755,STATE_755,split,1.000,1,3,1,no,no,yes,requires_manual,owner/controller/core conflict,split vp_review owner_core_conflict,split; province_overlap=2; tsr_overlap_rank=3/3; bsr_source_count=1
1306,STATE_1306,asia,759,STATE_759,merge,0.667,2,3,0,no,no,yes,requires_manual,owner/controller/core conflict,merge owner_core_conflict,split+merge; province_overlap=2; tsr_overlap_rank=2/2; bsr_source_count=2
1352,STATE_1352,europe,806,STATE_806,split,0.500,1,3,1,no,no,yes,requires_manual,owner/controller/core conflict,split vp_review owner_core_conflict,split; province_overlap=1; tsr_overlap_rank=3/3; bsr_source_count=1
1353,STATE_1353,europe,806,STATE_806,split,1.000,1,3,1,no,no,yes,requires_manual,owner/controller/core conflict,split vp_review owner_core_conflict,split; province_overlap=1; tsr_overlap_rank=1/3; bsr_source_count=1
1367,STATE_1367,europe,230,STATE_230,split,1.000,1,3,1,no,no,yes,requires_manual,owner/controller/core conflict,split vp_review owner_core_conflict,split; province_overlap=1; tsr_overlap_rank=4/4; bsr_source_count=1
1368,STATE_1368,europe,146,KARJALA,split,1.000,1,3,0,no,no,yes,requires_manual,owner/controller/core conflict,split owner_core_conflict,split; province_overlap=3; tsr_overlap_rank=2/4; bsr_source_count=1
1375,STATE_1375,europe,95,STATE_95,split,1.000,1,3,1,no,no,yes,requires_manual,owner/controller/core conflict,split vp_review owner_core_conflict,split; province_overlap=1; tsr_overlap_rank=4/6; bsr_source_count=1
1383,STATE_1383,europe,96,STATE_96,split,0.500,3,3,1,no,no,yes,requires_manual,owner/controller/core conflict,split vp_review owner_core_conflict,split; province_overlap=2; tsr_overlap_rank=2/2; bsr_source_count=1
1386,STATE_1386,europe,91,Lwow,split,1.000,1,3,1,no,no,yes,requires_manual,owner/controller/core conflict,split vp_review owner_core_conflict,split; province_overlap=1; tsr_overlap_rank=4/5; bsr_source_count=1
1393,STATE_1393,middle_east,420,STATE_420,split,1.000,1,3,1,no,no,yes,requires_manual,owner/controller/core conflict,split vp_review owner_core_conflict,split; province_overlap=2; tsr_overlap_rank=2/3; bsr_source_count=1
1409,STATE_1409,europe,5,STATE_5,split,1.000,1,3,1,no,no,yes,requires_manual,owner/controller/core conflict,split vp_review owner_core_conflict,split; province_overlap=2; tsr_overlap_rank=2/4; bsr_source_count=1
1441,STATE_1441,europe,95,STATE_95,split,1.000,1,3,1,no,no,yes,requires_manual,owner/controller/core conflict,split vp_review owner_core_conflict,split; province_overlap=1; tsr_overlap_rank=6/6; bsr_source_count=1
1445,STATE_1445,europe,228,Voroshilovgrad,split,1.000,1,3,1,no,no,yes,requires_manual,owner/controller/core conflict,split vp_review owner_core_conflict,split; province_overlap=1; tsr_overlap_rank=2/3; bsr_source_count=1
1450,STATE_1450,europe,102,STATE_102,split,1.000,1,3,1,no,no,yes,requires_manual,owner/controller/core conflict,split vp_review owner_core_conflict,split; province_overlap=1; tsr_overlap_rank=3/4; bsr_source_count=1
1457,STATE_1457,europe,153,STATE_153,split,1.000,1,3,1,no,no,yes,requires_manual,owner/controller/core conflict,split vp_review owner_core_conflict,split; province_overlap=1; tsr_overlap_rank=4/4; bsr_source_count=1
1459,STATE_1459,asia,584,STATE_584,split,1.000,1,3,1,no,no,yes,requires_manual,owner/controller/core conflict,split vp_review owner_core_conflict,split; province_overlap=2; tsr_overlap_rank=5/6; bsr_source_count=1
1460,STATE_1460,asia,584,STATE_584,split,1.000,1,3,1,no,no,yes,requires_manual,owner/controller/core conflict,split vp_review owner_core_conflict,split; province_overlap=4; tsr_overlap_rank=2/6; bsr_source_count=1
1461,STATE_1461,asia,584,STATE_584,split,1.000,1,3,1,no,no,yes,requires_manual,owner/controller/core conflict,split vp_review owner_core_conflict,split; province_overlap=2; tsr_overlap_rank=6/6; bsr_source_count=1
1466,STATE_1466,asia,584,STATE_584,split,1.000,1,3,1,no,no,yes,requires_manual,owner/controller/core conflict,split vp_review owner_core_conflict,split; province_overlap=3; tsr_overlap_rank=4/6; bsr_source_count=1
1489,STATE_1489,asia,405,Tashkent,split,0.333,2,3,1,no,no,yes,requires_manual,owner/controller/core conflict,split vp_review owner_core_conflict,split; province_overlap=1; tsr_overlap_rank=3/3; bsr_source_count=1
1493,STATE_1493,africa,773,Cameroon,split,1.000,1,3,1,no,no,yes,requires_manual,owner/controller/core conflict,split vp_review owner_core_conflict,split; province_overlap=3; tsr_overlap_rank=2/3; bsr_source_count=1
1507,STATE_1507,europe,1054,STATE_1054,split,1.000,1,3,1,no,no,yes,requires_manual,owner/controller/core conflict,split vp_review owner_core_conflict,split; province_overlap=4; tsr_overlap_rank=1/2; bsr_source_count=1
1531,STATE_1531,africa,545,STATE_545,split,1.000,1,3,1,no,no,yes,requires_manual,owner/controller/core conflict,split vp_review owner_core_conflict,split; province_overlap=3; tsr_overlap_rank=2/2; bsr_source_count=1
1545,STATE_1545,asia,998,STATE_998,split,1.000,1,3,1,no,no,yes,requires_manual,owner/controller/core conflict,split vp_review owner_core_conflict,split; province_overlap=2; tsr_overlap_rank=2/2; bsr_source_count=1
1553,STATE_1553,europe,91,Lwow,split,1.000,1,3,1,no,no,yes,requires_manual,owner/controller/core conflict,split vp_review owner_core_conflict,split; province_overlap=2; tsr_overlap_rank=3/5; bsr_source_count=1
1557,STATE_1557,europe,94,STATE_94,split,1.000,1,3,1,no,no,yes,requires_manual,owner/controller/core conflict,split vp_review owner_core_conflict,split; province_overlap=3; tsr_overlap_rank=3/9; bsr_source_count=1
1563,STATE_1563,europe,784,STATE_784,split,1.000,1,3,1,no,no,yes,requires_manual,owner/controller/core conflict,split vp_review owner_core_conflict,split; province_overlap=1; tsr_overlap_rank=3/3; bsr_source_count=1
1569,Arabian Desert,africa,457,Arabian Desert,split,1.000,1,3,1,no,no,yes,requires_manual,owner/controller/core conflict,split vp_review owner_core_conflict,split; province_overlap=5; tsr_overlap_rank=1/2; bsr_source_count=1
1572,STATE_1572,europe,928,KYME,split,1.000,1,3,1,no,no,yes,requires_manual,owner/controller/core conflict,split vp_review owner_core_conflict,split; province_overlap=6; tsr_overlap_rank=1/3; bsr_source_count=1
1587,STATE_1587,europe,98,STATE_98,split,1.000,1,3,1,no,no,yes,requires_manual,owner/controller/core conflict,split vp_review owner_core_conflict,split; province_overlap=1; tsr_overlap_rank=5/5; bsr_source_count=1
1590,STATE_1590,europe,93,STATE_93,split,1.000,1,3,1,no,no,yes,requires_manual,owner/controller/core conflict,split vp_review owner_core_conflict,split; province_overlap=1; tsr_overlap_rank=4/5; bsr_source_count=1
1620,STATE_1620,europe,207,STATE_207,split,1.000,1,3,1,no,no,yes,requires_manual,owner/controller/core conflict,split vp_review owner_core_conflict,split; province_overlap=1; tsr_overlap_rank=4/6; bsr_source_count=1
1624,STATE_1624,europe,198,STATE_198,split,1.000,1,3,1,no,no,yes,requires_manual,owner/controller/core conflict,split vp_review owner_core_conflict,split; province_overlap=1; tsr_overlap_rank=3/4; bsr_source_count=1
1656,STATE_1656,europe,95,STATE_95,split,1.000,1,3,1,no,no,yes,requires_manual,owner/controller/core conflict,split vp_review owner_core_conflict,split; province_overlap=1; tsr_overlap_rank=5/6; bsr_source_count=1
1659,STATE_1659,north_america,332,STATE_332,split,1.000,1,3,0,no,no,yes,requires_manual,owner/controller/core conflict,split owner_core_conflict,split; province_overlap=1; tsr_overlap_rank=2/2; bsr_source_count=1
1678,STATE_1678,middle_east,356,Kastamonu,split,1.000,1,3,1,no,no,yes,requires_manual,owner/controller/core conflict,split vp_review owner_core_conflict,split; province_overlap=2; tsr_overlap_rank=3/3; bsr_source_count=1
1738,STATE_1738,asia,618,Dzungaria,split,1.000,1,3,1,no,no,yes,requires_manual,owner/controller/core conflict,split vp_review owner_core_conflict,split; province_overlap=1; tsr_overlap_rank=4/5; bsr_source_count=1
1749,STATE_1749,asia,747,STATE_747,split,1.000,1,3,1,no,no,yes,requires_manual,owner/controller/core conflict,split vp_review owner_core_conflict,split; province_overlap=2; tsr_overlap_rank=2/6; bsr_source_count=1
1768,STATE_1768,europe,91,Lwow,split,0.500,1,3,1,no,no,yes,requires_manual,owner/controller/core conflict,split vp_review owner_core_conflict,split; province_overlap=1; tsr_overlap_rank=5/5; bsr_source_count=1
1769,STATE_1769,europe,89,STATE_89,split,1.000,1,3,1,no,no,yes,requires_manual,owner/controller/core conflict,split vp_review owner_core_conflict,split; province_overlap=1; tsr_overlap_rank=3/3; bsr_source_count=1
1771,STATE_1771,europe,199,STATE_199,split,1.000,1,3,1,no,no,yes,requires_manual,owner/controller/core conflict,split vp_review owner_core_conflict,split; province_overlap=2; tsr_overlap_rank=2/4; bsr_source_count=1
1772,STATE_1772,europe,199,STATE_199,split,1.000,1,3,1,no,no,yes,requires_manual,owner/controller/core conflict,split vp_review owner_core_conflict,split; province_overlap=1; tsr_overlap_rank=4/4; bsr_source_count=1
1774,Gomel,europe,241,Gomel,split,1.000,1,3,1,no,no,yes,requires_manual,owner/controller/core conflict,split vp_review owner_core_conflict,split; province_overlap=1; tsr_overlap_rank=3/3; bsr_source_count=1
1777,STATE_1777,asia,755,STATE_755,split,1.000,1,3,1,no,no,yes,requires_manual,owner/controller/core conflict,split vp_review owner_core_conflict,split; province_overlap=2; tsr_overlap_rank=2/3; bsr_source_count=1
1778,STATE_1778,asia,754,STATE_754,split,0.500,1,3,1,no,no,yes,requires_manual,owner/controller/core conflict,split vp_review owner_core_conflict,split; province_overlap=2; tsr_overlap_rank=3/4; bsr_source_count=1
1781,STATE_1781,asia,754,STATE_754,split,1.000,1,3,1,no,no,yes,requires_manual,owner/controller/core conflict,split vp_review owner_core_conflict,split; province_overlap=1; tsr_overlap_rank=4/4; bsr_source_count=1
1811,STATE_1811,europe,5,STATE_5,split,0.667,1,3,1,no,no,yes,requires_manual,owner/controller/core conflict,split vp_review owner_core_conflict,split; province_overlap=2; tsr_overlap_rank=3/4; bsr_source_count=1
1828,STATE_1828,asia,404,Kyzyl Orda,split,1.000,1,3,1,no,no,yes,requires_manual,owner/controller/core conflict,split vp_review owner_core_conflict,split; province_overlap=3; tsr_overlap_rank=3/4; bsr_source_count=1
1840,STATE_1840,asia,877,Verkhoyansk,merge,0.833,1,3,0,no,no,yes,requires_manual,owner/controller/core conflict,merge owner_core_conflict,split+merge; province_overlap=5; tsr_overlap_rank=1/2; bsr_source_count=2
1847,STATE_1847,middle_east,855,STATE_855,merge,0.286,4,3,0,no,no,yes,requires_manual,owner/controller/core conflict,merge owner_core_conflict,split+merge; province_overlap=2; tsr_overlap_rank=3/3; bsr_source_count=2
1879,STATE_1879,asia,988,STATE_988,split,1.000,1,3,1,no,no,yes,requires_manual,owner/controller/core conflict,split vp_review owner_core_conflict,split; province_overlap=2; tsr_overlap_rank=1/3; bsr_source_count=1
1923,STATE_1923,africa,887,STATE_887,merge,0.667,2,3,0,no,no,yes,requires_manual,owner/controller/core conflict,merge owner_core_conflict,split+merge; province_overlap=2; tsr_overlap_rank=1/2; bsr_source_count=2
1924,STATE_1924,africa,778,Upper Volta,split,1.000,1,3,1,no,no,yes,requires_manual,owner/controller/core conflict,split vp_review owner_core_conflict,split; province_overlap=1; tsr_overlap_rank=3/3; bsr_source_count=1
1925,STATE_1925,africa,778,Upper Volta,split,1.000,1,3,1,no,no,yes,requires_manual,owner/controller/core conflict,split vp_review owner_core_conflict,split; province_overlap=2; tsr_overlap_rank=2/3; bsr_source_count=1
1937,STATE_1937,africa,665,STATE_665,split,1.000,1,3,1,no,no,yes,requires_manual,owner/controller/core conflict,split vp_review owner_core_conflict,split; province_overlap=2; tsr_overlap_rank=2/3; bsr_source_count=1
1961,STATE_1961,africa,770,STATE_770,split,1.000,1,3,1,no,no,yes,requires_manual,owner/controller/core conflict,split vp_review owner_core_conflict,split; province_overlap=1; tsr_overlap_rank=2/2; bsr_source_count=1
1988,STATE_1988,europe,764,STATE_764,split,1.000,1,3,1,no,no,yes,requires_manual,owner/controller/core conflict,split vp_review owner_core_conflict,split; province_overlap=1; tsr_overlap_rank=2/2; bsr_source_count=1
1993,STATE_1993,europe,207,STATE_207,split,1.000,1,3,1,no,no,yes,requires_manual,owner/controller/core conflict,split vp_review owner_core_conflict,split; province_overlap=2; tsr_overlap_rank=2/6; bsr_source_count=1
1994,STATE_1994,europe,207,STATE_207,split,1.000,1,3,1,no,no,yes,requires_manual,owner/controller/core conflict,split vp_review owner_core_conflict,split; province_overlap=1; tsr_overlap_rank=6/6; bsr_source_count=1
1995,STATE_1995,europe,194,Mozyr,split,1.000,1,3,1,no,no,yes,requires_manual,owner/controller/core conflict,split vp_review owner_core_conflict,split; province_overlap=3; tsr_overlap_rank=2/3; bsr_source_count=1
1996,STATE_1996,europe,201,STATE_201,split,1.000,1,3,1,no,no,yes,requires_manual,owner/controller/core conflict,split vp_review owner_core_conflict,split; province_overlap=2; tsr_overlap_rank=2/2; bsr_source_count=1
1997,STATE_1997,europe,784,STATE_784,split,1.000,1,3,1,no,no,yes,requires_manual,owner/controller/core conflict,split vp_review owner_core_conflict,split; province_overlap=1; tsr_overlap_rank=2/3; bsr_source_count=1
2002,STATE_2002,europe,341,STATE_341,split,1.000,1,3,1,no,no,yes,requires_manual,owner/controller/core conflict,split vp_review owner_core_conflict,split; province_overlap=1; tsr_overlap_rank=2/2; bsr_source_count=1
16,STATE_16,europe,16,STATE_16,merge,0.667,2,2,0,no,no,yes,requires_manual,owner/controller/core conflict,merge owner_core_conflict,split+merge; province_overlap=2; tsr_overlap_rank=1/2; bsr_source_count=2
30,STATE_30,europe,30,STATE_30,split,1.000,1,2,1,no,no,yes,requires_manual,owner/controller/core conflict,split vp_review owner_core_conflict,split; province_overlap=3; tsr_overlap_rank=3/4; bsr_source_count=1
45,STATE_45,europe,45,STATE_45,split,1.000,1,2,1,no,no,yes,requires_manual,owner/controller/core conflict,split vp_review owner_core_conflict,split; province_overlap=2; tsr_overlap_rank=1/3; bsr_source_count=1
73,STATE_73,europe,73,STATE_73,split,1.000,1,2,1,no,no,yes,requires_manual,owner/controller/core conflict,split vp_review owner_core_conflict,split; province_overlap=4; tsr_overlap_rank=1/2; bsr_source_count=1
78,STATE_78,europe,78,STATE_78,split,1.000,1,2,1,no,no,yes,requires_manual,owner/controller/core conflict,split vp_review owner_core_conflict,split; province_overlap=7; tsr_overlap_rank=1/3; bsr_source_count=1
91,Lwow,europe,91,Lwow,merge,0.600,2,2,0,no,no,yes,requires_manual,owner/controller/core conflict,merge owner_core_conflict,split+merge; province_overlap=3; tsr_overlap_rank=2/5; bsr_source_count=2
93,STATE_93,europe,93,STATE_93,split,0.667,1,2,1,no,no,yes,requires_manual,owner/controller/core conflict,split vp_review owner_core_conflict,split; province_overlap=2; tsr_overlap_rank=2/5; bsr_source_count=1
95,STATE_95,europe,95,STATE_95,merge,0.800,2,2,0,no,no,yes,requires_manual,owner/controller/core conflict,merge owner_core_conflict,split+merge; province_overlap=4; tsr_overlap_rank=1/6; bsr_source_count=2
96,STATE_96,europe,96,STATE_96,merge,0.714,2,2,0,no,no,yes,requires_manual,owner/controller/core conflict,merge owner_core_conflict,split+merge; province_overlap=5; tsr_overlap_rank=1/2; bsr_source_count=2
98,STATE_98,europe,98,STATE_98,split,0.667,2,2,1,no,no,yes,requires_manual,owner/controller/core conflict,split vp_review owner_core_conflict,split; province_overlap=2; tsr_overlap_rank=2/5; bsr_source_count=1
111,Uusimaa,europe,111,UUSIMA,split,1.000,1,2,1,no,no,yes,requires_manual,owner/controller/core conflict,split vp_review owner_core_conflict,split; province_overlap=6; tsr_overlap_rank=1/3; bsr_source_count=1
153,STATE_153,europe,153,STATE_153,merge,0.800,2,2,0,no,no,yes,requires_manual,owner/controller/core conflict,merge owner_core_conflict,split+merge; province_overlap=4; tsr_overlap_rank=1/4; bsr_source_count=2
157,STATE_157,europe,157,STATE_157,split,1.000,1,2,0,no,no,yes,requires_manual,owner/controller/core conflict,split owner_core_conflict,split; province_overlap=2; tsr_overlap_rank=3/5; bsr_source_count=1
159,STATE_159,europe,159,STATE_159,split,1.000,1,2,1,no,no,yes,requires_manual,owner/controller/core conflict,split vp_review owner_core_conflict,split; province_overlap=5; tsr_overlap_rank=1/4; bsr_source_count=1
193,STATE_193,europe,193,Chernihiv,split,1.000,1,2,1,no,no,yes,requires_manual,owner/controller/core conflict,split vp_review owner_core_conflict,split; province_overlap=5; tsr_overlap_rank=1/5; bsr_source_count=1
194,Mozyr,europe,194,Mozyr,split,0.714,3,2,1,no,no,yes,requires_manual,owner/controller/core conflict,split vp_review owner_core_conflict,split; province_overlap=5; tsr_overlap_rank=1/3; bsr_source_count=1
198,STATE_198,europe,198,STATE_198,split,1.000,1,2,1,no,no,yes,requires_manual,owner/controller/core conflict,split vp_review owner_core_conflict,split; province_overlap=2; tsr_overlap_rank=2/4; bsr_source_count=1
201,STATE_201,europe,201,STATE_201,merge,0.750,2,2,0,no,no,yes,requires_manual,owner/controller/core conflict,merge owner_core_conflict,split+merge; province_overlap=9; tsr_overlap_rank=1/2; bsr_source_count=2
225,STATE_225,europe,225,Sumy,merge,0.909,2,2,0,no,no,yes,requires_manual,owner/controller/core conflict,merge owner_core_conflict,split+merge; province_overlap=10; tsr_overlap_rank=1/2; bsr_source_count=2
230,STATE_230,europe,230,STATE_230,split,1.000,1,2,1,no,no,yes,requires_manual,owner/controller/core conflict,split vp_review owner_core_conflict,split; province_overlap=3; tsr_overlap_rank=1/4; bsr_source_count=1
259,STATE_259,europe,259,Poltava,merge,0.900,3,2,0,no,no,yes,requires_manual,owner/controller/core conflict,merge owner_core_conflict,split+merge; province_overlap=9; tsr_overlap_rank=1/2; bsr_source_count=3
297,Malabo,africa,297,Equatorial Guinea,split,1.000,1,2,0,no,no,yes,requires_manual,owner/controller/core conflict,split owner_core_conflict,split; province_overlap=1; tsr_overlap_rank=2/2; bsr_source_count=1
353,STATE_353,middle_east,800,Van,split,1.000,1,2,0,no,no,yes,requires_manual,owner/controller/core conflict,split owner_core_conflict,split; province_overlap=6; tsr_overlap_rank=1/4; bsr_source_count=1
405,STATE_405,asia,405,Tashkent,split,1.000,1,2,1,no,no,yes,requires_manual,owner/controller/core conflict,split vp_review owner_core_conflict,split; province_overlap=2; tsr_overlap_rank=1/3; bsr_source_count=1
453,STATE_453,middle_east,453,STATE_453,split,1.000,1,2,1,no,no,yes,requires_manual,owner/controller/core conflict,split vp_review owner_core_conflict,split; province_overlap=2; tsr_overlap_rank=2/2; bsr_source_count=1
541,STATE_541,africa,893,STATE_893,merge,1.000,2,2,0,no,no,yes,requires_manual,owner/controller/core conflict,merge owner_core_conflict,merge; province_overlap=5; bsr_source_count=2
547,STATE_547,africa,904,STATE_904,merge,1.000,4,2,0,no,no,yes,requires_manual,owner/controller/core conflict,merge owner_core_conflict,merge; province_overlap=3; bsr_source_count=3
549,STATE_549,africa,549,"Kurdufan / was ""Sudan""",split,1.000,1,2,1,no,no,yes,requires_manual,owner/controller/core conflict,split vp_review owner_core_conflict,split; province_overlap=5; tsr_overlap_rank=1/3; bsr_source_count=1
552,STATE_552,africa,552,STATE_552,merge,0.800,3,2,0,no,no,yes,requires_manual,owner/controller/core conflict,merge owner_core_conflict,merge; province_overlap=8; bsr_source_count=2
554,STATE_554,middle_east,554,STATE_554,split,1.000,1,2,1,no,no,yes,requires_manual,owner/controller/core conflict,split vp_review owner_core_conflict,split; province_overlap=2; tsr_overlap_rank=1/3; bsr_source_count=1
585,STATE_585,asia,585,Navoiy,merge,0.667,3,2,0,no,no,yes,requires_manual,owner/controller/core conflict,merge owner_core_conflict,merge; province_overlap=4; bsr_source_count=3
604,STATE_604,asia,604,STATE_604,split,1.000,1,2,1,no,no,yes,requires_manual,owner/controller/core conflict,split vp_review owner_core_conflict,split; province_overlap=3; tsr_overlap_rank=1/3; bsr_source_count=1
611,STATE_611,asia,611,South Chahar,merge,0.600,1,2,0,no,no,yes,requires_manual,owner/controller/core conflict,merge owner_core_conflict,split+merge; province_overlap=3; tsr_overlap_rank=2/2; bsr_source_count=2
618,STATE_618,asia,618,Dzungaria,split,1.000,1,2,1,no,no,yes,requires_manual,owner/controller/core conflict,split vp_review owner_core_conflict,split; province_overlap=3; tsr_overlap_rank=3/5; bsr_source_count=1
659,STATE_659,middle_east,659,STATE_659,merge,0.750,1,2,0,no,no,yes,requires_manual,owner/controller/core conflict,merge owner_core_conflict,split+merge; province_overlap=3; tsr_overlap_rank=1/3; bsr_source_count=2
662,STATE_662,africa,662,STATE_662,merge,0.667,2,2,0,no,no,yes,requires_manual,owner/controller/core conflict,merge owner_core_conflict,split+merge; province_overlap=2; tsr_overlap_rank=2/2; bsr_source_count=2
665,STATE_665,africa,665,STATE_665,split,1.000,1,2,1,no,no,yes,requires_manual,owner/controller/core conflict,split vp_review owner_core_conflict,split; province_overlap=6; tsr_overlap_rank=1/3; bsr_source_count=1
668,STATE_668,asia,668,STATE_668,split,1.000,1,2,0,no,no,yes,requires_manual,owner/controller/core conflict,split owner_core_conflict,split; province_overlap=7; tsr_overlap_rank=1/2; bsr_source_count=1
747,STATE_747,asia,747,STATE_747,split,1.000,1,2,1,no,no,yes,requires_manual,owner/controller/core conflict,split vp_review owner_core_conflict,split; province_overlap=4; tsr_overlap_rank=1/6; bsr_source_count=1
755,STATE_755,asia,755,STATE_755,merge,0.714,2,2,0,no,no,yes,requires_manual,owner/controller/core conflict,merge owner_core_conflict,split+merge; province_overlap=5; tsr_overlap_rank=1/3; bsr_source_count=2
759,STATE_759,asia,1042,STATE_1042,split,0.833,2,2,0,no,no,yes,requires_manual,owner/controller/core conflict,split owner_core_conflict,split; province_overlap=5; tsr_overlap_rank=1/2; bsr_source_count=1
773,Cameroon,africa,773,Cameroon,split,1.000,1,2,0,no,no,yes,requires_manual,owner/controller/core conflict,split owner_core_conflict,split; province_overlap=3; tsr_overlap_rank=1/3; bsr_source_count=1
870,STATE_870,europe,803,STATE_803,split,1.000,1,2,0,no,no,yes,requires_manual,owner/controller/core conflict,split owner_core_conflict,split; province_overlap=2; tsr_overlap_rank=1/2; bsr_source_count=1
918,STATE_918,australia,979,STATE_979,merge,1.000,2,2,0,no,no,yes,requires_manual,owner/controller/core conflict,merge owner_core_conflict,merge; province_overlap=12; bsr_source_count=2
993,STATE_993,europe,736,Name was Istria before the Pola (Istria) split and merge with Fiume,split,1.000,1,2,0,no,no,yes,requires_manual,owner/controller/core conflict,split owner_core_conflict,split; province_overlap=1; tsr_overlap_rank=2/2; bsr_source_count=1
994,STATE_994,europe,947,STATE_947,same_name,1.000,2,2,1,no,no,yes,requires_manual,owner/controller/core conflict,vp_review owner_core_conflict,province_overlap=1
998,STATE_998,africa,273,Libyan Desert,split,1.000,1,2,0,no,no,yes,requires_manual,owner/controller/core conflict,split owner_core_conflict,split; province_overlap=1; tsr_overlap_rank=5/7; bsr_source_count=1
1002,STATE_1002,europe,826,STATE_826,split,0.750,2,2,0,no,no,yes,requires_manual,owner/controller/core conflict,split owner_core_conflict,split; province_overlap=3; tsr_overlap_rank=1/2; bsr_source_count=1
1042,STATE_1042,asia,994,STATE_994,split,1.000,1,2,0,no,no,yes,requires_manual,owner/controller/core conflict,split owner_core_conflict,split; province_overlap=11; tsr_overlap_rank=1/2; bsr_source_count=1
1057,STATE_1057,africa,895,STATE_895,split,1.000,1,2,0,no,no,yes,requires_manual,owner/controller/core conflict,split owner_core_conflict,split; province_overlap=1; tsr_overlap_rank=2/3; bsr_source_count=1
1070,STATE_1070,africa,663,STATE_663,split,1.000,1,2,0,no,no,yes,requires_manual,owner/controller/core conflict,split owner_core_conflict,split; province_overlap=1; tsr_overlap_rank=2/2; bsr_source_count=1
1071,STATE_1071,africa,273,Libyan Desert,split,0.800,2,2,0,no,no,yes,requires_manual,owner/controller/core conflict,split owner_core_conflict,split; province_overlap=4; tsr_overlap_rank=1/7; bsr_source_count=1
1072,STATE_1072,africa,273,Libyan Desert,split,1.000,1,2,0,no,no,yes,requires_manual,owner/controller/core conflict,split owner_core_conflict,split; province_overlap=1; tsr_overlap_rank=7/7; bsr_source_count=1
1085,STATE_1085,asia,1089,STATE_1089,merge,1.000,2,2,0,no,no,yes,requires_manual,owner/controller/core conflict,merge owner_core_conflict,merge; province_overlap=6; bsr_source_count=2
1125,STATE_1125,europe,193,Chernihiv,split,1.000,1,2,0,no,no,yes,requires_manual,owner/controller/core conflict,split owner_core_conflict,split; province_overlap=1; tsr_overlap_rank=5/5; bsr_source_count=1
1140,STATE_1140,europe,341,STATE_341,split,1.000,1,2,0,no,no,yes,requires_manual,owner/controller/core conflict,split owner_core_conflict,split; province_overlap=2; tsr_overlap_rank=1/2; bsr_source_count=1
1144,STATE_1144,africa,273,Libyan Desert,split,0.800,2,2,0,no,no,yes,requires_manual,owner/controller/core conflict,split owner_core_conflict,split; province_overlap=4; tsr_overlap_rank=2/7; bsr_source_count=1
1145,STATE_1145,africa,273,Libyan Desert,split,1.000,1,2,0,no,no,yes,requires_manual,owner/controller/core conflict,split owner_core_conflict,split; province_overlap=1; tsr_overlap_rank=6/7; bsr_source_count=1
1146,STATE_1146,africa,273,Libyan Desert,split,1.000,1,2,0,no,no,yes,requires_manual,owner/controller/core conflict,split owner_core_conflict,split; province_overlap=2; tsr_overlap_rank=4/7; bsr_source_count=1
1173,STATE_1173,africa,786,Mauritanian Desert,split,0.400,3,2,0,no,no,yes,requires_manual,owner/controller/core conflict,split owner_core_conflict,split; province_overlap=2; tsr_overlap_rank=2/3; bsr_source_count=1
1178,STATE_1178,europe,98,STATE_98,split,1.000,1,2,0,no,no,yes,requires_manual,owner/controller/core conflict,split owner_core_conflict,split; province_overlap=4; tsr_overlap_rank=1/5; bsr_source_count=1
1187,STATE_1187,africa,884,Upper Nile,merge,1.000,5,2,0,no,no,yes,requires_manual,owner/controller/core conflict,merge owner_core_conflict,merge; province_overlap=4; bsr_source_count=5
1194,STATE_1194,europe,1063,STATE_1063,split,1.000,1,2,0,no,no,yes,requires_manual,owner/controller/core conflict,split owner_core_conflict,split; province_overlap=1; tsr_overlap_rank=2/2; bsr_source_count=1
1198,STATE_1198,europe,1064,STATE_1064,split,1.000,1,2,0,no,no,yes,requires_manual,owner/controller/core conflict,split owner_core_conflict,split; province_overlap=2; tsr_overlap_rank=2/2; bsr_source_count=1
1234,STATE_1234,middle_east,1075,STATE_1075,same_name,1.000,2,2,0,no,no,yes,requires_manual,owner/controller/core conflict,owner_core_conflict,province_overlap=1
1237,STATE_1237,africa,446,Suez,split,1.000,1,2,0,no,no,yes,requires_manual,owner/controller/core conflict,split owner_core_conflict,split; province_overlap=2; tsr_overlap_rank=1/2; bsr_source_count=1
1248,STATE_1248,middle_east,421,STATE_421,split,0.667,1,2,0,no,no,yes,requires_manual,owner/controller/core conflict,split owner_core_conflict,split; province_overlap=2; tsr_overlap_rank=1/2; bsr_source_count=1
1286,STATE_1286,africa,903,STATE_903,split,1.000,1,2,0,no,no,yes,requires_manual,owner/controller/core conflict,split owner_core_conflict,split; province_overlap=1; tsr_overlap_rank=2/2; bsr_source_count=1
1287,STATE_1287,africa,903,STATE_903,split,0.750,1,2,0,no,no,yes,requires_manual,owner/controller/core conflict,split owner_core_conflict,split; province_overlap=3; tsr_overlap_rank=1/2; bsr_source_count=1
1292,STATE_1292,europe,1056,STATE_1056,split,1.000,1,2,0,no,no,yes,requires_manual,owner/controller/core conflict,split owner_core_conflict,split; province_overlap=1; tsr_overlap_rank=2/2; bsr_source_count=1
1298,STATE_1298,middle_east,659,STATE_659,split,1.000,1,2,0,no,no,yes,requires_manual,owner/controller/core conflict,split owner_core_conflict,split; province_overlap=1; tsr_overlap_rank=2/3; bsr_source_count=1
1318,STATE_1318,asia,618,Dzungaria,split,1.000,1,2,0,no,no,yes,requires_manual,owner/controller/core conflict,split owner_core_conflict,split; province_overlap=5; tsr_overlap_rank=1/5; bsr_source_count=1
1319,STATE_1319,africa,786,Mauritanian Desert,split,1.000,1,2,0,no,no,yes,requires_manual,owner/controller/core conflict,split owner_core_conflict,split; province_overlap=1; tsr_overlap_rank=3/3; bsr_source_count=1
1321,STATE_1321,europe,30,STATE_30,split,1.000,1,2,0,no,no,yes,requires_manual,owner/controller/core conflict,split owner_core_conflict,split; province_overlap=3; tsr_overlap_rank=2/4; bsr_source_count=1
1327,STATE_1327,africa,662,STATE_662,split,1.000,1,2,0,no,no,yes,requires_manual,owner/controller/core conflict,split owner_core_conflict,split; province_overlap=3; tsr_overlap_rank=1/2; bsr_source_count=1
1345,STATE_1345,africa,514,Algerian Desert,split,0.333,1,2,0,no,no,yes,requires_manual,owner/controller/core conflict,split owner_core_conflict,split; province_overlap=1; tsr_overlap_rank=4/4; bsr_source_count=1
1354,STATE_1354,europe,848,STATE_848,split,1.000,1,2,0,no,no,yes,requires_manual,owner/controller/core conflict,split owner_core_conflict,split; province_overlap=1; tsr_overlap_rank=1/2; bsr_source_count=1
1356,STATE_1356,asia,641,STATE_641,split,0.500,1,2,0,no,no,yes,requires_manual,owner/controller/core conflict,split owner_core_conflict,split; province_overlap=1; tsr_overlap_rank=1/2; bsr_source_count=1
1458,STATE_1458,europe,102,STATE_102,split,1.000,1,2,0,no,no,yes,requires_manual,owner/controller/core conflict,split owner_core_conflict,split; province_overlap=1; tsr_overlap_rank=4/4; bsr_source_count=1
1464,STATE_1464,asia,830,Bukhara,split,1.000,1,2,0,no,no,yes,requires_manual,owner/controller/core conflict,split owner_core_conflict,split; province_overlap=9; tsr_overlap_rank=1/2; bsr_source_count=1
1465,STATE_1465,asia,832,STATE_832,split,0.750,2,2,0,no,no,yes,requires_manual,owner/controller/core conflict,split owner_core_conflict,split; province_overlap=3; tsr_overlap_rank=1/2; bsr_source_count=1
1471,Mozyr,europe,194,Mozyr,split,1.000,1,2,0,no,no,yes,requires_manual,owner/controller/core conflict,split owner_core_conflict,split; province_overlap=2; tsr_overlap_rank=3/3; bsr_source_count=1
1524,STATE_1524,africa,515,STATE_515,split,1.000,1,2,0,no,no,yes,requires_manual,owner/controller/core conflict,split owner_core_conflict,split; province_overlap=4; tsr_overlap_rank=2/2; bsr_source_count=1
1544,STATE_1544,africa,894,STATE_894,merge,1.000,2,2,0,no,no,yes,requires_manual,owner/controller/core conflict,merge owner_core_conflict,merge; province_overlap=3; bsr_source_count=2
1568,STATE_1568,middle_east,855,STATE_855,split,0.750,2,2,0,no,no,yes,requires_manual,owner/controller/core conflict,split owner_core_conflict,split; province_overlap=3; tsr_overlap_rank=2/3; bsr_source_count=1
1625,STATE_1625,europe,1054,STATE_1054,split,0.500,1,2,0,no,no,yes,requires_manual,owner/controller/core conflict,split owner_core_conflict,split; province_overlap=1; tsr_overlap_rank=2/2; bsr_source_count=1
1666,STATE_1666,middle_east,1074,STATE_1074,same_name,1.000,2,2,0,no,no,yes,requires_manual,owner/controller/core conflict,owner_core_conflict,province_overlap=1
1743,STATE_1743,asia,604,STATE_604,split,1.000,1,2,0,no,no,yes,requires_manual,owner/controller/core conflict,split owner_core_conflict,split; province_overlap=2; tsr_overlap_rank=2/3; bsr_source_count=1
1785,STATE_1785,asia,756,STATE_756,split,1.000,1,2,0,no,no,yes,requires_manual,owner/controller/core conflict,split owner_core_conflict,split; province_overlap=5; tsr_overlap_rank=1/2; bsr_source_count=1
1825,STATE_1825,middle_east,659,STATE_659,split,1.000,1,2,0,no,no,yes,requires_manual,owner/controller/core conflict,split owner_core_conflict,split; province_overlap=1; tsr_overlap_rank=3/3; bsr_source_count=1
1860,STATE_1860,north_america,390,STATE_390,split,1.000,1,2,0,no,no,yes,requires_manual,owner/controller/core conflict,split owner_core_conflict,split; province_overlap=6; tsr_overlap_rank=1/2; bsr_source_count=1
1880,STATE_1880,asia,1012,STATE_1012,split,1.000,1,2,0,no,no,yes,requires_manual,owner/controller/core conflict,split owner_core_conflict,split; province_overlap=2; tsr_overlap_rank=1/2; bsr_source_count=1
1936,STATE_1936,africa,665,STATE_665,split,1.000,1,2,0,no,no,yes,requires_manual,owner/controller/core conflict,split owner_core_conflict,split; province_overlap=2; tsr_overlap_rank=3/3; bsr_source_count=1
1939,STATE_1939,europe,78,STATE_78,split,1.000,1,2,0,no,no,yes,requires_manual,owner/controller/core conflict,split owner_core_conflict,split; province_overlap=2; tsr_overlap_rank=2/3; bsr_source_count=1
1950,STATE_1950,australia,669,STATE_669,split,1.000,1,2,0,no,no,yes,requires_manual,owner/controller/core conflict,split owner_core_conflict,split; province_overlap=15; tsr_overlap_rank=1/3; bsr_source_count=1
1977,STATE_1977,asia,715,STATE_715,split,1.000,1,2,0,no,no,yes,requires_manual,owner/controller/core conflict,split owner_core_conflict,split; province_overlap=1; tsr_overlap_rank=6/6; bsr_source_count=1
1992,STATE_1992,europe,814,STATE_814,split,1.000,1,2,0,no,no,yes,requires_manual,owner/controller/core conflict,split owner_core_conflict,split; province_overlap=1; tsr_overlap_rank=2/2; bsr_source_count=1
2039,STATE_2039,europe,1062,STATE_1062,split,1.000,1,2,0,no,no,yes,requires_manual,owner/controller/core conflict,split owner_core_conflict,split; province_overlap=1; tsr_overlap_rank=3/3; bsr_source_count=1
5,STATE_5,europe,5,STATE_5,split,1.000,1,1,0,no,no,yes,requires_manual,owner/controller/core conflict,split owner_core_conflict,split; province_overlap=6; tsr_overlap_rank=1/4; bsr_source_count=1
87,STATE_87,europe,87,STATE_87,split,0.500,1,1,0,no,no,yes,requires_manual,owner/controller/core conflict,split owner_core_conflict,split; province_overlap=1; tsr_overlap_rank=2/4; bsr_source_count=1
89,STATE_89,europe,89,STATE_89,split,1.000,1,1,0,no,no,yes,requires_manual,owner/controller/core conflict,split owner_core_conflict,split; province_overlap=4; tsr_overlap_rank=1/3; bsr_source_count=1
102,STATE_102,europe,853,STATE_853,same_name,1.000,1,1,0,no,no,yes,requires_manual,owner/controller/core conflict,owner_core_conflict,province_overlap=2
115,STATE_115,europe,115,STATE_115,same_id_same_area,0.900,1,1,1,no,no,yes,requires_manual,owner/controller/core conflict,vp_review owner_core_conflict,province_overlap=9
182,STATE_182,europe,182,STATE_182,split,1.000,1,1,0,no,no,yes,requires_manual,owner/controller/core conflict,split owner_core_conflict,split; province_overlap=3; tsr_overlap_rank=1/2; bsr_source_count=1
190,STATE_190,europe,190,STATE_190,merge,1.000,2,1,0,no,no,yes,requires_manual,owner/controller/core conflict,merge owner_core_conflict,merge; province_overlap=6; bsr_source_count=2
192,STATE_192,europe,192,STATE_192,merge,1.000,2,1,0,no,no,yes,requires_manual,owner/controller/core conflict,merge owner_core_conflict,merge; province_overlap=6; bsr_source_count=2
199,STATE_199,europe,199,STATE_199,split,1.000,1,1,0,no,no,yes,requires_manual,owner/controller/core conflict,split owner_core_conflict,split; province_overlap=1; tsr_overlap_rank=3/4; bsr_source_count=1
203,STATE_203,europe,203,STATE_203,split,1.000,1,1,0,no,no,yes,requires_manual,owner/controller/core conflict,split owner_core_conflict,split; province_overlap=10; tsr_overlap_rank=1/3; bsr_source_count=1
207,STATE_207,europe,207,STATE_207,split,1.000,1,1,0,no,no,yes,requires_manual,owner/controller/core conflict,split owner_core_conflict,split; province_overlap=5; tsr_overlap_rank=1/6; bsr_source_count=1
228,Voroshilovgrad,europe,228,Voroshilovgrad,split,0.889,1,1,0,no,no,yes,requires_manual,owner/controller/core conflict,split owner_core_conflict,split; province_overlap=8; tsr_overlap_rank=1/3; bsr_source_count=1
233,STATE_233,europe,233,STATE_233,same_id_same_area,1.000,1,1,1,no,no,yes,requires_manual,owner/controller/core conflict,vp_review owner_core_conflict,province_overlap=4
241,Gomel,europe,241,Gomel,split,1.000,1,1,0,no,no,yes,requires_manual,owner/controller/core conflict,split owner_core_conflict,split; province_overlap=1; tsr_overlap_rank=2/3; bsr_source_count=1
243,STATE_243,europe,243,STATE_243,same_name,0.750,2,1,1,no,no,yes,requires_manual,owner/controller/core conflict,vp_review owner_core_conflict,province_overlap=4
256,STATE_256,europe,833,STATE_833,same_name,0.941,5,1,0,no,no,yes,requires_manual,owner/controller/core conflict,owner_core_conflict,province_overlap=16
273,STATE_273,africa,273,Libyan Desert,split,1.000,1,1,0,no,no,yes,requires_manual,owner/controller/core conflict,split owner_core_conflict,split; province_overlap=3; tsr_overlap_rank=3/7; bsr_source_count=1
283,STATE_283,asia,1045,STATE_1045,same_name,1.000,2,1,0,no,no,yes,requires_manual,owner/controller/core conflict,owner_core_conflict,province_overlap=2
332,STATE_332,north_america,332,STATE_332,split,1.000,1,1,0,no,no,yes,requires_manual,owner/controller/core conflict,split owner_core_conflict,split; province_overlap=4; tsr_overlap_rank=1/2; bsr_source_count=1
341,STATE_341,europe,797,STATE_797,same_name,1.000,1,1,0,no,no,yes,requires_manual,owner/controller/core conflict,owner_core_conflict,province_overlap=1
350,STATE_350,middle_east,1060,STATE_1060,same_name,1.000,2,1,0,no,no,yes,requires_manual,owner/controller/core conflict,owner_core_conflict,province_overlap=4
351,STATE_351,europe,351,Vologda,province_overlap,0.741,3,1,1,no,no,yes,requires_manual,owner/controller/core conflict,vp_review owner_core_conflict,province_overlap=43
355,STATE_355,middle_east,355,STATE_355,split,1.000,1,1,0,no,no,yes,requires_manual,owner/controller/core conflict,split owner_core_conflict,split; province_overlap=3; tsr_overlap_rank=2/3; bsr_source_count=1
384,STATE_384,north_america,384,STATE_384,split,1.000,1,1,0,no,no,yes,requires_manual,owner/controller/core conflict,split owner_core_conflict,split; province_overlap=8; tsr_overlap_rank=1/2; bsr_source_count=1
406,STATE_406,europe,406,Gurev,split,1.000,1,1,0,no,no,yes,requires_manual,owner/controller/core conflict,split owner_core_conflict,split; province_overlap=9; tsr_overlap_rank=2/2; bsr_source_count=1
407,STATE_407,europe,407,STATE_407,split,1.000,1,1,0,no,no,yes,requires_manual,owner/controller/core conflict,split owner_core_conflict,split; province_overlap=25; tsr_overlap_rank=1/2; bsr_source_count=1
410,STATE_410,asia,410,STATE_410,split,1.000,1,1,0,no,no,yes,requires_manual,owner/controller/core conflict,split owner_core_conflict,split; province_overlap=5; tsr_overlap_rank=1/2; bsr_source_count=1
440,STATE_440,asia,440,STATE_440,same_id_same_area,0.900,2,1,1,no,no,yes,requires_manual,owner/controller/core conflict,vp_review owner_core_conflict,province_overlap=11
445,STATE_445,asia,445,STATE_445,merge,1.000,2,1,0,no,no,yes,requires_manual,owner/controller/core conflict,merge owner_core_conflict,merge; province_overlap=4; bsr_source_count=2
449,STATE_449,africa,449,El Agheila,split,1.000,1,1,0,no,no,yes,requires_manual,owner/controller/core conflict,split owner_core_conflict,split; province_overlap=5; tsr_overlap_rank=1/2; bsr_source_count=1
450,STATE_450,africa,450,STATE_450,merge,1.000,2,1,0,no,no,yes,requires_manual,owner/controller/core conflict,merge owner_core_conflict,merge; province_overlap=4; bsr_source_count=2
452,STATE_452,africa,452,STATE_452,split,1.000,1,1,0,no,no,yes,requires_manual,owner/controller/core conflict,split owner_core_conflict,split; province_overlap=8; tsr_overlap_rank=1/2; bsr_source_count=1
457,Arabian Desert,africa,457,Arabian Desert,split,1.000,1,1,0,no,no,yes,requires_manual,owner/controller/core conflict,split owner_core_conflict,split; province_overlap=4; tsr_overlap_rank=2/2; bsr_source_count=1
460,STATE_460,africa,460,Constantine,merge,1.000,2,1,0,no,no,yes,requires_manual,owner/controller/core conflict,merge owner_core_conflict,merge; province_overlap=11; bsr_source_count=2
463,STATE_463,north_america,463,STATE_463,split,1.000,1,1,0,no,no,yes,requires_manual,owner/controller/core conflict,split owner_core_conflict,split; province_overlap=9; tsr_overlap_rank=1/4; bsr_source_count=1
475,STATE_475,north_america,475,STATE_475,split,1.000,1,1,0,no,no,yes,requires_manual,owner/controller/core conflict,split owner_core_conflict,split; province_overlap=2; tsr_overlap_rank=1/2; bsr_source_count=1
490,STATE_490,south_america,490,STATE_490,same_id_same_area,1.000,1,1,1,no,no,yes,requires_manual,owner/controller/core conflict,vp_review owner_core_conflict,province_overlap=2
514,STATE_514,africa,514,Algerian Desert,split,1.000,1,1,0,no,no,yes,requires_manual,owner/controller/core conflict,split owner_core_conflict,split; province_overlap=3; tsr_overlap_rank=2/4; bsr_source_count=1
515,STATE_515,africa,515,STATE_515,split,1.000,1,1,0,no,no,yes,requires_manual,owner/controller/core conflict,split owner_core_conflict,split; province_overlap=4; tsr_overlap_rank=1/2; bsr_source_count=1
545,STATE_545,africa,545,STATE_545,split,1.000,1,1,0,no,no,yes,requires_manual,owner/controller/core conflict,split owner_core_conflict,split; province_overlap=3; tsr_overlap_rank=1/2; bsr_source_count=1
551,STATE_551,africa,551,STATE_551,merge,1.000,4,1,0,no,no,yes,requires_manual,owner/controller/core conflict,merge owner_core_conflict,merge; province_overlap=13; bsr_source_count=3
553,STATE_553,middle_east,553,STATE_553,split,1.000,1,1,0,no,no,yes,requires_manual,owner/controller/core conflict,split owner_core_conflict,split; province_overlap=2; tsr_overlap_rank=1/2; bsr_source_count=1
561,STATE_561,asia,561,Amur,split,1.000,1,1,0,no,no,yes,requires_manual,owner/controller/core conflict,split owner_core_conflict,split; province_overlap=8; tsr_overlap_rank=1/2; bsr_source_count=1
562,Okhotsk,asia,562,Okhotsk,merge,1.000,2,1,0,no,no,yes,requires_manual,owner/controller/core conflict,merge owner_core_conflict,merge; province_overlap=11; bsr_source_count=2
566,Irktusk,asia,566,Irktusk,same_id_same_area,0.900,2,1,1,no,no,yes,requires_manual,owner/controller/core conflict,vp_review owner_core_conflict,province_overlap=9
572,Chelyabinsk,asia,572,Chelyabinsk,same_id_same_area,0.900,2,1,1,no,no,yes,requires_manual,owner/controller/core conflict,vp_review owner_core_conflict,province_overlap=8
583,STATE_583,asia,583,STATE_583,split,1.000,1,1,0,no,no,yes,requires_manual,owner/controller/core conflict,split owner_core_conflict,split; province_overlap=17; tsr_overlap_rank=1/3; bsr_source_count=1
584,STATE_584,asia,584,STATE_584,split,1.000,1,1,0,no,no,yes,requires_manual,owner/controller/core conflict,split owner_core_conflict,split; province_overlap=4; tsr_overlap_rank=3/6; bsr_source_count=1
598,STATE_598,asia,598,STATE_598,same_name,0.750,3,1,0,no,no,yes,requires_manual,owner/controller/core conflict,owner_core_conflict,province_overlap=9
603,STATE_603,asia,603,STATE_603,same_id_same_area,0.900,2,1,1,no,no,yes,requires_manual,owner/controller/core conflict,vp_review owner_core_conflict,province_overlap=7
608,STATE_608,asia,608,STATE_608,same_id_same_area,1.000,1,1,0,no,no,yes,requires_manual,owner/controller/core conflict,owner_core_conflict,province_overlap=6
644,STATE_644,asia,644,Kolyma,merge,1.000,4,1,0,no,no,yes,requires_manual,owner/controller/core conflict,merge owner_core_conflict,merge; province_overlap=6; bsr_source_count=2
661,STATE_661,africa,661,STATE_661,split,1.000,1,1,0,no,no,yes,requires_manual,owner/controller/core conflict,split owner_core_conflict,split; province_overlap=9; tsr_overlap_rank=1/2; bsr_source_count=1
663,STATE_663,africa,663,STATE_663,split,1.000,1,1,0,no,no,yes,requires_manual,owner/controller/core conflict,split owner_core_conflict,split; province_overlap=12; tsr_overlap_rank=1/2; bsr_source_count=1
670,STATE_670,asia,670,STATE_670,split,1.000,1,1,0,no,no,yes,requires_manual,owner/controller/core conflict,split owner_core_conflict,split; province_overlap=13; tsr_overlap_rank=1/3; bsr_source_count=1
674,STATE_674,australia,1096,STATE_1096,same_name,1.000,1,1,0,no,no,yes,requires_manual,owner/controller/core conflict,owner_core_conflict,province_overlap=9
680,STATE_680,middle_east,680,STATE_680,merge,1.000,2,1,0,no,no,yes,requires_manual,owner/controller/core conflict,merge owner_core_conflict,merge; province_overlap=4; bsr_source_count=2
699,STATE_699,africa,699,STATE_699,split,1.000,1,1,0,no,no,yes,requires_manual,owner/controller/core conflict,split owner_core_conflict,split; province_overlap=5; tsr_overlap_rank=1/2; bsr_source_count=1
717,STATE_717,asia,717,STATE_717,split,0.957,2,1,0,no,no,yes,requires_manual,owner/controller/core conflict,split owner_core_conflict,split; province_overlap=22; tsr_overlap_rank=1/2; bsr_source_count=1
726,STATE_726,asia,726,STATE_726,same_id_same_area,1.000,1,1,1,no,no,yes,requires_manual,owner/controller/core conflict,vp_review owner_core_conflict,province_overlap=1
732,STATE_732,asia,732,STATE_732,split,1.000,1,1,0,no,no,yes,requires_manual,owner/controller/core conflict,split owner_core_conflict,split; province_overlap=11; tsr_overlap_rank=1/2; bsr_source_count=1
735,STATE_735,europe,1066,STATE_1066,same_name,1.000,2,1,0,no,no,yes,requires_manual,owner/controller/core conflict,owner_core_conflict,province_overlap=3
738,STATE_738,asia,738,STATE_738,same_id_same_area,1.000,1,1,0,no,no,yes,requires_manual,owner/controller/core conflict,owner_core_conflict,province_overlap=1
741,STATE_741,asia,741,STATE_741,split,1.000,1,1,0,no,no,yes,requires_manual,owner/controller/core conflict,split owner_core_conflict,split; province_overlap=11; tsr_overlap_rank=1/4; bsr_source_count=1
760,STATE_760,asia,760,STATE_760,split,1.000,1,1,0,no,no,yes,requires_manual,owner/controller/core conflict,split owner_core_conflict,split; province_overlap=4; tsr_overlap_rank=1/2; bsr_source_count=1
763,STATE_763,europe,763,STATE_763,split,1.000,1,1,0,no,no,yes,requires_manual,owner/controller/core conflict,split owner_core_conflict,split; province_overlap=2; tsr_overlap_rank=2/3; bsr_source_count=1
764,STATE_764,europe,764,STATE_764,split,1.000,1,1,0,no,no,yes,requires_manual,owner/controller/core conflict,split owner_core_conflict,split; province_overlap=3; tsr_overlap_rank=1/2; bsr_source_count=1
766,STATE_766,europe,766,STATE_766,split,1.000,1,1,0,no,no,yes,requires_manual,owner/controller/core conflict,split owner_core_conflict,split; province_overlap=2; tsr_overlap_rank=2/2; bsr_source_count=1
770,STATE_770,africa,770,STATE_770,split,1.000,1,1,0,no,no,yes,requires_manual,owner/controller/core conflict,split owner_core_conflict,split; province_overlap=2; tsr_overlap_rank=1/2; bsr_source_count=1
774,STATE_774,africa,774,STATE_774,split,1.000,1,1,0,no,no,yes,requires_manual,owner/controller/core conflict,split owner_core_conflict,split; province_overlap=10; tsr_overlap_rank=1/2; bsr_source_count=1
778,Upper Volta,africa,778,Upper Volta,split,1.000,1,1,0,no,no,yes,requires_manual,owner/controller/core conflict,split owner_core_conflict,split; province_overlap=3; tsr_overlap_rank=1/3; bsr_source_count=1
780,Guinea,africa,780,Guinea,split,1.000,1,1,0,no,no,yes,requires_manual,owner/controller/core conflict,split owner_core_conflict,split; province_overlap=3; tsr_overlap_rank=1/2; bsr_source_count=1
784,STATE_784,europe,784,STATE_784,split,1.000,1,1,0,no,no,yes,requires_manual,owner/controller/core conflict,split owner_core_conflict,split; province_overlap=2; tsr_overlap_rank=1/3; bsr_source_count=1
786,STATE_786,africa,786,Mauritanian Desert,split,1.000,1,1,0,no,no,yes,requires_manual,owner/controller/core conflict,split owner_core_conflict,split; province_overlap=3; tsr_overlap_rank=1/3; bsr_source_count=1
787,STATE_787,asia,787,Northern Kashmir,province_overlap,0.750,2,1,1,no,no,yes,requires_manual,owner/controller/core conflict,vp_review owner_core_conflict,province_overlap=3
805,STATE_805,europe,910,STATE_910,same_name,1.000,2,1,0,no,no,yes,requires_manual,owner/controller/core conflict,owner_core_conflict,province_overlap=1
812,STATE_812,europe,1047,STATE_1047,same_name,1.000,1,1,0,no,no,yes,requires_manual,owner/controller/core conflict,owner_core_conflict,province_overlap=1
818,STATE_818,europe,1065,STATE_1065,same_name,1.000,1,1,0,no,no,yes,requires_manual,owner/controller/core conflict,owner_core_conflict,province_overlap=4
826,STATE_826,europe,1014,STATE_1014,same_name,1.000,2,1,0,no,no,yes,requires_manual,owner/controller/core conflict,owner_core_conflict,province_overlap=1
877,STATE_877,middle_east,799,STATE_799,same_name,1.000,1,1,0,no,no,yes,requires_manual,owner/controller/core conflict,owner_core_conflict,province_overlap=1
882,STATE_882,europe,811,STATE_811,same_name,1.000,1,1,0,no,no,yes,requires_manual,owner/controller/core conflict,owner_core_conflict,province_overlap=2
897,STATE_897,africa,914,STATE_914,same_name,1.000,3,1,0,no,no,yes,requires_manual,owner/controller/core conflict,owner_core_conflict,province_overlap=1
919,STATE_919,australia,871,STATE_871,same_name,1.000,1,1,0,no,no,yes,requires_manual,owner/controller/core conflict,owner_core_conflict,province_overlap=11
920,STATE_920,australia,870,STATE_870,same_name,1.000,1,1,0,no,no,yes,requires_manual,owner/controller/core conflict,owner_core_conflict,province_overlap=9
936,STATE_936,europe,1049,Prekmurje,province_overlap,1.000,1,1,0,no,no,yes,requires_manual,owner/controller/core conflict,owner_core_conflict,province_overlap=1
938,STATE_938,europe,940,STATE_940,same_name,1.000,2,1,0,no,no,yes,requires_manual,owner/controller/core conflict,owner_core_conflict,province_overlap=1
947,STATE_947,middle_east,1051,STATE_1051,same_name,1.000,2,1,0,no,no,yes,requires_manual,owner/controller/core conflict,owner_core_conflict,province_overlap=2
961,STATE_961,middle_east,1059,STATE_1059,same_name,1.000,2,1,0,no,no,yes,requires_manual,owner/controller/core conflict,owner_core_conflict,province_overlap=3
974,STATE_974,europe,967,STATE_967,same_name,1.000,3,1,0,no,no,yes,requires_manual,owner/controller/core conflict,owner_core_conflict,province_overlap=1
980,STATE_980,asia,1021,STATE_1021,same_name,1.000,1,1,0,no,no,yes,requires_manual,owner/controller/core conflict,owner_core_conflict,province_overlap=1
1027,STATE_1027,asia,1038,STATE_1038,same_name,0.875,3,1,0,no,no,yes,requires_manual,owner/controller/core conflict,owner_core_conflict,province_overlap=7
1028,STATE_1028,asia,1034,STATE_1034,same_name,1.000,2,1,0,no,no,yes,requires_manual,owner/controller/core conflict,owner_core_conflict,province_overlap=1
1035,STATE_1035,australia,1092,STATE_1092,same_name,1.000,2,1,0,no,no,yes,requires_manual,owner/controller/core conflict,owner_core_conflict,province_overlap=4
1039,STATE_1039,africa,906,STATE_906,same_name,1.000,2,1,0,no,no,yes,requires_manual,owner/controller/core conflict,owner_core_conflict,province_overlap=1
1051,STATE_1051,europe,789,STATE_789,same_name,1.000,1,1,0,no,no,yes,requires_manual,owner/controller/core conflict,owner_core_conflict,province_overlap=12
1073,STATE_1073,asia,1091,STATE_1091,same_name,1.000,1,1,0,no,no,yes,requires_manual,owner/controller/core conflict,owner_core_conflict,province_overlap=3
1082,STATE_1082,asia,286,STATE_286,same_name,1.000,2,1,0,no,no,yes,requires_manual,owner/controller/core conflict,owner_core_conflict,province_overlap=15
1087,STATE_1087,africa,844,STATE_844,same_name,1.000,1,1,0,no,no,yes,requires_manual,owner/controller/core conflict,owner_core_conflict,province_overlap=2
1109,STATE_1109,asia,948,STATE_948,same_name,1.000,3,1,0,no,no,yes,requires_manual,owner/controller/core conflict,owner_core_conflict,province_overlap=1
1147,STATE_1147,europe,962,STATE_962,same_name,1.000,2,1,0,no,no,yes,requires_manual,owner/controller/core conflict,owner_core_conflict,province_overlap=1
1188,STATE_1188,middle_east,1057,STATE_1057,same_name,1.000,1,1,0,no,no,yes,requires_manual,owner/controller/core conflict,owner_core_conflict,province_overlap=1
1191,STATE_1191,europe,1013,STATE_1013,same_name,1.000,2,1,0,no,no,yes,requires_manual,owner/controller/core conflict,owner_core_conflict,province_overlap=1
1254,STATE_1254,asia,1024,STATE_1024,same_name,1.000,1,1,0,no,no,yes,requires_manual,owner/controller/core conflict,owner_core_conflict,province_overlap=12
1269,STATE_1269,asia,1076,STATE_1076,same_name,1.000,1,1,0,no,no,yes,requires_manual,owner/controller/core conflict,owner_core_conflict,province_overlap=3
1295,STATE_1295,middle_east,1050,STATE_1050,same_name,1.000,2,1,0,no,no,yes,requires_manual,owner/controller/core conflict,owner_core_conflict,province_overlap=2
1307,STATE_1307,asia,1032,STATE_1032,same_name,1.000,2,1,0,no,no,yes,requires_manual,owner/controller/core conflict,owner_core_conflict,province_overlap=5
1311,STATE_1311,asia,605,STATE_605,same_name,1.000,2,1,0,no,no,yes,requires_manual,owner/controller/core conflict,owner_core_conflict,province_overlap=6
1523,STATE_1523,asia,1043,STATE_1043,same_name,1.000,1,1,0,no,no,yes,requires_manual,owner/controller/core conflict,owner_core_conflict,province_overlap=2
1751,STATE_1751,asia,1046,STATE_1046,same_name,1.000,2,1,0,no,no,yes,requires_manual,owner/controller/core conflict,owner_core_conflict,province_overlap=2
1773,STATE_1773,europe,1087,STATE_1087,same_name,1.000,5,1,0,no,no,yes,requires_manual,owner/controller/core conflict,owner_core_conflict,province_overlap=1
1780,STATE_1780,asia,283,STATE_283,same_name,1.000,2,1,0,no,no,yes,requires_manual,owner/controller/core conflict,owner_core_conflict,province_overlap=1
1814,Mali (previously French West Africa),africa,899,STATE_899,province_overlap,1.000,1,1,0,no,no,yes,requires_manual,owner/controller/core conflict,owner_core_conflict,province_overlap=6
1815,Mali (previously French West Africa),africa,898,STATE_898,province_overlap,1.000,1,1,0,no,no,yes,requires_manual,owner/controller/core conflict,owner_core_conflict,province_overlap=5
1931,STATE_1931,asia,1078,STATE_1078,same_name,1.000,1,1,0,no,no,yes,requires_manual,owner/controller/core conflict,owner_core_conflict,province_overlap=15
1968,STATE_1968,europe,827,STATE_827,same_name,1.000,2,1,0,no,no,yes,requires_manual,owner/controller/core conflict,owner_core_conflict,province_overlap=1
1970,STATE_1970,europe,163,STATE_163,same_name,1.000,1,1,0,no,no,yes,requires_manual,owner/controller/core conflict,owner_core_conflict,province_overlap=1
1,Corsica,europe,1,Corsica,same_id_same_area,1.000,1,0,0,no,no,yes,requires_manual,owner/controller/core conflict,owner_core_conflict,province_overlap=3
15,STATE_15,europe,15,STATE_15,same_id_same_area,1.000,1,0,0,no,no,yes,requires_manual,owner/controller/core conflict,owner_core_conflict,province_overlap=11
37,STATE_37,europe,37,STATE_37,same_id_same_area,1.000,1,0,0,no,no,yes,requires_manual,owner/controller/core conflict,owner_core_conflict,province_overlap=4
40,Barnaul,asia,40,Barnaul,same_id_same_area,1.000,1,0,0,no,no,yes,requires_manual,owner/controller/core conflict,owner_core_conflict,province_overlap=12
75,STATE_75,europe,75,STATE_75,same_id_same_area,1.000,1,0,0,no,no,yes,requires_manual,owner/controller/core conflict,owner_core_conflict,province_overlap=7
77,STATE_77,europe,77,STATE_77,same_id_same_area,1.000,1,0,0,no,no,yes,requires_manual,owner/controller/core conflict,owner_core_conflict,province_overlap=2
80,STATE_80,europe,80,STATE_80,same_id_same_area,1.000,1,0,0,no,no,yes,requires_manual,owner/controller/core conflict,owner_core_conflict,province_overlap=2
82,STATE_82,europe,82,STATE_82,same_id_same_area,1.000,1,0,0,no,no,yes,requires_manual,owner/controller/core conflict,owner_core_conflict,province_overlap=6
83,STATE_83,europe,83,STATE_83,same_id_same_area,1.000,1,0,0,no,no,yes,requires_manual,owner/controller/core conflict,owner_core_conflict,province_overlap=4
85,STATE_85,europe,85,STATE_85,same_id_same_area,1.000,1,0,0,no,no,yes,requires_manual,owner/controller/core conflict,owner_core_conflict,province_overlap=1
110,STATE_110,europe,110,STATE_110,same_id_same_area,1.000,1,0,0,no,no,yes,requires_manual,owner/controller/core conflict,owner_core_conflict,province_overlap=8
114,STATE_114,europe,114,STATE_114,same_id_same_area,1.000,1,0,0,no,no,yes,requires_manual,owner/controller/core conflict,owner_core_conflict,province_overlap=8
116,STATE_116,europe,116,STATE_116,same_id_same_area,1.000,1,0,0,no,no,yes,requires_manual,owner/controller/core conflict,owner_core_conflict,province_overlap=1
118,STATE_118,europe,118,STATE_118,same_id_same_area,1.000,1,0,0,no,no,yes,requires_manual,owner/controller/core conflict,owner_core_conflict,province_overlap=1
145,STATE_145,europe,145,ÅLAND,same_id_same_area,1.000,1,0,0,no,no,yes,requires_manual,owner/controller/core conflict,owner_core_conflict,province_overlap=1
147,STATE_147,europe,147,SALLA,same_id_same_area,1.000,1,0,0,no,no,yes,requires_manual,owner/controller/core conflict,owner_core_conflict,province_overlap=3
156,STATE_156,europe,156,STATE_156,same_id_same_area,1.000,1,0,0,no,no,yes,requires_manual,owner/controller/core conflict,owner_core_conflict,province_overlap=5
164,STATE_164,europe,164,STATE_164,same_id_same_area,1.000,1,0,0,no,no,yes,requires_manual,owner/controller/core conflict,owner_core_conflict,province_overlap=2
169,STATE_169,europe,169,STATE_169,same_id_same_area,1.000,1,0,0,no,no,yes,requires_manual,owner/controller/core conflict,owner_core_conflict,province_overlap=14
173,STATE_173,europe,173,STATE_173,same_id_same_area,1.000,1,0,0,no,no,yes,requires_manual,owner/controller/core conflict,owner_core_conflict,province_overlap=11
186,STATE_186,europe,186,STATE_186,same_id_same_area,1.000,1,0,0,no,no,yes,requires_manual,owner/controller/core conflict,owner_core_conflict,province_overlap=7
188,STATE_188,europe,188,STATE_188,same_id_same_area,1.000,1,0,0,no,no,yes,requires_manual,owner/controller/core conflict,owner_core_conflict,province_overlap=1
195,STATE_195,europe,195,STATE_195,same_id_same_area,1.000,1,0,0,no,no,yes,requires_manual,owner/controller/core conflict,owner_core_conflict,province_overlap=2
200,Zaporozhe,europe,200,Zaporozhe,same_id_same_area,1.000,1,0,0,no,no,yes,requires_manual,owner/controller/core conflict,owner_core_conflict,province_overlap=9
205,Kaluga,europe,205,Kaluga,same_id_same_area,1.000,1,0,0,no,no,yes,requires_manual,owner/controller/core conflict,owner_core_conflict,province_overlap=16
208,STATE_208,europe,208,Luga,same_id_same_area,0.900,2,0,0,no,no,yes,requires_manual,owner/controller/core conflict,owner_core_conflict,province_overlap=8
209,STATE_209,europe,209,Pskov,same_id_same_area,0.917,2,0,0,no,no,yes,requires_manual,owner/controller/core conflict,owner_core_conflict,province_overlap=11
210,Nevel,europe,210,Nevel,same_id_same_area,1.000,1,0,0,no,no,yes,requires_manual,owner/controller/core conflict,owner_core_conflict,province_overlap=7
213,STATE_213,europe,213,STATE_213,same_id_same_area,1.000,1,0,0,no,no,yes,requires_manual,owner/controller/core conflict,owner_core_conflict,province_overlap=20
217,STATE_217,europe,217,STATE_217,same_id_same_area,1.000,1,0,0,no,no,yes,requires_manual,owner/controller/core conflict,owner_core_conflict,province_overlap=5
218,STATE_218,europe,218,STATE_218,same_name,0.750,2,0,0,no,no,yes,requires_manual,owner/controller/core conflict,owner_core_conflict,province_overlap=6
219,STATE_219,europe,219,STATE_219,same_id_same_area,1.000,2,0,0,no,no,yes,requires_manual,owner/controller/core conflict,owner_core_conflict,province_overlap=25
220,STATE_220,europe,220,STATE_220,same_id_same_area,1.000,1,0,0,no,no,yes,requires_manual,owner/controller/core conflict,owner_core_conflict,province_overlap=14
222,STATE_222,europe,222,STATE_222,same_id_same_area,1.000,1,0,0,no,no,yes,requires_manual,owner/controller/core conflict,owner_core_conflict,province_overlap=13
223,STATE_223,europe,223,STATE_223,same_id_same_area,1.000,1,0,0,no,no,yes,requires_manual,owner/controller/core conflict,owner_core_conflict,province_overlap=14
224,STATE_224,europe,224,STATE_224,same_id_same_area,1.000,1,0,0,no,no,yes,requires_manual,owner/controller/core conflict,owner_core_conflict,province_overlap=10
235,STATE_235,europe,235,STATE_235,same_id_same_area,1.000,2,0,0,no,no,yes,requires_manual,owner/controller/core conflict,owner_core_conflict,province_overlap=21
236,STATE_236,europe,236,STATE_236,same_id_same_area,1.000,1,0,0,no,no,yes,requires_manual,owner/controller/core conflict,owner_core_conflict,province_overlap=11
237,STATE_237,europe,237,STATE_237,same_id_same_area,0.909,2,0,0,no,no,yes,requires_manual,owner/controller/core conflict,owner_core_conflict,province_overlap=20
238,STATE_238,europe,238,STATE_238,same_id_same_area,1.000,3,0,0,no,no,yes,requires_manual,owner/controller/core conflict,owner_core_conflict,province_overlap=17
239,STATE_239,europe,239,STATE_239,same_id_same_area,0.900,2,0,0,no,no,yes,requires_manual,owner/controller/core conflict,owner_core_conflict,province_overlap=19
240,Belgorod,europe,240,Belgorod,same_id_same_area,1.000,1,0,0,no,no,yes,requires_manual,owner/controller/core conflict,owner_core_conflict,province_overlap=12
244,STATE_244,europe,244,Volkhov,same_id_same_area,1.000,1,0,0,no,no,yes,requires_manual,owner/controller/core conflict,owner_core_conflict,province_overlap=7
245,STATE_245,europe,245,Millerovo,same_id_same_area,0.917,2,0,0,no,no,yes,requires_manual,owner/controller/core conflict,owner_core_conflict,province_overlap=11
246,STATE_246,europe,246,STATE_246,same_id_same_area,1.000,1,0,0,no,no,yes,requires_manual,owner/controller/core conflict,owner_core_conflict,province_overlap=20
247,STATE_247,europe,247,STATE_247,same_id_same_area,1.000,1,0,0,no,no,yes,requires_manual,owner/controller/core conflict,owner_core_conflict,province_overlap=17
248,STATE_248,europe,248,STATE_248,same_id_same_area,1.000,1,0,0,no,no,yes,requires_manual,owner/controller/core conflict,owner_core_conflict,province_overlap=23
249,STATE_249,europe,249,STATE_249,same_id_same_area,1.000,1,0,0,no,no,yes,requires_manual,owner/controller/core conflict,owner_core_conflict,province_overlap=25
250,STATE_250,europe,250,STATE_250,same_id_same_area,0.923,2,0,0,no,no,yes,requires_manual,owner/controller/core conflict,owner_core_conflict,province_overlap=12
251,STATE_251,europe,251,STATE_251,same_id_same_area,1.000,1,0,0,no,no,yes,requires_manual,owner/controller/core conflict,owner_core_conflict,province_overlap=18
252,STATE_252,europe,252,STATE_252,same_id_same_area,0.973,3,0,0,no,no,yes,requires_manual,owner/controller/core conflict,owner_core_conflict,province_overlap=36
253,STATE_253,europe,253,STATE_253,same_id_same_area,1.000,1,0,0,no,no,yes,requires_manual,owner/controller/core conflict,owner_core_conflict,province_overlap=31
254,STATE_254,europe,254,STATE_254,same_id_same_area,1.000,1,0,0,no,no,yes,requires_manual,owner/controller/core conflict,owner_core_conflict,province_overlap=24
255,STATE_255,europe,255,STATE_255,same_id_same_area,1.000,2,0,0,no,no,yes,requires_manual,owner/controller/core conflict,owner_core_conflict,province_overlap=32
257,Tambov,europe,257,Tambov,same_id_same_area,1.000,1,0,0,no,no,yes,requires_manual,owner/controller/core conflict,owner_core_conflict,province_overlap=19
258,STATE_258,europe,258,STATE_258,same_id_same_area,1.000,1,0,0,no,no,yes,requires_manual,owner/controller/core conflict,owner_core_conflict,province_overlap=12
260,Voronezh,europe,260,Voronezh,same_id_same_area,0.950,1,0,0,no,no,yes,requires_manual,owner/controller/core conflict,owner_core_conflict,province_overlap=19
263,STATE_263,europe,263,STATE_263,same_name,0.750,3,0,0,no,no,yes,requires_manual,owner/controller/core conflict,owner_core_conflict,province_overlap=6
264,STATE_264,europe,264,STATE_264,same_id_same_area,1.000,1,0,0,no,no,yes,requires_manual,owner/controller/core conflict,owner_core_conflict,province_overlap=27
265,STATE_265,europe,265,STATE_265,same_id_same_area,0.900,2,0,0,no,no,yes,requires_manual,owner/controller/core conflict,owner_core_conflict,province_overlap=18
268,STATE_268,africa,268,STATE_268,same_id_same_area,1.000,1,0,0,no,no,yes,requires_manual,owner/controller/core conflict,owner_core_conflict,province_overlap=2
269,STATE_269,africa,269,STATE_269,same_id_same_area,1.000,1,0,0,no,no,yes,requires_manual,owner/controller/core conflict,owner_core_conflict,province_overlap=8
287,STATE_287,asia,287,STATE_287,same_id_same_area,1.000,1,0,0,no,no,yes,requires_manual,owner/controller/core conflict,owner_core_conflict,province_overlap=6
310,STATE_310,south_america,310,STATE_310,same_id_same_area,1.000,1,0,0,no,no,yes,requires_manual,owner/controller/core conflict,owner_core_conflict,province_overlap=2
320,STATE_320,asia,320,STATE_320,same_id_same_area,1.000,1,0,0,no,no,yes,requires_manual,owner/controller/core conflict,owner_core_conflict,province_overlap=1
321,STATE_321,asia,321,STATE_321,same_id_same_area,1.000,1,0,0,no,no,yes,requires_manual,owner/controller/core conflict,owner_core_conflict,province_overlap=1
326,STATE_326,asia,326,STATE_326,same_id_same_area,1.000,1,0,0,no,no,yes,requires_manual,owner/controller/core conflict,owner_core_conflict,province_overlap=1
329,STATE_329,asia,329,STATE_329,same_id_same_area,1.000,2,0,0,no,no,yes,requires_manual,owner/controller/core conflict,owner_core_conflict,province_overlap=12
331,STATE_331,north_america,331,STATE_331,same_id_same_area,1.000,1,0,0,no,no,yes,requires_manual,owner/controller/core conflict,owner_core_conflict,province_overlap=5
398,STATE_398,europe,398,STATE_398,same_id_same_area,1.000,1,0,0,no,no,yes,requires_manual,owner/controller/core conflict,owner_core_conflict,province_overlap=29
399,STATE_399,europe,399,STATE_399,same_id_same_area,1.000,2,0,0,no,no,yes,requires_manual,owner/controller/core conflict,owner_core_conflict,province_overlap=16
400,STATE_400,europe,400,STATE_400,same_id_same_area,1.000,1,0,0,no,no,yes,requires_manual,owner/controller/core conflict,owner_core_conflict,province_overlap=40
401,STATE_401,europe,401,Balakovo,same_id_same_area,1.000,3,0,0,no,no,yes,requires_manual,owner/controller/core conflict,owner_core_conflict,province_overlap=17
403,Tyumen,asia,403,Tyumen,same_id_same_area,1.000,1,0,0,no,no,yes,requires_manual,owner/controller/core conflict,owner_core_conflict,province_overlap=19
423,Madurai,asia,423,STATE_423,same_id_same_area,0.900,2,0,0,no,no,yes,requires_manual,owner/controller/core conflict,owner_core_conflict,province_overlap=18
424,Madras,asia,424,Madras,same_id_same_area,1.000,2,0,0,no,no,yes,requires_manual,owner/controller/core conflict,owner_core_conflict,province_overlap=15
426,Orissa,asia,426,Orissa,same_id_same_area,0.900,2,0,0,no,no,yes,requires_manual,owner/controller/core conflict,owner_core_conflict,province_overlap=17
427,STATE_427,asia,427,STATE_427,same_name,0.750,4,0,0,no,no,yes,requires_manual,owner/controller/core conflict,owner_core_conflict,province_overlap=12
428,STATE_428,asia,428,STATE_428,same_id_same_area,1.000,2,0,0,no,no,yes,requires_manual,owner/controller/core conflict,owner_core_conflict,province_overlap=14
429,STATE_429,asia,429,Bombay,province_overlap,0.750,3,0,0,no,no,yes,requires_manual,owner/controller/core conflict,owner_core_conflict,province_overlap=12
431,STATE_431,asia,431,STATE_431,same_id_same_area,1.000,1,0,0,no,no,yes,requires_manual,owner/controller/core conflict,owner_core_conflict,province_overlap=10
433,STATE_433,asia,433,STATE_433,same_id_same_area,1.000,2,0,0,no,no,yes,requires_manual,owner/controller/core conflict,owner_core_conflict,province_overlap=14
434,STATE_434,asia,434,STATE_434,same_id_same_area,1.000,1,0,0,no,no,yes,requires_manual,owner/controller/core conflict,owner_core_conflict,province_overlap=4
435,STATE_435,asia,435,STATE_435,same_id_same_area,1.000,1,0,0,no,no,yes,requires_manual,owner/controller/core conflict,owner_core_conflict,province_overlap=15
436,Jabalpur,asia,436,"Central provinces, was Jabalpur",same_id_same_area,0.900,2,0,0,no,no,yes,requires_manual,owner/controller/core conflict,owner_core_conflict,province_overlap=16
437,Indore,asia,437,STATE_437,same_id_same_area,1.000,2,0,0,no,no,yes,requires_manual,owner/controller/core conflict,owner_core_conflict,province_overlap=10
438,STATE_438,asia,438,STATE_438,same_id_same_area,0.900,3,0,0,no,no,yes,requires_manual,owner/controller/core conflict,owner_core_conflict,province_overlap=20
439,STATE_439,asia,439,STATE_439,same_name,0.750,2,0,0,no,no,yes,requires_manual,owner/controller/core conflict,owner_core_conflict,province_overlap=2
441,STATE_441,asia,441,STATE_441,same_id_same_area,0.900,2,0,0,no,no,yes,requires_manual,owner/controller/core conflict,owner_core_conflict,province_overlap=6
448,STATE_448,africa,448,STATE_448,same_id_same_area,1.000,1,0,0,no,no,yes,requires_manual,owner/controller/core conflict,owner_core_conflict,province_overlap=8
451,STATE_451,africa,451,STATE_451,same_id_same_area,1.000,1,0,0,no,no,yes,requires_manual,owner/controller/core conflict,owner_core_conflict,province_overlap=8
455,STATE_455,middle_east,455,STATE_455,same_id_same_area,1.000,1,0,0,no,no,yes,requires_manual,owner/controller/core conflict,owner_core_conflict,province_overlap=8
461,STATE_461,africa,461,STATE_461,same_id_same_area,1.000,1,0,0,no,no,yes,requires_manual,owner/controller/core conflict,owner_core_conflict,province_overlap=17
462,STATE_462,africa,462,STATE_462,same_id_same_area,1.000,1,0,0,no,no,yes,requires_manual,owner/controller/core conflict,owner_core_conflict,province_overlap=14
483,STATE_483,north_america,483,STATE_483,same_id_same_area,1.000,1,0,0,no,no,yes,requires_manual,owner/controller/core conflict,owner_core_conflict,province_overlap=10
484,STATE_484,north_america,484,STATE_484,same_id_same_area,1.000,1,0,0,no,no,yes,requires_manual,owner/controller/core conflict,owner_core_conflict,province_overlap=9
522,STATE_522,australia,522,STATE_522,same_id_same_area,1.000,1,0,0,no,no,yes,requires_manual,owner/controller/core conflict,owner_core_conflict,province_overlap=20
524,STATE_524,asia,524,STATE_524,same_id_same_area,1.000,1,0,0,no,no,yes,requires_manual,owner/controller/core conflict,owner_core_conflict,province_overlap=10
536,STATE_536,asia,536,STATE_536,same_id_same_area,1.000,1,0,0,no,no,yes,requires_manual,owner/controller/core conflict,owner_core_conflict,province_overlap=12
537,STATE_537,asia,537,STATE_537,same_id_same_area,1.000,1,0,0,no,no,yes,requires_manual,owner/controller/core conflict,owner_core_conflict,province_overlap=3
539,STATE_539,africa,539,STATE_539,same_id_same_area,1.000,1,0,0,no,no,yes,requires_manual,owner/controller/core conflict,owner_core_conflict,province_overlap=4
543,STATE_543,africa,543,STATE_543,same_id_same_area,1.000,1,0,0,no,no,yes,requires_manual,owner/controller/core conflict,owner_core_conflict,province_overlap=10
550,STATE_550,africa,550,STATE_550,same_id_same_area,1.000,1,0,0,no,no,yes,requires_manual,owner/controller/core conflict,owner_core_conflict,province_overlap=6
555,Kuril Islands,asia,555,Kuril Islands,same_id_same_area,1.000,1,0,0,no,no,yes,requires_manual,owner/controller/core conflict,owner_core_conflict,province_overlap=3
556,Mali (previously French West Africa),africa,556,STATE_556,same_id_same_area,1.000,1,0,0,no,no,yes,requires_manual,owner/controller/core conflict,owner_core_conflict,province_overlap=4
557,Mauritania,africa,557,Mauritania,same_id_same_area,1.000,1,0,0,no,no,yes,requires_manual,owner/controller/core conflict,owner_core_conflict,province_overlap=5
564,Ulan Ude,asia,564,Ulan Ude,same_id_same_area,0.900,2,0,0,no,no,yes,requires_manual,owner/controller/core conflict,owner_core_conflict,province_overlap=10
565,Bodaybo,asia,565,Bodaybo,same_name,0.750,2,0,0,no,no,yes,requires_manual,owner/controller/core conflict,owner_core_conflict,province_overlap=4
567,STATE_567,asia,567,Bratsk,same_id_same_area,1.000,1,0,0,no,no,yes,requires_manual,owner/controller/core conflict,owner_core_conflict,province_overlap=17
568,Krasnoyarsk,asia,568,Krasnoyarsk,same_id_same_area,1.000,1,0,0,no,no,yes,requires_manual,owner/controller/core conflict,owner_core_conflict,province_overlap=6
569,Kemerovo,asia,569,Khakassia,same_id_same_area,1.000,1,0,0,no,no,yes,requires_manual,owner/controller/core conflict,owner_core_conflict,province_overlap=13
570,Novosibirsk,asia,570,Novosibirsk,same_id_same_area,1.000,1,0,0,no,no,yes,requires_manual,owner/controller/core conflict,owner_core_conflict,province_overlap=16
571,Omsk,asia,571,Omsk,same_id_same_area,1.000,1,0,0,no,no,yes,requires_manual,owner/controller/core conflict,owner_core_conflict,province_overlap=11
573,Zlatoust,europe,573,Zlatoust,same_name,0.750,2,0,0,no,no,yes,requires_manual,owner/controller/core conflict,owner_core_conflict,province_overlap=6
574,STATE_574,asia,574,Yakutsk,same_id_same_area,1.000,3,0,0,no,no,yes,requires_manual,owner/controller/core conflict,owner_core_conflict,province_overlap=24
575,Kirensk,asia,575,Kirensk,same_id_same_area,1.000,2,0,0,no,no,yes,requires_manual,owner/controller/core conflict,owner_core_conflict,province_overlap=13
576,Yeniseisk,asia,576,Yeniseisk,same_id_same_area,1.000,1,0,0,no,no,yes,requires_manual,owner/controller/core conflict,owner_core_conflict,province_overlap=16
577,STATE_577,asia,577,STATE_577,same_id_same_area,1.000,1,0,0,no,no,yes,requires_manual,owner/controller/core conflict,owner_core_conflict,province_overlap=20
578,Tomsk,asia,578,Tomsk,same_id_same_area,1.000,1,0,0,no,no,yes,requires_manual,owner/controller/core conflict,owner_core_conflict,province_overlap=21
579,Salekhard,asia,579,Salekhard,same_id_same_area,1.000,1,0,0,no,no,yes,requires_manual,owner/controller/core conflict,owner_core_conflict,province_overlap=8
580,Tobolsk,asia,580,Tobolsk,same_id_same_area,1.000,2,0,0,no,no,yes,requires_manual,owner/controller/core conflict,owner_core_conflict,province_overlap=19
582,STATE_582,europe,582,STATE_582,same_id_same_area,0.900,2,0,0,no,no,yes,requires_manual,owner/controller/core conflict,owner_core_conflict,province_overlap=8
587,STATE_587,asia,587,STATE_587,same_id_same_area,1.000,1,0,0,no,no,yes,requires_manual,owner/controller/core conflict,owner_core_conflict,province_overlap=12
591,STATE_591,asia,591,STATE_591,same_id_same_area,1.000,1,0,0,no,no,yes,requires_manual,owner/controller/core conflict,owner_core_conflict,province_overlap=5
595,STATE_595,asia,595,STATE_595,same_id_same_area,1.000,1,0,0,no,no,yes,requires_manual,owner/controller/core conflict,owner_core_conflict,province_overlap=24
596,STATE_596,asia,596,STATE_596,same_id_same_area,1.000,1,0,0,no,no,yes,requires_manual,owner/controller/core conflict,owner_core_conflict,province_overlap=22
600,STATE_600,asia,600,STATE_600,same_id_same_area,0.931,2,0,0,no,no,yes,requires_manual,owner/controller/core conflict,owner_core_conflict,province_overlap=27
602,STATE_602,asia,602,STATE_602,same_id_same_area,0.947,2,0,0,no,no,yes,requires_manual,owner/controller/core conflict,owner_core_conflict,province_overlap=18
606,STATE_606,asia,606,STATE_606,same_id_same_area,0.900,3,0,0,no,no,yes,requires_manual,owner/controller/core conflict,owner_core_conflict,province_overlap=14
607,STATE_607,asia,607,STATE_607,same_id_same_area,1.000,1,0,0,no,no,yes,requires_manual,owner/controller/core conflict,owner_core_conflict,province_overlap=20
609,STATE_609,asia,609,East Hebei,same_id_same_area,0.900,3,0,0,no,no,yes,requires_manual,owner/controller/core conflict,owner_core_conflict,province_overlap=6
613,STATE_613,asia,613,Shanghai,same_id_same_area,1.000,1,0,0,no,no,yes,requires_manual,owner/controller/core conflict,owner_core_conflict,province_overlap=2
614,Hebei,asia,614,Hebei,same_id_same_area,0.929,3,0,0,no,no,yes,requires_manual,owner/controller/core conflict,owner_core_conflict,province_overlap=13
620,STATE_620,asia,620,STATE_620,same_id_same_area,0.900,2,0,0,no,no,yes,requires_manual,owner/controller/core conflict,owner_core_conflict,province_overlap=8
622,STATE_622,asia,622,STATE_622,same_name,0.750,3,0,0,no,no,yes,requires_manual,owner/controller/core conflict,owner_core_conflict,province_overlap=2
626,STATE_626,asia,626,STATE_626,same_id_same_area,1.000,1,0,0,no,no,yes,requires_manual,owner/controller/core conflict,owner_core_conflict,province_overlap=3
633,STATE_633,asia,633,STATE_633,same_id_same_area,1.000,1,0,0,no,no,yes,requires_manual,owner/controller/core conflict,owner_core_conflict,province_overlap=9
634,STATE_634,australia,634,STATE_634,same_id_same_area,1.000,1,0,0,no,no,yes,requires_manual,owner/controller/core conflict,owner_core_conflict,province_overlap=10
635,STATE_635,australia,635,STATE_635,same_id_same_area,1.000,1,0,0,no,no,yes,requires_manual,owner/controller/core conflict,owner_core_conflict,province_overlap=6
636,STATE_636,asia,636,STATE_636,same_id_same_area,1.000,1,0,0,no,no,yes,requires_manual,owner/controller/core conflict,owner_core_conflict,province_overlap=3
637,STATE_637,asia,637,Kamchatka,same_id_same_area,1.000,1,0,0,no,no,yes,requires_manual,owner/controller/core conflict,owner_core_conflict,province_overlap=7
639,STATE_639,asia,639,STATE_639,same_id_same_area,1.000,1,0,0,no,no,yes,requires_manual,owner/controller/core conflict,owner_core_conflict,province_overlap=5
642,STATE_642,asia,642,STATE_642,same_id_same_area,1.000,1,0,0,no,no,yes,requires_manual,owner/controller/core conflict,owner_core_conflict,province_overlap=1
643,STATE_643,asia,643,STATE_643,same_id_same_area,1.000,1,0,0,no,no,yes,requires_manual,owner/controller/core conflict,owner_core_conflict,province_overlap=4
646,STATE_646,asia,646,STATE_646,same_id_same_area,1.000,1,0,0,no,no,yes,requires_manual,owner/controller/core conflict,owner_core_conflict,province_overlap=3
647,STATE_647,asia,647,STATE_647,same_id_same_area,1.000,1,0,0,no,no,yes,requires_manual,owner/controller/core conflict,owner_core_conflict,province_overlap=2
648,STATE_648,asia,648,STATE_648,same_id_same_area,1.000,1,0,0,no,no,yes,requires_manual,owner/controller/core conflict,owner_core_conflict,province_overlap=1
650,STATE_650,asia,650,STATE_650,same_id_same_area,1.000,1,0,0,no,no,yes,requires_manual,owner/controller/core conflict,owner_core_conflict,province_overlap=1
651,Ufa,europe,651,Ufa,same_id_same_area,1.000,1,0,0,no,no,yes,requires_manual,owner/controller/core conflict,owner_core_conflict,province_overlap=18
652,STATE_652,europe,652,STATE_652,same_id_same_area,1.000,1,0,0,no,no,yes,requires_manual,owner/controller/core conflict,owner_core_conflict,province_overlap=22
654,Gorno-Altaysk,asia,654,Gorno-Altaysk,same_id_same_area,1.000,1,0,0,no,no,yes,requires_manual,owner/controller/core conflict,owner_core_conflict,province_overlap=5
655,STATE_655,asia,655,STATE_655,same_id_same_area,1.000,1,0,0,no,no,yes,requires_manual,owner/controller/core conflict,owner_core_conflict,province_overlap=3
657,Birobidzhan,asia,657,Birobidzhan,same_id_same_area,1.000,1,0,0,no,no,yes,requires_manual,owner/controller/core conflict,owner_core_conflict,province_overlap=19
658,STATE_658,middle_east,658,STATE_658,same_id_same_area,1.000,1,0,0,no,no,yes,requires_manual,owner/controller/core conflict,owner_core_conflict,province_overlap=4
673,STATE_673,asia,673,STATE_673,same_id_same_area,1.000,1,0,0,no,no,yes,requires_manual,owner/controller/core conflict,owner_core_conflict,province_overlap=12
675,STATE_675,middle_east,675,STATE_675,same_name,0.750,2,0,0,no,no,yes,requires_manual,owner/controller/core conflict,owner_core_conflict,province_overlap=2
684,STATE_684,asia,684,STATE_684,same_id_same_area,1.000,1,0,0,no,no,yes,requires_manual,owner/controller/core conflict,owner_core_conflict,province_overlap=11
694,STATE_694,south_america,694,STATE_694,same_id_same_area,1.000,1,0,0,no,no,yes,requires_manual,owner/controller/core conflict,owner_core_conflict,province_overlap=3
700,STATE_700,africa,700,STATE_700,same_id_same_area,1.000,1,0,0,no,no,yes,requires_manual,owner/controller/core conflict,owner_core_conflict,province_overlap=2
701,STATE_701,africa,701,STATE_701,same_id_same_area,1.000,1,0,0,no,no,yes,requires_manual,owner/controller/core conflict,owner_core_conflict,province_overlap=2
702,STATE_702,africa,702,STATE_702,same_id_same_area,1.000,1,0,0,no,no,yes,requires_manual,owner/controller/core conflict,owner_core_conflict,province_overlap=1
705,STATE_705,africa,705,STATE_705,same_id_same_area,1.000,1,0,0,no,no,yes,requires_manual,owner/controller/core conflict,owner_core_conflict,province_overlap=1
706,STATE_706,africa,706,STATE_706,same_id_same_area,1.000,1,0,0,no,no,yes,requires_manual,owner/controller/core conflict,owner_core_conflict,province_overlap=1
708,STATE_708,africa,708,STATE_708,same_id_same_area,1.000,1,0,0,no,no,yes,requires_manual,owner/controller/core conflict,owner_core_conflict,province_overlap=1
711,STATE_711,asia,711,STATE_711,same_id_same_area,1.000,1,0,0,no,no,yes,requires_manual,owner/controller/core conflict,owner_core_conflict,province_overlap=1
713,STATE_713,europe,713,STATE_713,same_id_same_area,1.000,1,0,0,no,no,yes,requires_manual,owner/controller/core conflict,owner_core_conflict,province_overlap=1
720,STATE_720,south_america,720,STATE_720,same_id_same_area,1.000,1,0,0,no,no,yes,requires_manual,owner/controller/core conflict,owner_core_conflict,province_overlap=1
721,STATE_721,asia,721,STATE_721,same_id_same_area,1.000,1,0,0,no,no,yes,requires_manual,owner/controller/core conflict,owner_core_conflict,province_overlap=5
722,STATE_722,europe,722,PETSAMO,same_id_same_area,1.000,1,0,0,no,no,yes,requires_manual,owner/controller/core conflict,owner_core_conflict,province_overlap=4
725,STATE_725,asia,725,STATE_725,same_id_same_area,1.000,1,0,0,no,no,yes,requires_manual,owner/controller/core conflict,owner_core_conflict,province_overlap=1
727,STATE_727,asia,727,STATE_727,same_id_same_area,1.000,1,0,0,no,no,yes,requires_manual,owner/controller/core conflict,owner_core_conflict,province_overlap=3
728,STATE_728,asia,728,STATE_728,same_id_same_area,1.000,1,0,0,no,no,yes,requires_manual,owner/controller/core conflict,owner_core_conflict,province_overlap=1
729,STATE_729,asia,729,STATE_729,same_id_same_area,1.000,1,0,0,no,no,yes,requires_manual,owner/controller/core conflict,owner_core_conflict,province_overlap=1
730,STATE_730,north_america,730,STATE_730,same_id_same_area,1.000,1,0,0,no,no,yes,requires_manual,owner/controller/core conflict,owner_core_conflict,province_overlap=1
733,STATE_733,asia,733,STATE_733,same_id_same_area,1.000,1,0,0,no,no,yes,requires_manual,owner/controller/core conflict,owner_core_conflict,province_overlap=2
734,STATE_734,australia,734,STATE_734,same_id_same_area,1.000,1,0,0,no,no,yes,requires_manual,owner/controller/core conflict,owner_core_conflict,province_overlap=1
737,STATE_737,australia,737,STATE_737,same_id_same_area,1.000,1,0,0,no,no,yes,requires_manual,owner/controller/core conflict,owner_core_conflict,province_overlap=16
743,STATE_743,asia,743,STATE_743,same_id_same_area,1.000,1,0,0,no,no,yes,requires_manual,owner/controller/core conflict,owner_core_conflict,province_overlap=1
744,STATE_744,asia,744,STATE_744,same_id_same_area,1.000,1,0,0,no,no,yes,requires_manual,owner/controller/core conflict,owner_core_conflict,province_overlap=8
745,STATE_745,asia,745,STATE_745,same_id_same_area,1.000,1,0,0,no,no,yes,requires_manual,owner/controller/core conflict,owner_core_conflict,province_overlap=2
746,STATE_746,asia,746,STATE_746,same_id_same_area,1.000,1,0,0,no,no,yes,requires_manual,owner/controller/core conflict,owner_core_conflict,province_overlap=7
749,STATE_749,asia,749,STATE_749,same_id_same_area,1.000,1,0,0,no,no,yes,requires_manual,owner/controller/core conflict,owner_core_conflict,province_overlap=7
750,STATE_750,asia,750,STATE_750,same_id_same_area,1.000,1,0,0,no,no,yes,requires_manual,owner/controller/core conflict,owner_core_conflict,province_overlap=6
751,STATE_751,asia,751,STATE_751,same_name,0.750,2,0,0,no,no,yes,requires_manual,owner/controller/core conflict,owner_core_conflict,province_overlap=2
762,STATE_762,europe,762,STATE_762,same_id_same_area,1.000,1,0,0,no,no,yes,requires_manual,owner/controller/core conflict,owner_core_conflict,province_overlap=2
765,STATE_765,middle_east,765,STATE_765,same_id_same_area,1.000,1,0,0,no,no,yes,requires_manual,owner/controller/core conflict,owner_core_conflict,province_overlap=1
767,STATE_767,africa,767,North Darfur,same_id_same_area,1.000,1,0,0,no,no,yes,requires_manual,owner/controller/core conflict,owner_core_conflict,province_overlap=3
775,BET - Borkou-Ennedi-Tibesti region,africa,775,BET - Borkou-Ennedi-Tibesti region,same_id_same_area,1.000,1,0,0,no,no,yes,requires_manual,owner/controller/core conflict,owner_core_conflict,province_overlap=2
776,Benin/Dahomey,africa,776,Benin/Dahomey,same_id_same_area,1.000,1,0,0,no,no,yes,requires_manual,owner/controller/core conflict,owner_core_conflict,province_overlap=3
777,STATE_777,africa,777,STATE_777,same_id_same_area,1.000,1,0,0,no,no,yes,requires_manual,owner/controller/core conflict,owner_core_conflict,province_overlap=3
779,Ivory Coast,africa,779,Ivory Coast,same_id_same_area,1.000,1,0,0,no,no,yes,requires_manual,owner/controller/core conflict,owner_core_conflict,province_overlap=6
781,STATE_781,africa,781,Niger,same_id_same_area,1.000,1,0,0,no,no,yes,requires_manual,owner/controller/core conflict,owner_core_conflict,province_overlap=3
782,Tombouctou,africa,782,Tombouctou,same_id_same_area,1.000,1,0,0,no,no,yes,requires_manual,owner/controller/core conflict,owner_core_conflict,province_overlap=4
783,Sidi Ifni,africa,783,Sidi Ifni,same_id_same_area,1.000,1,0,0,no,no,yes,requires_manual,owner/controller/core conflict,owner_core_conflict,province_overlap=1
922,STATE_922,australia,285,STATE_285,split,1.000,1,9,3,no,yes,no,requires_manual,resources/buildings/manpower need manual distribution,split vp_review resource_distribution,split; province_overlap=4; tsr_overlap_rank=2/3; bsr_source_count=1
962,STATE_962,asia,528,North Kyushu,split,1.000,1,8,4,no,yes,no,requires_manual,resources/buildings/manpower need manual distribution,split vp_review resource_distribution,split; province_overlap=1; tsr_overlap_rank=3/3; bsr_source_count=1
965,STATE_965,asia,531,Kansai,split,1.000,1,8,3,no,yes,no,requires_manual,resources/buildings/manpower need manual distribution,split vp_review resource_distribution,split; province_overlap=2; tsr_overlap_rank=2/2; bsr_source_count=1
1006,STATE_1006,europe,138,STATE_138,split,1.000,1,8,3,no,yes,no,requires_manual,resources/buildings/manpower need manual distribution,split vp_review resource_distribution,split; province_overlap=2; tsr_overlap_rank=2/2; bsr_source_count=1
1213,STATE_1213,africa,719,Natal,merge,0.750,2,8,2,no,yes,no,requires_manual,resources/buildings/manpower need manual distribution,merge vp_review resource_distribution,split+merge; province_overlap=3; tsr_overlap_rank=1/4; bsr_source_count=2
792,STATE_792,europe,42,STATE_42,merge,0.333,3,7,3,no,yes,no,requires_manual,resources/buildings/manpower need manual distribution,merge vp_review resource_distribution,split+merge; province_overlap=1; tsr_overlap_rank=5/5; bsr_source_count=2
864,STATE_864,south_america,305,STATE_305,split,1.000,1,7,3,no,yes,no,requires_manual,resources/buildings/manpower need manual distribution,split vp_review resource_distribution,split; province_overlap=2; tsr_overlap_rank=2/2; bsr_source_count=1
951,STATE_951,middle_east,345,STATE_345,merge,0.750,2,7,3,no,yes,no,requires_manual,resources/buildings/manpower need manual distribution,merge vp_review resource_distribution,split+merge; province_overlap=3; tsr_overlap_rank=1/3; bsr_source_count=2
1007,STATE_1007,europe,141,Svealand,merge,0.778,2,7,2,no,yes,no,requires_manual,resources/buildings/manpower need manual distribution,merge vp_review resource_distribution,split+merge; province_overlap=7; tsr_overlap_rank=2/2; bsr_source_count=2
1189,STATE_1189,europe,105,STATE_105,split,1.000,1,7,2,no,yes,no,requires_manual,resources/buildings/manpower need manual distribution,split vp_review resource_distribution,split; province_overlap=2; tsr_overlap_rank=1/3; bsr_source_count=1
1396,STATE_1396,europe,113,Leinster,split,1.000,1,7,3,no,yes,no,requires_manual,resources/buildings/manpower need manual distribution,split vp_review resource_distribution,split; province_overlap=1; tsr_overlap_rank=2/2; bsr_source_count=1
1473,STATE_1473,europe,59,STATE_59,split,1.000,1,7,2,no,yes,no,requires_manual,resources/buildings/manpower need manual distribution,split vp_review resource_distribution,split; province_overlap=11; tsr_overlap_rank=1/4; bsr_source_count=1
1663,STATE_1663,middle_east,343,Afyon,merge,0.400,3,7,3,no,yes,no,requires_manual,resources/buildings/manpower need manual distribution,merge vp_review resource_distribution,split+merge; province_overlap=2; tsr_overlap_rank=2/4; bsr_source_count=3
1708,STATE_1708,europe,130,STATE_130,split,1.000,1,7,3,no,yes,no,requires_manual,resources/buildings/manpower need manual distribution,split vp_review resource_distribution,split; province_overlap=3; tsr_overlap_rank=2/2; bsr_source_count=1
1786,STATE_1786,australia,285,STATE_285,split,1.000,1,7,2,no,yes,no,requires_manual,resources/buildings/manpower need manual distribution,split vp_review resource_distribution,split; province_overlap=1; tsr_overlap_rank=3/3; bsr_source_count=1
492,STATE_492,south_america,492,STATE_492,merge,0.833,1,6,2,no,yes,no,requires_manual,resources/buildings/manpower need manual distribution,merge vp_review resource_distribution,merge; province_overlap=5; bsr_source_count=2
790,STATE_790,europe,55,STATE_55,split,1.000,1,6,3,no,yes,no,requires_manual,resources/buildings/manpower need manual distribution,split vp_review resource_distribution,split; province_overlap=2; tsr_overlap_rank=3/6; bsr_source_count=1
793,STATE_793,europe,64,STATE_64,merge,0.667,2,6,2,no,yes,no,requires_manual,resources/buildings/manpower need manual distribution,merge vp_review resource_distribution,split+merge; province_overlap=4; tsr_overlap_rank=2/6; bsr_source_count=2
833,STATE_833,europe,46,Muntenia,merge,0.667,2,6,2,no,yes,no,requires_manual,resources/buildings/manpower need manual distribution,merge vp_review resource_distribution,split+merge; province_overlap=4; tsr_overlap_rank=2/3; bsr_source_count=2
842,STATE_842,north_america,468,Saint Lawrence,split,1.000,1,6,2,no,yes,no,requires_manual,resources/buildings/manpower need manual distribution,split vp_review resource_distribution,split; province_overlap=11; tsr_overlap_rank=1/2; bsr_source_count=1
964,STATE_964,asia,282,Kanto,split,1.000,1,6,2,no,yes,no,requires_manual,resources/buildings/manpower need manual distribution,split vp_review resource_distribution,split; province_overlap=6; tsr_overlap_rank=1/2; bsr_source_count=1
1300,STATE_1300,south_america,510,STATE_510,merge,0.333,2,6,2,no,yes,no,requires_manual,resources/buildings/manpower need manual distribution,merge vp_review resource_distribution,split+merge; province_overlap=1; tsr_overlap_rank=3/4; bsr_source_count=2
1392,STATE_1392,middle_east,417,Hamadan,merge,0.667,2,6,2,no,yes,no,requires_manual,resources/buildings/manpower need manual distribution,merge vp_review resource_distribution,split+merge; province_overlap=2; tsr_overlap_rank=2/3; bsr_source_count=2
1394,STATE_1394,middle_east,411,Isfahan,merge,0.500,2,6,2,no,yes,no,requires_manual,resources/buildings/manpower need manual distribution,merge vp_review resource_distribution,split+merge; province_overlap=1; tsr_overlap_rank=2/2; bsr_source_count=2
1431,STATE_1431,europe,155,North Transdanubia,merge,0.500,2,6,2,no,yes,no,requires_manual,resources/buildings/manpower need manual distribution,merge vp_review resource_distribution,split+merge; province_overlap=1; tsr_overlap_rank=2/3; bsr_source_count=2
1456,STATE_1456,north_america,362,STATE_362,split,1.000,1,6,2,no,yes,no,requires_manual,resources/buildings/manpower need manual distribution,split vp_review resource_distribution,split; province_overlap=1; tsr_overlap_rank=2/2; bsr_source_count=1
1500,STATE_1500,europe,180,STATE_180,split,1.000,1,6,2,no,yes,no,requires_manual,resources/buildings/manpower need manual distribution,split vp_review resource_distribution,split; province_overlap=5; tsr_overlap_rank=1/2; bsr_source_count=1
1519,STATE_1519,europe,42,STATE_42,split,1.000,1,6,3,no,yes,no,requires_manual,resources/buildings/manpower need manual distribution,split vp_review resource_distribution,split; province_overlap=2; tsr_overlap_rank=3/5; bsr_source_count=1
1675,STATE_1675,middle_east,339,STATE_339,split,1.000,1,6,2,no,yes,no,requires_manual,resources/buildings/manpower need manual distribution,split vp_review resource_distribution,split; province_overlap=1; tsr_overlap_rank=3/3; bsr_source_count=1
1709,STATE_1709,europe,123,STATE_123,merge,0.667,2,6,2,no,yes,no,requires_manual,resources/buildings/manpower need manual distribution,merge vp_review resource_distribution,split+merge; province_overlap=2; tsr_overlap_rank=1/3; bsr_source_count=2
1720,STATE_1720,europe,166,STATE_166,merge,0.800,2,6,2,no,yes,no,requires_manual,resources/buildings/manpower need manual distribution,merge vp_review resource_distribution,split+merge; province_overlap=4; tsr_overlap_rank=2/2; bsr_source_count=2
1801,STATE_1801,europe,21,Bouches-du-Rhône (Formerly Provence before Var split off),merge,0.500,2,6,1,no,yes,no,requires_manual,resources/buildings/manpower need manual distribution,merge vp_review resource_distribution,split+merge; province_overlap=1; tsr_overlap_rank=3/3; bsr_source_count=2
1805,STATE_1805,europe,59,STATE_59,split,1.000,1,6,3,no,yes,no,requires_manual,resources/buildings/manpower need manual distribution,split vp_review resource_distribution,split; province_overlap=4; tsr_overlap_rank=2/4; bsr_source_count=1
1835,STATE_1835,south_america,307,Miranda,split,1.000,1,6,1,no,yes,no,requires_manual,resources/buildings/manpower need manual distribution,split vp_review resource_distribution,split; province_overlap=2; tsr_overlap_rank=2/2; bsr_source_count=1
1844,STATE_1844,north_america,476,STATE_476,split,1.000,1,6,2,no,yes,no,requires_manual,resources/buildings/manpower need manual distribution,split vp_review resource_distribution,split; province_overlap=3; tsr_overlap_rank=1/2; bsr_source_count=1
1846,STATE_1846,north_america,485,STATE_485,split,1.000,1,6,2,no,yes,no,requires_manual,resources/buildings/manpower need manual distribution,split vp_review resource_distribution,split; province_overlap=1; tsr_overlap_rank=2/2; bsr_source_count=1
1851,STATE_1851,south_america,313,STATE_313,split,1.000,1,6,1,no,yes,no,requires_manual,resources/buildings/manpower need manual distribution,split vp_review resource_distribution,split; province_overlap=1; tsr_overlap_rank=1/4; bsr_source_count=1
1867,STATE_1867,south_america,313,STATE_313,split,1.000,1,6,1,no,yes,no,requires_manual,resources/buildings/manpower need manual distribution,split vp_review resource_distribution,split; province_overlap=1; tsr_overlap_rank=4/4; bsr_source_count=1
1901,STATE_1901,south_america,938,STATE_938,merge,0.500,1,6,1,no,yes,no,requires_manual,resources/buildings/manpower need manual distribution,merge vp_review resource_distribution,split+merge; province_overlap=1; tsr_overlap_rank=2/3; bsr_source_count=2
54,STATE_54,europe,54,STATE_54,merge,0.875,2,5,2,no,yes,no,requires_manual,resources/buildings/manpower need manual distribution,merge vp_review resource_distribution,split+merge; province_overlap=7; tsr_overlap_rank=1/3; bsr_source_count=2
55,STATE_55,europe,55,STATE_55,split,1.000,1,5,3,no,yes,no,requires_manual,resources/buildings/manpower need manual distribution,split vp_review resource_distribution,split; province_overlap=7; tsr_overlap_rank=1/6; bsr_source_count=1
339,STATE_339,middle_east,339,STATE_339,merge,0.750,2,5,1,no,yes,no,requires_manual,resources/buildings/manpower need manual distribution,merge vp_review resource_distribution,split+merge; province_overlap=6; tsr_overlap_rank=1/3; bsr_source_count=2
343,STATE_343,middle_east,346,STATE_346,merge,0.500,3,5,2,no,yes,no,requires_manual,resources/buildings/manpower need manual distribution,merge vp_review resource_distribution,split+merge; province_overlap=2; tsr_overlap_rank=2/5; bsr_source_count=3
358,STATE_358,north_america,358,STATE_358,split,1.000,1,5,2,no,yes,no,requires_manual,resources/buildings/manpower need manual distribution,split vp_review resource_distribution,split; province_overlap=17; tsr_overlap_rank=1/3; bsr_source_count=1
360,STATE_360,north_america,360,STATE_360,split,1.000,1,5,2,no,yes,no,requires_manual,resources/buildings/manpower need manual distribution,split vp_review resource_distribution,split; province_overlap=21; tsr_overlap_rank=1/3; bsr_source_count=1
367,STATE_367,north_america,367,STATE_367,split,1.000,1,5,2,no,yes,no,requires_manual,resources/buildings/manpower need manual distribution,split vp_review resource_distribution,split; province_overlap=5; tsr_overlap_rank=2/3; bsr_source_count=1
507,Magallanes,south_america,949,Aysen,merge,0.833,2,5,0,no,yes,no,requires_manual,resources/buildings/manpower need manual distribution,merge resource_distribution,merge; province_overlap=5; bsr_source_count=2
510,STATE_510,south_america,510,STATE_510,split,1.000,1,5,3,no,yes,no,requires_manual,resources/buildings/manpower need manual distribution,split vp_review resource_distribution,split; province_overlap=3; tsr_overlap_rank=2/4; bsr_source_count=1
798,STATE_798,europe,52,STATE_52,split,1.000,1,5,2,no,yes,no,requires_manual,resources/buildings/manpower need manual distribution,split vp_review resource_distribution,split; province_overlap=1; tsr_overlap_rank=3/4; bsr_source_count=1
801,STATE_801,europe,66,STATE_66,split,1.000,1,5,2,no,yes,no,requires_manual,resources/buildings/manpower need manual distribution,split vp_review resource_distribution,split; province_overlap=2; tsr_overlap_rank=4/7; bsr_source_count=1
802,STATE_802,europe,66,STATE_66,split,1.000,1,5,2,no,yes,no,requires_manual,resources/buildings/manpower need manual distribution,split vp_review resource_distribution,split; province_overlap=1; tsr_overlap_rank=6/7; bsr_source_count=1
808,STATE_808,europe,974,South Transdanubia,merge,0.750,2,5,1,no,yes,no,requires_manual,resources/buildings/manpower need manual distribution,merge vp_review resource_distribution,split+merge; province_overlap=3; tsr_overlap_rank=1/2; bsr_source_count=2
832,STATE_832,europe,971,Northern Dobruja,merge,0.750,2,5,1,no,yes,no,requires_manual,resources/buildings/manpower need manual distribution,merge vp_review resource_distribution,split+merge; province_overlap=3; tsr_overlap_rank=1/2; bsr_source_count=2
848,STATE_848,north_america,383,STATE_383,split,1.000,1,5,2,no,yes,no,requires_manual,resources/buildings/manpower need manual distribution,split vp_review resource_distribution,split; province_overlap=1; tsr_overlap_rank=2/2; bsr_source_count=1
892,STATE_892,europe,845,STATE_845,merge,0.667,2,5,1,no,yes,no,requires_manual,resources/buildings/manpower need manual distribution,merge vp_review resource_distribution,split+merge; province_overlap=2; tsr_overlap_rank=1/3; bsr_source_count=2
917,STATE_917,south_america,304,STATE_304,split,1.000,1,5,1,no,yes,no,requires_manual,resources/buildings/manpower need manual distribution,split vp_review resource_distribution,split; province_overlap=3; tsr_overlap_rank=1/2; bsr_source_count=1
949,STATE_949,middle_east,293,STATE_293,split,1.000,1,5,1,no,yes,no,requires_manual,resources/buildings/manpower need manual distribution,split vp_review resource_distribution,split; province_overlap=2; tsr_overlap_rank=2/2; bsr_source_count=1
953,STATE_953,middle_east,49,Ankara,split,1.000,1,5,2,no,yes,no,requires_manual,resources/buildings/manpower need manual distribution,split vp_review resource_distribution,split; province_overlap=4; tsr_overlap_rank=2/4; bsr_source_count=1
966,STATE_966,asia,1018,South Kyushu,split,1.000,1,5,2,no,yes,no,requires_manual,resources/buildings/manpower need manual distribution,split vp_review resource_distribution,split; province_overlap=1; tsr_overlap_rank=3/3; bsr_source_count=1
967,STATE_967,asia,1018,South Kyushu,merge,0.600,2,5,1,no,yes,no,requires_manual,resources/buildings/manpower need manual distribution,merge vp_review resource_distribution,split+merge; province_overlap=3; tsr_overlap_rank=2/3; bsr_source_count=2
1017,STATE_1017,asia,330,STATE_330,merge,0.571,3,5,1,no,yes,no,requires_manual,resources/buildings/manpower need manual distribution,merge vp_review resource_distribution,split+merge; province_overlap=8; tsr_overlap_rank=1/2; bsr_source_count=3
1062,STATE_1062,europe,51,STATE_51,split,1.000,1,5,2,no,yes,no,requires_manual,resources/buildings/manpower need manual distribution,split vp_review resource_distribution,split; province_overlap=1; tsr_overlap_rank=3/5; bsr_source_count=1
1099,STATE_1099,asia,724,STATE_724,split,1.000,1,5,1,no,yes,no,requires_manual,resources/buildings/manpower need manual distribution,split vp_review resource_distribution,split; province_overlap=5; tsr_overlap_rank=2/2; bsr_source_count=1
1208,STATE_1208,africa,275,Transvaal,merge,0.250,4,5,1,no,yes,no,requires_manual,resources/buildings/manpower need manual distribution,merge vp_review resource_distribution,split+merge; province_overlap=1; tsr_overlap_rank=4/6; bsr_source_count=2
1211,STATE_1211,africa,681,Cape,merge,0.333,3,5,1,no,yes,no,requires_manual,resources/buildings/manpower need manual distribution,merge vp_review resource_distribution,split+merge; province_overlap=1; tsr_overlap_rank=4/8; bsr_source_count=2
1249,STATE_1249,middle_east,413,STATE_413,split,0.500,1,5,1,no,yes,no,requires_manual,resources/buildings/manpower need manual distribution,split vp_review resource_distribution,split; province_overlap=1; tsr_overlap_rank=3/3; bsr_source_count=1
1350,STATE_1350,europe,42,STATE_42,split,1.000,1,5,2,no,yes,no,requires_manual,resources/buildings/manpower need manual distribution,split vp_review resource_distribution,split; province_overlap=1; tsr_overlap_rank=4/5; bsr_source_count=1
1401,STATE_1401,europe,128,STATE_128,merge,0.600,3,5,1,no,yes,no,requires_manual,resources/buildings/manpower need manual distribution,merge vp_review resource_distribution,split+merge; province_overlap=3; tsr_overlap_rank=1/3; bsr_source_count=3
1418,STATE_1418,north_america,473,STATE_473,split,1.000,1,5,1,no,yes,no,requires_manual,resources/buildings/manpower need manual distribution,split vp_review resource_distribution,split; province_overlap=3; tsr_overlap_rank=2/3; bsr_source_count=1
1422,STATE_1422,europe,127,Sussex,split,1.000,1,5,1,no,yes,no,requires_manual,resources/buildings/manpower need manual distribution,split vp_review resource_distribution,split; province_overlap=1; tsr_overlap_rank=2/2; bsr_source_count=1
1447,STATE_1447,europe,50,Württemberg,split,1.000,1,5,2,no,yes,no,requires_manual,resources/buildings/manpower need manual distribution,split vp_review resource_distribution,split; province_overlap=2; tsr_overlap_rank=3/6; bsr_source_count=1
1472,STATE_1472,europe,52,STATE_52,split,1.000,1,5,2,no,yes,no,requires_manual,resources/buildings/manpower need manual distribution,split vp_review resource_distribution,split; province_overlap=1; tsr_overlap_rank=2/4; bsr_source_count=1
1480,STATE_1480,south_america,302,STATE_302,split,1.000,1,5,2,no,yes,no,requires_manual,resources/buildings/manpower need manual distribution,split vp_review resource_distribution,split; province_overlap=1; tsr_overlap_rank=2/3; bsr_source_count=1
1481,STATE_1481,south_america,503,STATE_503,split,1.000,1,5,2,no,yes,no,requires_manual,resources/buildings/manpower need manual distribution,split vp_review resource_distribution,split; province_overlap=1; tsr_overlap_rank=2/2; bsr_source_count=1
1488,STATE_1488,middle_east,859,STATE_859,split,0.500,2,5,1,no,yes,no,requires_manual,resources/buildings/manpower need manual distribution,split vp_review resource_distribution,split; province_overlap=1; tsr_overlap_rank=3/3; bsr_source_count=1
1497,STATE_1497,north_america,367,STATE_367,split,1.000,1,5,1,no,yes,no,requires_manual,resources/buildings/manpower need manual distribution,split vp_review resource_distribution,split; province_overlap=9; tsr_overlap_rank=1/3; bsr_source_count=1
1515,STATE_1515,europe,845,STATE_845,split,1.000,1,5,2,no,yes,no,requires_manual,resources/buildings/manpower need manual distribution,split vp_review resource_distribution,split; province_overlap=1; tsr_overlap_rank=3/3; bsr_source_count=1
1574,STATE_1574,south_america,957,STATE_957,merge,0.500,2,5,1,no,yes,no,requires_manual,resources/buildings/manpower need manual distribution,merge vp_review resource_distribution,split+merge; province_overlap=1; tsr_overlap_rank=2/2; bsr_source_count=2
1579,STATE_1579,south_america,952,STATE_952,merge,0.667,2,5,1,no,yes,no,requires_manual,resources/buildings/manpower need manual distribution,merge vp_review resource_distribution,split+merge; province_overlap=2; tsr_overlap_rank=1/2; bsr_source_count=2
1644,STATE_1644,south_america,687,STATE_687,split,1.000,1,5,1,no,yes,no,requires_manual,resources/buildings/manpower need manual distribution,split vp_review resource_distribution,split; province_overlap=1; tsr_overlap_rank=2/3; bsr_source_count=1
1654,STATE_1654,europe,22,Languedoc,merge,0.833,2,5,1,no,yes,no,requires_manual,resources/buildings/manpower need manual distribution,merge vp_review resource_distribution,split+merge; province_overlap=5; tsr_overlap_rank=1/4; bsr_source_count=2
1683,STATE_1683,north_america,360,STATE_360,split,0.917,2,5,1,no,yes,no,requires_manual,resources/buildings/manpower need manual distribution,split vp_review resource_distribution,split; province_overlap=11; tsr_overlap_rank=2/3; bsr_source_count=1
1684,STATE_1684,north_america,358,STATE_358,split,1.000,1,5,1,no,yes,no,requires_manual,resources/buildings/manpower need manual distribution,split vp_review resource_distribution,split; province_overlap=14; tsr_overlap_rank=2/3; bsr_source_count=1
1706,STATE_1706,europe,66,STATE_66,split,1.000,1,5,2,no,yes,no,requires_manual,resources/buildings/manpower need manual distribution,split vp_review resource_distribution,split; province_overlap=1; tsr_overlap_rank=5/7; bsr_source_count=1
1707,STATE_1707,middle_east,342,Antalya,split,1.000,1,5,1,no,yes,no,requires_manual,resources/buildings/manpower need manual distribution,split vp_review resource_distribution,split; province_overlap=2; tsr_overlap_rank=2/4; bsr_source_count=1
1716,STATE_1716,europe,41,STATE_41,split,1.000,1,5,2,no,yes,no,requires_manual,resources/buildings/manpower need manual distribution,split vp_review resource_distribution,split; province_overlap=3; tsr_overlap_rank=3/3; bsr_source_count=1
1722,STATE_1722,europe,790,STATE_790,split,1.000,1,5,1,no,yes,no,requires_manual,resources/buildings/manpower need manual distribution,split vp_review resource_distribution,split; province_overlap=3; tsr_overlap_rank=2/4; bsr_source_count=1
1725,STATE_1725,europe,790,STATE_790,split,1.000,1,5,1,no,yes,no,requires_manual,resources/buildings/manpower need manual distribution,split vp_review resource_distribution,split; province_overlap=1; tsr_overlap_rank=4/4; bsr_source_count=1
1764,STATE_1764,europe,50,Württemberg,split,1.000,1,5,2,no,yes,no,requires_manual,resources/buildings/manpower need manual distribution,split vp_review resource_distribution,split; province_overlap=3; tsr_overlap_rank=1/6; bsr_source_count=1
1796,STATE_1796,south_america,510,STATE_510,split,1.000,1,5,2,no,yes,no,requires_manual,resources/buildings/manpower need manual distribution,split vp_review resource_distribution,split; province_overlap=3; tsr_overlap_rank=1/4; bsr_source_count=1
1797,STATE_1797,south_america,510,STATE_510,split,1.000,1,5,2,no,yes,no,requires_manual,resources/buildings/manpower need manual distribution,split vp_review resource_distribution,split; province_overlap=1; tsr_overlap_rank=4/4; bsr_source_count=1
1799,STATE_1799,europe,27,Bourgogne,merge,0.667,2,5,1,no,yes,no,requires_manual,resources/buildings/manpower need manual distribution,merge vp_review resource_distribution,split+merge; province_overlap=2; tsr_overlap_rank=2/8; bsr_source_count=2
1842,STATE_1842,europe,21,Bouches-du-Rhône (Formerly Provence before Var split off),split,1.000,1,5,1,no,yes,no,requires_manual,resources/buildings/manpower need manual distribution,split vp_review resource_distribution,split; province_overlap=2; tsr_overlap_rank=1/3; bsr_source_count=1
1853,STATE_1853,south_america,687,STATE_687,split,1.000,1,5,1,no,yes,no,requires_manual,resources/buildings/manpower need manual distribution,split vp_review resource_distribution,split; province_overlap=1; tsr_overlap_rank=1/3; bsr_source_count=1
1866,STATE_1866,europe,54,STATE_54,split,1.000,1,5,2,no,yes,no,requires_manual,resources/buildings/manpower need manual distribution,split vp_review resource_distribution,split; province_overlap=4; tsr_overlap_rank=2/3; bsr_source_count=1
1871,STATE_1871,south_america,317,STATE_317,split,1.000,1,5,1,no,yes,no,requires_manual,resources/buildings/manpower need manual distribution,split vp_review resource_distribution,split; province_overlap=3; tsr_overlap_rank=1/2; bsr_source_count=1
1878,STATE_1878,europe,56,STATE_56,merge,0.500,2,5,2,no,yes,no,requires_manual,resources/buildings/manpower need manual distribution,merge vp_review resource_distribution,split+merge; province_overlap=1; tsr_overlap_rank=3/3; bsr_source_count=2
1885,STATE_1885,south_america,303,Lima,split,1.000,1,5,1,no,yes,no,requires_manual,resources/buildings/manpower need manual distribution,split vp_review resource_distribution,split; province_overlap=1; tsr_overlap_rank=2/2; bsr_source_count=1
1886,STATE_1886,south_america,313,STATE_313,split,1.000,1,5,1,no,yes,no,requires_manual,resources/buildings/manpower need manual distribution,split vp_review resource_distribution,split; province_overlap=1; tsr_overlap_rank=2/4; bsr_source_count=1
1887,STATE_1887,south_america,312,STATE_312,split,1.000,1,5,1,no,yes,no,requires_manual,resources/buildings/manpower need manual distribution,split vp_review resource_distribution,split; province_overlap=1; tsr_overlap_rank=2/2; bsr_source_count=1
1888,STATE_1888,south_america,314,STATE_314,split,1.000,1,5,1,no,yes,no,requires_manual,resources/buildings/manpower need manual distribution,split vp_review resource_distribution,split; province_overlap=1; tsr_overlap_rank=1/2; bsr_source_count=1
1897,STATE_1897,south_america,499,STATE_499,split,1.000,1,5,1,no,yes,no,requires_manual,resources/buildings/manpower need manual distribution,split vp_review resource_distribution,split; province_overlap=1; tsr_overlap_rank=2/2; bsr_source_count=1
1900,STATE_1900,south_america,502,STATE_502,split,1.000,1,5,1,no,yes,no,requires_manual,resources/buildings/manpower need manual distribution,split vp_review resource_distribution,split; province_overlap=2; tsr_overlap_rank=3/3; bsr_source_count=1
1905,STATE_1905,europe,66,STATE_66,split,1.000,1,5,2,no,yes,no,requires_manual,resources/buildings/manpower need manual distribution,split vp_review resource_distribution,split; province_overlap=1; tsr_overlap_rank=7/7; bsr_source_count=1
20,STATE_20,europe,20,Rhone,merge,0.833,2,4,1,no,yes,no,requires_manual,resources/buildings/manpower need manual distribution,merge vp_review resource_distribution,split+merge; province_overlap=5; tsr_overlap_rank=1/7; bsr_source_count=2
49,STATE_49,middle_east,49,Ankara,split,1.000,1,4,2,no,yes,no,requires_manual,resources/buildings/manpower need manual distribution,split vp_review resource_distribution,split; province_overlap=5; tsr_overlap_rank=1/4; bsr_source_count=1
51,STATE_51,europe,51,STATE_51,split,1.000,1,4,2,no,yes,no,requires_manual,resources/buildings/manpower need manual distribution,split vp_review resource_distribution,split; province_overlap=1; tsr_overlap_rank=5/5; bsr_source_count=1
65,STATE_65,europe,65,STATE_65,split,1.000,1,4,2,no,yes,no,requires_manual,resources/buildings/manpower need manual distribution,split vp_review resource_distribution,split; province_overlap=2; tsr_overlap_rank=2/6; bsr_source_count=1
127,Sussex,europe,127,Sussex,split,1.000,1,4,1,no,yes,no,requires_manual,resources/buildings/manpower need manual distribution,split vp_review resource_distribution,split; province_overlap=5; tsr_overlap_rank=1/2; bsr_source_count=1
151,STATE_151,europe,151,STATE_151,merge,0.500,2,4,1,no,yes,no,requires_manual,resources/buildings/manpower need manual distribution,merge vp_review resource_distribution,split+merge; province_overlap=2; tsr_overlap_rank=2/3; bsr_source_count=2
279,Santiago,south_america,279,Santiago,split,0.833,1,4,2,no,yes,no,requires_manual,resources/buildings/manpower need manual distribution,split vp_review resource_distribution,split; province_overlap=5; tsr_overlap_rank=1/2; bsr_source_count=1
285,STATE_285,australia,285,STATE_285,split,1.000,1,4,1,no,yes,no,requires_manual,resources/buildings/manpower need manual distribution,split vp_review resource_distribution,split; province_overlap=37; tsr_overlap_rank=1/3; bsr_source_count=1
295,STATE_295,africa,888,STATE_888,merge,0.750,3,4,0,no,yes,no,requires_manual,resources/buildings/manpower need manual distribution,merge resource_distribution,split+merge; province_overlap=6; tsr_overlap_rank=1/3; bsr_source_count=2
303,Lima,south_america,303,Lima,split,1.000,1,4,1,no,yes,no,requires_manual,resources/buildings/manpower need manual distribution,split vp_review resource_distribution,split; province_overlap=6; tsr_overlap_rank=1/2; bsr_source_count=1
304,STATE_304,south_america,304,STATE_304,split,1.000,1,4,1,no,yes,no,requires_manual,resources/buildings/manpower need manual distribution,split vp_review resource_distribution,split; province_overlap=2; tsr_overlap_rank=2/2; bsr_source_count=1
327,Luzon,asia,327,Manila,merge,0.667,2,4,1,no,yes,no,requires_manual,resources/buildings/manpower need manual distribution,merge vp_review resource_distribution,split+merge; province_overlap=6; tsr_overlap_rank=1/3; bsr_source_count=2
330,STATE_330,asia,330,STATE_330,merge,0.750,2,4,1,no,yes,no,requires_manual,resources/buildings/manpower need manual distribution,merge vp_review resource_distribution,split+merge; province_overlap=6; tsr_overlap_rank=2/2; bsr_source_count=2
342,STATE_342,middle_east,342,Antalya,split,1.000,1,4,1,no,yes,no,requires_manual,resources/buildings/manpower need manual distribution,split vp_review resource_distribution,split; province_overlap=4; tsr_overlap_rank=1/4; bsr_source_count=1
348,STATE_348,middle_east,348,Kayseri,merge,0.500,2,4,1,no,yes,no,requires_manual,resources/buildings/manpower need manual distribution,merge vp_review resource_distribution,split+merge; province_overlap=1; tsr_overlap_rank=3/4; bsr_source_count=2
415,STATE_415,asia,1009,STATE_1009,merge,0.800,2,4,0,no,yes,no,requires_manual,resources/buildings/manpower need manual distribution,merge resource_distribution,split+merge; province_overlap=4; tsr_overlap_rank=1/2; bsr_source_count=2
422,STATE_422,asia,422,STATE_422,split,1.000,1,4,1,no,yes,no,requires_manual,resources/buildings/manpower need manual distribution,split vp_review resource_distribution,split; province_overlap=5; tsr_overlap_rank=1/2; bsr_source_count=1
489,Zulia,south_america,489,Zulia,split,1.000,1,4,1,no,yes,no,requires_manual,resources/buildings/manpower need manual distribution,split vp_review resource_distribution,split; province_overlap=5; tsr_overlap_rank=1/2; bsr_source_count=1
502,STATE_502,south_america,502,STATE_502,split,0.727,1,4,1,no,yes,no,requires_manual,resources/buildings/manpower need manual distribution,split vp_review resource_distribution,split; province_overlap=8; tsr_overlap_rank=1/3; bsr_source_count=1
795,STATE_795,europe,65,STATE_65,split,1.000,1,4,1,no,yes,no,requires_manual,resources/buildings/manpower need manual distribution,split vp_review resource_distribution,split; province_overlap=5; tsr_overlap_rank=1/6; bsr_source_count=1
849,STATE_849,north_america,374,STATE_374,split,1.000,1,4,1,no,yes,no,requires_manual,resources/buildings/manpower need manual distribution,split vp_review resource_distribution,split; province_overlap=1; tsr_overlap_rank=2/2; bsr_source_count=1
853,STATE_853,north_america,379,STATE_379,split,1.000,1,4,1,no,yes,no,requires_manual,resources/buildings/manpower need manual distribution,split vp_review resource_distribution,split; province_overlap=4; tsr_overlap_rank=2/3; bsr_source_count=1
856,STATE_856,north_america,393,STATE_393,split,1.000,1,4,1,no,yes,no,requires_manual,resources/buildings/manpower need manual distribution,split vp_review resource_distribution,split; province_overlap=5; tsr_overlap_rank=2/2; bsr_source_count=1
857,STATE_857,north_america,391,STATE_391,split,1.000,1,4,1,no,yes,no,requires_manual,resources/buildings/manpower need manual distribution,split vp_review resource_distribution,split; province_overlap=6; tsr_overlap_rank=2/4; bsr_source_count=1
859,STATE_859,north_america,388,STATE_388,split,1.000,1,4,1,no,yes,no,requires_manual,resources/buildings/manpower need manual distribution,split vp_review resource_distribution,split; province_overlap=3; tsr_overlap_rank=3/3; bsr_source_count=1
894,STATE_894,europe,151,STATE_151,split,1.000,1,4,1,no,yes,no,requires_manual,resources/buildings/manpower need manual distribution,split vp_review resource_distribution,split; province_overlap=2; tsr_overlap_rank=1/3; bsr_source_count=1
915,STATE_915,south_america,951,STATE_951,split,1.000,1,4,1,no,yes,no,requires_manual,resources/buildings/manpower need manual distribution,split vp_review resource_distribution,split; province_overlap=1; tsr_overlap_rank=2/2; bsr_source_count=1
916,STATE_916,south_america,506,Antofagasta,merge,0.500,2,4,0,no,yes,no,requires_manual,resources/buildings/manpower need manual distribution,merge resource_distribution,split+merge; province_overlap=2; tsr_overlap_rank=1/2; bsr_source_count=2
954,STATE_954,middle_east,343,Afyon,split,1.000,1,4,1,no,yes,no,requires_manual,resources/buildings/manpower need manual distribution,split vp_review resource_distribution,split; province_overlap=7; tsr_overlap_rank=1/4; bsr_source_count=1
956,STATE_956,middle_east,798,STATE_798,merge,0.500,4,4,1,no,yes,no,requires_manual,resources/buildings/manpower need manual distribution,merge vp_review resource_distribution,split+merge; province_overlap=3; tsr_overlap_rank=1/2; bsr_source_count=4
957,STATE_957,middle_east,798,STATE_798,merge,0.750,2,4,1,no,yes,no,requires_manual,resources/buildings/manpower need manual distribution,merge vp_review resource_distribution,split+merge; province_overlap=3; tsr_overlap_rank=2/2; bsr_source_count=2
963,STATE_963,asia,1019,South Tohoku,split,1.000,1,4,1,no,yes,no,requires_manual,resources/buildings/manpower need manual distribution,split vp_review resource_distribution,split; province_overlap=4; tsr_overlap_rank=1/2; bsr_source_count=1
968,STATE_968,asia,1018,South Kyushu,split,1.000,2,4,1,no,yes,no,requires_manual,resources/buildings/manpower need manual distribution,split vp_review resource_distribution,split; province_overlap=4; tsr_overlap_rank=1/3; bsr_source_count=1
1008,STATE_1008,europe,916,STATE_916,merge,0.529,2,4,0,no,yes,no,requires_manual,resources/buildings/manpower need manual distribution,merge resource_distribution,split+merge; province_overlap=9; tsr_overlap_rank=1/3; bsr_source_count=2
1064,STATE_1064,north_america,376,STATE_376,split,0.667,2,4,1,no,yes,no,requires_manual,resources/buildings/manpower need manual distribution,split vp_review resource_distribution,split; province_overlap=2; tsr_overlap_rank=4/7; bsr_source_count=1
1065,STATE_1065,north_america,382,STATE_382,split,0.667,1,4,1,no,yes,no,requires_manual,resources/buildings/manpower need manual distribution,split vp_review resource_distribution,split; province_overlap=2; tsr_overlap_rank=4/4; bsr_source_count=1
1114,STATE_1114,europe,38,Gävleborg,merge,0.812,2,4,1,no,yes,no,requires_manual,resources/buildings/manpower need manual distribution,merge vp_review resource_distribution,split+merge; province_overlap=13; tsr_overlap_rank=1/3; bsr_source_count=2
1134,STATE_1134,europe,795,STATE_795,split,1.000,1,4,1,no,yes,no,requires_manual,resources/buildings/manpower need manual distribution,split vp_review resource_distribution,split; province_overlap=7; tsr_overlap_rank=1/2; bsr_source_count=1
1137,STATE_1137,africa,538,STATE_538,split,1.000,1,4,1,no,yes,no,requires_manual,resources/buildings/manpower need manual distribution,split vp_review resource_distribution,split; province_overlap=4; tsr_overlap_rank=2/2; bsr_source_count=1
1175,STATE_1175,north_america,358,STATE_358,split,1.000,1,4,1,no,yes,no,requires_manual,resources/buildings/manpower need manual distribution,split vp_review resource_distribution,split; province_overlap=2; tsr_overlap_rank=3/3; bsr_source_count=1
1190,STATE_1190,europe,108,STATE_108,split,1.000,1,4,1,no,yes,no,requires_manual,resources/buildings/manpower need manual distribution,split vp_review resource_distribution,split; province_overlap=1; tsr_overlap_rank=5/6; bsr_source_count=1
1199,STATE_1199,north_america,376,STATE_376,split,1.000,1,4,1,no,yes,no,requires_manual,resources/buildings/manpower need manual distribution,split vp_review resource_distribution,split; province_overlap=1; tsr_overlap_rank=5/7; bsr_source_count=1
1200,STATE_1200,north_america,376,STATE_376,split,0.600,3,4,1,no,yes,no,requires_manual,resources/buildings/manpower need manual distribution,split vp_review resource_distribution,split; province_overlap=3; tsr_overlap_rank=2/7; bsr_source_count=1
1378,Northern Hungary,europe,43,Northern Hungary,split,1.000,1,4,1,no,yes,no,requires_manual,resources/buildings/manpower need manual distribution,split vp_review resource_distribution,split; province_overlap=5; tsr_overlap_rank=1/2; bsr_source_count=1
1419,STATE_1419,north_america,471,STATE_471,merge,0.500,3,4,0,no,yes,no,requires_manual,resources/buildings/manpower need manual distribution,merge resource_distribution,split+merge; province_overlap=3; tsr_overlap_rank=2/2; bsr_source_count=2
1475,STATE_1475,middle_east,266,Tehran,split,1.000,1,4,1,no,yes,no,requires_manual,resources/buildings/manpower need manual distribution,split vp_review resource_distribution,split; province_overlap=4; tsr_overlap_rank=1/2; bsr_source_count=1
1494,STATE_1494,north_america,367,STATE_367,split,1.000,1,4,1,no,yes,no,requires_manual,resources/buildings/manpower need manual distribution,split vp_review resource_distribution,split; province_overlap=2; tsr_overlap_rank=3/3; bsr_source_count=1
1501,STATE_1501,europe,795,STATE_795,split,1.000,1,4,1,no,yes,no,requires_manual,resources/buildings/manpower need manual distribution,split vp_review resource_distribution,split; province_overlap=1; tsr_overlap_rank=2/2; bsr_source_count=1
1503,STATE_1503,europe,170,STATE_170,split,1.000,1,4,1,no,yes,no,requires_manual,resources/buildings/manpower need manual distribution,split vp_review resource_distribution,split; province_overlap=1; tsr_overlap_rank=3/3; bsr_source_count=1
1540,STATE_1540,africa,718,STATE_718,split,1.000,1,4,1,no,yes,no,requires_manual,resources/buildings/manpower need manual distribution,split vp_review resource_distribution,split; province_overlap=6; tsr_overlap_rank=1/2; bsr_source_count=1
1566,STATE_1566,north_america,377,STATE_377,split,1.000,1,4,1,no,yes,no,requires_manual,resources/buildings/manpower need manual distribution,split vp_review resource_distribution,split; province_overlap=3; tsr_overlap_rank=2/4; bsr_source_count=1
1567,STATE_1567,north_america,376,STATE_376,split,1.000,1,4,1,no,yes,no,requires_manual,resources/buildings/manpower need manual distribution,split vp_review resource_distribution,split; province_overlap=1; tsr_overlap_rank=6/7; bsr_source_count=1
1576,STATE_1576,south_america,950,STATE_950,merge,0.800,2,4,0,no,yes,no,requires_manual,resources/buildings/manpower need manual distribution,merge resource_distribution,merge; province_overlap=4; bsr_source_count=2
1578,STATE_1578,south_america,503,STATE_503,merge,0.750,2,4,0,no,yes,no,requires_manual,resources/buildings/manpower need manual distribution,merge resource_distribution,split+merge; province_overlap=3; tsr_overlap_rank=1/2; bsr_source_count=2
1608,STATE_1608,north_america,391,STATE_391,split,0.667,1,4,1,no,yes,no,requires_manual,resources/buildings/manpower need manual distribution,split vp_review resource_distribution,split; province_overlap=2; tsr_overlap_rank=3/4; bsr_source_count=1
1610,STATE_1610,north_america,389,STATE_389,split,0.800,1,4,1,no,yes,no,requires_manual,resources/buildings/manpower need manual distribution,split vp_review resource_distribution,split; province_overlap=4; tsr_overlap_rank=2/3; bsr_source_count=1
1623,STATE_1623,north_america,376,STATE_376,split,1.000,1,4,1,no,yes,no,requires_manual,resources/buildings/manpower need manual distribution,split vp_review resource_distribution,split; province_overlap=3; tsr_overlap_rank=3/7; bsr_source_count=1
1632,STATE_1632,north_america,382,STATE_382,split,0.500,2,4,1,no,yes,no,requires_manual,resources/buildings/manpower need manual distribution,split vp_review resource_distribution,split; province_overlap=2; tsr_overlap_rank=3/4; bsr_source_count=1
1641,STATE_1641,north_america,387,STATE_387,split,1.000,1,4,1,no,yes,no,requires_manual,resources/buildings/manpower need manual distribution,split vp_review resource_distribution,split; province_overlap=3; tsr_overlap_rank=2/2; bsr_source_count=1
1658,STATE_1658,north_america,466,STATE_466,split,0.833,1,4,0,no,yes,no,requires_manual,resources/buildings/manpower need manual distribution,split resource_distribution,split; province_overlap=5; tsr_overlap_rank=1/3; bsr_source_count=1
1661,STATE_1661,middle_east,339,STATE_339,split,1.000,1,4,1,no,yes,no,requires_manual,resources/buildings/manpower need manual distribution,split vp_review resource_distribution,split; province_overlap=3; tsr_overlap_rank=2/3; bsr_source_count=1
1681,STATE_1681,north_america,261,STATE_261,split,1.000,1,4,1,no,yes,no,requires_manual,resources/buildings/manpower need manual distribution,split vp_review resource_distribution,split; province_overlap=3; tsr_overlap_rank=2/2; bsr_source_count=1
1682,STATE_1682,north_america,360,STATE_360,split,1.000,1,4,1,no,yes,no,requires_manual,resources/buildings/manpower need manual distribution,split vp_review resource_distribution,split; province_overlap=3; tsr_overlap_rank=3/3; bsr_source_count=1
1686,STATE_1686,north_america,682,STATE_682,split,1.000,1,4,1,no,yes,no,requires_manual,resources/buildings/manpower need manual distribution,split vp_review resource_distribution,split; province_overlap=12; tsr_overlap_rank=1/4; bsr_source_count=1
1702,STATE_1702,europe,68,STATE_68,split,1.000,1,4,1,no,yes,no,requires_manual,resources/buildings/manpower need manual distribution,split vp_review resource_distribution,split; province_overlap=1; tsr_overlap_rank=3/6; bsr_source_count=1
1704,STATE_1704,middle_east,348,Kayseri,split,1.000,1,4,1,no,yes,no,requires_manual,resources/buildings/manpower need manual distribution,split vp_review resource_distribution,split; province_overlap=4; tsr_overlap_rank=1/4; bsr_source_count=1
1705,STATE_1705,europe,66,STATE_66,split,1.000,1,4,1,no,yes,no,requires_manual,resources/buildings/manpower need manual distribution,split vp_review resource_distribution,split; province_overlap=3; tsr_overlap_rank=1/7; bsr_source_count=1
1715,STATE_1715,europe,170,STATE_170,split,1.000,1,4,1,no,yes,no,requires_manual,resources/buildings/manpower need manual distribution,split vp_review resource_distribution,split; province_overlap=5; tsr_overlap_rank=2/3; bsr_source_count=1
1724,STATE_1724,europe,41,STATE_41,split,1.000,1,4,1,no,yes,no,requires_manual,resources/buildings/manpower need manual distribution,split vp_review resource_distribution,split; province_overlap=7; tsr_overlap_rank=1/3; bsr_source_count=1
1740,STATE_1740,asia,322,STATE_322,merge,0.800,2,4,0,no,yes,no,requires_manual,resources/buildings/manpower need manual distribution,merge resource_distribution,split+merge; province_overlap=4; tsr_overlap_rank=1/2; bsr_source_count=2
1759,Languedoc,europe,22,Languedoc,split,1.000,1,4,1,no,yes,no,requires_manual,resources/buildings/manpower need manual distribution,split vp_review resource_distribution,split; province_overlap=1; tsr_overlap_rank=4/4; bsr_source_count=1
1760,STATE_1760,europe,22,Languedoc,split,1.000,1,4,1,no,yes,no,requires_manual,resources/buildings/manpower need manual distribution,split vp_review resource_distribution,split; province_overlap=2; tsr_overlap_rank=3/4; bsr_source_count=1
1806,STATE_1806,south_america,956,STATE_956,merge,0.833,2,4,0,no,yes,no,requires_manual,resources/buildings/manpower need manual distribution,merge resource_distribution,split+merge; province_overlap=5; tsr_overlap_rank=1/3; bsr_source_count=2
1845,STATE_1845,north_america,277,STATE_277,split,1.000,1,4,1,no,yes,no,requires_manual,resources/buildings/manpower need manual distribution,split vp_review resource_distribution,split; province_overlap=2; tsr_overlap_rank=2/2; bsr_source_count=1
1848,STATE_1848,north_america,481,Durango,split,1.000,1,4,1,no,yes,no,requires_manual,resources/buildings/manpower need manual distribution,split vp_review resource_distribution,split; province_overlap=3; tsr_overlap_rank=2/3; bsr_source_count=1
1889,STATE_1889,north_america,391,STATE_391,split,1.000,1,4,1,no,yes,no,requires_manual,resources/buildings/manpower need manual distribution,split vp_review resource_distribution,split; province_overlap=1; tsr_overlap_rank=4/4; bsr_source_count=1
1954,STATE_1954,europe,50,Württemberg,split,0.500,1,4,1,no,yes,no,requires_manual,resources/buildings/manpower need manual distribution,split vp_review resource_distribution,split; province_overlap=1; tsr_overlap_rank=4/6; bsr_source_count=1
1985,STATE_1985,europe,974,South Transdanubia,split,1.000,1,4,1,no,yes,no,requires_manual,resources/buildings/manpower need manual distribution,split vp_review resource_distribution,split; province_overlap=3; tsr_overlap_rank=2/2; bsr_source_count=1
2026,STATE_2026,europe,931,STATE_931,split,1.000,1,4,1,no,yes,no,requires_manual,resources/buildings/manpower need manual distribution,split vp_review resource_distribution,split; province_overlap=2; tsr_overlap_rank=2/2; bsr_source_count=1
2034,STATE_2034,europe,68,STATE_68,split,1.000,1,4,1,no,yes,no,requires_manual,resources/buildings/manpower need manual distribution,split vp_review resource_distribution,split; province_overlap=1; tsr_overlap_rank=6/6; bsr_source_count=1
2035,STATE_2035,europe,68,STATE_68,split,1.000,1,4,1,no,yes,no,requires_manual,resources/buildings/manpower need manual distribution,split vp_review resource_distribution,split; province_overlap=1; tsr_overlap_rank=2/6; bsr_source_count=1
3,STATE_3,europe,847,STATE_847,merge,0.500,3,3,0,no,yes,no,requires_manual,resources/buildings/manpower need manual distribution,merge resource_distribution,split+merge; province_overlap=2; tsr_overlap_rank=1/3; bsr_source_count=3
25,STATE_25,europe,25,STATE_25,merge,0.923,3,3,0,no,yes,no,requires_manual,resources/buildings/manpower need manual distribution,merge resource_distribution,split+merge; province_overlap=12; tsr_overlap_rank=1/2; bsr_source_count=3
41,STATE_41,europe,41,STATE_41,split,0.500,1,3,1,no,yes,no,requires_manual,resources/buildings/manpower need manual distribution,split vp_review resource_distribution,split; province_overlap=3; tsr_overlap_rank=2/3; bsr_source_count=1
43,Northern Hungary,europe,43,Northern Hungary,split,1.000,1,3,1,no,yes,no,requires_manual,resources/buildings/manpower need manual distribution,split vp_review resource_distribution,split; province_overlap=4; tsr_overlap_rank=2/2; bsr_source_count=1
50,STATE_50,europe,50,Württemberg,split,1.000,1,3,1,no,yes,no,requires_manual,resources/buildings/manpower need manual distribution,split vp_review resource_distribution,split; province_overlap=3; tsr_overlap_rank=2/6; bsr_source_count=1
66,STATE_66,europe,66,STATE_66,split,0.667,1,3,1,no,yes,no,requires_manual,resources/buildings/manpower need manual distribution,split vp_review resource_distribution,split; province_overlap=2; tsr_overlap_rank=2/7; bsr_source_count=1
79,STATE_79,europe,79,STATE_79,split,1.000,1,3,1,no,yes,no,requires_manual,resources/buildings/manpower need manual distribution,split vp_review resource_distribution,split; province_overlap=12; tsr_overlap_rank=1/3; bsr_source_count=1
129,STATE_129,europe,129,STATE_129,split,1.000,1,3,1,no,yes,no,requires_manual,resources/buildings/manpower need manual distribution,split vp_review resource_distribution,split; province_overlap=4; tsr_overlap_rank=1/2; bsr_source_count=1
130,STATE_130,europe,130,STATE_130,merge,0.667,2,3,0,no,yes,no,requires_manual,resources/buildings/manpower need manual distribution,merge resource_distribution,split+merge; province_overlap=6; tsr_overlap_rank=1/2; bsr_source_count=2
132,Lancashire,europe,132,Lancashire,merge,0.750,2,3,0,no,yes,no,requires_manual,resources/buildings/manpower need manual distribution,merge resource_distribution,split+merge; province_overlap=3; tsr_overlap_rank=1/2; bsr_source_count=2
155,STATE_155,europe,155,North Transdanubia,split,1.000,1,3,1,no,yes,no,requires_manual,resources/buildings/manpower need manual distribution,split vp_review resource_distribution,split; province_overlap=7; tsr_overlap_rank=1/3; bsr_source_count=1
166,STATE_166,europe,166,STATE_166,split,1.000,1,3,1,no,yes,no,requires_manual,resources/buildings/manpower need manual distribution,split vp_review resource_distribution,split; province_overlap=7; tsr_overlap_rank=1/2; bsr_source_count=1
261,STATE_261,north_america,261,STATE_261,split,1.000,1,3,1,no,yes,no,requires_manual,resources/buildings/manpower need manual distribution,split vp_review resource_distribution,split; province_overlap=21; tsr_overlap_rank=1/2; bsr_source_count=1
267,STATE_267,asia,267,Kabul,merge,0.600,2,3,0,no,yes,no,requires_manual,resources/buildings/manpower need manual distribution,merge resource_distribution,split+merge; province_overlap=3; tsr_overlap_rank=1/3; bsr_source_count=2
277,STATE_277,north_america,277,STATE_277,split,1.000,1,3,1,no,yes,no,requires_manual,resources/buildings/manpower need manual distribution,split vp_review resource_distribution,split; province_overlap=3; tsr_overlap_rank=1/2; bsr_source_count=1
284,North Island,australia,1101,Auckland,merge,1.000,2,3,0,no,yes,no,requires_manual,resources/buildings/manpower need manual distribution,merge resource_distribution,merge; province_overlap=16; bsr_source_count=2
300,STATE_300,south_america,946,STATE_946,merge,1.000,3,3,0,no,yes,no,requires_manual,resources/buildings/manpower need manual distribution,merge resource_distribution,merge; province_overlap=5; bsr_source_count=3
312,STATE_312,south_america,312,STATE_312,split,1.000,1,3,0,no,yes,no,requires_manual,resources/buildings/manpower need manual distribution,split resource_distribution,split; province_overlap=2; tsr_overlap_rank=1/2; bsr_source_count=1
313,STATE_313,south_america,313,STATE_313,split,1.000,1,3,0,no,yes,no,requires_manual,resources/buildings/manpower need manual distribution,split resource_distribution,split; province_overlap=1; tsr_overlap_rank=3/4; bsr_source_count=1
317,STATE_317,south_america,317,STATE_317,split,1.000,1,3,1,no,yes,no,requires_manual,resources/buildings/manpower need manual distribution,split vp_review resource_distribution,split; province_overlap=1; tsr_overlap_rank=2/2; bsr_source_count=1
344,STATE_344,middle_east,345,STATE_345,merge,0.500,2,3,0,no,yes,no,requires_manual,resources/buildings/manpower need manual distribution,merge resource_distribution,split+merge; province_overlap=3; tsr_overlap_rank=2/3; bsr_source_count=2
377,STATE_377,north_america,377,STATE_377,split,1.000,1,3,1,no,yes,no,requires_manual,resources/buildings/manpower need manual distribution,split vp_review resource_distribution,split; province_overlap=7; tsr_overlap_rank=1/4; bsr_source_count=1
379,STATE_379,north_america,379,STATE_379,split,1.000,1,3,1,no,yes,no,requires_manual,resources/buildings/manpower need manual distribution,split vp_review resource_distribution,split; province_overlap=9; tsr_overlap_rank=1/3; bsr_source_count=1
382,STATE_382,north_america,382,STATE_382,split,1.000,1,3,1,no,yes,no,requires_manual,resources/buildings/manpower need manual distribution,split vp_review resource_distribution,split; province_overlap=5; tsr_overlap_rank=2/4; bsr_source_count=1
412,STATE_412,middle_east,412,STATE_412,merge,0.900,3,3,0,no,yes,no,requires_manual,resources/buildings/manpower need manual distribution,merge resource_distribution,merge; province_overlap=9; bsr_source_count=3
417,STATE_417,middle_east,417,Hamadan,merge,0.667,2,3,0,no,yes,no,requires_manual,resources/buildings/manpower need manual distribution,merge resource_distribution,split+merge; province_overlap=2; tsr_overlap_rank=1/3; bsr_source_count=2
468,STATE_468,north_america,468,Saint Lawrence,split,1.000,1,3,1,no,yes,no,requires_manual,resources/buildings/manpower need manual distribution,split vp_review resource_distribution,split; province_overlap=4; tsr_overlap_rank=2/2; bsr_source_count=1
473,STATE_473,north_america,473,STATE_473,merge,0.773,2,3,0,no,yes,no,requires_manual,resources/buildings/manpower need manual distribution,merge resource_distribution,split+merge; province_overlap=17; tsr_overlap_rank=1/3; bsr_source_count=2
478,Jalisco,north_america,478,Jalisco,split,1.000,1,3,1,no,yes,no,requires_manual,resources/buildings/manpower need manual distribution,split vp_review resource_distribution,split; province_overlap=5; tsr_overlap_rank=1/2; bsr_source_count=1
481,Durango,north_america,481,Durango,split,1.000,1,3,0,no,yes,no,requires_manual,resources/buildings/manpower need manual distribution,split resource_distribution,split; province_overlap=5; tsr_overlap_rank=1/3; bsr_source_count=1
485,STATE_485,north_america,485,STATE_485,split,1.000,1,3,1,no,yes,no,requires_manual,resources/buildings/manpower need manual distribution,split vp_review resource_distribution,split; province_overlap=4; tsr_overlap_rank=1/2; bsr_source_count=1
497,STATE_497,south_america,938,STATE_938,split,1.000,1,3,0,no,yes,no,requires_manual,resources/buildings/manpower need manual distribution,split resource_distribution,split; province_overlap=4; tsr_overlap_rank=1/3; bsr_source_count=1
528,STATE_528,asia,528,North Kyushu,split,1.000,1,3,1,no,yes,no,requires_manual,resources/buildings/manpower need manual distribution,split vp_review resource_distribution,split; province_overlap=7; tsr_overlap_rank=1/3; bsr_source_count=1
534,Hokuriku,asia,534,"was Hokuriku, is actually Kōshin'etsu",split,1.000,1,3,1,no,yes,no,requires_manual,resources/buildings/manpower need manual distribution,split vp_review resource_distribution,split; province_overlap=6; tsr_overlap_rank=1/2; bsr_source_count=1
538,STATE_538,africa,538,STATE_538,merge,0.714,3,3,0,no,yes,no,requires_manual,resources/buildings/manpower need manual distribution,merge resource_distribution,split+merge; province_overlap=5; tsr_overlap_rank=1/2; bsr_source_count=3
682,STATE_682,north_america,682,STATE_682,split,1.000,1,3,1,no,yes,no,requires_manual,resources/buildings/manpower need manual distribution,split vp_review resource_distribution,split; province_overlap=9; tsr_overlap_rank=2/4; bsr_source_count=1
683,STATE_683,north_america,683,STATE_683,merge,0.333,2,3,0,no,yes,no,requires_manual,resources/buildings/manpower need manual distribution,merge resource_distribution,merge; province_overlap=2; bsr_source_count=2
688,STATE_688,south_america,688,STATE_688,split,1.000,1,3,1,no,yes,no,requires_manual,resources/buildings/manpower need manual distribution,split vp_review resource_distribution,split; province_overlap=3; tsr_overlap_rank=1/2; bsr_source_count=1
846,STATE_846,north_america,381,STATE_381,split,0.500,2,3,0,no,yes,no,requires_manual,resources/buildings/manpower need manual distribution,split resource_distribution,split; province_overlap=1; tsr_overlap_rank=6/6; bsr_source_count=1
847,STATE_847,north_america,382,STATE_382,split,1.000,1,3,0,no,yes,no,requires_manual,resources/buildings/manpower need manual distribution,split resource_distribution,split; province_overlap=8; tsr_overlap_rank=1/4; bsr_source_count=1
893,STATE_893,europe,846,STATE_846,merge,1.000,2,3,0,no,yes,no,requires_manual,resources/buildings/manpower need manual distribution,merge resource_distribution,merge; province_overlap=2; bsr_source_count=2
944,STATE_944,middle_east,859,STATE_859,split,1.000,1,3,0,no,yes,no,requires_manual,resources/buildings/manpower need manual distribution,split resource_distribution,split; province_overlap=2; tsr_overlap_rank=1/3; bsr_source_count=1
1052,STATE_1052,europe,790,STATE_790,split,1.000,2,3,0,no,yes,no,requires_manual,resources/buildings/manpower need manual distribution,split resource_distribution,split; province_overlap=4; tsr_overlap_rank=1/4; bsr_source_count=1
1150,STATE_1150,north_america,381,STATE_381,split,1.000,1,3,0,no,yes,no,requires_manual,resources/buildings/manpower need manual distribution,split resource_distribution,split; province_overlap=1; tsr_overlap_rank=5/6; bsr_source_count=1
1195,STATE_1195,north_america,377,STATE_377,split,0.500,3,3,0,no,yes,no,requires_manual,resources/buildings/manpower need manual distribution,split resource_distribution,split; province_overlap=2; tsr_overlap_rank=4/4; bsr_source_count=1
1260,STATE_1260,south_america,957,STATE_957,split,1.000,1,3,0,no,yes,no,requires_manual,resources/buildings/manpower need manual distribution,split resource_distribution,split; province_overlap=2; tsr_overlap_rank=1/2; bsr_source_count=1
1261,STATE_1261,south_america,487,STATE_487,merge,0.667,2,3,0,no,yes,no,requires_manual,resources/buildings/manpower need manual distribution,merge resource_distribution,split+merge; province_overlap=2; tsr_overlap_rank=2/3; bsr_source_count=2
1290,STATE_1290,north_america,381,STATE_381,split,1.000,1,3,0,no,yes,no,requires_manual,resources/buildings/manpower need manual distribution,split resource_distribution,split; province_overlap=1; tsr_overlap_rank=4/6; bsr_source_count=1
1335,STATE_1335,europe,51,STATE_51,split,0.800,1,3,0,no,yes,no,requires_manual,resources/buildings/manpower need manual distribution,split resource_distribution,split; province_overlap=4; tsr_overlap_rank=1/5; bsr_source_count=1
1357,STATE_1357,africa,891,STATE_891,split,0.500,1,3,0,no,yes,no,requires_manual,resources/buildings/manpower need manual distribution,split resource_distribution,split; province_overlap=1; tsr_overlap_rank=3/3; bsr_source_count=1
1423,STATE_1423,europe,971,Northern Dobruja,split,1.000,1,3,0,no,yes,no,requires_manual,resources/buildings/manpower need manual distribution,split resource_distribution,split; province_overlap=1; tsr_overlap_rank=2/2; bsr_source_count=1
1607,STATE_1607,north_america,682,STATE_682,split,1.000,1,3,0,no,yes,no,requires_manual,resources/buildings/manpower need manual distribution,split resource_distribution,split; province_overlap=1; tsr_overlap_rank=4/4; bsr_source_count=1
1652,STATE_1652,north_america,381,STATE_381,split,1.000,1,3,0,no,yes,no,requires_manual,resources/buildings/manpower need manual distribution,split resource_distribution,split; province_overlap=1; tsr_overlap_rank=3/6; bsr_source_count=1
1657,STATE_1657,europe,919,STATE_919,merge,1.000,2,3,0,no,yes,no,requires_manual,resources/buildings/manpower need manual distribution,merge resource_distribution,merge; province_overlap=10; bsr_source_count=2
1672,STATE_1672,north_america,866,STATE_866,merge,0.750,2,3,0,no,yes,no,requires_manual,resources/buildings/manpower need manual distribution,merge resource_distribution,split+merge; province_overlap=3; tsr_overlap_rank=1/2; bsr_source_count=2
1676,STATE_1676,north_america,379,STATE_379,split,0.500,1,3,0,no,yes,no,requires_manual,resources/buildings/manpower need manual distribution,split resource_distribution,split; province_overlap=1; tsr_overlap_rank=3/3; bsr_source_count=1
1687,STATE_1687,north_america,862,STATE_862,merge,0.625,3,3,0,no,yes,no,requires_manual,resources/buildings/manpower need manual distribution,merge resource_distribution,split+merge; province_overlap=5; tsr_overlap_rank=2/2; bsr_source_count=3
1688,STATE_1688,south_america,502,STATE_502,split,1.000,1,3,0,no,yes,no,requires_manual,resources/buildings/manpower need manual distribution,split resource_distribution,split; province_overlap=3; tsr_overlap_rank=2/3; bsr_source_count=1
1829,Magallanes,south_america,507,Magallanes,split,1.000,1,3,0,no,yes,no,requires_manual,resources/buildings/manpower need manual distribution,split resource_distribution,split; province_overlap=3; tsr_overlap_rank=1/2; bsr_source_count=1
1834,STATE_1834,south_america,489,Zulia,split,1.000,1,3,0,no,yes,no,requires_manual,resources/buildings/manpower need manual distribution,split resource_distribution,split; province_overlap=2; tsr_overlap_rank=2/2; bsr_source_count=1
1959,STATE_1959,africa,891,STATE_891,split,1.000,1,3,0,no,yes,no,requires_manual,resources/buildings/manpower need manual distribution,split resource_distribution,split; province_overlap=2; tsr_overlap_rank=1/3; bsr_source_count=1
2025,STATE_2025,europe,931,STATE_931,split,1.000,1,3,0,no,yes,no,requires_manual,resources/buildings/manpower need manual distribution,split resource_distribution,split; province_overlap=2; tsr_overlap_rank=1/2; bsr_source_count=1
21,STATE_21,europe,21,Bouches-du-Rhône (Formerly Provence before Var split off),split,1.000,1,2,0,no,yes,no,requires_manual,resources/buildings/manpower need manual distribution,split resource_distribution,split; province_overlap=2; tsr_overlap_rank=2/3; bsr_source_count=1
22,Languedoc,europe,22,Languedoc,split,0.750,1,2,0,no,yes,no,requires_manual,resources/buildings/manpower need manual distribution,split resource_distribution,split; province_overlap=3; tsr_overlap_rank=2/4; bsr_source_count=1
26,STATE_26,europe,26,Auveregne,split,1.000,1,2,0,no,yes,no,requires_manual,resources/buildings/manpower need manual distribution,split resource_distribution,split; province_overlap=10; tsr_overlap_rank=1/2; bsr_source_count=1
31,STATE_31,europe,31,STATE_31,merge,0.909,2,2,0,no,yes,no,requires_manual,resources/buildings/manpower need manual distribution,merge resource_distribution,split+merge; province_overlap=10; tsr_overlap_rank=1/7; bsr_source_count=2
46,STATE_46,europe,46,Muntenia,split,1.000,1,2,0,no,yes,no,requires_manual,resources/buildings/manpower need manual distribution,split resource_distribution,split; province_overlap=9; tsr_overlap_rank=1/3; bsr_source_count=1
52,STATE_52,europe,52,STATE_52,split,1.000,1,2,0,no,yes,no,requires_manual,resources/buildings/manpower need manual distribution,split resource_distribution,split; province_overlap=9; tsr_overlap_rank=1/4; bsr_source_count=1
68,STATE_68,europe,68,STATE_68,split,1.000,1,2,0,no,yes,no,requires_manual,resources/buildings/manpower need manual distribution,split resource_distribution,split; province_overlap=2; tsr_overlap_rank=1/6; bsr_source_count=1
113,Leinster,europe,113,Leinster,split,1.000,1,2,0,no,yes,no,requires_manual,resources/buildings/manpower need manual distribution,split resource_distribution,split; province_overlap=7; tsr_overlap_rank=1/2; bsr_source_count=1
128,STATE_128,europe,128,STATE_128,split,1.000,1,2,0,no,yes,no,requires_manual,resources/buildings/manpower need manual distribution,split resource_distribution,split; province_overlap=3; tsr_overlap_rank=2/3; bsr_source_count=1
138,STATE_138,europe,138,STATE_138,split,1.000,1,2,0,no,yes,no,requires_manual,resources/buildings/manpower need manual distribution,split resource_distribution,split; province_overlap=9; tsr_overlap_rank=1/2; bsr_source_count=1
139,STATE_139,europe,139,STATE_139,merge,1.000,1,2,0,no,yes,no,requires_manual,resources/buildings/manpower need manual distribution,merge resource_distribution,merge; province_overlap=13; bsr_source_count=2
140,STATE_140,europe,140,Västra Götaland,split,1.000,1,2,0,no,yes,no,requires_manual,resources/buildings/manpower need manual distribution,split resource_distribution,split; province_overlap=7; tsr_overlap_rank=1/2; bsr_source_count=1
141,STATE_141,europe,141,Svealand,split,1.000,1,2,0,no,yes,no,requires_manual,resources/buildings/manpower need manual distribution,split resource_distribution,split; province_overlap=12; tsr_overlap_rank=1/2; bsr_source_count=1
170,STATE_170,europe,170,STATE_170,split,0.917,1,2,0,no,yes,no,requires_manual,resources/buildings/manpower need manual distribution,split resource_distribution,split; province_overlap=11; tsr_overlap_rank=1/3; bsr_source_count=1
180,STATE_180,europe,180,STATE_180,split,1.000,1,2,0,no,yes,no,requires_manual,resources/buildings/manpower need manual distribution,split resource_distribution,split; province_overlap=2; tsr_overlap_rank=2/2; bsr_source_count=1
266,Tehran,middle_east,266,Tehran,split,1.000,1,2,0,no,yes,no,requires_manual,resources/buildings/manpower need manual distribution,split resource_distribution,split; province_overlap=1; tsr_overlap_rank=2/2; bsr_source_count=1
280,STATE_280,south_america,280,STATE_280,merge,0.667,3,2,0,no,yes,no,requires_manual,resources/buildings/manpower need manual distribution,merge resource_distribution,split+merge; province_overlap=4; tsr_overlap_rank=1/3; bsr_source_count=3
282,STATE_282,asia,282,Kanto,split,1.000,1,2,0,no,yes,no,requires_manual,resources/buildings/manpower need manual distribution,split resource_distribution,split; province_overlap=5; tsr_overlap_rank=2/2; bsr_source_count=1
289,STATE_289,asia,289,STATE_289,merge,1.000,3,2,0,no,yes,no,requires_manual,resources/buildings/manpower need manual distribution,merge resource_distribution,merge; province_overlap=10; bsr_source_count=3
293,STATE_293,middle_east,293,STATE_293,split,1.000,1,2,0,no,yes,no,requires_manual,resources/buildings/manpower need manual distribution,split resource_distribution,split; province_overlap=3; tsr_overlap_rank=1/2; bsr_source_count=1
294,STATE_294,middle_east,294,STATE_294,merge,1.000,2,2,0,no,yes,no,requires_manual,resources/buildings/manpower need manual distribution,merge resource_distribution,merge; province_overlap=5; bsr_source_count=2
302,STATE_302,south_america,302,STATE_302,split,1.000,1,2,0,no,yes,no,requires_manual,resources/buildings/manpower need manual distribution,split resource_distribution,split; province_overlap=10; tsr_overlap_rank=1/3; bsr_source_count=1
305,STATE_305,south_america,305,STATE_305,split,1.000,1,2,0,no,yes,no,requires_manual,resources/buildings/manpower need manual distribution,split resource_distribution,split; province_overlap=6; tsr_overlap_rank=1/2; bsr_source_count=1
307,Miranda,south_america,307,Miranda,split,1.000,1,2,0,no,yes,no,requires_manual,resources/buildings/manpower need manual distribution,split resource_distribution,split; province_overlap=9; tsr_overlap_rank=1/2; bsr_source_count=1
314,STATE_314,south_america,314,STATE_314,split,1.000,1,2,0,no,yes,no,requires_manual,resources/buildings/manpower need manual distribution,split resource_distribution,split; province_overlap=1; tsr_overlap_rank=2/2; bsr_source_count=1
322,STATE_322,asia,322,STATE_322,split,1.000,1,2,0,no,yes,no,requires_manual,resources/buildings/manpower need manual distribution,split resource_distribution,split; province_overlap=4; tsr_overlap_rank=2/2; bsr_source_count=1
338,STATE_338,europe,338,STATE_338,split,1.000,1,2,0,no,yes,no,requires_manual,resources/buildings/manpower need manual distribution,split resource_distribution,split; province_overlap=4; tsr_overlap_rank=1/3; bsr_source_count=1
362,STATE_362,north_america,362,STATE_362,split,1.000,1,2,0,no,yes,no,requires_manual,resources/buildings/manpower need manual distribution,split resource_distribution,split; province_overlap=17; tsr_overlap_rank=1/2; bsr_source_count=1
374,STATE_374,north_america,374,STATE_374,split,1.000,1,2,0,no,yes,no,requires_manual,resources/buildings/manpower need manual distribution,split resource_distribution,split; province_overlap=15; tsr_overlap_rank=1/2; bsr_source_count=1
376,STATE_376,north_america,376,STATE_376,split,0.800,1,2,0,no,yes,no,requires_manual,resources/buildings/manpower need manual distribution,split resource_distribution,split; province_overlap=4; tsr_overlap_rank=1/7; bsr_source_count=1
380,STATE_380,north_america,380,STATE_380,split,1.000,1,2,0,no,yes,no,requires_manual,resources/buildings/manpower need manual distribution,split resource_distribution,split; province_overlap=12; tsr_overlap_rank=1/2; bsr_source_count=1
381,STATE_381,north_america,381,STATE_381,split,0.667,3,2,0,no,yes,no,requires_manual,resources/buildings/manpower need manual distribution,split resource_distribution,split; province_overlap=4; tsr_overlap_rank=2/6; bsr_source_count=1
383,STATE_383,north_america,383,STATE_383,split,1.000,1,2,0,no,yes,no,requires_manual,resources/buildings/manpower need manual distribution,split resource_distribution,split; province_overlap=14; tsr_overlap_rank=1/2; bsr_source_count=1
387,STATE_387,north_america,387,STATE_387,split,1.000,1,2,0,no,yes,no,requires_manual,resources/buildings/manpower need manual distribution,split resource_distribution,split; province_overlap=10; tsr_overlap_rank=1/2; bsr_source_count=1
388,STATE_388,north_america,388,STATE_388,split,0.941,1,2,0,no,yes,no,requires_manual,resources/buildings/manpower need manual distribution,split resource_distribution,split; province_overlap=16; tsr_overlap_rank=1/3; bsr_source_count=1
389,STATE_389,north_america,389,STATE_389,split,1.000,1,2,0,no,yes,no,requires_manual,resources/buildings/manpower need manual distribution,split resource_distribution,split; province_overlap=5; tsr_overlap_rank=1/3; bsr_source_count=1
391,STATE_391,north_america,391,STATE_391,split,1.000,1,2,0,no,yes,no,requires_manual,resources/buildings/manpower need manual distribution,split resource_distribution,split; province_overlap=11; tsr_overlap_rank=1/4; bsr_source_count=1
393,STATE_393,north_america,393,STATE_393,split,1.000,1,2,0,no,yes,no,requires_manual,resources/buildings/manpower need manual distribution,split resource_distribution,split; province_overlap=19; tsr_overlap_rank=1/2; bsr_source_count=1
411,STATE_411,middle_east,1002,STATE_1002,merge,1.000,2,2,0,no,yes,no,requires_manual,resources/buildings/manpower need manual distribution,merge resource_distribution,merge; province_overlap=3; bsr_source_count=2
413,STATE_413,middle_east,413,STATE_413,split,1.000,1,2,0,no,yes,no,requires_manual,resources/buildings/manpower need manual distribution,split resource_distribution,split; province_overlap=2; tsr_overlap_rank=1/3; bsr_source_count=1
470,STATE_470,north_america,470,STATE_470,merge,1.000,2,2,0,no,yes,no,requires_manual,resources/buildings/manpower need manual distribution,merge resource_distribution,merge; province_overlap=17; bsr_source_count=2
476,STATE_476,north_america,476,STATE_476,split,1.000,1,2,0,no,yes,no,requires_manual,resources/buildings/manpower need manual distribution,split resource_distribution,split; province_overlap=2; tsr_overlap_rank=2/2; bsr_source_count=1
496,Minas Gerais,south_america,496,Minas Gerais,split,1.000,1,2,0,no,yes,no,requires_manual,resources/buildings/manpower need manual distribution,split resource_distribution,split; province_overlap=22; tsr_overlap_rank=1/2; bsr_source_count=1
499,STATE_499,south_america,499,STATE_499,split,1.000,1,2,0,no,yes,no,requires_manual,resources/buildings/manpower need manual distribution,split resource_distribution,split; province_overlap=15; tsr_overlap_rank=1/2; bsr_source_count=1
505,STATE_505,south_america,505,STATE_505,split,1.000,1,2,0,no,yes,no,requires_manual,resources/buildings/manpower need manual distribution,split resource_distribution,split; province_overlap=5; tsr_overlap_rank=1/2; bsr_source_count=1
509,Chaco Australis,south_america,509,Chaco Australis,merge,1.000,2,2,0,no,yes,no,requires_manual,resources/buildings/manpower need manual distribution,merge resource_distribution,merge; province_overlap=8; bsr_source_count=2
521,STATE_521,australia,521,STATE_521,merge,1.000,3,2,0,no,yes,no,requires_manual,resources/buildings/manpower need manual distribution,merge resource_distribution,merge; province_overlap=31; bsr_source_count=3
531,STATE_531,asia,531,Kansai,split,1.000,1,2,0,no,yes,no,requires_manual,resources/buildings/manpower need manual distribution,split resource_distribution,split; province_overlap=9; tsr_overlap_rank=1/2; bsr_source_count=1
533,STATE_533,asia,533,North Tohoku,merge,1.000,2,2,0,no,yes,no,requires_manual,resources/buildings/manpower need manual distribution,merge resource_distribution,merge; province_overlap=11; bsr_source_count=2
535,Koshinetsu,asia,535,"was Koshinetsu, is actually Hokuriku",merge,1.000,2,2,0,no,yes,no,requires_manual,resources/buildings/manpower need manual distribution,merge resource_distribution,merge; province_overlap=4; bsr_source_count=2
540,STATE_540,africa,892,STATE_892,merge,1.000,3,2,0,no,yes,no,requires_manual,resources/buildings/manpower need manual distribution,merge resource_distribution,merge; province_overlap=6; bsr_source_count=3
623,STATE_623,asia,623,Luzon,merge,1.000,3,2,0,no,yes,no,requires_manual,resources/buildings/manpower need manual distribution,merge resource_distribution,merge; province_overlap=11; bsr_source_count=3
624,STATE_624,asia,624,Central Islands,merge,1.000,2,2,0,no,yes,no,requires_manual,resources/buildings/manpower need manual distribution,merge resource_distribution,merge; province_overlap=6; bsr_source_count=2
627,STATE_627,asia,1026,STATE_1026,merge,1.000,3,2,0,no,yes,no,requires_manual,resources/buildings/manpower need manual distribution,merge resource_distribution,merge; province_overlap=11; bsr_source_count=3
687,STATE_687,south_america,687,STATE_687,split,0.500,1,2,0,no,yes,no,requires_manual,resources/buildings/manpower need manual distribution,split resource_distribution,split; province_overlap=1; tsr_overlap_rank=3/3; bsr_source_count=1
724,STATE_724,asia,724,STATE_724,split,1.000,1,2,0,no,yes,no,requires_manual,resources/buildings/manpower need manual distribution,split resource_distribution,split; province_overlap=15; tsr_overlap_rank=1/2; bsr_source_count=1
1086,STATE_1086,middle_east,419,STATE_419,split,0.750,1,2,0,no,yes,no,requires_manual,resources/buildings/manpower need manual distribution,split resource_distribution,split; province_overlap=3; tsr_overlap_rank=1/2; bsr_source_count=1
1304,STATE_1304,europe,847,STATE_847,split,1.000,1,2,0,no,yes,no,requires_manual,resources/buildings/manpower need manual distribution,split resource_distribution,split; province_overlap=1; tsr_overlap_rank=3/3; bsr_source_count=1
1439,STATE_1439,europe,847,STATE_847,split,1.000,1,2,0,no,yes,no,requires_manual,resources/buildings/manpower need manual distribution,split resource_distribution,split; province_overlap=1; tsr_overlap_rank=2/3; bsr_source_count=1
1902,STATE_1902,south_america,966,STATE_966,merge,1.000,3,2,0,no,yes,no,requires_manual,resources/buildings/manpower need manual distribution,merge resource_distribution,merge; province_overlap=1; bsr_source_count=4
171,STATE_171,europe,171,STATE_171,merge,1.000,2,1,0,no,yes,no,requires_manual,resources/buildings/manpower need manual distribution,merge resource_distribution,merge; province_overlap=13; bsr_source_count=2
500,STATE_500,south_america,500,STATE_500,merge,1.000,2,1,0,no,yes,no,requires_manual,resources/buildings/manpower need manual distribution,merge resource_distribution,merge; province_overlap=4; bsr_source_count=2
511,Mendoza,south_america,511,Mendoza,merge,1.000,3,1,0,no,yes,no,requires_manual,resources/buildings/manpower need manual distribution,merge resource_distribution,merge; province_overlap=5; bsr_source_count=3
757,STATE_757,asia,757,STATE_757,merge,1.000,2,1,0,no,yes,no,requires_manual,resources/buildings/manpower need manual distribution,merge resource_distribution,merge; province_overlap=7; bsr_source_count=2
1370,STATE_1370,europe,179,STATE_179,split,1.000,1,7,4,no,no,no,requires_manual,victory point province needs manual placement,split vp_review,split; province_overlap=2; tsr_overlap_rank=2/3; bsr_source_count=1
841,STATE_841,north_america,361,STATE_361,split,1.000,1,6,2,no,no,no,requires_manual,victory point province needs manual placement,split vp_review,split; province_overlap=1; tsr_overlap_rank=3/3; bsr_source_count=1
979,STATE_979,europe,56,STATE_56,merge,0.600,2,6,2,no,no,no,requires_manual,victory point province needs manual placement,merge vp_review,split+merge; province_overlap=3; tsr_overlap_rank=2/3; bsr_source_count=2
1502,STATE_1502,europe,179,STATE_179,split,1.000,1,6,3,no,no,no,requires_manual,victory point province needs manual placement,split vp_review,split; province_overlap=1; tsr_overlap_rank=3/3; bsr_source_count=1
1809,Pampas,south_america,278,Pampas,split,1.000,1,6,2,no,no,no,requires_manual,victory point province needs manual placement,split vp_review,split; province_overlap=15; tsr_overlap_rank=1/3; bsr_source_count=1
1974,STATE_1974,europe,36,STATE_36,split,1.000,1,6,3,no,no,no,requires_manual,victory point province needs manual placement,split vp_review,split; province_overlap=2; tsr_overlap_rank=3/5; bsr_source_count=1
2033,STATE_2033,europe,64,STATE_64,split,1.000,1,6,3,no,no,no,requires_manual,victory point province needs manual placement,split vp_review,split; province_overlap=1; tsr_overlap_rank=5/6; bsr_source_count=1
56,STATE_56,europe,56,STATE_56,merge,0.857,2,5,2,no,no,no,requires_manual,victory point province needs manual placement,merge vp_review,split+merge; province_overlap=6; tsr_overlap_rank=1/3; bsr_source_count=2
345,STATE_345,middle_east,345,STATE_345,split,1.000,1,5,3,no,no,no,requires_manual,victory point province needs manual placement,split vp_review,split; province_overlap=3; tsr_overlap_rank=3/3; bsr_source_count=1
794,STATE_794,europe,64,STATE_64,split,1.000,1,5,3,no,no,no,requires_manual,victory point province needs manual placement,split vp_review,split; province_overlap=6; tsr_overlap_rank=1/6; bsr_source_count=1
1105,STATE_1105,europe,64,STATE_64,split,1.000,1,5,2,no,no,no,requires_manual,victory point province needs manual placement,split vp_review,split; province_overlap=1; tsr_overlap_rank=6/6; bsr_source_count=1
1379,STATE_1379,europe,154,STATE_154,split,1.000,1,5,3,no,no,no,requires_manual,victory point province needs manual placement,split vp_review,split; province_overlap=3; tsr_overlap_rank=2/2; bsr_source_count=1
1506,STATE_1506,europe,58,STATE_58,split,1.000,1,5,2,no,no,no,requires_manual,victory point province needs manual placement,split vp_review,split; province_overlap=2; tsr_overlap_rank=2/3; bsr_source_count=1
1542,STATE_1542,africa,544,STATE_544,merge,0.750,2,5,1,no,no,no,requires_manual,victory point province needs manual placement,merge vp_review,split+merge; province_overlap=3; tsr_overlap_rank=1/2; bsr_source_count=2
1718,STATE_1718,europe,177,STATE_177,split,1.000,1,5,1,no,no,no,requires_manual,victory point province needs manual placement,split vp_review,split; province_overlap=1; tsr_overlap_rank=2/2; bsr_source_count=1
1838,STATE_1838,south_america,278,Pampas,split,1.000,1,5,1,no,no,no,requires_manual,victory point province needs manual placement,split vp_review,split; province_overlap=3; tsr_overlap_rank=2/3; bsr_source_count=1
1920,STATE_1920,europe,64,STATE_64,split,1.000,1,5,2,no,no,no,requires_manual,victory point province needs manual placement,split vp_review,split; province_overlap=2; tsr_overlap_rank=4/6; bsr_source_count=1
278,Pampas,south_america,278,Pampas,split,1.000,1,4,1,no,no,no,requires_manual,victory point province needs manual placement,split vp_review,split; province_overlap=2; tsr_overlap_rank=3/3; bsr_source_count=1
504,STATE_504,south_america,280,STATE_280,merge,0.750,2,4,1,no,no,no,requires_manual,victory point province needs manual placement,merge vp_review,split+merge; province_overlap=3; tsr_overlap_rank=2/3; bsr_source_count=2
844,STATE_844,north_america,361,STATE_361,split,1.000,1,4,1,no,no,no,requires_manual,victory point province needs manual placement,split vp_review,split; province_overlap=6; tsr_overlap_rank=1/3; bsr_source_count=1
958,STATE_958,middle_east,349,STATE_349,merge,0.500,2,4,1,no,no,no,requires_manual,victory point province needs manual placement,merge vp_review,split+merge; province_overlap=2; tsr_overlap_rank=2/2; bsr_source_count=2
969,STATE_969,asia,530,Shikoku,split,1.000,2,4,1,no,no,no,requires_manual,victory point province needs manual placement,split vp_review,split; province_overlap=3; tsr_overlap_rank=2/2; bsr_source_count=1
1206,STATE_1206,africa,681,Cape,split,0.333,3,4,1,no,no,no,requires_manual,victory point province needs manual placement,split vp_review,split; province_overlap=1; tsr_overlap_rank=7/8; bsr_source_count=1
1207,STATE_1207,africa,681,Cape,split,0.400,4,4,1,no,no,no,requires_manual,victory point province needs manual placement,split vp_review,split; province_overlap=2; tsr_overlap_rank=2/8; bsr_source_count=1
1209,STATE_1209,africa,681,Cape,split,1.000,1,4,1,no,no,no,requires_manual,victory point province needs manual placement,split vp_review,split; province_overlap=1; tsr_overlap_rank=6/8; bsr_source_count=1
1210,STATE_1210,africa,681,Cape,split,0.500,3,4,1,no,no,no,requires_manual,victory point province needs manual placement,split vp_review,split; province_overlap=2; tsr_overlap_rank=1/8; bsr_source_count=1
1358,STATE_1358,africa,540,STATE_540,split,0.333,1,4,1,no,no,no,requires_manual,victory point province needs manual placement,split vp_review,split; province_overlap=1; tsr_overlap_rank=2/2; bsr_source_count=1
1395,STATE_1395,europe,134,STATE_134,split,1.000,1,4,2,no,no,no,requires_manual,victory point province needs manual placement,split vp_review,split; province_overlap=1; tsr_overlap_rank=2/2; bsr_source_count=1
1496,STATE_1496,north_america,370,STATE_370,split,1.000,1,4,1,no,no,no,requires_manual,victory point province needs manual placement,split vp_review,split; province_overlap=3; tsr_overlap_rank=2/3; bsr_source_count=1
1509,STATE_1509,europe,62,STATE_62,split,1.000,1,4,2,no,no,no,requires_manual,victory point province needs manual placement,split vp_review,split; province_overlap=2; tsr_overlap_rank=1/4; bsr_source_count=1
1532,STATE_1532,south_america,495,STATE_495,merge,0.250,2,4,1,no,no,no,requires_manual,victory point province needs manual placement,merge vp_review,split+merge; province_overlap=1; tsr_overlap_rank=3/3; bsr_source_count=2
1640,STATE_1640,north_america,385,STATE_385,split,1.000,1,4,1,no,no,no,requires_manual,victory point province needs manual placement,split vp_review,split; province_overlap=6; tsr_overlap_rank=3/3; bsr_source_count=1
1719,STATE_1719,europe,168,STATE_168,split,1.000,1,4,1,no,no,no,requires_manual,victory point province needs manual placement,split vp_review,split; province_overlap=6; tsr_overlap_rank=1/2; bsr_source_count=1
1804,STATE_1804,europe,62,STATE_62,split,0.500,1,4,2,no,no,no,requires_manual,victory point province needs manual placement,split vp_review,split; province_overlap=1; tsr_overlap_rank=4/4; bsr_source_count=1
1822,STATE_1822,asia,1006,STATE_1006,merge,0.500,2,4,1,no,no,no,requires_manual,victory point province needs manual placement,merge vp_review,split+merge; province_overlap=1; tsr_overlap_rank=1/2; bsr_source_count=2
1895,STATE_1895,south_america,936,STATE_936,split,1.000,1,4,1,no,no,no,requires_manual,victory point province needs manual placement,split vp_review,split; province_overlap=4; tsr_overlap_rank=2/4; bsr_source_count=1
1896,STATE_1896,south_america,936,STATE_936,split,1.000,1,4,1,no,no,no,requires_manual,victory point province needs manual placement,split vp_review,split; province_overlap=3; tsr_overlap_rank=3/4; bsr_source_count=1
1909,STATE_1909,south_america,301,STATE_301,split,1.000,1,4,2,no,no,no,requires_manual,victory point province needs manual placement,split vp_review,split; province_overlap=1; tsr_overlap_rank=2/2; bsr_source_count=1
1943,STATE_1943,europe,100,STATE_100,split,0.500,1,4,1,no,no,no,requires_manual,victory point province needs manual placement,split vp_review,split; province_overlap=2; tsr_overlap_rank=1/2; bsr_source_count=1
346,STATE_346,middle_east,346,STATE_346,split,1.000,1,3,2,no,no,no,requires_manual,victory point province needs manual placement,split vp_review,split; province_overlap=7; tsr_overlap_rank=1/5; bsr_source_count=1
356,STATE_356,middle_east,356,Kastamonu,split,1.000,1,3,1,no,no,no,requires_manual,victory point province needs manual placement,split vp_review,split; province_overlap=7; tsr_overlap_rank=1/3; bsr_source_count=1
361,STATE_361,north_america,361,STATE_361,split,1.000,1,3,1,no,no,no,requires_manual,victory point province needs manual placement,split vp_review,split; province_overlap=1; tsr_overlap_rank=2/3; bsr_source_count=1
370,STATE_370,north_america,370,STATE_370,split,1.000,1,3,1,no,no,no,requires_manual,victory point province needs manual placement,split vp_review,split; province_overlap=9; tsr_overlap_rank=1/3; bsr_source_count=1
385,STATE_385,north_america,385,STATE_385,split,1.000,1,3,1,no,no,no,requires_manual,victory point province needs manual placement,split vp_review,split; province_overlap=8; tsr_overlap_rank=2/3; bsr_source_count=1
416,STATE_416,asia,416,STATE_416,merge,0.800,2,3,1,no,no,no,requires_manual,victory point province needs manual placement,merge vp_review,split+merge; province_overlap=4; tsr_overlap_rank=1/2; bsr_source_count=2
466,STATE_466,north_america,860,STATE_860,merge,0.857,4,3,0,no,no,no,requires_manual,staged merge review issues remain,merge,merge; province_overlap=6; bsr_source_count=4
494,STATE_494,south_america,491,STATE_491,merge,0.600,2,3,0,no,no,no,requires_manual,staged merge review issues remain,merge,split+merge; province_overlap=3; tsr_overlap_rank=1/2; bsr_source_count=2
796,STATE_796,europe,909,STATE_909,split,0.333,1,3,1,no,no,no,requires_manual,victory point province needs manual placement,split vp_review,split; province_overlap=1; tsr_overlap_rank=2/2; bsr_source_count=1
809,STATE_809,europe,973,STATE_973,split,1.000,1,3,1,no,no,no,requires_manual,victory point province needs manual placement,split vp_review,split; province_overlap=2; tsr_overlap_rank=1/2; bsr_source_count=1
914,STATE_914,south_america,280,STATE_280,split,1.000,1,3,1,no,no,no,requires_manual,victory point province needs manual placement,split vp_review,split; province_overlap=1; tsr_overlap_rank=3/3; bsr_source_count=1
921,STATE_921,australia,674,STATE_674,merge,0.600,2,3,0,no,no,no,requires_manual,staged merge review issues remain,merge,split+merge; province_overlap=3; tsr_overlap_rank=2/2; bsr_source_count=2
923,STATE_923,australia,873,STATE_873,merge,0.800,2,3,0,no,no,no,requires_manual,staged merge review issues remain,merge,split+merge; province_overlap=4; tsr_overlap_rank=1/2; bsr_source_count=2
1015,STATE_1015,asia,818,STATE_818,merge,0.917,2,3,0,no,no,no,requires_manual,staged merge review issues remain,merge,split+merge; province_overlap=11; tsr_overlap_rank=1/2; bsr_source_count=2
1018,STATE_1018,asia,819,STATE_819,split,1.000,1,3,1,no,no,no,requires_manual,victory point province needs manual placement,split vp_review,split; province_overlap=6; tsr_overlap_rank=2/3; bsr_source_count=1
1019,STATE_1019,asia,819,STATE_819,merge,0.545,3,3,0,no,no,no,requires_manual,staged merge review issues remain,merge,split+merge; province_overlap=6; tsr_overlap_rank=1/3; bsr_source_count=2
1020,STATE_1020,asia,817,STATE_817,split,1.000,1,3,1,no,no,no,requires_manual,victory point province needs manual placement,split vp_review,split; province_overlap=6; tsr_overlap_rank=2/5; bsr_source_count=1
1098,STATE_1098,asia,868,STATE_868,split,1.000,1,3,1,no,no,no,requires_manual,victory point province needs manual placement,split vp_review,split; province_overlap=12; tsr_overlap_rank=1/2; bsr_source_count=1
1158,STATE_1158,middle_east,292,STATE_292,merge,0.750,3,3,0,no,no,no,requires_manual,staged merge review issues remain,merge,split+merge; province_overlap=6; tsr_overlap_rank=1/2; bsr_source_count=3
1302,STATE_1302,europe,803,STATE_803,split,1.000,1,3,1,no,no,no,requires_manual,victory point province needs manual placement,split vp_review,split; province_overlap=1; tsr_overlap_rank=2/2; bsr_source_count=1
1359,STATE_1359,africa,897,STATE_897,split,1.000,1,3,0,no,no,no,requires_manual,staged merge review issues remain,split,split; province_overlap=3; tsr_overlap_rank=2/2; bsr_source_count=1
1402,STATE_1402,south_america,504,STATE_504,split,1.000,1,3,1,no,no,no,requires_manual,victory point province needs manual placement,split vp_review,split; province_overlap=2; tsr_overlap_rank=1/2; bsr_source_count=1
1408,STATE_1408,europe,5,STATE_5,split,0.500,1,3,1,no,no,no,requires_manual,victory point province needs manual placement,split vp_review,split; province_overlap=1; tsr_overlap_rank=4/4; bsr_source_count=1
1448,STATE_1448,asia,818,STATE_818,split,0.500,1,3,1,no,no,no,requires_manual,victory point province needs manual placement,split vp_review,split; province_overlap=1; tsr_overlap_rank=2/2; bsr_source_count=1
1474,STATE_1474,asia,1004,STATE_1004,merge,0.667,2,3,0,no,no,no,requires_manual,staged merge review issues remain,merge,split+merge; province_overlap=2; tsr_overlap_rank=1/2; bsr_source_count=2
1573,STATE_1573,asia,819,STATE_819,split,1.000,1,3,1,no,no,no,requires_manual,victory point province needs manual placement,split vp_review,split; province_overlap=1; tsr_overlap_rank=3/3; bsr_source_count=1
1580,STATE_1580,south_america,959,STATE_959,split,1.000,1,3,1,no,no,no,requires_manual,victory point province needs manual placement,split vp_review,split; province_overlap=1; tsr_overlap_rank=2/2; bsr_source_count=1
1597,STATE_1597,north_america,276,Southern Ontario,split,1.000,1,3,1,no,no,no,requires_manual,victory point province needs manual placement,split vp_review,split; province_overlap=13; tsr_overlap_rank=2/2; bsr_source_count=1
1605,STATE_1605,south_america,487,STATE_487,split,1.000,1,3,1,no,no,no,requires_manual,victory point province needs manual placement,split vp_review,split; province_overlap=1; tsr_overlap_rank=3/3; bsr_source_count=1
1622,STATE_1622,europe,31,STATE_31,split,1.000,1,3,1,no,no,no,requires_manual,victory point province needs manual placement,split vp_review,split; province_overlap=2; tsr_overlap_rank=2/7; bsr_source_count=1
1717,STATE_1717,europe,793,STATE_793,split,1.000,1,3,1,no,no,no,requires_manual,victory point province needs manual placement,split vp_review,split; province_overlap=4; tsr_overlap_rank=2/2; bsr_source_count=1
1721,STATE_1721,europe,794,STATE_794,split,1.000,1,3,1,no,no,no,requires_manual,victory point province needs manual placement,split vp_review,split; province_overlap=7; tsr_overlap_rank=1/3; bsr_source_count=1
1723,STATE_1723,europe,176,STATE_176,split,1.000,1,3,1,no,no,no,requires_manual,victory point province needs manual placement,split vp_review,split; province_overlap=4; tsr_overlap_rank=2/2; bsr_source_count=1
1761,STATE_1761,europe,31,STATE_31,split,1.000,1,3,1,no,no,no,requires_manual,victory point province needs manual placement,split vp_review,split; province_overlap=1; tsr_overlap_rank=5/7; bsr_source_count=1
1836,STATE_1836,south_america,488,STATE_488,split,1.000,1,3,1,no,no,no,requires_manual,victory point province needs manual placement,split vp_review,split; province_overlap=1; tsr_overlap_rank=3/3; bsr_source_count=1
1837,STATE_1837,south_america,488,STATE_488,split,1.000,1,3,1,no,no,no,requires_manual,victory point province needs manual placement,split vp_review,split; province_overlap=1; tsr_overlap_rank=2/3; bsr_source_count=1
1849,STATE_1849,north_america,475,STATE_475,split,1.000,1,3,1,no,no,no,requires_manual,victory point province needs manual placement,split vp_review,split; province_overlap=1; tsr_overlap_rank=2/2; bsr_source_count=1
1861,STATE_1861,north_america,384,STATE_384,split,1.000,1,3,1,no,no,no,requires_manual,victory point province needs manual placement,split vp_review,split; province_overlap=5; tsr_overlap_rank=2/2; bsr_source_count=1
1962,STATE_1962,south_america,494,STATE_494,split,1.000,1,3,1,no,no,no,requires_manual,victory point province needs manual placement,split vp_review,split; province_overlap=4; tsr_overlap_rank=1/2; bsr_source_count=1
1986,STATE_1986,europe,973,STATE_973,split,1.000,1,3,1,no,no,no,requires_manual,victory point province needs manual placement,split vp_review,split; province_overlap=1; tsr_overlap_rank=2/2; bsr_source_count=1
1998,STATE_1998,north_america,359,STATE_359,split,1.000,1,3,1,no,no,no,requires_manual,victory point province needs manual placement,split vp_review,split; province_overlap=2; tsr_overlap_rank=3/3; bsr_source_count=1
1999,STATE_1999,north_america,359,STATE_359,split,1.000,1,3,1,no,no,no,requires_manual,victory point province needs manual placement,split vp_review,split; province_overlap=3; tsr_overlap_rank=2/3; bsr_source_count=1
2024,STATE_2024,europe,126,STATE_126,split,1.000,1,3,0,no,no,no,requires_manual,staged merge review issues remain,split,split; province_overlap=1; tsr_overlap_rank=2/2; bsr_source_count=1
33,STATE_33,europe,33,STATE_33,merge,0.778,2,2,0,no,no,no,requires_manual,staged merge review issues remain,merge,split+merge; province_overlap=7; tsr_overlap_rank=1/2; bsr_source_count=2
53,STATE_53,europe,53,STATE_53,split,1.000,1,2,1,no,no,no,requires_manual,victory point province needs manual placement,split vp_review,split; province_overlap=7; tsr_overlap_rank=1/2; bsr_source_count=1
58,STATE_58,europe,58,STATE_58,split,1.000,1,2,1,no,no,no,requires_manual,victory point province needs manual placement,split vp_review,split; province_overlap=3; tsr_overlap_rank=1/3; bsr_source_count=1
62,STATE_62,europe,62,STATE_62,split,1.000,1,2,1,no,no,no,requires_manual,victory point province needs manual placement,split vp_review,split; province_overlap=2; tsr_overlap_rank=2/4; bsr_source_count=1
123,STATE_123,europe,123,STATE_123,split,1.000,1,2,1,no,no,no,requires_manual,victory point province needs manual placement,split vp_review,split; province_overlap=2; tsr_overlap_rank=3/3; bsr_source_count=1
126,STATE_126,europe,126,STATE_126,split,1.000,1,2,1,no,no,no,requires_manual,victory point province needs manual placement,split vp_review,split; province_overlap=3; tsr_overlap_rank=1/2; bsr_source_count=1
154,STATE_154,europe,154,STATE_154,split,1.000,1,2,1,no,no,no,requires_manual,victory point province needs manual placement,split vp_review,split; province_overlap=7; tsr_overlap_rank=1/2; bsr_source_count=1
179,STATE_179,europe,179,STATE_179,split,1.000,1,2,1,no,no,no,requires_manual,victory point province needs manual placement,split vp_review,split; province_overlap=6; tsr_overlap_rank=1/3; bsr_source_count=1
276,STATE_276,north_america,276,Southern Ontario,split,1.000,1,2,1,no,no,no,requires_manual,victory point province needs manual placement,split vp_review,split; province_overlap=22; tsr_overlap_rank=1/2; bsr_source_count=1
301,STATE_301,south_america,301,STATE_301,split,1.000,1,2,1,no,no,no,requires_manual,victory point province needs manual placement,split vp_review,split; province_overlap=4; tsr_overlap_rank=1/2; bsr_source_count=1
349,STATE_349,middle_east,349,STATE_349,merge,0.857,2,2,0,no,no,no,requires_manual,staged merge review issues remain,merge,split+merge; province_overlap=6; tsr_overlap_rank=1/2; bsr_source_count=2
390,STATE_390,north_america,390,STATE_390,split,1.000,1,2,1,no,no,no,requires_manual,victory point province needs manual placement,split vp_review,split; province_overlap=6; tsr_overlap_rank=2/2; bsr_source_count=1
414,STATE_414,asia,1003,STATE_1003,merge,1.000,3,2,0,no,no,no,requires_manual,staged merge review issues remain,merge,merge; province_overlap=5; bsr_source_count=3
420,STATE_420,middle_east,420,STATE_420,split,0.800,1,2,1,no,no,no,requires_manual,victory point province needs manual placement,split vp_review,split; province_overlap=4; tsr_overlap_rank=1/3; bsr_source_count=1
467,STATE_467,north_america,467,STATE_467,merge,0.917,2,2,0,no,no,no,requires_manual,staged merge review issues remain,merge,merge; province_overlap=11; bsr_source_count=2
487,STATE_487,south_america,487,STATE_487,split,1.000,1,2,1,no,no,no,requires_manual,victory point province needs manual placement,split vp_review,split; province_overlap=8; tsr_overlap_rank=1/3; bsr_source_count=1
491,STATE_491,south_america,491,STATE_491,split,1.000,1,2,1,no,no,no,requires_manual,victory point province needs manual placement,split vp_review,split; province_overlap=1; tsr_overlap_rank=2/2; bsr_source_count=1
495,STATE_495,south_america,961,STATE_961,merge,1.000,6,2,0,no,no,no,requires_manual,staged merge review issues remain,merge,merge; province_overlap=1; bsr_source_count=5
503,STATE_503,south_america,944,STATE_944,split,1.000,1,2,0,no,no,no,requires_manual,staged merge review issues remain,split,split; province_overlap=5; tsr_overlap_rank=1/2; bsr_source_count=1
506,STATE_506,south_america,952,STATE_952,split,1.000,1,2,0,no,no,no,requires_manual,staged merge review issues remain,split,split; province_overlap=2; tsr_overlap_rank=2/2; bsr_source_count=1
508,Tucuman,south_america,960,STATE_960,merge,1.000,2,2,0,no,no,no,requires_manual,staged merge review issues remain,merge,merge; province_overlap=4; bsr_source_count=2
530,STATE_530,asia,530,Shikoku,split,1.000,1,2,1,no,no,no,requires_manual,victory point province needs manual placement,split vp_review,split; province_overlap=4; tsr_overlap_rank=1/2; bsr_source_count=1
678,STATE_678,middle_east,678,STATE_678,merge,0.500,2,2,0,no,no,no,requires_manual,staged merge review issues remain,merge,split+merge; province_overlap=1; tsr_overlap_rank=3/3; bsr_source_count=2
800,STATE_800,europe,53,STATE_53,split,1.000,1,2,0,no,no,no,requires_manual,staged merge review issues remain,split,split; province_overlap=3; tsr_overlap_rank=2/2; bsr_source_count=1
822,STATE_822,europe,851,Var (Split-off from former Provence now Bouches-du-Rhône),split,1.000,2,2,0,no,no,no,requires_manual,staged merge review issues remain,split,split; province_overlap=3; tsr_overlap_rank=1/2; bsr_source_count=1
823,STATE_823,europe,735,STATE_735,merge,1.000,2,2,0,no,no,no,requires_manual,staged merge review issues remain,merge,merge; province_overlap=4; bsr_source_count=2
885,STATE_885,australia,1095,STATE_1095,split,1.000,1,2,0,no,no,no,requires_manual,staged merge review issues remain,split,split; province_overlap=2; tsr_overlap_rank=2/4; bsr_source_count=1
912,STATE_912,south_america,964,STATE_964,split,1.000,2,2,0,no,no,no,requires_manual,staged merge review issues remain,split,split; province_overlap=1; tsr_overlap_rank=2/3; bsr_source_count=1
913,STATE_913,south_america,963,STATE_963,split,1.000,1,2,0,no,no,no,requires_manual,staged merge review issues remain,split,split; province_overlap=1; tsr_overlap_rank=1/2; bsr_source_count=1
924,STATE_924,australia,674,STATE_674,split,1.000,1,2,0,no,no,no,requires_manual,staged merge review issues remain,split,split; province_overlap=7; tsr_overlap_rank=1/2; bsr_source_count=1
1016,STATE_1016,asia,820,STATE_820,split,1.000,1,2,0,no,no,no,requires_manual,staged merge review issues remain,split,split; province_overlap=6; tsr_overlap_rank=1/2; bsr_source_count=1
1055,STATE_1055,europe,793,STATE_793,split,1.000,1,2,0,no,no,no,requires_manual,staged merge review issues remain,split,split; province_overlap=10; tsr_overlap_rank=1/2; bsr_source_count=1
1096,STATE_1096,asia,868,STATE_868,split,1.000,1,2,0,no,no,no,requires_manual,staged merge review issues remain,split,split; province_overlap=6; tsr_overlap_rank=2/2; bsr_source_count=1
1128,STATE_1128,africa,897,STATE_897,split,0.714,2,2,0,no,no,no,requires_manual,staged merge review issues remain,split,split; province_overlap=5; tsr_overlap_rank=1/2; bsr_source_count=1
1133,STATE_1133,europe,794,STATE_794,split,1.000,1,2,0,no,no,no,requires_manual,staged merge review issues remain,split,split; province_overlap=6; tsr_overlap_rank=2/3; bsr_source_count=1
1296,STATE_1296,australia,1095,STATE_1095,split,1.000,1,2,0,no,no,no,requires_manual,staged merge review issues remain,split,split; province_overlap=3; tsr_overlap_rank=1/4; bsr_source_count=1
1442,STATE_1442,south_america,486,STATE_486,split,1.000,1,2,0,no,no,no,requires_manual,staged merge review issues remain,split,split; province_overlap=1; tsr_overlap_rank=2/2; bsr_source_count=1
1479,STATE_1479,middle_east,678,STATE_678,split,1.000,1,2,0,no,no,no,requires_manual,staged merge review issues remain,split,split; province_overlap=1; tsr_overlap_rank=2/3; bsr_source_count=1
1484,STATE_1484,south_america,939,STATE_939,same_name,1.000,1,2,1,no,no,no,requires_manual,victory point province needs manual placement,vp_review,province_overlap=1
1495,STATE_1495,north_america,370,STATE_370,split,1.000,1,2,0,no,no,no,requires_manual,staged merge review issues remain,split,split; province_overlap=2; tsr_overlap_rank=3/3; bsr_source_count=1
1499,STATE_1499,middle_east,858,STATE_858,split,0.500,1,2,0,no,no,no,requires_manual,staged merge review issues remain,split,split; province_overlap=1; tsr_overlap_rank=2/2; bsr_source_count=1
1541,STATE_1541,africa,896,STATE_896,split,1.000,1,2,0,no,no,no,requires_manual,staged merge review issues remain,split,split; province_overlap=1; tsr_overlap_rank=2/2; bsr_source_count=1
1649,STATE_1649,north_america,385,STATE_385,split,1.000,1,2,0,no,no,no,requires_manual,staged merge review issues remain,split,split; province_overlap=9; tsr_overlap_rank=1/3; bsr_source_count=1
1667,STATE_1667,north_america,472,STATE_472,split,1.000,1,2,0,no,no,no,requires_manual,staged merge review issues remain,split,split; province_overlap=1; tsr_overlap_rank=4/4; bsr_source_count=1
1668,STATE_1668,north_america,472,STATE_472,split,0.333,2,2,0,no,no,no,requires_manual,staged merge review issues remain,split,split; province_overlap=1; tsr_overlap_rank=2/4; bsr_source_count=1
1669,STATE_1669,north_america,865,STATE_865,split,1.000,1,2,0,no,no,no,requires_manual,staged merge review issues remain,split,split; province_overlap=2; tsr_overlap_rank=2/2; bsr_source_count=1
1670,STATE_1670,north_america,867,STATE_867,split,1.000,1,2,0,no,no,no,requires_manual,staged merge review issues remain,split,split; province_overlap=4; tsr_overlap_rank=1/2; bsr_source_count=1
1671,STATE_1671,north_america,866,STATE_866,split,1.000,1,2,0,no,no,no,requires_manual,staged merge review issues remain,split,split; province_overlap=1; tsr_overlap_rank=2/2; bsr_source_count=1
1741,STATE_1741,asia,758,STATE_758,split,1.000,1,2,0,no,no,no,requires_manual,staged merge review issues remain,split,split; province_overlap=1; tsr_overlap_rank=2/3; bsr_source_count=1
1826,STATE_1826,middle_east,678,STATE_678,split,1.000,1,2,0,no,no,no,requires_manual,staged merge review issues remain,split,split; province_overlap=1; tsr_overlap_rank=1/3; bsr_source_count=1
1893,STATE_1893,south_america,935,STATE_935,merge,1.000,2,2,0,no,no,no,requires_manual,staged merge review issues remain,merge,merge; province_overlap=4; bsr_source_count=2
1894,STATE_1894,south_america,936,STATE_936,split,1.000,1,2,0,no,no,no,requires_manual,staged merge review issues remain,split,split; province_overlap=6; tsr_overlap_rank=1/4; bsr_source_count=1
1903,STATE_1903,europe,909,STATE_909,split,1.000,1,2,0,no,no,no,requires_manual,staged merge review issues remain,split,split; province_overlap=2; tsr_overlap_rank=1/2; bsr_source_count=1
57,STATE_57,europe,57,STATE_57,split,1.000,1,1,0,no,no,no,requires_manual,staged merge review issues remain,split,split; province_overlap=7; tsr_overlap_rank=1/3; bsr_source_count=1
61,STATE_61,europe,61,STATE_61,merge,1.000,2,1,0,no,no,no,requires_manual,staged merge review issues remain,merge,merge; province_overlap=6; bsr_source_count=2
64,STATE_64,europe,,,new_bsr_state,1.000,1,1,0,no,no,no,requires_manual,new BSR state has no TSR overlay candidate,new_bsr_state,no TSR overlay candidate
100,STATE_100,europe,100,STATE_100,split,0.167,1,1,0,no,no,no,requires_manual,staged merge review issues remain,split,split; province_overlap=1; tsr_overlap_rank=2/2; bsr_source_count=1
134,STATE_134,europe,134,STATE_134,split,1.000,1,1,0,no,no,no,requires_manual,staged merge review issues remain,split,split; province_overlap=8; tsr_overlap_rank=1/2; bsr_source_count=1
163,STATE_163,europe,,,new_bsr_state,1.000,1,1,0,no,no,no,requires_manual,new BSR state has no TSR overlay candidate,new_bsr_state,no TSR overlay candidate
168,STATE_168,europe,168,STATE_168,split,1.000,1,1,0,no,no,no,requires_manual,staged merge review issues remain,split,split; province_overlap=5; tsr_overlap_rank=2/2; bsr_source_count=1
176,STATE_176,europe,176,STATE_176,split,1.000,1,1,0,no,no,no,requires_manual,staged merge review issues remain,split,split; province_overlap=9; tsr_overlap_rank=1/2; bsr_source_count=1
177,STATE_177,europe,177,STATE_177,split,1.000,1,1,0,no,no,no,requires_manual,staged merge review issues remain,split,split; province_overlap=2; tsr_overlap_rank=1/2; bsr_source_count=1
214,STATE_214,europe,,,new_bsr_state,1.000,4,1,0,no,no,no,requires_manual,new BSR state has no TSR overlay candidate,new_bsr_state,no TSR overlay candidate
242,STATE_242,europe,,,new_bsr_state,1.000,2,1,0,no,no,no,requires_manual,new BSR state has no TSR overlay candidate,new_bsr_state,no TSR overlay candidate
262,STATE_262,europe,,,new_bsr_state,1.000,2,1,0,no,no,no,requires_manual,new BSR state has no TSR overlay candidate,new_bsr_state,no TSR overlay candidate
290,STATE_290,africa,,,new_bsr_state,1.000,2,1,0,no,no,no,requires_manual,new BSR state has no TSR overlay candidate,new_bsr_state,no TSR overlay candidate
299,STATE_299,south_america,,,new_bsr_state,1.000,1,1,0,no,no,no,requires_manual,new BSR state has no TSR overlay candidate,new_bsr_state,no TSR overlay candidate
359,STATE_359,north_america,359,STATE_359,split,1.000,1,1,0,no,no,no,requires_manual,staged merge review issues remain,split,split; province_overlap=3; tsr_overlap_rank=1/3; bsr_source_count=1
418,STATE_418,middle_east,418,STATE_418,split,1.000,1,1,0,no,no,no,requires_manual,staged merge review issues remain,split,split; province_overlap=6; tsr_overlap_rank=1/2; bsr_source_count=1
421,STATE_421,middle_east,1001,STATE_1001,same_name,1.000,1,1,0,no,no,no,requires_manual,staged merge review issues remain,,province_overlap=4
469,STATE_469,north_america,469,STATE_469,merge,1.000,2,1,0,no,no,no,requires_manual,staged merge review issues remain,merge,merge; province_overlap=14; bsr_source_count=2
471,STATE_471,north_america,864,STATE_864,same_name,1.000,1,1,0,no,no,no,requires_manual,staged merge review issues remain,,province_overlap=3
472,STATE_472,north_america,472,STATE_472,split,0.417,2,1,0,no,no,no,requires_manual,staged merge review issues remain,split,split; province_overlap=5; tsr_overlap_rank=1/4; bsr_source_count=1
486,STATE_486,south_america,486,STATE_486,split,0.857,1,1,0,no,no,no,requires_manual,staged merge review issues remain,split,split; province_overlap=6; tsr_overlap_rank=1/2; bsr_source_count=1
488,STATE_488,south_america,488,STATE_488,split,1.000,1,1,0,no,no,no,requires_manual,staged merge review issues remain,split,split; province_overlap=5; tsr_overlap_rank=1/3; bsr_source_count=1
516,STATE_516,asia,,,new_bsr_state,1.000,3,1,0,no,no,no,requires_manual,new BSR state has no TSR overlay candidate,new_bsr_state,no TSR overlay candidate
523,STATE_523,australia,523,STATE_523,merge,1.000,2,1,0,no,no,no,requires_manual,staged merge review issues remain,merge,merge; province_overlap=21; bsr_source_count=2
529,Chugoku,asia,529,"San'yo, formerly Chugoku",merge,1.000,2,1,0,no,no,no,requires_manual,staged merge review issues remain,merge,merge; province_overlap=7; bsr_source_count=2
544,STATE_544,africa,544,STATE_544,split,1.000,1,1,0,no,no,no,requires_manual,staged merge review issues remain,split,split; province_overlap=1; tsr_overlap_rank=2/2; bsr_source_count=1
597,STATE_597,asia,,,new_bsr_state,1.000,4,1,0,no,no,no,requires_manual,new BSR state has no TSR overlay candidate,new_bsr_state,no TSR overlay candidate
605,STATE_605,asia,,,new_bsr_state,1.000,1,1,0,no,no,no,requires_manual,new BSR state has no TSR overlay candidate,new_bsr_state,no TSR overlay candidate
653,Sverdlovsk,asia,,,new_bsr_state,1.000,2,1,0,no,no,no,requires_manual,new BSR state has no TSR overlay candidate,new_bsr_state,no TSR overlay candidate
656,STATE_656,middle_east,,,new_bsr_state,1.000,1,1,0,no,no,no,requires_manual,new BSR state has no TSR overlay candidate,new_bsr_state,no TSR overlay candidate
681,STATE_681,africa,681,Cape,split,0.667,2,1,0,no,no,no,requires_manual,staged merge review issues remain,split,split; province_overlap=2; tsr_overlap_rank=3/8; bsr_source_count=1
686,STATE_686,south_america,686,STATE_686,split,1.000,1,1,0,no,no,no,requires_manual,staged merge review issues remain,split,split; province_overlap=1; tsr_overlap_rank=1/2; bsr_source_count=1
748,STATE_748,asia,,,new_bsr_state,1.000,2,1,0,no,no,no,requires_manual,new BSR state has no TSR overlay candidate,new_bsr_state,no TSR overlay candidate
752,STATE_752,asia,,,new_bsr_state,1.000,0,1,0,no,no,no,requires_manual,new BSR state has no TSR overlay candidate,new_bsr_state,no TSR overlay candidate
753,STATE_753,asia,,,new_bsr_state,1.000,3,1,0,no,no,no,requires_manual,new BSR state has no TSR overlay candidate,new_bsr_state,no TSR overlay candidate
758,STATE_758,asia,758,STATE_758,split,1.000,1,1,0,no,no,no,requires_manual,staged merge review issues remain,split,split; province_overlap=4; tsr_overlap_rank=1/3; bsr_source_count=1
804,STATE_804,europe,,,new_bsr_state,1.000,2,1,0,no,no,no,requires_manual,new BSR state has no TSR overlay candidate,new_bsr_state,no TSR overlay candidate
811,STATE_811,europe,,,new_bsr_state,1.000,0,1,0,no,no,no,requires_manual,new BSR state has no TSR overlay candidate,new_bsr_state,no TSR overlay candidate
813,STATE_813,europe,,,new_bsr_state,1.000,3,1,0,no,no,no,requires_manual,new BSR state has no TSR overlay candidate,new_bsr_state,no TSR overlay candidate
821,STATE_821,europe,,,new_bsr_state,1.000,3,1,0,no,no,no,requires_manual,new BSR state has no TSR overlay candidate,new_bsr_state,no TSR overlay candidate
824,STATE_824,europe,,,new_bsr_state,1.000,2,1,0,no,no,no,requires_manual,new BSR state has no TSR overlay candidate,new_bsr_state,no TSR overlay candidate
825,STATE_825,europe,,,new_bsr_state,1.000,2,1,0,no,no,no,requires_manual,new BSR state has no TSR overlay candidate,new_bsr_state,no TSR overlay candidate
827,STATE_827,europe,,,new_bsr_state,1.000,1,1,0,no,no,no,requires_manual,new BSR state has no TSR overlay candidate,new_bsr_state,no TSR overlay candidate
828,STATE_828,europe,,,new_bsr_state,1.000,2,1,0,no,no,no,requires_manual,new BSR state has no TSR overlay candidate,new_bsr_state,no TSR overlay candidate
829,STATE_829,europe,,,new_bsr_state,1.000,3,1,0,no,no,no,requires_manual,new BSR state has no TSR overlay candidate,new_bsr_state,no TSR overlay candidate
831,STATE_831,europe,,,new_bsr_state,1.000,1,1,0,no,no,no,requires_manual,new BSR state has no TSR overlay candidate,new_bsr_state,no TSR overlay candidate
834,STATE_834,north_america,,,new_bsr_state,1.000,2,1,0,no,no,no,requires_manual,new BSR state has no TSR overlay candidate,new_bsr_state,no TSR overlay candidate
843,STATE_843,north_america,816,STATE_816,same_name,1.000,1,1,0,no,no,no,requires_manual,staged merge review issues remain,,province_overlap=13
860,STATE_860,south_america,,,new_bsr_state,1.000,1,1,0,no,no,no,requires_manual,new BSR state has no TSR overlay candidate,new_bsr_state,no TSR overlay candidate
861,STATE_861,europe,,,new_bsr_state,1.000,1,1,0,no,no,no,requires_manual,new BSR state has no TSR overlay candidate,new_bsr_state,no TSR overlay candidate
862,STATE_862,europe,933,STATE_933,same_name,1.000,1,1,0,no,no,no,requires_manual,staged merge review issues remain,,province_overlap=1
873,STATE_873,africa,,,new_bsr_state,1.000,1,1,0,no,no,no,requires_manual,new BSR state has no TSR overlay candidate,new_bsr_state,no TSR overlay candidate
874,STATE_874,africa,,,new_bsr_state,1.000,1,1,0,no,no,no,requires_manual,new BSR state has no TSR overlay candidate,new_bsr_state,no TSR overlay candidate
875,STATE_875,middle_east,,,new_bsr_state,1.000,2,1,0,no,no,no,requires_manual,new BSR state has no TSR overlay candidate,new_bsr_state,no TSR overlay candidate
876,STATE_876,middle_east,,,new_bsr_state,1.000,2,1,0,no,no,no,requires_manual,new BSR state has no TSR overlay candidate,new_bsr_state,no TSR overlay candidate
883,STATE_883,europe,,,new_bsr_state,1.000,1,1,0,no,no,no,requires_manual,new BSR state has no TSR overlay candidate,new_bsr_state,no TSR overlay candidate
884,STATE_884,europe,,,new_bsr_state,1.000,1,1,0,no,no,no,requires_manual,new BSR state has no TSR overlay candidate,new_bsr_state,no TSR overlay candidate
890,STATE_890,europe,,,new_bsr_state,1.000,1,1,0,no,no,no,requires_manual,new BSR state has no TSR overlay candidate,new_bsr_state,no TSR overlay candidate
891,STATE_891,europe,,,new_bsr_state,1.000,1,1,0,no,no,no,requires_manual,new BSR state has no TSR overlay candidate,new_bsr_state,no TSR overlay candidate
895,STATE_895,africa,,,new_bsr_state,1.000,1,1,0,no,no,no,requires_manual,new BSR state has no TSR overlay candidate,new_bsr_state,no TSR overlay candidate
900,STATE_900,africa,,,new_bsr_state,1.000,1,1,0,no,no,no,requires_manual,new BSR state has no TSR overlay candidate,new_bsr_state,no TSR overlay candidate
902,STATE_902,asia,,,new_bsr_state,1.000,2,1,0,no,no,no,requires_manual,new BSR state has no TSR overlay candidate,new_bsr_state,no TSR overlay candidate
910,STATE_910,asia,,,new_bsr_state,1.000,1,1,0,no,no,no,requires_manual,new BSR state has no TSR overlay candidate,new_bsr_state,no TSR overlay candidate
927,STATE_927,europe,,,new_bsr_state,1.000,2,1,0,no,no,no,requires_manual,new BSR state has no TSR overlay candidate,new_bsr_state,no TSR overlay candidate
930,STATE_930,europe,,,new_bsr_state,1.000,2,1,0,no,no,no,requires_manual,new BSR state has no TSR overlay candidate,new_bsr_state,no TSR overlay candidate
948,STATE_948,europe,,,new_bsr_state,1.000,0,1,0,no,no,no,requires_manual,new BSR state has no TSR overlay candidate,new_bsr_state,no TSR overlay candidate
973,STATE_973,south_america,,,new_bsr_state,1.000,1,1,0,no,no,no,requires_manual,new BSR state has no TSR overlay candidate,new_bsr_state,no TSR overlay candidate
983,STATE_983,asia,,,new_bsr_state,1.000,2,1,0,no,no,no,requires_manual,new BSR state has no TSR overlay candidate,new_bsr_state,no TSR overlay candidate
984,STATE_984,asia,,,new_bsr_state,1.000,2,1,0,no,no,no,requires_manual,new BSR state has no TSR overlay candidate,new_bsr_state,no TSR overlay candidate
985,STATE_985,asia,,,new_bsr_state,1.000,2,1,0,no,no,no,requires_manual,new BSR state has no TSR overlay candidate,new_bsr_state,no TSR overlay candidate
1000,STATE_1000,asia,,,new_bsr_state,1.000,2,1,0,no,no,no,requires_manual,new BSR state has no TSR overlay candidate,new_bsr_state,no TSR overlay candidate
1001,STATE_1001,middle_east,,,new_bsr_state,1.000,2,1,0,no,no,no,requires_manual,new BSR state has no TSR overlay candidate,new_bsr_state,no TSR overlay candidate
1003,STATE_1003,europe,,,new_bsr_state,1.000,0,1,0,no,no,no,requires_manual,new BSR state has no TSR overlay candidate,new_bsr_state,no TSR overlay candidate
1004,STATE_1004,europe,,,new_bsr_state,1.000,1,1,0,no,no,no,requires_manual,new BSR state has no TSR overlay candidate,new_bsr_state,no TSR overlay candidate
1021,STATE_1021,asia,,,new_bsr_state,1.000,3,1,0,no,no,no,requires_manual,new BSR state has no TSR overlay candidate,new_bsr_state,no TSR overlay candidate
1029,STATE_1029,asia,,,new_bsr_state,1.000,1,1,0,no,no,no,requires_manual,new BSR state has no TSR overlay candidate,new_bsr_state,no TSR overlay candidate
1030,STATE_1030,asia,,,new_bsr_state,1.000,3,1,0,no,no,no,requires_manual,new BSR state has no TSR overlay candidate,new_bsr_state,no TSR overlay candidate
1031,STATE_1031,asia,,,new_bsr_state,1.000,3,1,0,no,no,no,requires_manual,new BSR state has no TSR overlay candidate,new_bsr_state,no TSR overlay candidate
1032,STATE_1032,south_america,,,new_bsr_state,1.000,1,1,0,no,no,no,requires_manual,new BSR state has no TSR overlay candidate,new_bsr_state,no TSR overlay candidate
1033,STATE_1033,south_america,,,new_bsr_state,1.000,1,1,0,no,no,no,requires_manual,new BSR state has no TSR overlay candidate,new_bsr_state,no TSR overlay candidate
1034,STATE_1034,south_america,,,new_bsr_state,1.000,2,1,0,no,no,no,requires_manual,new BSR state has no TSR overlay candidate,new_bsr_state,no TSR overlay candidate
1036,STATE_1036,africa,796,STATE_796,same_name,1.000,2,1,0,no,no,no,requires_manual,staged merge review issues remain,,province_overlap=1
1037,STATE_1037,africa,,,new_bsr_state,1.000,2,1,0,no,no,no,requires_manual,new BSR state has no TSR overlay candidate,new_bsr_state,no TSR overlay candidate
1038,STATE_1038,africa,,,new_bsr_state,1.000,1,1,0,no,no,no,requires_manual,new BSR state has no TSR overlay candidate,new_bsr_state,no TSR overlay candidate
1040,STATE_1040,middle_east,,,new_bsr_state,1.000,1,1,0,no,no,no,requires_manual,new BSR state has no TSR overlay candidate,new_bsr_state,no TSR overlay candidate
1043,STATE_1043,africa,,,new_bsr_state,1.000,1,1,0,no,no,no,requires_manual,new BSR state has no TSR overlay candidate,new_bsr_state,no TSR overlay candidate
1044,STATE_1044,africa,,,new_bsr_state,1.000,1,1,0,no,no,no,requires_manual,new BSR state has no TSR overlay candidate,new_bsr_state,no TSR overlay candidate
1050,STATE_1050,europe,788,STATE_788,same_name,1.000,1,1,0,no,no,no,requires_manual,staged merge review issues remain,,province_overlap=6
1053,STATE_1053,europe,791,STATE_791,same_name,1.000,1,1,0,no,no,no,requires_manual,staged merge review issues remain,,province_overlap=13
1054,STATE_1054,europe,792,STATE_792,same_name,1.000,1,1,0,no,no,no,requires_manual,staged merge review issues remain,,province_overlap=4
1056,STATE_1056,africa,,,new_bsr_state,1.000,1,1,0,no,no,no,requires_manual,new BSR state has no TSR overlay candidate,new_bsr_state,no TSR overlay candidate
1067,STATE_1067,europe,,,new_bsr_state,1.000,2,1,0,no,no,no,requires_manual,new BSR state has no TSR overlay candidate,new_bsr_state,no TSR overlay candidate
1068,STATE_1068,europe,,,new_bsr_state,1.000,1,1,0,no,no,no,requires_manual,new BSR state has no TSR overlay candidate,new_bsr_state,no TSR overlay candidate
1069,STATE_1069,africa,,,new_bsr_state,1.000,1,1,0,no,no,no,requires_manual,new BSR state has no TSR overlay candidate,new_bsr_state,no TSR overlay candidate
1095,STATE_1095,asia,869,STATE_869,same_name,1.000,1,1,0,no,no,no,requires_manual,staged merge review issues remain,,province_overlap=9
1097,STATE_1097,asia,1100,STATE_1100,same_name,1.000,1,1,0,no,no,no,requires_manual,staged merge review issues remain,,province_overlap=6
1101,STATE_1101,australia,1093,STATE_1093,same_name,1.000,1,1,0,no,no,no,requires_manual,staged merge review issues remain,,province_overlap=3
1102,STATE_1102,asia,1094,STATE_1094,same_name,1.000,1,1,0,no,no,no,requires_manual,staged merge review issues remain,,province_overlap=1
1108,STATE_1108,asia,,,new_bsr_state,1.000,2,1,0,no,no,no,requires_manual,new BSR state has no TSR overlay candidate,new_bsr_state,no TSR overlay candidate
1115,STATE_1115,europe,915,Bohuslän,province_overlap,1.000,1,1,0,no,no,no,requires_manual,staged merge review issues remain,,province_overlap=2
1117,STATE_1117,middle_east,,,new_bsr_state,1.000,1,1,0,no,no,no,requires_manual,new BSR state has no TSR overlay candidate,new_bsr_state,no TSR overlay candidate
1118,STATE_1118,middle_east,,,new_bsr_state,1.000,1,1,0,no,no,no,requires_manual,new BSR state has no TSR overlay candidate,new_bsr_state,no TSR overlay candidate
1120,STATE_1120,europe,,,new_bsr_state,1.000,2,1,0,no,no,no,requires_manual,new BSR state has no TSR overlay candidate,new_bsr_state,no TSR overlay candidate
1121,STATE_1121,europe,,,new_bsr_state,1.000,2,1,0,no,no,no,requires_manual,new BSR state has no TSR overlay candidate,new_bsr_state,no TSR overlay candidate
1132,STATE_1132,europe,,,new_bsr_state,1.000,2,1,0,no,no,no,requires_manual,new BSR state has no TSR overlay candidate,new_bsr_state,no TSR overlay candidate
1141,STATE_1141,europe,,,new_bsr_state,1.000,1,1,0,no,no,no,requires_manual,new BSR state has no TSR overlay candidate,new_bsr_state,no TSR overlay candidate
1152,STATE_1152,africa,,,new_bsr_state,1.000,0,1,0,no,no,no,requires_manual,new BSR state has no TSR overlay candidate,new_bsr_state,no TSR overlay candidate
1153,STATE_1153,middle_east,,,new_bsr_state,1.000,1,1,0,no,no,no,requires_manual,new BSR state has no TSR overlay candidate,new_bsr_state,no TSR overlay candidate
1154,STATE_1154,middle_east,,,new_bsr_state,1.000,3,1,0,no,no,no,requires_manual,new BSR state has no TSR overlay candidate,new_bsr_state,no TSR overlay candidate
1161,STATE_1161,europe,,,new_bsr_state,1.000,2,1,0,no,no,no,requires_manual,new BSR state has no TSR overlay candidate,new_bsr_state,no TSR overlay candidate
1162,STATE_1162,europe,,,new_bsr_state,1.000,1,1,0,no,no,no,requires_manual,new BSR state has no TSR overlay candidate,new_bsr_state,no TSR overlay candidate
1164,STATE_1164,europe,,,new_bsr_state,1.000,1,1,0,no,no,no,requires_manual,new BSR state has no TSR overlay candidate,new_bsr_state,no TSR overlay candidate
1165,STATE_1165,europe,,,new_bsr_state,1.000,1,1,0,no,no,no,requires_manual,new BSR state has no TSR overlay candidate,new_bsr_state,no TSR overlay candidate
1166,STATE_1166,europe,,,new_bsr_state,1.000,1,1,0,no,no,no,requires_manual,new BSR state has no TSR overlay candidate,new_bsr_state,no TSR overlay candidate
1167,STATE_1167,asia,,,new_bsr_state,1.000,1,1,0,no,no,no,requires_manual,new BSR state has no TSR overlay candidate,new_bsr_state,no TSR overlay candidate
1168,STATE_1168,asia,,,new_bsr_state,1.000,1,1,0,no,no,no,requires_manual,new BSR state has no TSR overlay candidate,new_bsr_state,no TSR overlay candidate
1169,STATE_1169,asia,,,new_bsr_state,1.000,2,1,0,no,no,no,requires_manual,new BSR state has no TSR overlay candidate,new_bsr_state,no TSR overlay candidate
1172,STATE_1172,africa,,,new_bsr_state,1.000,1,1,0,no,no,no,requires_manual,new BSR state has no TSR overlay candidate,new_bsr_state,no TSR overlay candidate
1174,STATE_1174,africa,,,new_bsr_state,1.000,1,1,0,no,no,no,requires_manual,new BSR state has no TSR overlay candidate,new_bsr_state,no TSR overlay candidate
1176,STATE_1176,africa,,,new_bsr_state,1.000,1,1,0,no,no,no,requires_manual,new BSR state has no TSR overlay candidate,new_bsr_state,no TSR overlay candidate
1177,STATE_1177,africa,,,new_bsr_state,1.000,1,1,0,no,no,no,requires_manual,new BSR state has no TSR overlay candidate,new_bsr_state,no TSR overlay candidate
1196,STATE_1196,africa,,,new_bsr_state,1.000,1,1,0,no,no,no,requires_manual,new BSR state has no TSR overlay candidate,new_bsr_state,no TSR overlay candidate
1212,STATE_1212,europe,,,new_bsr_state,1.000,0,1,0,no,no,no,requires_manual,new BSR state has no TSR overlay candidate,new_bsr_state,no TSR overlay candidate
1214,STATE_1214,africa,,,new_bsr_state,1.000,2,1,0,no,no,no,requires_manual,new BSR state has no TSR overlay candidate,new_bsr_state,no TSR overlay candidate
1217,STATE_1217,africa,,,new_bsr_state,1.000,2,1,0,no,no,no,requires_manual,new BSR state has no TSR overlay candidate,new_bsr_state,no TSR overlay candidate
1219,STATE_1219,asia,,,new_bsr_state,1.000,3,1,0,no,no,no,requires_manual,new BSR state has no TSR overlay candidate,new_bsr_state,no TSR overlay candidate
1224,STATE_1224,middle_east,,,new_bsr_state,1.000,2,1,0,no,no,no,requires_manual,new BSR state has no TSR overlay candidate,new_bsr_state,no TSR overlay candidate
1231,STATE_1231,europe,,,new_bsr_state,1.000,1,1,0,no,no,no,requires_manual,new BSR state has no TSR overlay candidate,new_bsr_state,no TSR overlay candidate
1235,STATE_1235,middle_east,,,new_bsr_state,1.000,1,1,0,no,no,no,requires_manual,new BSR state has no TSR overlay candidate,new_bsr_state,no TSR overlay candidate
1238,STATE_1238,middle_east,,,new_bsr_state,1.000,2,1,0,no,no,no,requires_manual,new BSR state has no TSR overlay candidate,new_bsr_state,no TSR overlay candidate
1243,STATE_1243,middle_east,,,new_bsr_state,1.000,2,1,0,no,no,no,requires_manual,new BSR state has no TSR overlay candidate,new_bsr_state,no TSR overlay candidate
1251,STATE_1251,europe,,,new_bsr_state,1.000,1,1,0,no,no,no,requires_manual,new BSR state has no TSR overlay candidate,new_bsr_state,no TSR overlay candidate
1252,STATE_1252,europe,,,new_bsr_state,1.000,1,1,0,no,no,no,requires_manual,new BSR state has no TSR overlay candidate,new_bsr_state,no TSR overlay candidate
1253,STATE_1253,asia,,,new_bsr_state,1.000,1,1,0,no,no,no,requires_manual,new BSR state has no TSR overlay candidate,new_bsr_state,no TSR overlay candidate
1255,STATE_1255,europe,,,new_bsr_state,1.000,4,1,0,no,no,no,requires_manual,new BSR state has no TSR overlay candidate,new_bsr_state,no TSR overlay candidate
1257,STATE_1257,middle_east,,,new_bsr_state,1.000,1,1,0,no,no,no,requires_manual,new BSR state has no TSR overlay candidate,new_bsr_state,no TSR overlay candidate
1258,STATE_1258,middle_east,,,new_bsr_state,1.000,0,1,0,no,no,no,requires_manual,new BSR state has no TSR overlay candidate,new_bsr_state,no TSR overlay candidate
1259,STATE_1259,europe,,,new_bsr_state,1.000,0,1,0,no,no,no,requires_manual,new BSR state has no TSR overlay candidate,new_bsr_state,no TSR overlay candidate
1262,STATE_1262,europe,,,new_bsr_state,1.000,0,1,0,no,no,no,requires_manual,new BSR state has no TSR overlay candidate,new_bsr_state,no TSR overlay candidate
1265,STATE_1265,europe,,,new_bsr_state,1.000,0,1,0,no,no,no,requires_manual,new BSR state has no TSR overlay candidate,new_bsr_state,no TSR overlay candidate
1266,STATE_1266,europe,,,new_bsr_state,1.000,0,1,0,no,no,no,requires_manual,new BSR state has no TSR overlay candidate,new_bsr_state,no TSR overlay candidate
1271,STATE_1271,europe,,,new_bsr_state,1.000,1,1,0,no,no,no,requires_manual,new BSR state has no TSR overlay candidate,new_bsr_state,no TSR overlay candidate
1272,STATE_1272,asia,,,new_bsr_state,1.000,1,1,0,no,no,no,requires_manual,new BSR state has no TSR overlay candidate,new_bsr_state,no TSR overlay candidate
1280,STATE_1280,africa,,,new_bsr_state,1.000,0,1,0,no,no,no,requires_manual,new BSR state has no TSR overlay candidate,new_bsr_state,no TSR overlay candidate
1281,STATE_1281,africa,,,new_bsr_state,1.000,0,1,0,no,no,no,requires_manual,new BSR state has no TSR overlay candidate,new_bsr_state,no TSR overlay candidate
1282,STATE_1282,africa,,,new_bsr_state,1.000,0,1,0,no,no,no,requires_manual,new BSR state has no TSR overlay candidate,new_bsr_state,no TSR overlay candidate
1283,STATE_1283,africa,,,new_bsr_state,1.000,0,1,0,no,no,no,requires_manual,new BSR state has no TSR overlay candidate,new_bsr_state,no TSR overlay candidate
1284,STATE_1284,europe,,,new_bsr_state,1.000,0,1,0,no,no,no,requires_manual,new BSR state has no TSR overlay candidate,new_bsr_state,no TSR overlay candidate
1289,STATE_1289,africa,,,new_bsr_state,1.000,0,1,0,no,no,no,requires_manual,new BSR state has no TSR overlay candidate,new_bsr_state,no TSR overlay candidate
1294,STATE_1294,middle_east,,,new_bsr_state,1.000,0,1,0,no,no,no,requires_manual,new BSR state has no TSR overlay candidate,new_bsr_state,no TSR overlay candidate
1297,STATE_1297,middle_east,,,new_bsr_state,1.000,0,1,0,no,no,no,requires_manual,new BSR state has no TSR overlay candidate,new_bsr_state,no TSR overlay candidate
1301,STATE_1301,europe,932,STATE_932,same_name,1.000,1,1,0,no,no,no,requires_manual,staged merge review issues remain,,province_overlap=1
1308,STATE_1308,asia,,,new_bsr_state,1.000,2,1,0,no,no,no,requires_manual,new BSR state has no TSR overlay candidate,new_bsr_state,no TSR overlay candidate
1309,STATE_1309,asia,,,new_bsr_state,1.000,1,1,0,no,no,no,requires_manual,new BSR state has no TSR overlay candidate,new_bsr_state,no TSR overlay candidate
1310,STATE_1310,asia,,,new_bsr_state,1.000,2,1,0,no,no,no,requires_manual,new BSR state has no TSR overlay candidate,new_bsr_state,no TSR overlay candidate
1312,STATE_1312,asia,,,new_bsr_state,1.000,2,1,0,no,no,no,requires_manual,new BSR state has no TSR overlay candidate,new_bsr_state,no TSR overlay candidate
1320,STATE_1320,europe,,,new_bsr_state,1.000,1,1,0,no,no,no,requires_manual,new BSR state has no TSR overlay candidate,new_bsr_state,no TSR overlay candidate
1322,STATE_1322,europe,,,new_bsr_state,1.000,0,1,0,no,no,no,requires_manual,new BSR state has no TSR overlay candidate,new_bsr_state,no TSR overlay candidate
1324,STATE_1324,south_america,,,new_bsr_state,1.000,1,1,0,no,no,no,requires_manual,new BSR state has no TSR overlay candidate,new_bsr_state,no TSR overlay candidate
1326,STATE_1326,europe,,,new_bsr_state,1.000,3,1,0,no,no,no,requires_manual,new BSR state has no TSR overlay candidate,new_bsr_state,no TSR overlay candidate
1331,STATE_1331,asia,,,new_bsr_state,1.000,4,1,0,no,no,no,requires_manual,new BSR state has no TSR overlay candidate,new_bsr_state,no TSR overlay candidate
1336,STATE_1336,africa,,,new_bsr_state,1.000,1,1,0,no,no,no,requires_manual,new BSR state has no TSR overlay candidate,new_bsr_state,no TSR overlay candidate
1337,STATE_1337,asia,,,new_bsr_state,1.000,0,1,0,no,no,no,requires_manual,new BSR state has no TSR overlay candidate,new_bsr_state,no TSR overlay candidate
1338,STATE_1338,asia,,,new_bsr_state,1.000,0,1,0,no,no,no,requires_manual,new BSR state has no TSR overlay candidate,new_bsr_state,no TSR overlay candidate
1339,STATE_1339,asia,,,new_bsr_state,1.000,0,1,0,no,no,no,requires_manual,new BSR state has no TSR overlay candidate,new_bsr_state,no TSR overlay candidate
1340,STATE_1340,asia,,,new_bsr_state,1.000,0,1,0,no,no,no,requires_manual,new BSR state has no TSR overlay candidate,new_bsr_state,no TSR overlay candidate
1341,STATE_1341,asia,,,new_bsr_state,1.000,0,1,0,no,no,no,requires_manual,new BSR state has no TSR overlay candidate,new_bsr_state,no TSR overlay candidate
1342,STATE_1342,asia,,,new_bsr_state,1.000,2,1,0,no,no,no,requires_manual,new BSR state has no TSR overlay candidate,new_bsr_state,no TSR overlay candidate
1343,STATE_1343,asia,,,new_bsr_state,1.000,2,1,0,no,no,no,requires_manual,new BSR state has no TSR overlay candidate,new_bsr_state,no TSR overlay candidate
1346,STATE_1346,europe,,,new_bsr_state,1.000,0,1,0,no,no,no,requires_manual,new BSR state has no TSR overlay candidate,new_bsr_state,no TSR overlay candidate
1349,STATE_1349,europe,,,new_bsr_state,1.000,0,1,0,no,no,no,requires_manual,new BSR state has no TSR overlay candidate,new_bsr_state,no TSR overlay candidate
1355,STATE_1355,asia,,,new_bsr_state,1.000,0,1,0,no,no,no,requires_manual,new BSR state has no TSR overlay candidate,new_bsr_state,no TSR overlay candidate
1360,STATE_1360,europe,,,new_bsr_state,1.000,2,1,0,no,no,no,requires_manual,new BSR state has no TSR overlay candidate,new_bsr_state,no TSR overlay candidate
1365,STATE_1365,europe,,,new_bsr_state,1.000,0,1,0,no,no,no,requires_manual,new BSR state has no TSR overlay candidate,new_bsr_state,no TSR overlay candidate
1371,STATE_1371,europe,,,new_bsr_state,1.000,2,1,0,no,no,no,requires_manual,new BSR state has no TSR overlay candidate,new_bsr_state,no TSR overlay candidate
1372,STATE_1372,europe,,,new_bsr_state,1.000,0,1,0,no,no,no,requires_manual,new BSR state has no TSR overlay candidate,new_bsr_state,no TSR overlay candidate
1377,STATE_1377,europe,,,new_bsr_state,1.000,0,1,0,no,no,no,requires_manual,new BSR state has no TSR overlay candidate,new_bsr_state,no TSR overlay candidate
1382,STATE_1382,europe,,,new_bsr_state,1.000,1,1,0,no,no,no,requires_manual,new BSR state has no TSR overlay candidate,new_bsr_state,no TSR overlay candidate
1388,STATE_1388,europe,,,new_bsr_state,1.000,0,1,0,no,no,no,requires_manual,new BSR state has no TSR overlay candidate,new_bsr_state,no TSR overlay candidate
1389,STATE_1389,europe,,,new_bsr_state,1.000,0,1,0,no,no,no,requires_manual,new BSR state has no TSR overlay candidate,new_bsr_state,no TSR overlay candidate
1390,STATE_1390,europe,,,new_bsr_state,1.000,1,1,0,no,no,no,requires_manual,new BSR state has no TSR overlay candidate,new_bsr_state,no TSR overlay candidate
1400,STATE_1400,europe,,,new_bsr_state,1.000,0,1,0,no,no,no,requires_manual,new BSR state has no TSR overlay candidate,new_bsr_state,no TSR overlay candidate
1410,STATE_1410,europe,,,new_bsr_state,1.000,0,1,0,no,no,no,requires_manual,new BSR state has no TSR overlay candidate,new_bsr_state,no TSR overlay candidate
1411,STATE_1411,europe,,,new_bsr_state,1.000,0,1,0,no,no,no,requires_manual,new BSR state has no TSR overlay candidate,new_bsr_state,no TSR overlay candidate
1414,STATE_1414,europe,,,new_bsr_state,1.000,0,1,0,no,no,no,requires_manual,new BSR state has no TSR overlay candidate,new_bsr_state,no TSR overlay candidate
1416,STATE_1416,europe,,,new_bsr_state,1.000,0,1,0,no,no,no,requires_manual,new BSR state has no TSR overlay candidate,new_bsr_state,no TSR overlay candidate
1417,STATE_1417,europe,,,new_bsr_state,1.000,0,1,0,no,no,no,requires_manual,new BSR state has no TSR overlay candidate,new_bsr_state,no TSR overlay candidate
1420,STATE_1420,asia,,,new_bsr_state,1.000,2,1,0,no,no,no,requires_manual,new BSR state has no TSR overlay candidate,new_bsr_state,no TSR overlay candidate
1429,STATE_1429,europe,,,new_bsr_state,1.000,1,1,0,no,no,no,requires_manual,new BSR state has no TSR overlay candidate,new_bsr_state,no TSR overlay candidate
1440,STATE_1440,europe,,,new_bsr_state,1.000,0,1,0,no,no,no,requires_manual,new BSR state has no TSR overlay candidate,new_bsr_state,no TSR overlay candidate
1449,STATE_1449,asia,,,new_bsr_state,1.000,0,1,0,no,no,no,requires_manual,new BSR state has no TSR overlay candidate,new_bsr_state,no TSR overlay candidate
1451,STATE_1451,europe,,,new_bsr_state,1.000,0,1,0,no,no,no,requires_manual,new BSR state has no TSR overlay candidate,new_bsr_state,no TSR overlay candidate
1452,STATE_1452,europe,,,new_bsr_state,1.000,2,1,0,no,no,no,requires_manual,new BSR state has no TSR overlay candidate,new_bsr_state,no TSR overlay candidate
1476,STATE_1476,south_america,,,new_bsr_state,1.000,0,1,0,no,no,no,requires_manual,new BSR state has no TSR overlay candidate,new_bsr_state,no TSR overlay candidate
1483,STATE_1483,europe,,,new_bsr_state,1.000,0,1,0,no,no,no,requires_manual,new BSR state has no TSR overlay candidate,new_bsr_state,no TSR overlay candidate
1504,STATE_1504,europe,,,new_bsr_state,1.000,0,1,0,no,no,no,requires_manual,new BSR state has no TSR overlay candidate,new_bsr_state,no TSR overlay candidate
1505,STATE_1505,europe,,,new_bsr_state,1.000,0,1,0,no,no,no,requires_manual,new BSR state has no TSR overlay candidate,new_bsr_state,no TSR overlay candidate
1511,STATE_1511,europe,,,new_bsr_state,1.000,0,1,0,no,no,no,requires_manual,new BSR state has no TSR overlay candidate,new_bsr_state,no TSR overlay candidate
1512,STATE_1512,europe,,,new_bsr_state,1.000,0,1,0,no,no,no,requires_manual,new BSR state has no TSR overlay candidate,new_bsr_state,no TSR overlay candidate
1514,STATE_1514,asia,,,new_bsr_state,1.000,1,1,0,no,no,no,requires_manual,new BSR state has no TSR overlay candidate,new_bsr_state,no TSR overlay candidate
1516,STATE_1516,europe,,,new_bsr_state,1.000,0,1,0,no,no,no,requires_manual,new BSR state has no TSR overlay candidate,new_bsr_state,no TSR overlay candidate
1520,STATE_1520,asia,,,new_bsr_state,1.000,2,1,0,no,no,no,requires_manual,new BSR state has no TSR overlay candidate,new_bsr_state,no TSR overlay candidate
1521,STATE_1521,africa,,,new_bsr_state,1.000,0,1,0,no,no,no,requires_manual,new BSR state has no TSR overlay candidate,new_bsr_state,no TSR overlay candidate
1522,STATE_1522,africa,,,new_bsr_state,1.000,0,1,0,no,no,no,requires_manual,new BSR state has no TSR overlay candidate,new_bsr_state,no TSR overlay candidate
1533,STATE_1533,africa,,,new_bsr_state,1.000,0,1,0,no,no,no,requires_manual,new BSR state has no TSR overlay candidate,new_bsr_state,no TSR overlay candidate
1535,STATE_1535,africa,,,new_bsr_state,1.000,0,1,0,no,no,no,requires_manual,new BSR state has no TSR overlay candidate,new_bsr_state,no TSR overlay candidate
1538,STATE_1538,africa,,,new_bsr_state,1.000,0,1,0,no,no,no,requires_manual,new BSR state has no TSR overlay candidate,new_bsr_state,no TSR overlay candidate
1546,STATE_1546,europe,,,new_bsr_state,1.000,0,1,0,no,no,no,requires_manual,new BSR state has no TSR overlay candidate,new_bsr_state,no TSR overlay candidate
1547,STATE_1547,europe,,,new_bsr_state,1.000,0,1,0,no,no,no,requires_manual,new BSR state has no TSR overlay candidate,new_bsr_state,no TSR overlay candidate
1549,STATE_1549,europe,,,new_bsr_state,1.000,1,1,0,no,no,no,requires_manual,new BSR state has no TSR overlay candidate,new_bsr_state,no TSR overlay candidate
1550,STATE_1550,asia,,,new_bsr_state,1.000,1,1,0,no,no,no,requires_manual,new BSR state has no TSR overlay candidate,new_bsr_state,no TSR overlay candidate
1551,STATE_1551,europe,,,new_bsr_state,1.000,0,1,0,no,no,no,requires_manual,new BSR state has no TSR overlay candidate,new_bsr_state,no TSR overlay candidate
1556,STATE_1556,europe,,,new_bsr_state,1.000,0,1,0,no,no,no,requires_manual,new BSR state has no TSR overlay candidate,new_bsr_state,no TSR overlay candidate
1565,STATE_1565,north_america,,,new_bsr_state,1.000,1,1,0,no,no,no,requires_manual,new BSR state has no TSR overlay candidate,new_bsr_state,no TSR overlay candidate
1583,STATE_1583,europe,,,new_bsr_state,1.000,0,1,0,no,no,no,requires_manual,new BSR state has no TSR overlay candidate,new_bsr_state,no TSR overlay candidate
1584,STATE_1584,middle_east,,,new_bsr_state,1.000,1,1,0,no,no,no,requires_manual,new BSR state has no TSR overlay candidate,new_bsr_state,no TSR overlay candidate
1585,STATE_1585,middle_east,,,new_bsr_state,1.000,1,1,0,no,no,no,requires_manual,new BSR state has no TSR overlay candidate,new_bsr_state,no TSR overlay candidate
1591,STATE_1591,south_america,,,new_bsr_state,1.000,0,1,0,no,no,no,requires_manual,new BSR state has no TSR overlay candidate,new_bsr_state,no TSR overlay candidate
1592,STATE_1592,south_america,,,new_bsr_state,1.000,0,1,0,no,no,no,requires_manual,new BSR state has no TSR overlay candidate,new_bsr_state,no TSR overlay candidate
1593,STATE_1593,south_america,,,new_bsr_state,1.000,0,1,0,no,no,no,requires_manual,new BSR state has no TSR overlay candidate,new_bsr_state,no TSR overlay candidate
1598,STATE_1598,europe,,,new_bsr_state,1.000,1,1,0,no,no,no,requires_manual,new BSR state has no TSR overlay candidate,new_bsr_state,no TSR overlay candidate
1603,STATE_1603,europe,,,new_bsr_state,1.000,0,1,0,no,no,no,requires_manual,new BSR state has no TSR overlay candidate,new_bsr_state,no TSR overlay candidate
1606,STATE_1606,south_america,,,new_bsr_state,1.000,1,1,0,no,no,no,requires_manual,new BSR state has no TSR overlay candidate,new_bsr_state,no TSR overlay candidate
1609,STATE_1609,north_america,,,new_bsr_state,1.000,0,1,0,no,no,no,requires_manual,new BSR state has no TSR overlay candidate,new_bsr_state,no TSR overlay candidate
1612,STATE_1612,europe,,,new_bsr_state,1.000,1,1,0,no,no,no,requires_manual,new BSR state has no TSR overlay candidate,new_bsr_state,no TSR overlay candidate
1613,STATE_1613,north_america,,,new_bsr_state,1.000,0,1,0,no,no,no,requires_manual,new BSR state has no TSR overlay candidate,new_bsr_state,no TSR overlay candidate
1614,STATE_1614,north_america,,,new_bsr_state,1.000,0,1,0,no,no,no,requires_manual,new BSR state has no TSR overlay candidate,new_bsr_state,no TSR overlay candidate
1633,STATE_1633,north_america,,,new_bsr_state,1.000,0,1,0,no,no,no,requires_manual,new BSR state has no TSR overlay candidate,new_bsr_state,no TSR overlay candidate
1634,STATE_1634,north_america,,,new_bsr_state,1.000,0,1,0,no,no,no,requires_manual,new BSR state has no TSR overlay candidate,new_bsr_state,no TSR overlay candidate
1635,STATE_1635,north_america,,,new_bsr_state,1.000,0,1,0,no,no,no,requires_manual,new BSR state has no TSR overlay candidate,new_bsr_state,no TSR overlay candidate
1636,STATE_1636,north_america,,,new_bsr_state,1.000,0,1,0,no,no,no,requires_manual,new BSR state has no TSR overlay candidate,new_bsr_state,no TSR overlay candidate
1639,STATE_1639,europe,,,new_bsr_state,1.000,2,1,0,no,no,no,requires_manual,new BSR state has no TSR overlay candidate,new_bsr_state,no TSR overlay candidate
1642,STATE_1642,north_america,,,new_bsr_state,1.000,0,1,0,no,no,no,requires_manual,new BSR state has no TSR overlay candidate,new_bsr_state,no TSR overlay candidate
1643,STATE_1643,europe,,,new_bsr_state,1.000,0,1,0,no,no,no,requires_manual,new BSR state has no TSR overlay candidate,new_bsr_state,no TSR overlay candidate
1645,STATE_1645,north_america,,,new_bsr_state,1.000,0,1,0,no,no,no,requires_manual,new BSR state has no TSR overlay candidate,new_bsr_state,no TSR overlay candidate
1646,STATE_1646,north_america,,,new_bsr_state,1.000,0,1,0,no,no,no,requires_manual,new BSR state has no TSR overlay candidate,new_bsr_state,no TSR overlay candidate
1647,STATE_1647,north_america,,,new_bsr_state,1.000,0,1,0,no,no,no,requires_manual,new BSR state has no TSR overlay candidate,new_bsr_state,no TSR overlay candidate
1650,STATE_1650,north_america,,,new_bsr_state,1.000,0,1,0,no,no,no,requires_manual,new BSR state has no TSR overlay candidate,new_bsr_state,no TSR overlay candidate
1651,STATE_1651,north_america,,,new_bsr_state,1.000,0,1,0,no,no,no,requires_manual,new BSR state has no TSR overlay candidate,new_bsr_state,no TSR overlay candidate
1653,STATE_1653,europe,,,new_bsr_state,1.000,4,1,0,no,no,no,requires_manual,new BSR state has no TSR overlay candidate,new_bsr_state,no TSR overlay candidate
1660,STATE_1660,europe,,,new_bsr_state,1.000,0,1,0,no,no,no,requires_manual,new BSR state has no TSR overlay candidate,new_bsr_state,no TSR overlay candidate
1664,STATE_1664,middle_east,344,STATE_344,same_name,1.000,1,1,0,no,no,no,requires_manual,staged merge review issues remain,,province_overlap=3
1665,STATE_1665,middle_east,,,new_bsr_state,1.000,0,1,0,no,no,no,requires_manual,new BSR state has no TSR overlay candidate,new_bsr_state,no TSR overlay candidate
1673,STATE_1673,europe,,,new_bsr_state,1.000,0,1,0,no,no,no,requires_manual,new BSR state has no TSR overlay candidate,new_bsr_state,no TSR overlay candidate
1674,STATE_1674,europe,,,new_bsr_state,1.000,0,1,0,no,no,no,requires_manual,new BSR state has no TSR overlay candidate,new_bsr_state,no TSR overlay candidate
1677,STATE_1677,north_america,,,new_bsr_state,1.000,0,1,0,no,no,no,requires_manual,new BSR state has no TSR overlay candidate,new_bsr_state,no TSR overlay candidate
1680,STATE_1680,europe,,,new_bsr_state,1.000,0,1,0,no,no,no,requires_manual,new BSR state has no TSR overlay candidate,new_bsr_state,no TSR overlay candidate
1685,STATE_1685,europe,,,new_bsr_state,1.000,1,1,0,no,no,no,requires_manual,new BSR state has no TSR overlay candidate,new_bsr_state,no TSR overlay candidate
1703,STATE_1703,europe,,,new_bsr_state,1.000,1,1,0,no,no,no,requires_manual,new BSR state has no TSR overlay candidate,new_bsr_state,no TSR overlay candidate
1711,STATE_1711,europe,,,new_bsr_state,1.000,0,1,0,no,no,no,requires_manual,new BSR state has no TSR overlay candidate,new_bsr_state,no TSR overlay candidate
1713,STATE_1713,north_america,,,new_bsr_state,1.000,0,1,0,no,no,no,requires_manual,new BSR state has no TSR overlay candidate,new_bsr_state,no TSR overlay candidate
1714,STATE_1714,north_america,,,new_bsr_state,1.000,0,1,0,no,no,no,requires_manual,new BSR state has no TSR overlay candidate,new_bsr_state,no TSR overlay candidate
1727,STATE_1727,south_america,,,new_bsr_state,1.000,0,1,0,no,no,no,requires_manual,new BSR state has no TSR overlay candidate,new_bsr_state,no TSR overlay candidate
1735,impassable = yes #we do a substantial amount of trolling,europe,,,new_bsr_state,1.000,0,1,0,no,no,no,requires_manual,new BSR state has no TSR overlay candidate,new_bsr_state,no TSR overlay candidate
1736,impassable = yes #we do a substantial amount of trolling,europe,,,new_bsr_state,1.000,0,1,0,no,no,no,requires_manual,new BSR state has no TSR overlay candidate,new_bsr_state,no TSR overlay candidate
1742,STATE_1742,asia,,,new_bsr_state,1.000,0,1,0,no,no,no,requires_manual,new BSR state has no TSR overlay candidate,new_bsr_state,no TSR overlay candidate
1744,STATE_1744,asia,,,new_bsr_state,1.000,2,1,0,no,no,no,requires_manual,new BSR state has no TSR overlay candidate,new_bsr_state,no TSR overlay candidate
1745,STATE_1745,asia,,,new_bsr_state,1.000,1,1,0,no,no,no,requires_manual,new BSR state has no TSR overlay candidate,new_bsr_state,no TSR overlay candidate
1746,STATE_1746,asia,,,new_bsr_state,1.000,2,1,0,no,no,no,requires_manual,new BSR state has no TSR overlay candidate,new_bsr_state,no TSR overlay candidate
1748,STATE_1748,asia,,,new_bsr_state,1.000,1,1,0,no,no,no,requires_manual,new BSR state has no TSR overlay candidate,new_bsr_state,no TSR overlay candidate
1752,STATE_1752,asia,,,new_bsr_state,1.000,1,1,0,no,no,no,requires_manual,new BSR state has no TSR overlay candidate,new_bsr_state,no TSR overlay candidate
1763,STATE_1763,asia,,,new_bsr_state,1.000,2,1,0,no,no,no,requires_manual,new BSR state has no TSR overlay candidate,new_bsr_state,no TSR overlay candidate
1765,STATE_1765,europe,,,new_bsr_state,1.000,0,1,0,no,no,no,requires_manual,new BSR state has no TSR overlay candidate,new_bsr_state,no TSR overlay candidate
1766,STATE_1766,europe,,,new_bsr_state,1.000,0,1,0,no,no,no,requires_manual,new BSR state has no TSR overlay candidate,new_bsr_state,no TSR overlay candidate
1770,STATE_1770,europe,,,new_bsr_state,1.000,0,1,0,no,no,no,requires_manual,new BSR state has no TSR overlay candidate,new_bsr_state,no TSR overlay candidate
1776,STATE_1776,europe,,,new_bsr_state,1.000,0,1,0,no,no,no,requires_manual,new BSR state has no TSR overlay candidate,new_bsr_state,no TSR overlay candidate
1782,STATE_1782,asia,,,new_bsr_state,1.000,0,1,0,no,no,no,requires_manual,new BSR state has no TSR overlay candidate,new_bsr_state,no TSR overlay candidate
1783,STATE_1783,asia,,,new_bsr_state,1.000,0,1,0,no,no,no,requires_manual,new BSR state has no TSR overlay candidate,new_bsr_state,no TSR overlay candidate
1787,STATE_1787,asia,,,new_bsr_state,1.000,1,1,0,no,no,no,requires_manual,new BSR state has no TSR overlay candidate,new_bsr_state,no TSR overlay candidate
1788,STATE_1788,asia,,,new_bsr_state,1.000,1,1,0,no,no,no,requires_manual,new BSR state has no TSR overlay candidate,new_bsr_state,no TSR overlay candidate
1789,STATE_1789,asia,,,new_bsr_state,1.000,1,1,0,no,no,no,requires_manual,new BSR state has no TSR overlay candidate,new_bsr_state,no TSR overlay candidate
1790,STATE_1790,asia,,,new_bsr_state,1.000,1,1,0,no,no,no,requires_manual,new BSR state has no TSR overlay candidate,new_bsr_state,no TSR overlay candidate
1791,STATE_1791,asia,,,new_bsr_state,1.000,1,1,0,no,no,no,requires_manual,new BSR state has no TSR overlay candidate,new_bsr_state,no TSR overlay candidate
1792,STATE_1792,asia,,,new_bsr_state,1.000,3,1,0,no,no,no,requires_manual,new BSR state has no TSR overlay candidate,new_bsr_state,no TSR overlay candidate
1793,STATE_1793,asia,,,new_bsr_state,1.000,2,1,0,no,no,no,requires_manual,new BSR state has no TSR overlay candidate,new_bsr_state,no TSR overlay candidate
1795,STATE_1795,europe,,,new_bsr_state,1.000,1,1,0,no,no,no,requires_manual,new BSR state has no TSR overlay candidate,new_bsr_state,no TSR overlay candidate
1810,STATE_1810,north_america,,,new_bsr_state,1.000,0,1,0,no,no,no,requires_manual,new BSR state has no TSR overlay candidate,new_bsr_state,no TSR overlay candidate
1812,STATE_1812,asia,,,new_bsr_state,1.000,1,1,0,no,no,no,requires_manual,new BSR state has no TSR overlay candidate,new_bsr_state,no TSR overlay candidate
1819,STATE_1819,asia,,,new_bsr_state,1.000,0,1,0,no,no,no,requires_manual,new BSR state has no TSR overlay candidate,new_bsr_state,no TSR overlay candidate
1820,STATE_1820,asia,,,new_bsr_state,1.000,0,1,0,no,no,no,requires_manual,new BSR state has no TSR overlay candidate,new_bsr_state,no TSR overlay candidate
1824,STATE_1824,europe,,,new_bsr_state,1.000,0,1,0,no,no,no,requires_manual,new BSR state has no TSR overlay candidate,new_bsr_state,no TSR overlay candidate
1827,STATE_1827,middle_east,,,new_bsr_state,1.000,0,1,0,no,no,no,requires_manual,new BSR state has no TSR overlay candidate,new_bsr_state,no TSR overlay candidate
1830,STATE_1830,south_america,,,new_bsr_state,1.000,0,1,0,no,no,no,requires_manual,new BSR state has no TSR overlay candidate,new_bsr_state,no TSR overlay candidate
1831,STATE_1831,south_america,,,new_bsr_state,1.000,0,1,0,no,no,no,requires_manual,new BSR state has no TSR overlay candidate,new_bsr_state,no TSR overlay candidate
1832,STATE_1832,south_america,,,new_bsr_state,1.000,0,1,0,no,no,no,requires_manual,new BSR state has no TSR overlay candidate,new_bsr_state,no TSR overlay candidate
1833,STATE_1833,south_america,,,new_bsr_state,1.000,0,1,0,no,no,no,requires_manual,new BSR state has no TSR overlay candidate,new_bsr_state,no TSR overlay candidate
1841,STATE_1841,south_america,,,new_bsr_state,1.000,0,1,0,no,no,no,requires_manual,new BSR state has no TSR overlay candidate,new_bsr_state,no TSR overlay candidate
1850,STATE_1850,south_america,,,new_bsr_state,1.000,0,1,0,no,no,no,requires_manual,new BSR state has no TSR overlay candidate,new_bsr_state,no TSR overlay candidate
1852,STATE_1852,south_america,,,new_bsr_state,1.000,0,1,0,no,no,no,requires_manual,new BSR state has no TSR overlay candidate,new_bsr_state,no TSR overlay candidate
1854,STATE_1854,south_america,,,new_bsr_state,1.000,0,1,0,no,no,no,requires_manual,new BSR state has no TSR overlay candidate,new_bsr_state,no TSR overlay candidate
1855,STATE_1855,south_america,,,new_bsr_state,1.000,0,1,0,no,no,no,requires_manual,new BSR state has no TSR overlay candidate,new_bsr_state,no TSR overlay candidate
1856,STATE_1856,south_america,,,new_bsr_state,1.000,0,1,0,no,no,no,requires_manual,new BSR state has no TSR overlay candidate,new_bsr_state,no TSR overlay candidate
1857,STATE_1857,south_america,,,new_bsr_state,1.000,0,1,0,no,no,no,requires_manual,new BSR state has no TSR overlay candidate,new_bsr_state,no TSR overlay candidate
1858,STATE_1858,south_america,,,new_bsr_state,1.000,0,1,0,no,no,no,requires_manual,new BSR state has no TSR overlay candidate,new_bsr_state,no TSR overlay candidate
1864,STATE_1864,europe,,,new_bsr_state,1.000,0,1,0,no,no,no,requires_manual,new BSR state has no TSR overlay candidate,new_bsr_state,no TSR overlay candidate
1869,STATE_1869,asia,,,new_bsr_state,1.000,1,1,0,no,no,no,requires_manual,new BSR state has no TSR overlay candidate,new_bsr_state,no TSR overlay candidate
1870,STATE_1870,south_america,,,new_bsr_state,1.000,0,1,0,no,no,no,requires_manual,new BSR state has no TSR overlay candidate,new_bsr_state,no TSR overlay candidate
1882,STATE_1882,asia,,,new_bsr_state,1.000,0,1,0,no,no,no,requires_manual,new BSR state has no TSR overlay candidate,new_bsr_state,no TSR overlay candidate
1883,STATE_1883,europe,,,new_bsr_state,1.000,0,1,0,no,no,no,requires_manual,new BSR state has no TSR overlay candidate,new_bsr_state,no TSR overlay candidate
1890,STATE_1890,south_america,,,new_bsr_state,1.000,1,1,0,no,no,no,requires_manual,new BSR state has no TSR overlay candidate,new_bsr_state,no TSR overlay candidate
1891,STATE_1891,south_america,497,STATE_497,same_name,1.000,1,1,0,no,no,no,requires_manual,staged merge review issues remain,,province_overlap=5
1892,STATE_1892,south_america,937,STATE_937,same_name,1.000,1,1,0,no,no,no,requires_manual,staged merge review issues remain,,province_overlap=4
1898,STATE_1898,south_america,941,STATE_941,same_name,1.000,1,1,0,no,no,no,requires_manual,staged merge review issues remain,,province_overlap=2
1899,Minas Gerais,south_america,943,STATE_943,province_overlap,1.000,1,1,0,no,no,no,requires_manual,staged merge review issues remain,,province_overlap=3
1904,STATE_1904,south_america,,,new_bsr_state,1.000,0,1,0,no,no,no,requires_manual,new BSR state has no TSR overlay candidate,new_bsr_state,no TSR overlay candidate
1908,STATE_1908,south_america,,,new_bsr_state,1.000,1,1,0,no,no,no,requires_manual,new BSR state has no TSR overlay candidate,new_bsr_state,no TSR overlay candidate
1922,STATE_1922,asia,,,new_bsr_state,1.000,0,1,0,no,no,no,requires_manual,new BSR state has no TSR overlay candidate,new_bsr_state,no TSR overlay candidate
1927,STATE_1927,europe,,,new_bsr_state,1.000,0,1,0,no,no,no,requires_manual,new BSR state has no TSR overlay candidate,new_bsr_state,no TSR overlay candidate
1932,STATE_1932,europe,,,new_bsr_state,1.000,0,1,0,no,no,no,requires_manual,new BSR state has no TSR overlay candidate,new_bsr_state,no TSR overlay candidate
1933,STATE_1933,europe,,,new_bsr_state,1.000,0,1,0,no,no,no,requires_manual,new BSR state has no TSR overlay candidate,new_bsr_state,no TSR overlay candidate
1941,STATE_1941,africa,,,new_bsr_state,1.000,1,1,0,no,no,no,requires_manual,new BSR state has no TSR overlay candidate,new_bsr_state,no TSR overlay candidate
1945,STATE_1945,africa,,,new_bsr_state,1.000,0,1,0,no,no,no,requires_manual,new BSR state has no TSR overlay candidate,new_bsr_state,no TSR overlay candidate
1947,Madras,asia,,,new_bsr_state,1.000,1,1,0,no,no,no,requires_manual,new BSR state has no TSR overlay candidate,new_bsr_state,no TSR overlay candidate
1948,Mysore,asia,,,new_bsr_state,1.000,1,1,0,no,no,no,requires_manual,new BSR state has no TSR overlay candidate,new_bsr_state,no TSR overlay candidate
1952,STATE_1952,europe,,,new_bsr_state,1.000,0,1,0,no,no,no,requires_manual,new BSR state has no TSR overlay candidate,new_bsr_state,no TSR overlay candidate
1953,STATE_1953,europe,,,new_bsr_state,1.000,0,1,0,no,no,no,requires_manual,new BSR state has no TSR overlay candidate,new_bsr_state,no TSR overlay candidate
1955,STATE_1955,europe,,,new_bsr_state,1.000,0,1,0,no,no,no,requires_manual,new BSR state has no TSR overlay candidate,new_bsr_state,no TSR overlay candidate
1956,STATE_1956,europe,,,new_bsr_state,1.000,0,1,0,no,no,no,requires_manual,new BSR state has no TSR overlay candidate,new_bsr_state,no TSR overlay candidate
1957,STATE_1957,europe,,,new_bsr_state,1.000,0,1,0,no,no,no,requires_manual,new BSR state has no TSR overlay candidate,new_bsr_state,no TSR overlay candidate
1958,STATE_1958,europe,,,new_bsr_state,1.000,0,1,0,no,no,no,requires_manual,new BSR state has no TSR overlay candidate,new_bsr_state,no TSR overlay candidate
1960,STATE_1960,africa,,,new_bsr_state,1.000,0,1,0,no,no,no,requires_manual,new BSR state has no TSR overlay candidate,new_bsr_state,no TSR overlay candidate
1963,STATE_1963,europe,,,new_bsr_state,1.000,0,1,0,no,no,no,requires_manual,new BSR state has no TSR overlay candidate,new_bsr_state,no TSR overlay candidate
1966,STATE_1966,europe,,,new_bsr_state,1.000,0,1,0,no,no,no,requires_manual,new BSR state has no TSR overlay candidate,new_bsr_state,no TSR overlay candidate
1967,STATE_1967,europe,,,new_bsr_state,1.000,0,1,0,no,no,no,requires_manual,new BSR state has no TSR overlay candidate,new_bsr_state,no TSR overlay candidate
1971,STATE_1971,europe,,,new_bsr_state,1.000,0,1,0,no,no,no,requires_manual,new BSR state has no TSR overlay candidate,new_bsr_state,no TSR overlay candidate
1980,STATE_1980,africa,,,new_bsr_state,1.000,1,1,0,no,no,no,requires_manual,new BSR state has no TSR overlay candidate,new_bsr_state,no TSR overlay candidate
1981,STATE_1981,europe,,,new_bsr_state,1.000,0,1,0,no,no,no,requires_manual,new BSR state has no TSR overlay candidate,new_bsr_state,no TSR overlay candidate
1982,STATE_1982,europe,,,new_bsr_state,1.000,0,1,0,no,no,no,requires_manual,new BSR state has no TSR overlay candidate,new_bsr_state,no TSR overlay candidate
1983,STATE_1983,europe,,,new_bsr_state,1.000,0,1,0,no,no,no,requires_manual,new BSR state has no TSR overlay candidate,new_bsr_state,no TSR overlay candidate
1984,STATE_1984,europe,,,new_bsr_state,1.000,1,1,0,no,no,no,requires_manual,new BSR state has no TSR overlay candidate,new_bsr_state,no TSR overlay candidate
1991,STATE_1991,europe,,,new_bsr_state,1.000,0,1,0,no,no,no,requires_manual,new BSR state has no TSR overlay candidate,new_bsr_state,no TSR overlay candidate
2000,STATE_2000,asia,,,new_bsr_state,1.000,1,1,0,no,no,no,requires_manual,new BSR state has no TSR overlay candidate,new_bsr_state,no TSR overlay candidate
2001,STATE_2001,europe,,,new_bsr_state,1.000,0,1,0,no,no,no,requires_manual,new BSR state has no TSR overlay candidate,new_bsr_state,no TSR overlay candidate
2005,STATE_2005,middle_east,,,new_bsr_state,1.000,1,1,0,no,no,no,requires_manual,new BSR state has no TSR overlay candidate,new_bsr_state,no TSR overlay candidate
2006,STATE_2006,middle_east,,,new_bsr_state,1.000,2,1,0,no,no,no,requires_manual,new BSR state has no TSR overlay candidate,new_bsr_state,no TSR overlay candidate
2008,STATE_2008,europe,,,new_bsr_state,1.000,0,1,0,no,no,no,requires_manual,new BSR state has no TSR overlay candidate,new_bsr_state,no TSR overlay candidate
2015,STATE_2015,europe,,,new_bsr_state,1.000,0,1,0,no,no,no,requires_manual,new BSR state has no TSR overlay candidate,new_bsr_state,no TSR overlay candidate
2020,STATE_2020,south_america,,,new_bsr_state,1.000,0,1,0,no,no,no,requires_manual,new BSR state has no TSR overlay candidate,new_bsr_state,no TSR overlay candidate
2021,STATE_2021,south_america,,,new_bsr_state,1.000,0,1,0,no,no,no,requires_manual,new BSR state has no TSR overlay candidate,new_bsr_state,no TSR overlay candidate
2022,STATE_2022,asia,,,new_bsr_state,1.000,4,1,0,no,no,no,requires_manual,new BSR state has no TSR overlay candidate,new_bsr_state,no TSR overlay candidate
2028,STATE_2028,europe,,,new_bsr_state,1.000,0,1,0,no,no,no,requires_manual,new BSR state has no TSR overlay candidate,new_bsr_state,no TSR overlay candidate
2030,STATE_2030,europe,,,new_bsr_state,1.000,0,1,0,no,no,no,requires_manual,new BSR state has no TSR overlay candidate,new_bsr_state,no TSR overlay candidate
